2025-12-03 00:01:23,726 [main] DEBUG c.p.b.e.MLModelGenerator.executeExperiment - generating : 40001_nopattern_20211230_rank1.model
2025-12-03 00:03:33,883 [main] DEBUG c.p.b.e.MLModelGenerator.executeExperiment - generating : 40001_nopattern_20220129_rank1.model
2025-12-03 00:05:30,008 [main] DEBUG c.p.b.e.MLModelGenerator.executeExperiment - generating : 40001_nopattern_20220228_rank1.model
2025-12-03 00:07:38,129 [main] DEBUG c.p.b.e.MLModelGenerator.executeExperiment - generating : 40001_nopattern_20220330_rank1.model
2025-12-03 00:10:13,097 [main] DEBUG c.p.b.e.MLModelGenerator.executeExperiment - generating : 40001_nopattern_20220429_rank1.model
2025-12-03 00:12:48,484 [main] DEBUG c.p.b.e.MLModelGenerator.executeExperiment - generating : 40001_nopattern_20220529_rank1.model
2025-12-03 00:15:27,587 [main] DEBUG c.p.b.e.MLModelGenerator.executeExperiment - generating : 40001_nopattern_20220628_rank1.model
2025-12-03 00:18:01,354 [main] DEBUG c.p.b.e.MLModelGenerator.executeExperiment - generating : 40001_nopattern_20220728_rank1.model
2025-12-03 00:20:00,282 [main] DEBUG c.p.b.e.MLModelGenerator.executeExperiment - generating : 40001_nopattern_20220827_rank1.model
2025-12-03 00:21:54,736 [main] DEBUG c.p.b.e.MLModelGenerator.executeExperiment - generating : 40001_nopattern_20220926_rank1.model
2025-12-03 00:24:09,243 [main] DEBUG c.p.b.e.MLModelGenerator.executeExperiment - generating : 40001_nopattern_20221026_rank1.model
2025-12-03 00:26:37,010 [main] DEBUG c.p.b.e.MLModelGenerator.executeExperiment - generating : 40001_nopattern_20221125_rank1.model
2025-12-03 00:28:55,212 [main] DEBUG c.p.b.e.MLModelGenerator.executeExperiment - generating : 40001_nopattern_20221225_rank1.model
2025-12-03 00:30:52,301 [main] DEBUG c.p.b.e.MLModelGenerator.executeExperiment - generating : 40001_nopattern_20230124_rank1.model
2025-12-03 00:32:42,074 [main] DEBUG c.p.b.e.MLModelGenerator.executeExperiment - generating : 40001_nopattern_20230223_rank1.model
2025-12-03 00:34:50,799 [main] DEBUG c.p.b.e.MLModelGenerator.executeExperiment - generating : 40001_nopattern_20230325_rank1.model
2025-12-03 00:37:04,005 [main] DEBUG c.p.b.e.MLModelGenerator.executeExperiment - generating : 40001_nopattern_20230424_rank1.model
2025-12-03 00:39:01,570 [main] DEBUG c.p.b.e.MLModelGenerator.executeExperiment - generating : 40001_nopattern_20230524_rank1.model
2025-12-03 00:41:32,277 [main] DEBUG c.p.b.e.MLModelGenerator.executeExperiment - generating : 40001_nopattern_20230623_rank1.model
2025-12-03 00:43:39,872 [main] DEBUG c.p.b.e.MLModelGenerator.executeExperiment - generating : 40001_nopattern_20230723_rank1.model
2025-12-03 00:45:47,249 [main] DEBUG c.p.b.e.MLModelGenerator.executeExperiment - generating : 40001_nopattern_20230822_rank1.model
2025-12-03 00:48:13,101 [main] DEBUG c.p.b.e.MLModelGenerator.executeExperiment - generating : 40001_nopattern_20230921_rank1.model
2025-12-03 00:50:35,376 [main] DEBUG c.p.b.e.MLModelGenerator.executeExperiment - generating : 40001_nopattern_20231021_rank1.model
2025-12-03 00:53:08,306 [main] DEBUG c.p.b.e.MLModelGenerator.executeExperiment - generating : 40001_nopattern_20231120_rank1.model
2025-12-03 00:55:17,193 [main] DEBUG c.p.b.e.MLModelGenerator.executeExperiment - generating : 40001_nopattern_20231220_rank1.model
2025-12-03 00:57:36,194 [main] DEBUG c.p.b.e.MLModelGenerator.executeExperiment - generating : 40001_nopattern_20240119_rank1.model
2025-12-03 00:59:54,755 [main] DEBUG c.p.b.e.MLModelGenerator.executeExperiment - generating : 40001_nopattern_20240218_rank1.model
2025-12-03 01:02:08,594 [main] DEBUG c.p.b.e.MLModelGenerator.executeExperiment - generating : 40001_nopattern_20240319_rank1.model
2025-12-03 01:04:36,232 [main] DEBUG c.p.b.e.MLModelGenerator.executeExperiment - generating : 40001_nopattern_20240418_rank1.model
2025-12-03 01:07:08,822 [main] DEBUG c.p.b.e.MLModelGenerator.executeExperiment - generating : 40001_nopattern_20240518_rank1.model
2025-12-03 01:09:40,230 [main] DEBUG c.p.b.e.MLModelGenerator.executeExperiment - generating : 40001_nopattern_20240617_rank1.model
2025-12-03 01:12:16,411 [main] DEBUG c.p.b.e.MLModelGenerator.executeExperiment - generating : 40001_nopattern_20240717_rank1.model
2025-12-03 01:14:49,143 [main] DEBUG c.p.b.e.MLModelGenerator.executeExperiment - generating : 40001_nopattern_20240816_rank1.model
2025-12-03 01:17:15,476 [main] DEBUG c.p.b.e.MLModelGenerator.executeExperiment - generating : 40001_nopattern_20240915_rank1.model
2025-12-03 01:19:43,975 [main] DEBUG c.p.b.e.MLModelGenerator.executeExperiment - generating : 40001_nopattern_20241015_rank1.model
2025-12-03 01:22:15,924 [main] DEBUG c.p.b.e.MLModelGenerator.executeExperiment - generating : 40001_nopattern_20241103_rank1.model
2025-12-03 21:49:16,405 [main] WARN  c.p.b.e.m.ModelInfoManager.scan - No such directory exist. C:/Dev/experiment/expr10/model_release/11609/1
2025-12-03 21:49:16,409 [main] WARN  c.p.b.e.m.ModelInfoManager.scan - No such directory exist. C:/Dev/experiment/expr10/model_release/11609/2
2025-12-03 21:49:16,410 [main] WARN  c.p.b.e.m.ModelInfoManager.scan - No such directory exist. C:/Dev/experiment/expr10/model_release/11609/3
2025-12-03 21:49:16,454 [main] WARN  c.p.b.e.m.ModelInfoManager.scan - No such directory exist. C:/Dev/experiment/expr10/model_release/98104/1
2025-12-03 21:49:16,480 [main] WARN  c.p.b.e.m.ModelInfoManager.scan - No such directory exist. C:/Dev/experiment/expr10/model_release/99106/2
2025-12-03 21:49:16,481 [main] WARN  c.p.b.e.m.ModelInfoManager.scan - No such directory exist. C:/Dev/experiment/expr10/model_release/99106/3
2025-12-03 21:49:16,482 [main] WARN  c.p.b.e.m.ModelInfoManager.scan - No such directory exist. C:/Dev/experiment/expr10/model_release/99106/4
2025-12-03 21:49:16,510 [main] WARN  c.p.b.e.m.ModelInfoManager.scan - No such directory exist. C:/Dev/experiment/expr10/model_release/99108/2
2025-12-03 21:49:16,511 [main] WARN  c.p.b.e.m.ModelInfoManager.scan - No such directory exist. C:/Dev/experiment/expr10/model_release/99108/3
2025-12-03 21:49:16,513 [main] WARN  c.p.b.e.m.ModelInfoManager.scan - No such directory exist. C:/Dev/experiment/expr10/model_release/99108/4
2025-12-03 21:49:16,514 [main] WARN  c.p.b.e.m.ModelInfoManager.scan - No such directory exist. C:/Dev/experiment/expr10/model_release/99109/1
2025-12-03 21:49:16,515 [main] WARN  c.p.b.e.m.ModelInfoManager.scan - No such directory exist. C:/Dev/experiment/expr10/model_release/99109/2
2025-12-03 21:49:16,516 [main] WARN  c.p.b.e.m.ModelInfoManager.scan - No such directory exist. C:/Dev/experiment/expr10/model_release/99109/3
2025-12-03 21:49:16,517 [main] WARN  c.p.b.e.m.ModelInfoManager.scan - No such directory exist. C:/Dev/experiment/expr10/model_release/99109/4
2025-12-03 21:49:16,606 [main] INFO  c.p.b.u.DatabaseUtil.open - open targetDb: mybatis-config.0.xml
2025-12-03 21:49:16,678 [WebSocketConnectReadThread-14] DEBUG c.p.b.e.r.c.BoatWebSocketClient.onOpen - new connection opened
2025-12-03 21:49:43,413 [main] DEBUG c.p.b.e.MLRankingClassificationGenerator.executeExperiment - 40001 ml_(pork)_classification inserted. 20210604/20241104
2025-12-03 21:49:45,444 [main] DEBUG c.p.b.e.MLRankingClassificationGenerator.executeExperiment - 40001 ml_(pork)_classification inserted. 20210605/20241104
2025-12-03 21:49:47,332 [main] DEBUG c.p.b.e.MLRankingClassificationGenerator.executeExperiment - 40001 ml_(pork)_classification inserted. 20210606/20241104
2025-12-03 21:49:49,279 [main] DEBUG c.p.b.e.MLRankingClassificationGenerator.executeExperiment - 40001 ml_(pork)_classification inserted. 20210607/20241104
2025-12-03 21:49:51,370 [main] DEBUG c.p.b.e.MLRankingClassificationGenerator.executeExperiment - 40001 ml_(pork)_classification inserted. 20210608/20241104
2025-12-03 21:49:53,788 [main] DEBUG c.p.b.e.MLRankingClassificationGenerator.executeExperiment - 40001 ml_(pork)_classification inserted. 20210609/20241104
2025-12-03 21:49:56,269 [main] DEBUG c.p.b.e.MLRankingClassificationGenerator.executeExperiment - 40001 ml_(pork)_classification inserted. 20210610/20241104
2025-12-03 21:49:58,835 [main] DEBUG c.p.b.e.MLRankingClassificationGenerator.executeExperiment - 40001 ml_(pork)_classification inserted. 20210611/20241104
2025-12-03 21:50:01,244 [main] DEBUG c.p.b.e.MLRankingClassificationGenerator.executeExperiment - 40001 ml_(pork)_classification inserted. 20210612/20241104
2025-12-03 21:50:03,426 [main] DEBUG c.p.b.e.MLRankingClassificationGenerator.executeExperiment - 40001 ml_(pork)_classification inserted. 20210613/20241104
2025-12-03 21:50:05,628 [main] DEBUG c.p.b.e.MLRankingClassificationGenerator.executeExperiment - 40001 ml_(pork)_classification inserted. 20210614/20241104
2025-12-03 21:50:08,209 [main] DEBUG c.p.b.e.MLRankingClassificationGenerator.executeExperiment - 40001 ml_(pork)_classification inserted. 20210615/20241104
2025-12-03 21:50:10,527 [main] DEBUG c.p.b.e.MLRankingClassificationGenerator.executeExperiment - 40001 ml_(pork)_classification inserted. 20210616/20241104
2025-12-03 21:50:13,100 [main] DEBUG c.p.b.e.MLRankingClassificationGenerator.executeExperiment - 40001 ml_(pork)_classification inserted. 20210617/20241104
2025-12-03 21:50:15,597 [main] DEBUG c.p.b.e.MLRankingClassificationGenerator.executeExperiment - 40001 ml_(pork)_classification inserted. 20210618/20241104
2025-12-03 21:50:17,992 [main] DEBUG c.p.b.e.MLRankingClassificationGenerator.executeExperiment - 40001 ml_(pork)_classification inserted. 20210619/20241104
2025-12-03 21:50:20,174 [main] DEBUG c.p.b.e.MLRankingClassificationGenerator.executeExperiment - 40001 ml_(pork)_classification inserted. 20210620/20241104
2025-12-03 21:50:22,531 [main] DEBUG c.p.b.e.MLRankingClassificationGenerator.executeExperiment - 40001 ml_(pork)_classification inserted. 20210621/20241104
2025-12-03 21:50:24,775 [main] DEBUG c.p.b.e.MLRankingClassificationGenerator.executeExperiment - 40001 ml_(pork)_classification inserted. 20210622/20241104
2025-12-03 21:50:27,032 [main] DEBUG c.p.b.e.MLRankingClassificationGenerator.executeExperiment - 40001 ml_(pork)_classification inserted. 20210623/20241104
2025-12-03 21:50:29,309 [main] DEBUG c.p.b.e.MLRankingClassificationGenerator.executeExperiment - 40001 ml_(pork)_classification inserted. 20210624/20241104
2025-12-03 21:50:31,357 [main] DEBUG c.p.b.e.MLRankingClassificationGenerator.executeExperiment - 40001 ml_(pork)_classification inserted. 20210625/20241104
2025-12-03 21:50:33,420 [main] DEBUG c.p.b.e.MLRankingClassificationGenerator.executeExperiment - 40001 ml_(pork)_classification inserted. 20210626/20241104
2025-12-03 21:50:35,486 [main] DEBUG c.p.b.e.MLRankingClassificationGenerator.executeExperiment - 40001 ml_(pork)_classification inserted. 20210627/20241104
2025-12-03 21:50:37,147 [main] DEBUG c.p.b.e.MLRankingClassificationGenerator.executeExperiment - 40001 ml_(pork)_classification inserted. 20210628/20241104
2025-12-03 21:50:39,226 [main] DEBUG c.p.b.e.MLRankingClassificationGenerator.executeExperiment - 40001 ml_(pork)_classification inserted. 20210629/20241104
2025-12-03 21:50:41,277 [main] DEBUG c.p.b.e.MLRankingClassificationGenerator.executeExperiment - 40001 ml_(pork)_classification inserted. 20210630/20241104
2025-12-03 21:50:43,399 [main] DEBUG c.p.b.e.MLRankingClassificationGenerator.executeExperiment - 40001 ml_(pork)_classification inserted. 20210701/20241104
2025-12-03 21:50:45,871 [main] DEBUG c.p.b.e.MLRankingClassificationGenerator.executeExperiment - 40001 ml_(pork)_classification inserted. 20210702/20241104
2025-12-03 21:50:48,346 [main] DEBUG c.p.b.e.MLRankingClassificationGenerator.executeExperiment - 40001 ml_(pork)_classification inserted. 20210703/20241104
2025-12-03 21:50:51,029 [main] DEBUG c.p.b.e.MLRankingClassificationGenerator.executeExperiment - 40001 ml_(pork)_classification inserted. 20210704/20241104
2025-12-03 21:50:53,275 [main] DEBUG c.p.b.e.MLRankingClassificationGenerator.executeExperiment - 40001 ml_(pork)_classification inserted. 20210705/20241104
2025-12-03 21:50:55,486 [main] DEBUG c.p.b.e.MLRankingClassificationGenerator.executeExperiment - 40001 ml_(pork)_classification inserted. 20210706/20241104
2025-12-03 21:50:57,869 [main] DEBUG c.p.b.e.MLRankingClassificationGenerator.executeExperiment - 40001 ml_(pork)_classification inserted. 20210707/20241104
2025-12-03 21:51:00,205 [main] DEBUG c.p.b.e.MLRankingClassificationGenerator.executeExperiment - 40001 ml_(pork)_classification inserted. 20210708/20241104
2025-12-03 21:51:02,220 [main] DEBUG c.p.b.e.MLRankingClassificationGenerator.executeExperiment - 40001 ml_(pork)_classification inserted. 20210709/20241104
2025-12-03 21:51:04,094 [main] DEBUG c.p.b.e.MLRankingClassificationGenerator.executeExperiment - 40001 ml_(pork)_classification inserted. 20210710/20241104
2025-12-03 21:51:05,778 [main] DEBUG c.p.b.e.MLRankingClassificationGenerator.executeExperiment - 40001 ml_(pork)_classification inserted. 20210711/20241104
2025-12-03 21:51:07,952 [main] DEBUG c.p.b.e.MLRankingClassificationGenerator.executeExperiment - 40001 ml_(pork)_classification inserted. 20210712/20241104
2025-12-03 21:51:10,106 [main] DEBUG c.p.b.e.MLRankingClassificationGenerator.executeExperiment - 40001 ml_(pork)_classification inserted. 20210713/20241104
2025-12-03 21:51:12,000 [main] DEBUG c.p.b.e.MLRankingClassificationGenerator.executeExperiment - 40001 ml_(pork)_classification inserted. 20210714/20241104
2025-12-03 21:51:14,498 [main] DEBUG c.p.b.e.MLRankingClassificationGenerator.executeExperiment - 40001 ml_(pork)_classification inserted. 20210715/20241104
2025-12-03 21:51:16,344 [main] DEBUG c.p.b.e.MLRankingClassificationGenerator.executeExperiment - 40001 ml_(pork)_classification inserted. 20210716/20241104
2025-12-03 21:51:18,831 [main] DEBUG c.p.b.e.MLRankingClassificationGenerator.executeExperiment - 40001 ml_(pork)_classification inserted. 20210717/20241104
2025-12-03 21:51:21,318 [main] DEBUG c.p.b.e.MLRankingClassificationGenerator.executeExperiment - 40001 ml_(pork)_classification inserted. 20210718/20241104
2025-12-03 21:51:23,372 [main] DEBUG c.p.b.e.MLRankingClassificationGenerator.executeExperiment - 40001 ml_(pork)_classification inserted. 20210719/20241104
2025-12-03 21:51:25,396 [main] DEBUG c.p.b.e.MLRankingClassificationGenerator.executeExperiment - 40001 ml_(pork)_classification inserted. 20210720/20241104
2025-12-03 21:51:27,598 [main] DEBUG c.p.b.e.MLRankingClassificationGenerator.executeExperiment - 40001 ml_(pork)_classification inserted. 20210721/20241104
2025-12-03 21:51:30,182 [main] DEBUG c.p.b.e.MLRankingClassificationGenerator.executeExperiment - 40001 ml_(pork)_classification inserted. 20210722/20241104
2025-12-03 21:51:32,906 [main] DEBUG c.p.b.e.MLRankingClassificationGenerator.executeExperiment - 40001 ml_(pork)_classification inserted. 20210723/20241104
2025-12-03 21:51:35,703 [main] DEBUG c.p.b.e.MLRankingClassificationGenerator.executeExperiment - 40001 ml_(pork)_classification inserted. 20210724/20241104
2025-12-03 21:51:39,082 [main] DEBUG c.p.b.e.MLRankingClassificationGenerator.executeExperiment - 40001 ml_(pork)_classification inserted. 20210725/20241104
2025-12-03 21:51:43,044 [main] DEBUG c.p.b.e.MLRankingClassificationGenerator.executeExperiment - 40001 ml_(pork)_classification inserted. 20210726/20241104
2025-12-03 21:51:47,437 [main] DEBUG c.p.b.e.MLRankingClassificationGenerator.executeExperiment - 40001 ml_(pork)_classification inserted. 20210727/20241104
2025-12-03 21:51:51,617 [main] DEBUG c.p.b.e.MLRankingClassificationGenerator.executeExperiment - 40001 ml_(pork)_classification inserted. 20210728/20241104
2025-12-03 21:51:55,702 [main] DEBUG c.p.b.e.MLRankingClassificationGenerator.executeExperiment - 40001 ml_(pork)_classification inserted. 20210729/20241104
2025-12-03 21:51:57,983 [main] DEBUG c.p.b.e.MLRankingClassificationGenerator.executeExperiment - 40001 ml_(pork)_classification inserted. 20210730/20241104
2025-12-03 21:52:00,296 [main] DEBUG c.p.b.e.MLRankingClassificationGenerator.executeExperiment - 40001 ml_(pork)_classification inserted. 20210731/20241104
2025-12-03 21:52:02,693 [main] DEBUG c.p.b.e.MLRankingClassificationGenerator.executeExperiment - 40001 ml_(pork)_classification inserted. 20210801/20241104
2025-12-03 21:52:04,953 [main] DEBUG c.p.b.e.MLRankingClassificationGenerator.executeExperiment - 40001 ml_(pork)_classification inserted. 20210802/20241104
2025-12-03 21:52:07,262 [main] DEBUG c.p.b.e.MLRankingClassificationGenerator.executeExperiment - 40001 ml_(pork)_classification inserted. 20210803/20241104
2025-12-03 21:52:09,232 [main] DEBUG c.p.b.e.MLRankingClassificationGenerator.executeExperiment - 40001 ml_(pork)_classification inserted. 20210804/20241104
2025-12-03 21:52:11,453 [main] DEBUG c.p.b.e.MLRankingClassificationGenerator.executeExperiment - 40001 ml_(pork)_classification inserted. 20210805/20241104
2025-12-03 21:52:13,908 [main] DEBUG c.p.b.e.MLRankingClassificationGenerator.executeExperiment - 40001 ml_(pork)_classification inserted. 20210806/20241104
2025-12-03 21:52:16,244 [main] DEBUG c.p.b.e.MLRankingClassificationGenerator.executeExperiment - 40001 ml_(pork)_classification inserted. 20210807/20241104
2025-12-03 21:52:18,590 [main] DEBUG c.p.b.e.MLRankingClassificationGenerator.executeExperiment - 40001 ml_(pork)_classification inserted. 20210808/20241104
2025-12-03 21:52:20,698 [main] DEBUG c.p.b.e.MLRankingClassificationGenerator.executeExperiment - 40001 ml_(pork)_classification inserted. 20210809/20241104
2025-12-03 21:52:23,194 [main] DEBUG c.p.b.e.MLRankingClassificationGenerator.executeExperiment - 40001 ml_(pork)_classification inserted. 20210810/20241104
2025-12-03 21:52:25,518 [main] DEBUG c.p.b.e.MLRankingClassificationGenerator.executeExperiment - 40001 ml_(pork)_classification inserted. 20210811/20241104
2025-12-03 21:52:28,229 [main] DEBUG c.p.b.e.MLRankingClassificationGenerator.executeExperiment - 40001 ml_(pork)_classification inserted. 20210812/20241104
2025-12-03 21:52:30,632 [main] DEBUG c.p.b.e.MLRankingClassificationGenerator.executeExperiment - 40001 ml_(pork)_classification inserted. 20210813/20241104
2025-12-03 21:52:33,153 [main] DEBUG c.p.b.e.MLRankingClassificationGenerator.executeExperiment - 40001 ml_(pork)_classification inserted. 20210814/20241104
2025-12-03 21:52:35,934 [main] DEBUG c.p.b.e.MLRankingClassificationGenerator.executeExperiment - 40001 ml_(pork)_classification inserted. 20210815/20241104
2025-12-03 21:52:38,682 [main] DEBUG c.p.b.e.MLRankingClassificationGenerator.executeExperiment - 40001 ml_(pork)_classification inserted. 20210816/20241104
2025-12-03 21:52:40,915 [main] DEBUG c.p.b.e.MLRankingClassificationGenerator.executeExperiment - 40001 ml_(pork)_classification inserted. 20210817/20241104
2025-12-03 21:52:42,747 [main] DEBUG c.p.b.e.MLRankingClassificationGenerator.executeExperiment - 40001 ml_(pork)_classification inserted. 20210818/20241104
2025-12-03 21:52:44,994 [main] DEBUG c.p.b.e.MLRankingClassificationGenerator.executeExperiment - 40001 ml_(pork)_classification inserted. 20210819/20241104
2025-12-03 21:52:47,304 [main] DEBUG c.p.b.e.MLRankingClassificationGenerator.executeExperiment - 40001 ml_(pork)_classification inserted. 20210820/20241104
2025-12-03 21:52:49,625 [main] DEBUG c.p.b.e.MLRankingClassificationGenerator.executeExperiment - 40001 ml_(pork)_classification inserted. 20210821/20241104
2025-12-03 21:52:52,232 [main] DEBUG c.p.b.e.MLRankingClassificationGenerator.executeExperiment - 40001 ml_(pork)_classification inserted. 20210822/20241104
2025-12-03 21:52:54,355 [main] DEBUG c.p.b.e.MLRankingClassificationGenerator.executeExperiment - 40001 ml_(pork)_classification inserted. 20210823/20241104
2025-12-03 21:52:56,375 [main] DEBUG c.p.b.e.MLRankingClassificationGenerator.executeExperiment - 40001 ml_(pork)_classification inserted. 20210824/20241104
2025-12-03 21:52:58,285 [main] DEBUG c.p.b.e.MLRankingClassificationGenerator.executeExperiment - 40001 ml_(pork)_classification inserted. 20210825/20241104
2025-12-03 21:53:00,342 [main] DEBUG c.p.b.e.MLRankingClassificationGenerator.executeExperiment - 40001 ml_(pork)_classification inserted. 20210826/20241104
2025-12-03 21:53:02,353 [main] DEBUG c.p.b.e.MLRankingClassificationGenerator.executeExperiment - 40001 ml_(pork)_classification inserted. 20210827/20241104
2025-12-03 21:53:04,281 [main] DEBUG c.p.b.e.MLRankingClassificationGenerator.executeExperiment - 40001 ml_(pork)_classification inserted. 20210828/20241104
2025-12-03 21:53:05,948 [main] DEBUG c.p.b.e.MLRankingClassificationGenerator.executeExperiment - 40001 ml_(pork)_classification inserted. 20210829/20241104
2025-12-03 21:53:07,634 [main] DEBUG c.p.b.e.MLRankingClassificationGenerator.executeExperiment - 40001 ml_(pork)_classification inserted. 20210830/20241104
2025-12-03 21:53:09,696 [main] DEBUG c.p.b.e.MLRankingClassificationGenerator.executeExperiment - 40001 ml_(pork)_classification inserted. 20210831/20241104
2025-12-03 21:53:11,549 [main] DEBUG c.p.b.e.MLRankingClassificationGenerator.executeExperiment - 40001 ml_(pork)_classification inserted. 20210901/20241104
2025-12-03 21:53:13,493 [main] DEBUG c.p.b.e.MLRankingClassificationGenerator.executeExperiment - 40001 ml_(pork)_classification inserted. 20210902/20241104
2025-12-03 21:53:15,507 [main] DEBUG c.p.b.e.MLRankingClassificationGenerator.executeExperiment - 40001 ml_(pork)_classification inserted. 20210903/20241104
2025-12-03 21:53:17,765 [main] DEBUG c.p.b.e.MLRankingClassificationGenerator.executeExperiment - 40001 ml_(pork)_classification inserted. 20210904/20241104
2025-12-03 21:53:20,455 [main] DEBUG c.p.b.e.MLRankingClassificationGenerator.executeExperiment - 40001 ml_(pork)_classification inserted. 20210905/20241104
2025-12-03 21:53:22,470 [main] DEBUG c.p.b.e.MLRankingClassificationGenerator.executeExperiment - 40001 ml_(pork)_classification inserted. 20210906/20241104
2025-12-03 21:53:24,610 [main] DEBUG c.p.b.e.MLRankingClassificationGenerator.executeExperiment - 40001 ml_(pork)_classification inserted. 20210907/20241104
2025-12-03 21:53:26,719 [main] DEBUG c.p.b.e.MLRankingClassificationGenerator.executeExperiment - 40001 ml_(pork)_classification inserted. 20210908/20241104
2025-12-03 21:53:28,987 [main] DEBUG c.p.b.e.MLRankingClassificationGenerator.executeExperiment - 40001 ml_(pork)_classification inserted. 20210909/20241104
2025-12-03 21:53:31,206 [main] DEBUG c.p.b.e.MLRankingClassificationGenerator.executeExperiment - 40001 ml_(pork)_classification inserted. 20210910/20241104
2025-12-03 21:53:33,416 [main] DEBUG c.p.b.e.MLRankingClassificationGenerator.executeExperiment - 40001 ml_(pork)_classification inserted. 20210911/20241104
2025-12-03 21:53:35,663 [main] DEBUG c.p.b.e.MLRankingClassificationGenerator.executeExperiment - 40001 ml_(pork)_classification inserted. 20210912/20241104
2025-12-03 21:53:37,644 [main] DEBUG c.p.b.e.MLRankingClassificationGenerator.executeExperiment - 40001 ml_(pork)_classification inserted. 20210913/20241104
2025-12-03 21:53:39,749 [main] DEBUG c.p.b.e.MLRankingClassificationGenerator.executeExperiment - 40001 ml_(pork)_classification inserted. 20210914/20241104
2025-12-03 21:53:41,970 [main] DEBUG c.p.b.e.MLRankingClassificationGenerator.executeExperiment - 40001 ml_(pork)_classification inserted. 20210915/20241104
2025-12-03 21:53:44,170 [main] DEBUG c.p.b.e.MLRankingClassificationGenerator.executeExperiment - 40001 ml_(pork)_classification inserted. 20210916/20241104
2025-12-03 21:53:45,840 [main] DEBUG c.p.b.e.MLRankingClassificationGenerator.executeExperiment - 40001 ml_(pork)_classification inserted. 20210917/20241104
2025-12-03 21:53:47,318 [main] DEBUG c.p.b.e.MLRankingClassificationGenerator.executeExperiment - 40001 ml_(pork)_classification inserted. 20210918/20241104
2025-12-03 21:53:50,131 [main] DEBUG c.p.b.e.MLRankingClassificationGenerator.executeExperiment - 40001 ml_(pork)_classification inserted. 20210919/20241104
2025-12-03 21:53:52,465 [main] DEBUG c.p.b.e.MLRankingClassificationGenerator.executeExperiment - 40001 ml_(pork)_classification inserted. 20210920/20241104
2025-12-03 21:53:55,270 [main] DEBUG c.p.b.e.MLRankingClassificationGenerator.executeExperiment - 40001 ml_(pork)_classification inserted. 20210921/20241104
2025-12-03 21:53:57,506 [main] DEBUG c.p.b.e.MLRankingClassificationGenerator.executeExperiment - 40001 ml_(pork)_classification inserted. 20210922/20241104
2025-12-03 21:54:00,277 [main] DEBUG c.p.b.e.MLRankingClassificationGenerator.executeExperiment - 40001 ml_(pork)_classification inserted. 20210923/20241104
2025-12-03 21:54:02,720 [main] DEBUG c.p.b.e.MLRankingClassificationGenerator.executeExperiment - 40001 ml_(pork)_classification inserted. 20210924/20241104
2025-12-03 21:54:04,816 [main] DEBUG c.p.b.e.MLRankingClassificationGenerator.executeExperiment - 40001 ml_(pork)_classification inserted. 20210925/20241104
2025-12-03 21:54:07,266 [main] DEBUG c.p.b.e.MLRankingClassificationGenerator.executeExperiment - 40001 ml_(pork)_classification inserted. 20210926/20241104
2025-12-03 21:54:09,166 [main] DEBUG c.p.b.e.MLRankingClassificationGenerator.executeExperiment - 40001 ml_(pork)_classification inserted. 20210927/20241104
2025-12-03 21:54:10,902 [main] DEBUG c.p.b.e.MLRankingClassificationGenerator.executeExperiment - 40001 ml_(pork)_classification inserted. 20210928/20241104
2025-12-03 21:54:12,587 [main] DEBUG c.p.b.e.MLRankingClassificationGenerator.executeExperiment - 40001 ml_(pork)_classification inserted. 20210929/20241104
2025-12-03 21:54:14,652 [main] DEBUG c.p.b.e.MLRankingClassificationGenerator.executeExperiment - 40001 ml_(pork)_classification inserted. 20210930/20241104
2025-12-03 21:54:16,775 [main] DEBUG c.p.b.e.MLRankingClassificationGenerator.executeExperiment - 40001 ml_(pork)_classification inserted. 20211001/20241104
2025-12-03 21:54:19,354 [main] DEBUG c.p.b.e.MLRankingClassificationGenerator.executeExperiment - 40001 ml_(pork)_classification inserted. 20211002/20241104
2025-12-03 21:54:21,662 [main] DEBUG c.p.b.e.MLRankingClassificationGenerator.executeExperiment - 40001 ml_(pork)_classification inserted. 20211003/20241104
2025-12-03 21:54:24,073 [main] DEBUG c.p.b.e.MLRankingClassificationGenerator.executeExperiment - 40001 ml_(pork)_classification inserted. 20211004/20241104
2025-12-03 21:54:26,290 [main] DEBUG c.p.b.e.MLRankingClassificationGenerator.executeExperiment - 40001 ml_(pork)_classification inserted. 20211005/20241104
2025-12-03 21:54:29,585 [main] DEBUG c.p.b.e.MLRankingClassificationGenerator.executeExperiment - 40001 ml_(pork)_classification inserted. 20211006/20241104
2025-12-03 21:54:32,265 [main] DEBUG c.p.b.e.MLRankingClassificationGenerator.executeExperiment - 40001 ml_(pork)_classification inserted. 20211007/20241104
2025-12-03 21:54:34,642 [main] DEBUG c.p.b.e.MLRankingClassificationGenerator.executeExperiment - 40001 ml_(pork)_classification inserted. 20211008/20241104
2025-12-03 21:54:36,912 [main] DEBUG c.p.b.e.MLRankingClassificationGenerator.executeExperiment - 40001 ml_(pork)_classification inserted. 20211009/20241104
2025-12-03 21:54:39,181 [main] DEBUG c.p.b.e.MLRankingClassificationGenerator.executeExperiment - 40001 ml_(pork)_classification inserted. 20211010/20241104
2025-12-03 21:54:41,387 [main] DEBUG c.p.b.e.MLRankingClassificationGenerator.executeExperiment - 40001 ml_(pork)_classification inserted. 20211011/20241104
2025-12-03 21:54:43,462 [main] DEBUG c.p.b.e.MLRankingClassificationGenerator.executeExperiment - 40001 ml_(pork)_classification inserted. 20211012/20241104
2025-12-03 21:54:45,834 [main] DEBUG c.p.b.e.MLRankingClassificationGenerator.executeExperiment - 40001 ml_(pork)_classification inserted. 20211013/20241104
2025-12-03 21:54:48,540 [main] DEBUG c.p.b.e.MLRankingClassificationGenerator.executeExperiment - 40001 ml_(pork)_classification inserted. 20211014/20241104
2025-12-03 21:54:50,995 [main] DEBUG c.p.b.e.MLRankingClassificationGenerator.executeExperiment - 40001 ml_(pork)_classification inserted. 20211015/20241104
2025-12-03 21:54:53,273 [main] DEBUG c.p.b.e.MLRankingClassificationGenerator.executeExperiment - 40001 ml_(pork)_classification inserted. 20211016/20241104
2025-12-03 21:54:55,359 [main] DEBUG c.p.b.e.MLRankingClassificationGenerator.executeExperiment - 40001 ml_(pork)_classification inserted. 20211017/20241104
2025-12-03 21:54:57,486 [main] DEBUG c.p.b.e.MLRankingClassificationGenerator.executeExperiment - 40001 ml_(pork)_classification inserted. 20211018/20241104
2025-12-03 21:54:59,881 [main] DEBUG c.p.b.e.MLRankingClassificationGenerator.executeExperiment - 40001 ml_(pork)_classification inserted. 20211019/20241104
2025-12-03 21:55:04,047 [main] DEBUG c.p.b.e.MLRankingClassificationGenerator.executeExperiment - 40001 ml_(pork)_classification inserted. 20211020/20241104
2025-12-03 21:55:06,787 [main] DEBUG c.p.b.e.MLRankingClassificationGenerator.executeExperiment - 40001 ml_(pork)_classification inserted. 20211021/20241104
2025-12-03 21:55:09,431 [main] DEBUG c.p.b.e.MLRankingClassificationGenerator.executeExperiment - 40001 ml_(pork)_classification inserted. 20211022/20241104
2025-12-03 21:55:12,765 [main] DEBUG c.p.b.e.MLRankingClassificationGenerator.executeExperiment - 40001 ml_(pork)_classification inserted. 20211023/20241104
2025-12-03 21:55:15,269 [main] DEBUG c.p.b.e.MLRankingClassificationGenerator.executeExperiment - 40001 ml_(pork)_classification inserted. 20211024/20241104
2025-12-03 21:55:17,636 [main] DEBUG c.p.b.e.MLRankingClassificationGenerator.executeExperiment - 40001 ml_(pork)_classification inserted. 20211025/20241104
2025-12-03 21:55:20,075 [main] DEBUG c.p.b.e.MLRankingClassificationGenerator.executeExperiment - 40001 ml_(pork)_classification inserted. 20211026/20241104
2025-12-03 21:55:22,493 [main] DEBUG c.p.b.e.MLRankingClassificationGenerator.executeExperiment - 40001 ml_(pork)_classification inserted. 20211027/20241104
2025-12-03 21:55:24,993 [main] DEBUG c.p.b.e.MLRankingClassificationGenerator.executeExperiment - 40001 ml_(pork)_classification inserted. 20211028/20241104
2025-12-03 21:55:27,395 [main] DEBUG c.p.b.e.MLRankingClassificationGenerator.executeExperiment - 40001 ml_(pork)_classification inserted. 20211029/20241104
2025-12-03 21:55:29,976 [main] DEBUG c.p.b.e.MLRankingClassificationGenerator.executeExperiment - 40001 ml_(pork)_classification inserted. 20211030/20241104
2025-12-03 21:55:32,252 [main] DEBUG c.p.b.e.MLRankingClassificationGenerator.executeExperiment - 40001 ml_(pork)_classification inserted. 20211031/20241104
2025-12-03 21:55:34,319 [main] DEBUG c.p.b.e.MLRankingClassificationGenerator.executeExperiment - 40001 ml_(pork)_classification inserted. 20211101/20241104
2025-12-03 21:55:36,672 [main] DEBUG c.p.b.e.MLRankingClassificationGenerator.executeExperiment - 40001 ml_(pork)_classification inserted. 20211102/20241104
2025-12-03 21:55:39,335 [main] DEBUG c.p.b.e.MLRankingClassificationGenerator.executeExperiment - 40001 ml_(pork)_classification inserted. 20211103/20241104
2025-12-03 21:55:41,922 [main] DEBUG c.p.b.e.MLRankingClassificationGenerator.executeExperiment - 40001 ml_(pork)_classification inserted. 20211104/20241104
2025-12-03 21:55:44,201 [main] DEBUG c.p.b.e.MLRankingClassificationGenerator.executeExperiment - 40001 ml_(pork)_classification inserted. 20211105/20241104
2025-12-03 21:55:46,924 [main] DEBUG c.p.b.e.MLRankingClassificationGenerator.executeExperiment - 40001 ml_(pork)_classification inserted. 20211106/20241104
2025-12-03 21:55:51,150 [main] DEBUG c.p.b.e.MLRankingClassificationGenerator.executeExperiment - 40001 ml_(pork)_classification inserted. 20211107/20241104
2025-12-03 21:55:53,280 [main] DEBUG c.p.b.e.MLRankingClassificationGenerator.executeExperiment - 40001 ml_(pork)_classification inserted. 20211108/20241104
2025-12-03 21:55:55,468 [main] DEBUG c.p.b.e.MLRankingClassificationGenerator.executeExperiment - 40001 ml_(pork)_classification inserted. 20211109/20241104
2025-12-03 21:55:57,996 [main] DEBUG c.p.b.e.MLRankingClassificationGenerator.executeExperiment - 40001 ml_(pork)_classification inserted. 20211110/20241104
2025-12-03 21:56:00,819 [main] DEBUG c.p.b.e.MLRankingClassificationGenerator.executeExperiment - 40001 ml_(pork)_classification inserted. 20211111/20241104
2025-12-03 21:56:03,464 [main] DEBUG c.p.b.e.MLRankingClassificationGenerator.executeExperiment - 40001 ml_(pork)_classification inserted. 20211112/20241104
2025-12-03 21:56:06,382 [main] DEBUG c.p.b.e.MLRankingClassificationGenerator.executeExperiment - 40001 ml_(pork)_classification inserted. 20211113/20241104
2025-12-03 21:56:09,234 [main] DEBUG c.p.b.e.MLRankingClassificationGenerator.executeExperiment - 40001 ml_(pork)_classification inserted. 20211114/20241104
2025-12-03 21:56:11,570 [main] DEBUG c.p.b.e.MLRankingClassificationGenerator.executeExperiment - 40001 ml_(pork)_classification inserted. 20211115/20241104
2025-12-03 21:56:13,839 [main] DEBUG c.p.b.e.MLRankingClassificationGenerator.executeExperiment - 40001 ml_(pork)_classification inserted. 20211116/20241104
2025-12-03 21:56:15,991 [main] DEBUG c.p.b.e.MLRankingClassificationGenerator.executeExperiment - 40001 ml_(pork)_classification inserted. 20211117/20241104
2025-12-03 21:56:19,540 [main] DEBUG c.p.b.e.MLRankingClassificationGenerator.executeExperiment - 40001 ml_(pork)_classification inserted. 20211118/20241104
2025-12-03 21:56:21,457 [main] DEBUG c.p.b.e.MLRankingClassificationGenerator.executeExperiment - 40001 ml_(pork)_classification inserted. 20211119/20241104
2025-12-03 21:56:23,803 [main] DEBUG c.p.b.e.MLRankingClassificationGenerator.executeExperiment - 40001 ml_(pork)_classification inserted. 20211120/20241104
2025-12-03 21:56:26,525 [main] DEBUG c.p.b.e.MLRankingClassificationGenerator.executeExperiment - 40001 ml_(pork)_classification inserted. 20211121/20241104
2025-12-03 21:56:31,668 [main] DEBUG c.p.b.e.MLRankingClassificationGenerator.executeExperiment - 40001 ml_(pork)_classification inserted. 20211122/20241104
2025-12-03 21:56:34,430 [main] DEBUG c.p.b.e.MLRankingClassificationGenerator.executeExperiment - 40001 ml_(pork)_classification inserted. 20211123/20241104
2025-12-03 21:56:36,821 [main] DEBUG c.p.b.e.MLRankingClassificationGenerator.executeExperiment - 40001 ml_(pork)_classification inserted. 20211124/20241104
2025-12-03 21:56:40,161 [main] DEBUG c.p.b.e.MLRankingClassificationGenerator.executeExperiment - 40001 ml_(pork)_classification inserted. 20211125/20241104
2025-12-03 21:56:42,540 [main] DEBUG c.p.b.e.MLRankingClassificationGenerator.executeExperiment - 40001 ml_(pork)_classification inserted. 20211126/20241104
2025-12-03 21:56:45,239 [main] DEBUG c.p.b.e.MLRankingClassificationGenerator.executeExperiment - 40001 ml_(pork)_classification inserted. 20211127/20241104
2025-12-03 21:56:48,793 [main] DEBUG c.p.b.e.MLRankingClassificationGenerator.executeExperiment - 40001 ml_(pork)_classification inserted. 20211128/20241104
2025-12-03 21:56:51,301 [main] DEBUG c.p.b.e.MLRankingClassificationGenerator.executeExperiment - 40001 ml_(pork)_classification inserted. 20211129/20241104
2025-12-03 21:56:53,983 [main] DEBUG c.p.b.e.MLRankingClassificationGenerator.executeExperiment - 40001 ml_(pork)_classification inserted. 20211130/20241104
2025-12-03 21:56:56,190 [main] DEBUG c.p.b.e.MLRankingClassificationGenerator.executeExperiment - 40001 ml_(pork)_classification inserted. 20211201/20241104
2025-12-03 21:56:59,803 [main] DEBUG c.p.b.e.MLRankingClassificationGenerator.executeExperiment - 40001 ml_(pork)_classification inserted. 20211202/20241104
2025-12-03 21:57:02,908 [main] DEBUG c.p.b.e.MLRankingClassificationGenerator.executeExperiment - 40001 ml_(pork)_classification inserted. 20211203/20241104
2025-12-03 21:57:05,961 [main] DEBUG c.p.b.e.MLRankingClassificationGenerator.executeExperiment - 40001 ml_(pork)_classification inserted. 20211204/20241104
2025-12-03 21:57:08,763 [main] DEBUG c.p.b.e.MLRankingClassificationGenerator.executeExperiment - 40001 ml_(pork)_classification inserted. 20211205/20241104
2025-12-03 21:57:11,352 [main] DEBUG c.p.b.e.MLRankingClassificationGenerator.executeExperiment - 40001 ml_(pork)_classification inserted. 20211206/20241104
2025-12-03 21:57:13,896 [main] DEBUG c.p.b.e.MLRankingClassificationGenerator.executeExperiment - 40001 ml_(pork)_classification inserted. 20211207/20241104
2025-12-03 21:57:15,931 [main] DEBUG c.p.b.e.MLRankingClassificationGenerator.executeExperiment - 40001 ml_(pork)_classification inserted. 20211208/20241104
2025-12-03 21:57:18,814 [main] DEBUG c.p.b.e.MLRankingClassificationGenerator.executeExperiment - 40001 ml_(pork)_classification inserted. 20211209/20241104
2025-12-03 21:57:21,972 [main] DEBUG c.p.b.e.MLRankingClassificationGenerator.executeExperiment - 40001 ml_(pork)_classification inserted. 20211210/20241104
2025-12-03 21:57:25,348 [main] DEBUG c.p.b.e.MLRankingClassificationGenerator.executeExperiment - 40001 ml_(pork)_classification inserted. 20211211/20241104
2025-12-03 21:57:28,111 [main] DEBUG c.p.b.e.MLRankingClassificationGenerator.executeExperiment - 40001 ml_(pork)_classification inserted. 20211212/20241104
2025-12-03 21:57:30,228 [main] DEBUG c.p.b.e.MLRankingClassificationGenerator.executeExperiment - 40001 ml_(pork)_classification inserted. 20211213/20241104
2025-12-03 21:57:32,993 [main] DEBUG c.p.b.e.MLRankingClassificationGenerator.executeExperiment - 40001 ml_(pork)_classification inserted. 20211214/20241104
2025-12-03 21:57:35,097 [main] DEBUG c.p.b.e.MLRankingClassificationGenerator.executeExperiment - 40001 ml_(pork)_classification inserted. 20211215/20241104
2025-12-03 21:57:36,908 [main] DEBUG c.p.b.e.MLRankingClassificationGenerator.executeExperiment - 40001 ml_(pork)_classification inserted. 20211216/20241104
2025-12-03 21:57:38,903 [main] DEBUG c.p.b.e.MLRankingClassificationGenerator.executeExperiment - 40001 ml_(pork)_classification inserted. 20211217/20241104
2025-12-03 21:57:41,417 [main] DEBUG c.p.b.e.MLRankingClassificationGenerator.executeExperiment - 40001 ml_(pork)_classification inserted. 20211218/20241104
2025-12-03 21:57:43,935 [main] DEBUG c.p.b.e.MLRankingClassificationGenerator.executeExperiment - 40001 ml_(pork)_classification inserted. 20211219/20241104
2025-12-03 21:57:46,761 [main] DEBUG c.p.b.e.MLRankingClassificationGenerator.executeExperiment - 40001 ml_(pork)_classification inserted. 20211220/20241104
2025-12-03 21:57:49,687 [main] DEBUG c.p.b.e.MLRankingClassificationGenerator.executeExperiment - 40001 ml_(pork)_classification inserted. 20211221/20241104
2025-12-03 21:57:52,321 [main] DEBUG c.p.b.e.MLRankingClassificationGenerator.executeExperiment - 40001 ml_(pork)_classification inserted. 20211222/20241104
2025-12-03 21:57:55,353 [main] DEBUG c.p.b.e.MLRankingClassificationGenerator.executeExperiment - 40001 ml_(pork)_classification inserted. 20211223/20241104
2025-12-03 21:57:58,439 [main] DEBUG c.p.b.e.MLRankingClassificationGenerator.executeExperiment - 40001 ml_(pork)_classification inserted. 20211224/20241104
2025-12-03 21:58:00,637 [main] DEBUG c.p.b.e.MLRankingClassificationGenerator.executeExperiment - 40001 ml_(pork)_classification inserted. 20211225/20241104
2025-12-03 21:58:02,852 [main] DEBUG c.p.b.e.MLRankingClassificationGenerator.executeExperiment - 40001 ml_(pork)_classification inserted. 20211226/20241104
2025-12-03 21:58:05,562 [main] DEBUG c.p.b.e.MLRankingClassificationGenerator.executeExperiment - 40001 ml_(pork)_classification inserted. 20211227/20241104
2025-12-03 21:58:08,410 [main] DEBUG c.p.b.e.MLRankingClassificationGenerator.executeExperiment - 40001 ml_(pork)_classification inserted. 20211228/20241104
2025-12-03 21:58:11,797 [main] DEBUG c.p.b.e.MLRankingClassificationGenerator.executeExperiment - 40001 ml_(pork)_classification inserted. 20211229/20241104
2025-12-03 21:58:14,835 [main] DEBUG c.p.b.e.MLRankingClassificationGenerator.executeExperiment - 40001 ml_(pork)_classification inserted. 20211230/20241104
2025-12-03 21:58:18,273 [main] DEBUG c.p.b.e.MLRankingClassificationGenerator.executeExperiment - 40001 ml_(pork)_classification inserted. 20211231/20241104
2025-12-03 21:58:21,048 [main] DEBUG c.p.b.e.MLRankingClassificationGenerator.executeExperiment - 40001 ml_(pork)_classification inserted. 20220101/20241104
2025-12-03 21:58:24,002 [main] DEBUG c.p.b.e.MLRankingClassificationGenerator.executeExperiment - 40001 ml_(pork)_classification inserted. 20220102/20241104
2025-12-03 21:58:27,726 [main] DEBUG c.p.b.e.MLRankingClassificationGenerator.executeExperiment - 40001 ml_(pork)_classification inserted. 20220103/20241104
2025-12-03 21:58:31,113 [main] DEBUG c.p.b.e.MLRankingClassificationGenerator.executeExperiment - 40001 ml_(pork)_classification inserted. 20220104/20241104
2025-12-03 21:58:34,647 [main] DEBUG c.p.b.e.MLRankingClassificationGenerator.executeExperiment - 40001 ml_(pork)_classification inserted. 20220105/20241104
2025-12-03 21:58:37,907 [main] DEBUG c.p.b.e.MLRankingClassificationGenerator.executeExperiment - 40001 ml_(pork)_classification inserted. 20220106/20241104
2025-12-03 21:58:40,960 [main] DEBUG c.p.b.e.MLRankingClassificationGenerator.executeExperiment - 40001 ml_(pork)_classification inserted. 20220107/20241104
2025-12-03 21:58:43,559 [main] DEBUG c.p.b.e.MLRankingClassificationGenerator.executeExperiment - 40001 ml_(pork)_classification inserted. 20220108/20241104
2025-12-03 21:58:45,965 [main] DEBUG c.p.b.e.MLRankingClassificationGenerator.executeExperiment - 40001 ml_(pork)_classification inserted. 20220109/20241104
2025-12-03 21:58:47,988 [main] DEBUG c.p.b.e.MLRankingClassificationGenerator.executeExperiment - 40001 ml_(pork)_classification inserted. 20220110/20241104
2025-12-03 21:58:50,163 [main] DEBUG c.p.b.e.MLRankingClassificationGenerator.executeExperiment - 40001 ml_(pork)_classification inserted. 20220111/20241104
2025-12-03 21:58:53,146 [main] DEBUG c.p.b.e.MLRankingClassificationGenerator.executeExperiment - 40001 ml_(pork)_classification inserted. 20220112/20241104
2025-12-03 21:58:56,240 [main] DEBUG c.p.b.e.MLRankingClassificationGenerator.executeExperiment - 40001 ml_(pork)_classification inserted. 20220113/20241104
2025-12-03 21:58:58,586 [main] DEBUG c.p.b.e.MLRankingClassificationGenerator.executeExperiment - 40001 ml_(pork)_classification inserted. 20220114/20241104
2025-12-03 21:59:01,323 [main] DEBUG c.p.b.e.MLRankingClassificationGenerator.executeExperiment - 40001 ml_(pork)_classification inserted. 20220115/20241104
2025-12-03 21:59:03,905 [main] DEBUG c.p.b.e.MLRankingClassificationGenerator.executeExperiment - 40001 ml_(pork)_classification inserted. 20220116/20241104
2025-12-03 21:59:06,880 [main] DEBUG c.p.b.e.MLRankingClassificationGenerator.executeExperiment - 40001 ml_(pork)_classification inserted. 20220117/20241104
2025-12-03 21:59:09,347 [main] DEBUG c.p.b.e.MLRankingClassificationGenerator.executeExperiment - 40001 ml_(pork)_classification inserted. 20220118/20241104
2025-12-03 21:59:12,190 [main] DEBUG c.p.b.e.MLRankingClassificationGenerator.executeExperiment - 40001 ml_(pork)_classification inserted. 20220119/20241104
2025-12-03 21:59:14,301 [main] DEBUG c.p.b.e.MLRankingClassificationGenerator.executeExperiment - 40001 ml_(pork)_classification inserted. 20220120/20241104
2025-12-03 21:59:16,965 [main] DEBUG c.p.b.e.MLRankingClassificationGenerator.executeExperiment - 40001 ml_(pork)_classification inserted. 20220121/20241104
2025-12-03 21:59:20,322 [main] DEBUG c.p.b.e.MLRankingClassificationGenerator.executeExperiment - 40001 ml_(pork)_classification inserted. 20220122/20241104
2025-12-03 21:59:24,132 [main] DEBUG c.p.b.e.MLRankingClassificationGenerator.executeExperiment - 40001 ml_(pork)_classification inserted. 20220123/20241104
2025-12-03 21:59:26,432 [main] DEBUG c.p.b.e.MLRankingClassificationGenerator.executeExperiment - 40001 ml_(pork)_classification inserted. 20220124/20241104
2025-12-03 21:59:29,321 [main] DEBUG c.p.b.e.MLRankingClassificationGenerator.executeExperiment - 40001 ml_(pork)_classification inserted. 20220125/20241104
2025-12-03 21:59:31,792 [main] DEBUG c.p.b.e.MLRankingClassificationGenerator.executeExperiment - 40001 ml_(pork)_classification inserted. 20220126/20241104
2025-12-03 21:59:34,112 [main] DEBUG c.p.b.e.MLRankingClassificationGenerator.executeExperiment - 40001 ml_(pork)_classification inserted. 20220127/20241104
2025-12-03 21:59:36,429 [main] DEBUG c.p.b.e.MLRankingClassificationGenerator.executeExperiment - 40001 ml_(pork)_classification inserted. 20220128/20241104
2025-12-03 21:59:39,087 [main] DEBUG c.p.b.e.MLRankingClassificationGenerator.executeExperiment - 40001 ml_(pork)_classification inserted. 20220129/20241104
2025-12-03 21:59:41,800 [main] DEBUG c.p.b.e.MLRankingClassificationGenerator.executeExperiment - 40001 ml_(pork)_classification inserted. 20220130/20241104
2025-12-03 21:59:44,503 [main] DEBUG c.p.b.e.MLRankingClassificationGenerator.executeExperiment - 40001 ml_(pork)_classification inserted. 20220131/20241104
2025-12-03 21:59:46,655 [main] DEBUG c.p.b.e.MLRankingClassificationGenerator.executeExperiment - 40001 ml_(pork)_classification inserted. 20220201/20241104
2025-12-03 21:59:48,728 [main] DEBUG c.p.b.e.MLRankingClassificationGenerator.executeExperiment - 40001 ml_(pork)_classification inserted. 20220202/20241104
2025-12-03 21:59:51,001 [main] DEBUG c.p.b.e.MLRankingClassificationGenerator.executeExperiment - 40001 ml_(pork)_classification inserted. 20220203/20241104
2025-12-03 21:59:53,524 [main] DEBUG c.p.b.e.MLRankingClassificationGenerator.executeExperiment - 40001 ml_(pork)_classification inserted. 20220204/20241104
2025-12-03 21:59:55,585 [main] DEBUG c.p.b.e.MLRankingClassificationGenerator.executeExperiment - 40001 ml_(pork)_classification inserted. 20220205/20241104
2025-12-03 21:59:58,277 [main] DEBUG c.p.b.e.MLRankingClassificationGenerator.executeExperiment - 40001 ml_(pork)_classification inserted. 20220206/20241104
2025-12-03 22:00:00,567 [main] DEBUG c.p.b.e.MLRankingClassificationGenerator.executeExperiment - 40001 ml_(pork)_classification inserted. 20220207/20241104
2025-12-03 22:00:03,285 [main] DEBUG c.p.b.e.MLRankingClassificationGenerator.executeExperiment - 40001 ml_(pork)_classification inserted. 20220208/20241104
2025-12-03 22:00:05,724 [main] DEBUG c.p.b.e.MLRankingClassificationGenerator.executeExperiment - 40001 ml_(pork)_classification inserted. 20220209/20241104
2025-12-03 22:00:08,023 [main] DEBUG c.p.b.e.MLRankingClassificationGenerator.executeExperiment - 40001 ml_(pork)_classification inserted. 20220210/20241104
2025-12-03 22:00:11,101 [main] DEBUG c.p.b.e.MLRankingClassificationGenerator.executeExperiment - 40001 ml_(pork)_classification inserted. 20220211/20241104
2025-12-03 22:00:13,649 [main] DEBUG c.p.b.e.MLRankingClassificationGenerator.executeExperiment - 40001 ml_(pork)_classification inserted. 20220212/20241104
2025-12-03 22:00:16,307 [main] DEBUG c.p.b.e.MLRankingClassificationGenerator.executeExperiment - 40001 ml_(pork)_classification inserted. 20220213/20241104
2025-12-03 22:00:18,616 [main] DEBUG c.p.b.e.MLRankingClassificationGenerator.executeExperiment - 40001 ml_(pork)_classification inserted. 20220214/20241104
2025-12-03 22:00:20,855 [main] DEBUG c.p.b.e.MLRankingClassificationGenerator.executeExperiment - 40001 ml_(pork)_classification inserted. 20220215/20241104
2025-12-03 22:00:23,331 [main] DEBUG c.p.b.e.MLRankingClassificationGenerator.executeExperiment - 40001 ml_(pork)_classification inserted. 20220216/20241104
2025-12-03 22:00:25,747 [main] DEBUG c.p.b.e.MLRankingClassificationGenerator.executeExperiment - 40001 ml_(pork)_classification inserted. 20220217/20241104
2025-12-03 22:00:28,210 [main] DEBUG c.p.b.e.MLRankingClassificationGenerator.executeExperiment - 40001 ml_(pork)_classification inserted. 20220218/20241104
2025-12-03 22:00:31,033 [main] DEBUG c.p.b.e.MLRankingClassificationGenerator.executeExperiment - 40001 ml_(pork)_classification inserted. 20220219/20241104
2025-12-03 22:00:33,569 [main] DEBUG c.p.b.e.MLRankingClassificationGenerator.executeExperiment - 40001 ml_(pork)_classification inserted. 20220220/20241104
2025-12-03 22:00:36,229 [main] DEBUG c.p.b.e.MLRankingClassificationGenerator.executeExperiment - 40001 ml_(pork)_classification inserted. 20220221/20241104
2025-12-03 22:00:38,811 [main] DEBUG c.p.b.e.MLRankingClassificationGenerator.executeExperiment - 40001 ml_(pork)_classification inserted. 20220222/20241104
2025-12-03 22:00:41,636 [main] DEBUG c.p.b.e.MLRankingClassificationGenerator.executeExperiment - 40001 ml_(pork)_classification inserted. 20220223/20241104
2025-12-03 22:00:44,202 [main] DEBUG c.p.b.e.MLRankingClassificationGenerator.executeExperiment - 40001 ml_(pork)_classification inserted. 20220224/20241104
2025-12-03 22:00:46,891 [main] DEBUG c.p.b.e.MLRankingClassificationGenerator.executeExperiment - 40001 ml_(pork)_classification inserted. 20220225/20241104
2025-12-03 22:00:49,499 [main] DEBUG c.p.b.e.MLRankingClassificationGenerator.executeExperiment - 40001 ml_(pork)_classification inserted. 20220226/20241104
2025-12-03 22:00:52,139 [main] DEBUG c.p.b.e.MLRankingClassificationGenerator.executeExperiment - 40001 ml_(pork)_classification inserted. 20220227/20241104
2025-12-03 22:00:55,010 [main] DEBUG c.p.b.e.MLRankingClassificationGenerator.executeExperiment - 40001 ml_(pork)_classification inserted. 20220228/20241104
2025-12-03 22:00:58,016 [main] DEBUG c.p.b.e.MLRankingClassificationGenerator.executeExperiment - 40001 ml_(pork)_classification inserted. 20220301/20241104
2025-12-03 22:01:00,504 [main] DEBUG c.p.b.e.MLRankingClassificationGenerator.executeExperiment - 40001 ml_(pork)_classification inserted. 20220302/20241104
2025-12-03 22:01:02,798 [main] DEBUG c.p.b.e.MLRankingClassificationGenerator.executeExperiment - 40001 ml_(pork)_classification inserted. 20220303/20241104
2025-12-03 22:01:05,262 [main] DEBUG c.p.b.e.MLRankingClassificationGenerator.executeExperiment - 40001 ml_(pork)_classification inserted. 20220304/20241104
2025-12-03 22:01:08,296 [main] DEBUG c.p.b.e.MLRankingClassificationGenerator.executeExperiment - 40001 ml_(pork)_classification inserted. 20220305/20241104
2025-12-03 22:01:11,119 [main] DEBUG c.p.b.e.MLRankingClassificationGenerator.executeExperiment - 40001 ml_(pork)_classification inserted. 20220306/20241104
2025-12-03 22:01:13,997 [main] DEBUG c.p.b.e.MLRankingClassificationGenerator.executeExperiment - 40001 ml_(pork)_classification inserted. 20220307/20241104
2025-12-03 22:01:16,647 [main] DEBUG c.p.b.e.MLRankingClassificationGenerator.executeExperiment - 40001 ml_(pork)_classification inserted. 20220308/20241104
2025-12-03 22:01:19,096 [main] DEBUG c.p.b.e.MLRankingClassificationGenerator.executeExperiment - 40001 ml_(pork)_classification inserted. 20220309/20241104
2025-12-03 22:01:21,300 [main] DEBUG c.p.b.e.MLRankingClassificationGenerator.executeExperiment - 40001 ml_(pork)_classification inserted. 20220310/20241104
2025-12-03 22:01:23,784 [main] DEBUG c.p.b.e.MLRankingClassificationGenerator.executeExperiment - 40001 ml_(pork)_classification inserted. 20220311/20241104
2025-12-03 22:01:26,214 [main] DEBUG c.p.b.e.MLRankingClassificationGenerator.executeExperiment - 40001 ml_(pork)_classification inserted. 20220312/20241104
2025-12-03 22:01:28,648 [main] DEBUG c.p.b.e.MLRankingClassificationGenerator.executeExperiment - 40001 ml_(pork)_classification inserted. 20220313/20241104
2025-12-03 22:01:31,077 [main] DEBUG c.p.b.e.MLRankingClassificationGenerator.executeExperiment - 40001 ml_(pork)_classification inserted. 20220314/20241104
2025-12-03 22:01:33,366 [main] DEBUG c.p.b.e.MLRankingClassificationGenerator.executeExperiment - 40001 ml_(pork)_classification inserted. 20220315/20241104
2025-12-03 22:01:36,506 [main] DEBUG c.p.b.e.MLRankingClassificationGenerator.executeExperiment - 40001 ml_(pork)_classification inserted. 20220316/20241104
2025-12-03 22:01:39,544 [main] DEBUG c.p.b.e.MLRankingClassificationGenerator.executeExperiment - 40001 ml_(pork)_classification inserted. 20220317/20241104
2025-12-03 22:01:41,831 [main] DEBUG c.p.b.e.MLRankingClassificationGenerator.executeExperiment - 40001 ml_(pork)_classification inserted. 20220318/20241104
2025-12-03 22:01:44,605 [main] DEBUG c.p.b.e.MLRankingClassificationGenerator.executeExperiment - 40001 ml_(pork)_classification inserted. 20220319/20241104
2025-12-03 22:01:47,205 [main] DEBUG c.p.b.e.MLRankingClassificationGenerator.executeExperiment - 40001 ml_(pork)_classification inserted. 20220320/20241104
2025-12-03 22:01:49,677 [main] DEBUG c.p.b.e.MLRankingClassificationGenerator.executeExperiment - 40001 ml_(pork)_classification inserted. 20220321/20241104
2025-12-03 22:01:51,774 [main] DEBUG c.p.b.e.MLRankingClassificationGenerator.executeExperiment - 40001 ml_(pork)_classification inserted. 20220322/20241104
2025-12-03 22:01:54,223 [main] DEBUG c.p.b.e.MLRankingClassificationGenerator.executeExperiment - 40001 ml_(pork)_classification inserted. 20220323/20241104
2025-12-03 22:01:56,982 [main] DEBUG c.p.b.e.MLRankingClassificationGenerator.executeExperiment - 40001 ml_(pork)_classification inserted. 20220324/20241104
2025-12-03 22:02:00,176 [main] DEBUG c.p.b.e.MLRankingClassificationGenerator.executeExperiment - 40001 ml_(pork)_classification inserted. 20220325/20241104
2025-12-03 22:02:02,582 [main] DEBUG c.p.b.e.MLRankingClassificationGenerator.executeExperiment - 40001 ml_(pork)_classification inserted. 20220326/20241104
2025-12-03 22:02:05,372 [main] DEBUG c.p.b.e.MLRankingClassificationGenerator.executeExperiment - 40001 ml_(pork)_classification inserted. 20220327/20241104
2025-12-03 22:02:07,713 [main] DEBUG c.p.b.e.MLRankingClassificationGenerator.executeExperiment - 40001 ml_(pork)_classification inserted. 20220328/20241104
2025-12-03 22:02:10,969 [main] DEBUG c.p.b.e.MLRankingClassificationGenerator.executeExperiment - 40001 ml_(pork)_classification inserted. 20220329/20241104
2025-12-03 22:02:13,805 [main] DEBUG c.p.b.e.MLRankingClassificationGenerator.executeExperiment - 40001 ml_(pork)_classification inserted. 20220330/20241104
2025-12-03 22:02:15,911 [main] DEBUG c.p.b.e.MLRankingClassificationGenerator.executeExperiment - 40001 ml_(pork)_classification inserted. 20220331/20241104
2025-12-03 22:02:18,000 [main] DEBUG c.p.b.e.MLRankingClassificationGenerator.executeExperiment - 40001 ml_(pork)_classification inserted. 20220401/20241104
2025-12-03 22:02:20,690 [main] DEBUG c.p.b.e.MLRankingClassificationGenerator.executeExperiment - 40001 ml_(pork)_classification inserted. 20220402/20241104
2025-12-03 22:02:23,447 [main] DEBUG c.p.b.e.MLRankingClassificationGenerator.executeExperiment - 40001 ml_(pork)_classification inserted. 20220403/20241104
2025-12-03 22:02:26,129 [main] DEBUG c.p.b.e.MLRankingClassificationGenerator.executeExperiment - 40001 ml_(pork)_classification inserted. 20220404/20241104
2025-12-03 22:02:28,409 [main] DEBUG c.p.b.e.MLRankingClassificationGenerator.executeExperiment - 40001 ml_(pork)_classification inserted. 20220405/20241104
2025-12-03 22:02:30,797 [main] DEBUG c.p.b.e.MLRankingClassificationGenerator.executeExperiment - 40001 ml_(pork)_classification inserted. 20220406/20241104
2025-12-03 22:02:32,932 [main] DEBUG c.p.b.e.MLRankingClassificationGenerator.executeExperiment - 40001 ml_(pork)_classification inserted. 20220407/20241104
2025-12-03 22:02:35,356 [main] DEBUG c.p.b.e.MLRankingClassificationGenerator.executeExperiment - 40001 ml_(pork)_classification inserted. 20220408/20241104
2025-12-03 22:02:38,132 [main] DEBUG c.p.b.e.MLRankingClassificationGenerator.executeExperiment - 40001 ml_(pork)_classification inserted. 20220409/20241104
2025-12-03 22:02:40,431 [main] DEBUG c.p.b.e.MLRankingClassificationGenerator.executeExperiment - 40001 ml_(pork)_classification inserted. 20220410/20241104
2025-12-03 22:02:42,573 [main] DEBUG c.p.b.e.MLRankingClassificationGenerator.executeExperiment - 40001 ml_(pork)_classification inserted. 20220411/20241104
2025-12-03 22:02:44,503 [main] DEBUG c.p.b.e.MLRankingClassificationGenerator.executeExperiment - 40001 ml_(pork)_classification inserted. 20220412/20241104
2025-12-03 22:02:47,443 [main] DEBUG c.p.b.e.MLRankingClassificationGenerator.executeExperiment - 40001 ml_(pork)_classification inserted. 20220413/20241104
2025-12-03 22:02:50,440 [main] DEBUG c.p.b.e.MLRankingClassificationGenerator.executeExperiment - 40001 ml_(pork)_classification inserted. 20220414/20241104
2025-12-03 22:02:53,246 [main] DEBUG c.p.b.e.MLRankingClassificationGenerator.executeExperiment - 40001 ml_(pork)_classification inserted. 20220415/20241104
2025-12-03 22:02:55,935 [main] DEBUG c.p.b.e.MLRankingClassificationGenerator.executeExperiment - 40001 ml_(pork)_classification inserted. 20220416/20241104
2025-12-03 22:02:58,913 [main] DEBUG c.p.b.e.MLRankingClassificationGenerator.executeExperiment - 40001 ml_(pork)_classification inserted. 20220417/20241104
2025-12-03 22:03:01,562 [main] DEBUG c.p.b.e.MLRankingClassificationGenerator.executeExperiment - 40001 ml_(pork)_classification inserted. 20220418/20241104
2025-12-03 22:03:03,980 [main] DEBUG c.p.b.e.MLRankingClassificationGenerator.executeExperiment - 40001 ml_(pork)_classification inserted. 20220419/20241104
2025-12-03 22:03:06,481 [main] DEBUG c.p.b.e.MLRankingClassificationGenerator.executeExperiment - 40001 ml_(pork)_classification inserted. 20220420/20241104
2025-12-03 22:03:08,764 [main] DEBUG c.p.b.e.MLRankingClassificationGenerator.executeExperiment - 40001 ml_(pork)_classification inserted. 20220421/20241104
2025-12-03 22:03:11,235 [main] DEBUG c.p.b.e.MLRankingClassificationGenerator.executeExperiment - 40001 ml_(pork)_classification inserted. 20220422/20241104
2025-12-03 22:03:13,709 [main] DEBUG c.p.b.e.MLRankingClassificationGenerator.executeExperiment - 40001 ml_(pork)_classification inserted. 20220423/20241104
2025-12-03 22:03:16,716 [main] DEBUG c.p.b.e.MLRankingClassificationGenerator.executeExperiment - 40001 ml_(pork)_classification inserted. 20220424/20241104
2025-12-03 22:03:19,587 [main] DEBUG c.p.b.e.MLRankingClassificationGenerator.executeExperiment - 40001 ml_(pork)_classification inserted. 20220425/20241104
2025-12-03 22:03:22,241 [main] DEBUG c.p.b.e.MLRankingClassificationGenerator.executeExperiment - 40001 ml_(pork)_classification inserted. 20220426/20241104
2025-12-03 22:03:24,793 [main] DEBUG c.p.b.e.MLRankingClassificationGenerator.executeExperiment - 40001 ml_(pork)_classification inserted. 20220427/20241104
2025-12-03 22:03:26,998 [main] DEBUG c.p.b.e.MLRankingClassificationGenerator.executeExperiment - 40001 ml_(pork)_classification inserted. 20220428/20241104
2025-12-03 22:03:29,235 [main] DEBUG c.p.b.e.MLRankingClassificationGenerator.executeExperiment - 40001 ml_(pork)_classification inserted. 20220429/20241104
2025-12-03 22:03:32,345 [main] DEBUG c.p.b.e.MLRankingClassificationGenerator.executeExperiment - 40001 ml_(pork)_classification inserted. 20220430/20241104
2025-12-03 22:03:35,839 [main] DEBUG c.p.b.e.MLRankingClassificationGenerator.executeExperiment - 40001 ml_(pork)_classification inserted. 20220501/20241104
2025-12-03 22:03:38,634 [main] DEBUG c.p.b.e.MLRankingClassificationGenerator.executeExperiment - 40001 ml_(pork)_classification inserted. 20220502/20241104
2025-12-03 22:03:42,017 [main] DEBUG c.p.b.e.MLRankingClassificationGenerator.executeExperiment - 40001 ml_(pork)_classification inserted. 20220503/20241104
2025-12-03 22:03:45,148 [main] DEBUG c.p.b.e.MLRankingClassificationGenerator.executeExperiment - 40001 ml_(pork)_classification inserted. 20220504/20241104
2025-12-03 22:03:47,632 [main] DEBUG c.p.b.e.MLRankingClassificationGenerator.executeExperiment - 40001 ml_(pork)_classification inserted. 20220505/20241104
2025-12-03 22:03:49,799 [main] DEBUG c.p.b.e.MLRankingClassificationGenerator.executeExperiment - 40001 ml_(pork)_classification inserted. 20220506/20241104
2025-12-03 22:03:52,292 [main] DEBUG c.p.b.e.MLRankingClassificationGenerator.executeExperiment - 40001 ml_(pork)_classification inserted. 20220507/20241104
2025-12-03 22:03:55,093 [main] DEBUG c.p.b.e.MLRankingClassificationGenerator.executeExperiment - 40001 ml_(pork)_classification inserted. 20220508/20241104
2025-12-03 22:03:58,095 [main] DEBUG c.p.b.e.MLRankingClassificationGenerator.executeExperiment - 40001 ml_(pork)_classification inserted. 20220509/20241104
2025-12-03 22:04:01,765 [main] DEBUG c.p.b.e.MLRankingClassificationGenerator.executeExperiment - 40001 ml_(pork)_classification inserted. 20220510/20241104
2025-12-03 22:04:06,102 [main] DEBUG c.p.b.e.MLRankingClassificationGenerator.executeExperiment - 40001 ml_(pork)_classification inserted. 20220511/20241104
2025-12-03 22:04:08,138 [main] DEBUG c.p.b.e.MLRankingClassificationGenerator.executeExperiment - 40001 ml_(pork)_classification inserted. 20220512/20241104
2025-12-03 22:04:10,349 [main] DEBUG c.p.b.e.MLRankingClassificationGenerator.executeExperiment - 40001 ml_(pork)_classification inserted. 20220513/20241104
2025-12-03 22:04:12,727 [main] DEBUG c.p.b.e.MLRankingClassificationGenerator.executeExperiment - 40001 ml_(pork)_classification inserted. 20220514/20241104
2025-12-03 22:04:15,353 [main] DEBUG c.p.b.e.MLRankingClassificationGenerator.executeExperiment - 40001 ml_(pork)_classification inserted. 20220515/20241104
2025-12-03 22:04:18,838 [main] DEBUG c.p.b.e.MLRankingClassificationGenerator.executeExperiment - 40001 ml_(pork)_classification inserted. 20220516/20241104
2025-12-03 22:04:20,764 [main] DEBUG c.p.b.e.MLRankingClassificationGenerator.executeExperiment - 40001 ml_(pork)_classification inserted. 20220517/20241104
2025-12-03 22:04:22,932 [main] DEBUG c.p.b.e.MLRankingClassificationGenerator.executeExperiment - 40001 ml_(pork)_classification inserted. 20220518/20241104
2025-12-03 22:04:25,759 [main] DEBUG c.p.b.e.MLRankingClassificationGenerator.executeExperiment - 40001 ml_(pork)_classification inserted. 20220519/20241104
2025-12-03 22:04:28,393 [main] DEBUG c.p.b.e.MLRankingClassificationGenerator.executeExperiment - 40001 ml_(pork)_classification inserted. 20220520/20241104
2025-12-03 22:04:30,945 [main] DEBUG c.p.b.e.MLRankingClassificationGenerator.executeExperiment - 40001 ml_(pork)_classification inserted. 20220521/20241104
2025-12-03 22:04:33,359 [main] DEBUG c.p.b.e.MLRankingClassificationGenerator.executeExperiment - 40001 ml_(pork)_classification inserted. 20220522/20241104
2025-12-03 22:04:35,240 [main] DEBUG c.p.b.e.MLRankingClassificationGenerator.executeExperiment - 40001 ml_(pork)_classification inserted. 20220523/20241104
2025-12-03 22:04:37,485 [main] DEBUG c.p.b.e.MLRankingClassificationGenerator.executeExperiment - 40001 ml_(pork)_classification inserted. 20220524/20241104
2025-12-03 22:04:39,424 [main] DEBUG c.p.b.e.MLRankingClassificationGenerator.executeExperiment - 40001 ml_(pork)_classification inserted. 20220525/20241104
2025-12-03 22:04:42,458 [main] DEBUG c.p.b.e.MLRankingClassificationGenerator.executeExperiment - 40001 ml_(pork)_classification inserted. 20220526/20241104
2025-12-03 22:04:45,114 [main] DEBUG c.p.b.e.MLRankingClassificationGenerator.executeExperiment - 40001 ml_(pork)_classification inserted. 20220527/20241104
2025-12-03 22:04:48,229 [main] DEBUG c.p.b.e.MLRankingClassificationGenerator.executeExperiment - 40001 ml_(pork)_classification inserted. 20220528/20241104
2025-12-03 22:04:52,068 [main] DEBUG c.p.b.e.MLRankingClassificationGenerator.executeExperiment - 40001 ml_(pork)_classification inserted. 20220529/20241104
2025-12-03 22:04:54,654 [main] DEBUG c.p.b.e.MLRankingClassificationGenerator.executeExperiment - 40001 ml_(pork)_classification inserted. 20220530/20241104
2025-12-03 22:04:56,549 [main] DEBUG c.p.b.e.MLRankingClassificationGenerator.executeExperiment - 40001 ml_(pork)_classification inserted. 20220531/20241104
2025-12-03 22:04:58,644 [main] DEBUG c.p.b.e.MLRankingClassificationGenerator.executeExperiment - 40001 ml_(pork)_classification inserted. 20220601/20241104
2025-12-03 22:05:00,859 [main] DEBUG c.p.b.e.MLRankingClassificationGenerator.executeExperiment - 40001 ml_(pork)_classification inserted. 20220602/20241104
2025-12-03 22:05:03,145 [main] DEBUG c.p.b.e.MLRankingClassificationGenerator.executeExperiment - 40001 ml_(pork)_classification inserted. 20220603/20241104
2025-12-03 22:05:05,391 [main] DEBUG c.p.b.e.MLRankingClassificationGenerator.executeExperiment - 40001 ml_(pork)_classification inserted. 20220604/20241104
2025-12-03 22:05:07,632 [main] DEBUG c.p.b.e.MLRankingClassificationGenerator.executeExperiment - 40001 ml_(pork)_classification inserted. 20220605/20241104
2025-12-03 22:05:10,580 [main] DEBUG c.p.b.e.MLRankingClassificationGenerator.executeExperiment - 40001 ml_(pork)_classification inserted. 20220606/20241104
2025-12-03 22:05:13,628 [main] DEBUG c.p.b.e.MLRankingClassificationGenerator.executeExperiment - 40001 ml_(pork)_classification inserted. 20220607/20241104
2025-12-03 22:05:16,223 [main] DEBUG c.p.b.e.MLRankingClassificationGenerator.executeExperiment - 40001 ml_(pork)_classification inserted. 20220608/20241104
2025-12-03 22:05:18,210 [main] DEBUG c.p.b.e.MLRankingClassificationGenerator.executeExperiment - 40001 ml_(pork)_classification inserted. 20220609/20241104
2025-12-03 22:05:20,785 [main] DEBUG c.p.b.e.MLRankingClassificationGenerator.executeExperiment - 40001 ml_(pork)_classification inserted. 20220610/20241104
2025-12-03 22:05:23,554 [main] DEBUG c.p.b.e.MLRankingClassificationGenerator.executeExperiment - 40001 ml_(pork)_classification inserted. 20220611/20241104
2025-12-03 22:05:26,274 [main] DEBUG c.p.b.e.MLRankingClassificationGenerator.executeExperiment - 40001 ml_(pork)_classification inserted. 20220612/20241104
2025-12-03 22:05:28,989 [main] DEBUG c.p.b.e.MLRankingClassificationGenerator.executeExperiment - 40001 ml_(pork)_classification inserted. 20220613/20241104
2025-12-03 22:05:31,490 [main] DEBUG c.p.b.e.MLRankingClassificationGenerator.executeExperiment - 40001 ml_(pork)_classification inserted. 20220614/20241104
2025-12-03 22:05:33,582 [main] DEBUG c.p.b.e.MLRankingClassificationGenerator.executeExperiment - 40001 ml_(pork)_classification inserted. 20220615/20241104
2025-12-03 22:05:35,909 [main] DEBUG c.p.b.e.MLRankingClassificationGenerator.executeExperiment - 40001 ml_(pork)_classification inserted. 20220616/20241104
2025-12-03 22:05:38,283 [main] DEBUG c.p.b.e.MLRankingClassificationGenerator.executeExperiment - 40001 ml_(pork)_classification inserted. 20220617/20241104
2025-12-03 22:05:41,120 [main] DEBUG c.p.b.e.MLRankingClassificationGenerator.executeExperiment - 40001 ml_(pork)_classification inserted. 20220618/20241104
2025-12-03 22:05:43,991 [main] DEBUG c.p.b.e.MLRankingClassificationGenerator.executeExperiment - 40001 ml_(pork)_classification inserted. 20220619/20241104
2025-12-03 22:05:46,442 [main] DEBUG c.p.b.e.MLRankingClassificationGenerator.executeExperiment - 40001 ml_(pork)_classification inserted. 20220620/20241104
2025-12-03 22:05:48,927 [main] DEBUG c.p.b.e.MLRankingClassificationGenerator.executeExperiment - 40001 ml_(pork)_classification inserted. 20220621/20241104
2025-12-03 22:05:51,281 [main] DEBUG c.p.b.e.MLRankingClassificationGenerator.executeExperiment - 40001 ml_(pork)_classification inserted. 20220622/20241104
2025-12-03 22:05:53,237 [main] DEBUG c.p.b.e.MLRankingClassificationGenerator.executeExperiment - 40001 ml_(pork)_classification inserted. 20220623/20241104
2025-12-03 22:05:55,876 [main] DEBUG c.p.b.e.MLRankingClassificationGenerator.executeExperiment - 40001 ml_(pork)_classification inserted. 20220624/20241104
2025-12-03 22:05:58,384 [main] DEBUG c.p.b.e.MLRankingClassificationGenerator.executeExperiment - 40001 ml_(pork)_classification inserted. 20220625/20241104
2025-12-03 22:06:01,205 [main] DEBUG c.p.b.e.MLRankingClassificationGenerator.executeExperiment - 40001 ml_(pork)_classification inserted. 20220626/20241104
2025-12-03 22:06:03,886 [main] DEBUG c.p.b.e.MLRankingClassificationGenerator.executeExperiment - 40001 ml_(pork)_classification inserted. 20220627/20241104
2025-12-03 22:06:07,238 [main] DEBUG c.p.b.e.MLRankingClassificationGenerator.executeExperiment - 40001 ml_(pork)_classification inserted. 20220628/20241104
2025-12-03 22:06:09,885 [main] DEBUG c.p.b.e.MLRankingClassificationGenerator.executeExperiment - 40001 ml_(pork)_classification inserted. 20220629/20241104
2025-12-03 22:06:12,458 [main] DEBUG c.p.b.e.MLRankingClassificationGenerator.executeExperiment - 40001 ml_(pork)_classification inserted. 20220630/20241104
2025-12-03 22:06:15,531 [main] DEBUG c.p.b.e.MLRankingClassificationGenerator.executeExperiment - 40001 ml_(pork)_classification inserted. 20220701/20241104
2025-12-03 22:06:19,177 [main] DEBUG c.p.b.e.MLRankingClassificationGenerator.executeExperiment - 40001 ml_(pork)_classification inserted. 20220702/20241104
2025-12-03 22:06:22,493 [main] DEBUG c.p.b.e.MLRankingClassificationGenerator.executeExperiment - 40001 ml_(pork)_classification inserted. 20220703/20241104
2025-12-03 22:06:24,892 [main] DEBUG c.p.b.e.MLRankingClassificationGenerator.executeExperiment - 40001 ml_(pork)_classification inserted. 20220704/20241104
2025-12-03 22:06:27,568 [main] DEBUG c.p.b.e.MLRankingClassificationGenerator.executeExperiment - 40001 ml_(pork)_classification inserted. 20220705/20241104
2025-12-03 22:06:30,463 [main] DEBUG c.p.b.e.MLRankingClassificationGenerator.executeExperiment - 40001 ml_(pork)_classification inserted. 20220706/20241104
2025-12-03 22:06:33,242 [main] DEBUG c.p.b.e.MLRankingClassificationGenerator.executeExperiment - 40001 ml_(pork)_classification inserted. 20220707/20241104
2025-12-03 22:06:35,525 [main] DEBUG c.p.b.e.MLRankingClassificationGenerator.executeExperiment - 40001 ml_(pork)_classification inserted. 20220708/20241104
2025-12-03 22:06:38,550 [main] DEBUG c.p.b.e.MLRankingClassificationGenerator.executeExperiment - 40001 ml_(pork)_classification inserted. 20220709/20241104
2025-12-03 22:06:41,162 [main] DEBUG c.p.b.e.MLRankingClassificationGenerator.executeExperiment - 40001 ml_(pork)_classification inserted. 20220710/20241104
2025-12-03 22:06:43,770 [main] DEBUG c.p.b.e.MLRankingClassificationGenerator.executeExperiment - 40001 ml_(pork)_classification inserted. 20220711/20241104
2025-12-03 22:06:46,473 [main] DEBUG c.p.b.e.MLRankingClassificationGenerator.executeExperiment - 40001 ml_(pork)_classification inserted. 20220712/20241104
2025-12-03 22:06:48,821 [main] DEBUG c.p.b.e.MLRankingClassificationGenerator.executeExperiment - 40001 ml_(pork)_classification inserted. 20220713/20241104
2025-12-03 22:06:51,090 [main] DEBUG c.p.b.e.MLRankingClassificationGenerator.executeExperiment - 40001 ml_(pork)_classification inserted. 20220714/20241104
2025-12-03 22:06:53,913 [main] DEBUG c.p.b.e.MLRankingClassificationGenerator.executeExperiment - 40001 ml_(pork)_classification inserted. 20220715/20241104
2025-12-03 22:06:57,174 [main] DEBUG c.p.b.e.MLRankingClassificationGenerator.executeExperiment - 40001 ml_(pork)_classification inserted. 20220716/20241104
2025-12-03 22:07:00,478 [main] DEBUG c.p.b.e.MLRankingClassificationGenerator.executeExperiment - 40001 ml_(pork)_classification inserted. 20220717/20241104
2025-12-03 22:07:02,802 [main] DEBUG c.p.b.e.MLRankingClassificationGenerator.executeExperiment - 40001 ml_(pork)_classification inserted. 20220718/20241104
2025-12-03 22:07:05,527 [main] DEBUG c.p.b.e.MLRankingClassificationGenerator.executeExperiment - 40001 ml_(pork)_classification inserted. 20220719/20241104
2025-12-03 22:07:07,784 [main] DEBUG c.p.b.e.MLRankingClassificationGenerator.executeExperiment - 40001 ml_(pork)_classification inserted. 20220720/20241104
2025-12-03 22:07:09,728 [main] DEBUG c.p.b.e.MLRankingClassificationGenerator.executeExperiment - 40001 ml_(pork)_classification inserted. 20220721/20241104
2025-12-03 22:07:11,990 [main] DEBUG c.p.b.e.MLRankingClassificationGenerator.executeExperiment - 40001 ml_(pork)_classification inserted. 20220722/20241104
2025-12-03 22:07:14,004 [main] DEBUG c.p.b.e.MLRankingClassificationGenerator.executeExperiment - 40001 ml_(pork)_classification inserted. 20220723/20241104
2025-12-03 22:07:16,182 [main] DEBUG c.p.b.e.MLRankingClassificationGenerator.executeExperiment - 40001 ml_(pork)_classification inserted. 20220724/20241104
2025-12-03 22:07:18,147 [main] DEBUG c.p.b.e.MLRankingClassificationGenerator.executeExperiment - 40001 ml_(pork)_classification inserted. 20220725/20241104
2025-12-03 22:07:20,657 [main] DEBUG c.p.b.e.MLRankingClassificationGenerator.executeExperiment - 40001 ml_(pork)_classification inserted. 20220726/20241104
2025-12-03 22:07:23,315 [main] DEBUG c.p.b.e.MLRankingClassificationGenerator.executeExperiment - 40001 ml_(pork)_classification inserted. 20220727/20241104
2025-12-03 22:07:26,199 [main] DEBUG c.p.b.e.MLRankingClassificationGenerator.executeExperiment - 40001 ml_(pork)_classification inserted. 20220728/20241104
2025-12-03 22:07:29,527 [main] DEBUG c.p.b.e.MLRankingClassificationGenerator.executeExperiment - 40001 ml_(pork)_classification inserted. 20220729/20241104
2025-12-03 22:07:32,518 [main] DEBUG c.p.b.e.MLRankingClassificationGenerator.executeExperiment - 40001 ml_(pork)_classification inserted. 20220730/20241104
2025-12-03 22:07:35,218 [main] DEBUG c.p.b.e.MLRankingClassificationGenerator.executeExperiment - 40001 ml_(pork)_classification inserted. 20220731/20241104
2025-12-03 22:07:37,482 [main] DEBUG c.p.b.e.MLRankingClassificationGenerator.executeExperiment - 40001 ml_(pork)_classification inserted. 20220801/20241104
2025-12-03 22:07:39,302 [main] DEBUG c.p.b.e.MLRankingClassificationGenerator.executeExperiment - 40001 ml_(pork)_classification inserted. 20220802/20241104
2025-12-03 22:07:41,347 [main] DEBUG c.p.b.e.MLRankingClassificationGenerator.executeExperiment - 40001 ml_(pork)_classification inserted. 20220803/20241104
2025-12-03 22:07:43,428 [main] DEBUG c.p.b.e.MLRankingClassificationGenerator.executeExperiment - 40001 ml_(pork)_classification inserted. 20220804/20241104
2025-12-03 22:07:45,621 [main] DEBUG c.p.b.e.MLRankingClassificationGenerator.executeExperiment - 40001 ml_(pork)_classification inserted. 20220805/20241104
2025-12-03 22:07:47,729 [main] DEBUG c.p.b.e.MLRankingClassificationGenerator.executeExperiment - 40001 ml_(pork)_classification inserted. 20220806/20241104
2025-12-03 22:07:49,660 [main] DEBUG c.p.b.e.MLRankingClassificationGenerator.executeExperiment - 40001 ml_(pork)_classification inserted. 20220807/20241104
2025-12-03 22:07:51,370 [main] DEBUG c.p.b.e.MLRankingClassificationGenerator.executeExperiment - 40001 ml_(pork)_classification inserted. 20220808/20241104
2025-12-03 22:07:53,735 [main] DEBUG c.p.b.e.MLRankingClassificationGenerator.executeExperiment - 40001 ml_(pork)_classification inserted. 20220809/20241104
2025-12-03 22:07:55,994 [main] DEBUG c.p.b.e.MLRankingClassificationGenerator.executeExperiment - 40001 ml_(pork)_classification inserted. 20220810/20241104
2025-12-03 22:07:59,125 [main] DEBUG c.p.b.e.MLRankingClassificationGenerator.executeExperiment - 40001 ml_(pork)_classification inserted. 20220811/20241104
2025-12-03 22:08:01,929 [main] DEBUG c.p.b.e.MLRankingClassificationGenerator.executeExperiment - 40001 ml_(pork)_classification inserted. 20220812/20241104
2025-12-03 22:08:04,843 [main] DEBUG c.p.b.e.MLRankingClassificationGenerator.executeExperiment - 40001 ml_(pork)_classification inserted. 20220813/20241104
2025-12-03 22:08:07,912 [main] DEBUG c.p.b.e.MLRankingClassificationGenerator.executeExperiment - 40001 ml_(pork)_classification inserted. 20220814/20241104
2025-12-03 22:08:10,531 [main] DEBUG c.p.b.e.MLRankingClassificationGenerator.executeExperiment - 40001 ml_(pork)_classification inserted. 20220815/20241104
2025-12-03 22:08:12,610 [main] DEBUG c.p.b.e.MLRankingClassificationGenerator.executeExperiment - 40001 ml_(pork)_classification inserted. 20220816/20241104
2025-12-03 22:08:14,695 [main] DEBUG c.p.b.e.MLRankingClassificationGenerator.executeExperiment - 40001 ml_(pork)_classification inserted. 20220817/20241104
2025-12-03 22:08:16,700 [main] DEBUG c.p.b.e.MLRankingClassificationGenerator.executeExperiment - 40001 ml_(pork)_classification inserted. 20220818/20241104
2025-12-03 22:08:19,186 [main] DEBUG c.p.b.e.MLRankingClassificationGenerator.executeExperiment - 40001 ml_(pork)_classification inserted. 20220819/20241104
2025-12-03 22:08:21,839 [main] DEBUG c.p.b.e.MLRankingClassificationGenerator.executeExperiment - 40001 ml_(pork)_classification inserted. 20220820/20241104
2025-12-03 22:08:24,430 [main] DEBUG c.p.b.e.MLRankingClassificationGenerator.executeExperiment - 40001 ml_(pork)_classification inserted. 20220821/20241104
2025-12-03 22:08:27,032 [main] DEBUG c.p.b.e.MLRankingClassificationGenerator.executeExperiment - 40001 ml_(pork)_classification inserted. 20220822/20241104
2025-12-03 22:08:29,723 [main] DEBUG c.p.b.e.MLRankingClassificationGenerator.executeExperiment - 40001 ml_(pork)_classification inserted. 20220823/20241104
2025-12-03 22:08:32,122 [main] DEBUG c.p.b.e.MLRankingClassificationGenerator.executeExperiment - 40001 ml_(pork)_classification inserted. 20220824/20241104
2025-12-03 22:08:34,054 [main] DEBUG c.p.b.e.MLRankingClassificationGenerator.executeExperiment - 40001 ml_(pork)_classification inserted. 20220825/20241104
2025-12-03 22:08:35,987 [main] DEBUG c.p.b.e.MLRankingClassificationGenerator.executeExperiment - 40001 ml_(pork)_classification inserted. 20220826/20241104
2025-12-03 22:08:38,273 [main] DEBUG c.p.b.e.MLRankingClassificationGenerator.executeExperiment - 40001 ml_(pork)_classification inserted. 20220827/20241104
2025-12-03 22:08:40,649 [main] DEBUG c.p.b.e.MLRankingClassificationGenerator.executeExperiment - 40001 ml_(pork)_classification inserted. 20220828/20241104
2025-12-03 22:08:42,704 [main] DEBUG c.p.b.e.MLRankingClassificationGenerator.executeExperiment - 40001 ml_(pork)_classification inserted. 20220829/20241104
2025-12-03 22:08:45,196 [main] DEBUG c.p.b.e.MLRankingClassificationGenerator.executeExperiment - 40001 ml_(pork)_classification inserted. 20220830/20241104
2025-12-03 22:08:47,653 [main] DEBUG c.p.b.e.MLRankingClassificationGenerator.executeExperiment - 40001 ml_(pork)_classification inserted. 20220831/20241104
2025-12-03 22:08:49,707 [main] DEBUG c.p.b.e.MLRankingClassificationGenerator.executeExperiment - 40001 ml_(pork)_classification inserted. 20220901/20241104
2025-12-03 22:08:51,851 [main] DEBUG c.p.b.e.MLRankingClassificationGenerator.executeExperiment - 40001 ml_(pork)_classification inserted. 20220902/20241104
2025-12-03 22:08:53,918 [main] DEBUG c.p.b.e.MLRankingClassificationGenerator.executeExperiment - 40001 ml_(pork)_classification inserted. 20220903/20241104
2025-12-03 22:08:56,001 [main] DEBUG c.p.b.e.MLRankingClassificationGenerator.executeExperiment - 40001 ml_(pork)_classification inserted. 20220904/20241104
2025-12-03 22:08:57,504 [main] DEBUG c.p.b.e.MLRankingClassificationGenerator.executeExperiment - 40001 ml_(pork)_classification inserted. 20220905/20241104
2025-12-03 22:08:58,553 [main] DEBUG c.p.b.e.MLRankingClassificationGenerator.executeExperiment - 40001 ml_(pork)_classification inserted. 20220906/20241104
2025-12-03 22:09:00,485 [main] DEBUG c.p.b.e.MLRankingClassificationGenerator.executeExperiment - 40001 ml_(pork)_classification inserted. 20220907/20241104
2025-12-03 22:09:02,625 [main] DEBUG c.p.b.e.MLRankingClassificationGenerator.executeExperiment - 40001 ml_(pork)_classification inserted. 20220908/20241104
2025-12-03 22:09:04,588 [main] DEBUG c.p.b.e.MLRankingClassificationGenerator.executeExperiment - 40001 ml_(pork)_classification inserted. 20220909/20241104
2025-12-03 22:09:06,820 [main] DEBUG c.p.b.e.MLRankingClassificationGenerator.executeExperiment - 40001 ml_(pork)_classification inserted. 20220910/20241104
2025-12-03 22:09:09,061 [main] DEBUG c.p.b.e.MLRankingClassificationGenerator.executeExperiment - 40001 ml_(pork)_classification inserted. 20220911/20241104
2025-12-03 22:09:11,516 [main] DEBUG c.p.b.e.MLRankingClassificationGenerator.executeExperiment - 40001 ml_(pork)_classification inserted. 20220912/20241104
2025-12-03 22:09:13,840 [main] DEBUG c.p.b.e.MLRankingClassificationGenerator.executeExperiment - 40001 ml_(pork)_classification inserted. 20220913/20241104
2025-12-03 22:09:16,118 [main] DEBUG c.p.b.e.MLRankingClassificationGenerator.executeExperiment - 40001 ml_(pork)_classification inserted. 20220914/20241104
2025-12-03 22:09:18,021 [main] DEBUG c.p.b.e.MLRankingClassificationGenerator.executeExperiment - 40001 ml_(pork)_classification inserted. 20220915/20241104
2025-12-03 22:09:20,107 [main] DEBUG c.p.b.e.MLRankingClassificationGenerator.executeExperiment - 40001 ml_(pork)_classification inserted. 20220916/20241104
2025-12-03 22:09:22,709 [main] DEBUG c.p.b.e.MLRankingClassificationGenerator.executeExperiment - 40001 ml_(pork)_classification inserted. 20220917/20241104
2025-12-03 22:09:24,565 [main] DEBUG c.p.b.e.MLRankingClassificationGenerator.executeExperiment - 40001 ml_(pork)_classification inserted. 20220918/20241104
2025-12-03 22:09:25,271 [main] DEBUG c.p.b.e.MLRankingClassificationGenerator.executeExperiment - 40001 ml_(pork)_classification inserted. 20220919/20241104
2025-12-03 22:09:27,505 [main] DEBUG c.p.b.e.MLRankingClassificationGenerator.executeExperiment - 40001 ml_(pork)_classification inserted. 20220920/20241104
2025-12-03 22:09:30,118 [main] DEBUG c.p.b.e.MLRankingClassificationGenerator.executeExperiment - 40001 ml_(pork)_classification inserted. 20220921/20241104
2025-12-03 22:09:32,726 [main] DEBUG c.p.b.e.MLRankingClassificationGenerator.executeExperiment - 40001 ml_(pork)_classification inserted. 20220922/20241104
2025-12-03 22:09:35,537 [main] DEBUG c.p.b.e.MLRankingClassificationGenerator.executeExperiment - 40001 ml_(pork)_classification inserted. 20220923/20241104
2025-12-03 22:09:38,296 [main] DEBUG c.p.b.e.MLRankingClassificationGenerator.executeExperiment - 40001 ml_(pork)_classification inserted. 20220924/20241104
2025-12-03 22:09:41,089 [main] DEBUG c.p.b.e.MLRankingClassificationGenerator.executeExperiment - 40001 ml_(pork)_classification inserted. 20220925/20241104
2025-12-03 22:09:43,796 [main] DEBUG c.p.b.e.MLRankingClassificationGenerator.executeExperiment - 40001 ml_(pork)_classification inserted. 20220926/20241104
2025-12-03 22:09:45,871 [main] DEBUG c.p.b.e.MLRankingClassificationGenerator.executeExperiment - 40001 ml_(pork)_classification inserted. 20220927/20241104
2025-12-03 22:09:48,004 [main] DEBUG c.p.b.e.MLRankingClassificationGenerator.executeExperiment - 40001 ml_(pork)_classification inserted. 20220928/20241104
2025-12-03 22:09:50,090 [main] DEBUG c.p.b.e.MLRankingClassificationGenerator.executeExperiment - 40001 ml_(pork)_classification inserted. 20220929/20241104
2025-12-03 22:09:52,186 [main] DEBUG c.p.b.e.MLRankingClassificationGenerator.executeExperiment - 40001 ml_(pork)_classification inserted. 20220930/20241104
2025-12-03 22:09:54,605 [main] DEBUG c.p.b.e.MLRankingClassificationGenerator.executeExperiment - 40001 ml_(pork)_classification inserted. 20221001/20241104
2025-12-03 22:09:57,135 [main] DEBUG c.p.b.e.MLRankingClassificationGenerator.executeExperiment - 40001 ml_(pork)_classification inserted. 20221002/20241104
2025-12-03 22:09:59,483 [main] DEBUG c.p.b.e.MLRankingClassificationGenerator.executeExperiment - 40001 ml_(pork)_classification inserted. 20221003/20241104
2025-12-03 22:10:01,133 [main] DEBUG c.p.b.e.MLRankingClassificationGenerator.executeExperiment - 40001 ml_(pork)_classification inserted. 20221004/20241104
2025-12-03 22:10:02,891 [main] DEBUG c.p.b.e.MLRankingClassificationGenerator.executeExperiment - 40001 ml_(pork)_classification inserted. 20221005/20241104
2025-12-03 22:10:04,724 [main] DEBUG c.p.b.e.MLRankingClassificationGenerator.executeExperiment - 40001 ml_(pork)_classification inserted. 20221006/20241104
2025-12-03 22:10:06,468 [main] DEBUG c.p.b.e.MLRankingClassificationGenerator.executeExperiment - 40001 ml_(pork)_classification inserted. 20221007/20241104
2025-12-03 22:10:08,980 [main] DEBUG c.p.b.e.MLRankingClassificationGenerator.executeExperiment - 40001 ml_(pork)_classification inserted. 20221008/20241104
2025-12-03 22:10:11,459 [main] DEBUG c.p.b.e.MLRankingClassificationGenerator.executeExperiment - 40001 ml_(pork)_classification inserted. 20221009/20241104
2025-12-03 22:10:13,630 [main] DEBUG c.p.b.e.MLRankingClassificationGenerator.executeExperiment - 40001 ml_(pork)_classification inserted. 20221010/20241104
2025-12-03 22:10:15,926 [main] DEBUG c.p.b.e.MLRankingClassificationGenerator.executeExperiment - 40001 ml_(pork)_classification inserted. 20221011/20241104
2025-12-03 22:10:17,809 [main] DEBUG c.p.b.e.MLRankingClassificationGenerator.executeExperiment - 40001 ml_(pork)_classification inserted. 20221012/20241104
2025-12-03 22:10:19,816 [main] DEBUG c.p.b.e.MLRankingClassificationGenerator.executeExperiment - 40001 ml_(pork)_classification inserted. 20221013/20241104
2025-12-03 22:10:21,832 [main] DEBUG c.p.b.e.MLRankingClassificationGenerator.executeExperiment - 40001 ml_(pork)_classification inserted. 20221014/20241104
2025-12-03 22:10:23,750 [main] DEBUG c.p.b.e.MLRankingClassificationGenerator.executeExperiment - 40001 ml_(pork)_classification inserted. 20221015/20241104
2025-12-03 22:10:26,046 [main] DEBUG c.p.b.e.MLRankingClassificationGenerator.executeExperiment - 40001 ml_(pork)_classification inserted. 20221016/20241104
2025-12-03 22:10:27,969 [main] DEBUG c.p.b.e.MLRankingClassificationGenerator.executeExperiment - 40001 ml_(pork)_classification inserted. 20221017/20241104
2025-12-03 22:10:29,758 [main] DEBUG c.p.b.e.MLRankingClassificationGenerator.executeExperiment - 40001 ml_(pork)_classification inserted. 20221018/20241104
2025-12-03 22:10:31,748 [main] DEBUG c.p.b.e.MLRankingClassificationGenerator.executeExperiment - 40001 ml_(pork)_classification inserted. 20221019/20241104
2025-12-03 22:10:33,855 [main] DEBUG c.p.b.e.MLRankingClassificationGenerator.executeExperiment - 40001 ml_(pork)_classification inserted. 20221020/20241104
2025-12-03 22:10:35,831 [main] DEBUG c.p.b.e.MLRankingClassificationGenerator.executeExperiment - 40001 ml_(pork)_classification inserted. 20221021/20241104
2025-12-03 22:10:37,721 [main] DEBUG c.p.b.e.MLRankingClassificationGenerator.executeExperiment - 40001 ml_(pork)_classification inserted. 20221022/20241104
2025-12-03 22:10:39,817 [main] DEBUG c.p.b.e.MLRankingClassificationGenerator.executeExperiment - 40001 ml_(pork)_classification inserted. 20221023/20241104
2025-12-03 22:10:41,758 [main] DEBUG c.p.b.e.MLRankingClassificationGenerator.executeExperiment - 40001 ml_(pork)_classification inserted. 20221024/20241104
2025-12-03 22:10:44,088 [main] DEBUG c.p.b.e.MLRankingClassificationGenerator.executeExperiment - 40001 ml_(pork)_classification inserted. 20221025/20241104
2025-12-03 22:10:46,231 [main] DEBUG c.p.b.e.MLRankingClassificationGenerator.executeExperiment - 40001 ml_(pork)_classification inserted. 20221026/20241104
2025-12-03 22:10:48,246 [main] DEBUG c.p.b.e.MLRankingClassificationGenerator.executeExperiment - 40001 ml_(pork)_classification inserted. 20221027/20241104
2025-12-03 22:10:50,200 [main] DEBUG c.p.b.e.MLRankingClassificationGenerator.executeExperiment - 40001 ml_(pork)_classification inserted. 20221028/20241104
2025-12-03 22:10:52,700 [main] DEBUG c.p.b.e.MLRankingClassificationGenerator.executeExperiment - 40001 ml_(pork)_classification inserted. 20221029/20241104
2025-12-03 22:10:55,180 [main] DEBUG c.p.b.e.MLRankingClassificationGenerator.executeExperiment - 40001 ml_(pork)_classification inserted. 20221030/20241104
2025-12-03 22:10:57,117 [main] DEBUG c.p.b.e.MLRankingClassificationGenerator.executeExperiment - 40001 ml_(pork)_classification inserted. 20221031/20241104
2025-12-03 22:10:59,202 [main] DEBUG c.p.b.e.MLRankingClassificationGenerator.executeExperiment - 40001 ml_(pork)_classification inserted. 20221101/20241104
2025-12-03 22:11:01,306 [main] DEBUG c.p.b.e.MLRankingClassificationGenerator.executeExperiment - 40001 ml_(pork)_classification inserted. 20221102/20241104
2025-12-03 22:11:03,667 [main] DEBUG c.p.b.e.MLRankingClassificationGenerator.executeExperiment - 40001 ml_(pork)_classification inserted. 20221103/20241104
2025-12-03 22:11:05,817 [main] DEBUG c.p.b.e.MLRankingClassificationGenerator.executeExperiment - 40001 ml_(pork)_classification inserted. 20221104/20241104
2025-12-03 22:11:06,385 [main] DEBUG c.p.b.e.MLRankingClassificationGenerator.executeExperiment - 40001 ml_(pork)_classification inserted. 20221105/20241104
2025-12-03 22:11:08,295 [main] DEBUG c.p.b.e.MLRankingClassificationGenerator.executeExperiment - 40001 ml_(pork)_classification inserted. 20221106/20241104
2025-12-03 22:11:10,069 [main] DEBUG c.p.b.e.MLRankingClassificationGenerator.executeExperiment - 40001 ml_(pork)_classification inserted. 20221107/20241104
2025-12-03 22:11:11,549 [main] DEBUG c.p.b.e.MLRankingClassificationGenerator.executeExperiment - 40001 ml_(pork)_classification inserted. 20221108/20241104
2025-12-03 22:11:13,158 [main] DEBUG c.p.b.e.MLRankingClassificationGenerator.executeExperiment - 40001 ml_(pork)_classification inserted. 20221109/20241104
2025-12-03 22:11:15,217 [main] DEBUG c.p.b.e.MLRankingClassificationGenerator.executeExperiment - 40001 ml_(pork)_classification inserted. 20221110/20241104
2025-12-03 22:11:17,318 [main] DEBUG c.p.b.e.MLRankingClassificationGenerator.executeExperiment - 40001 ml_(pork)_classification inserted. 20221111/20241104
2025-12-03 22:11:19,373 [main] DEBUG c.p.b.e.MLRankingClassificationGenerator.executeExperiment - 40001 ml_(pork)_classification inserted. 20221112/20241104
2025-12-03 22:11:21,507 [main] DEBUG c.p.b.e.MLRankingClassificationGenerator.executeExperiment - 40001 ml_(pork)_classification inserted. 20221113/20241104
2025-12-03 22:11:23,427 [main] DEBUG c.p.b.e.MLRankingClassificationGenerator.executeExperiment - 40001 ml_(pork)_classification inserted. 20221114/20241104
2025-12-03 22:11:25,572 [main] DEBUG c.p.b.e.MLRankingClassificationGenerator.executeExperiment - 40001 ml_(pork)_classification inserted. 20221115/20241104
2025-12-03 22:11:27,712 [main] DEBUG c.p.b.e.MLRankingClassificationGenerator.executeExperiment - 40001 ml_(pork)_classification inserted. 20221116/20241104
2025-12-03 22:11:29,705 [main] DEBUG c.p.b.e.MLRankingClassificationGenerator.executeExperiment - 40001 ml_(pork)_classification inserted. 20221117/20241104
2025-12-03 22:11:31,957 [main] DEBUG c.p.b.e.MLRankingClassificationGenerator.executeExperiment - 40001 ml_(pork)_classification inserted. 20221118/20241104
2025-12-03 22:11:34,389 [main] DEBUG c.p.b.e.MLRankingClassificationGenerator.executeExperiment - 40001 ml_(pork)_classification inserted. 20221119/20241104
2025-12-03 22:11:36,772 [main] DEBUG c.p.b.e.MLRankingClassificationGenerator.executeExperiment - 40001 ml_(pork)_classification inserted. 20221120/20241104
2025-12-03 22:11:38,535 [main] DEBUG c.p.b.e.MLRankingClassificationGenerator.executeExperiment - 40001 ml_(pork)_classification inserted. 20221121/20241104
2025-12-03 22:11:40,486 [main] DEBUG c.p.b.e.MLRankingClassificationGenerator.executeExperiment - 40001 ml_(pork)_classification inserted. 20221122/20241104
2025-12-03 22:11:42,437 [main] DEBUG c.p.b.e.MLRankingClassificationGenerator.executeExperiment - 40001 ml_(pork)_classification inserted. 20221123/20241104
2025-12-03 22:11:44,387 [main] DEBUG c.p.b.e.MLRankingClassificationGenerator.executeExperiment - 40001 ml_(pork)_classification inserted. 20221124/20241104
2025-12-03 22:11:46,539 [main] DEBUG c.p.b.e.MLRankingClassificationGenerator.executeExperiment - 40001 ml_(pork)_classification inserted. 20221125/20241104
2025-12-03 22:11:48,626 [main] DEBUG c.p.b.e.MLRankingClassificationGenerator.executeExperiment - 40001 ml_(pork)_classification inserted. 20221126/20241104
2025-12-03 22:11:50,896 [main] DEBUG c.p.b.e.MLRankingClassificationGenerator.executeExperiment - 40001 ml_(pork)_classification inserted. 20221127/20241104
2025-12-03 22:11:52,989 [main] DEBUG c.p.b.e.MLRankingClassificationGenerator.executeExperiment - 40001 ml_(pork)_classification inserted. 20221128/20241104
2025-12-03 22:11:54,921 [main] DEBUG c.p.b.e.MLRankingClassificationGenerator.executeExperiment - 40001 ml_(pork)_classification inserted. 20221129/20241104
2025-12-03 22:11:56,590 [main] DEBUG c.p.b.e.MLRankingClassificationGenerator.executeExperiment - 40001 ml_(pork)_classification inserted. 20221130/20241104
2025-12-03 22:11:58,666 [main] DEBUG c.p.b.e.MLRankingClassificationGenerator.executeExperiment - 40001 ml_(pork)_classification inserted. 20221201/20241104
2025-12-03 22:12:00,906 [main] DEBUG c.p.b.e.MLRankingClassificationGenerator.executeExperiment - 40001 ml_(pork)_classification inserted. 20221202/20241104
2025-12-03 22:12:03,124 [main] DEBUG c.p.b.e.MLRankingClassificationGenerator.executeExperiment - 40001 ml_(pork)_classification inserted. 20221203/20241104
2025-12-03 22:12:05,028 [main] DEBUG c.p.b.e.MLRankingClassificationGenerator.executeExperiment - 40001 ml_(pork)_classification inserted. 20221204/20241104
2025-12-03 22:12:07,003 [main] DEBUG c.p.b.e.MLRankingClassificationGenerator.executeExperiment - 40001 ml_(pork)_classification inserted. 20221205/20241104
2025-12-03 22:12:09,085 [main] DEBUG c.p.b.e.MLRankingClassificationGenerator.executeExperiment - 40001 ml_(pork)_classification inserted. 20221206/20241104
2025-12-03 22:12:11,156 [main] DEBUG c.p.b.e.MLRankingClassificationGenerator.executeExperiment - 40001 ml_(pork)_classification inserted. 20221207/20241104
2025-12-03 22:12:13,362 [main] DEBUG c.p.b.e.MLRankingClassificationGenerator.executeExperiment - 40001 ml_(pork)_classification inserted. 20221208/20241104
2025-12-03 22:12:16,148 [main] DEBUG c.p.b.e.MLRankingClassificationGenerator.executeExperiment - 40001 ml_(pork)_classification inserted. 20221209/20241104
2025-12-03 22:12:18,989 [main] DEBUG c.p.b.e.MLRankingClassificationGenerator.executeExperiment - 40001 ml_(pork)_classification inserted. 20221210/20241104
2025-12-03 22:12:21,656 [main] DEBUG c.p.b.e.MLRankingClassificationGenerator.executeExperiment - 40001 ml_(pork)_classification inserted. 20221211/20241104
2025-12-03 22:12:24,066 [main] DEBUG c.p.b.e.MLRankingClassificationGenerator.executeExperiment - 40001 ml_(pork)_classification inserted. 20221212/20241104
2025-12-03 22:12:26,281 [main] DEBUG c.p.b.e.MLRankingClassificationGenerator.executeExperiment - 40001 ml_(pork)_classification inserted. 20221213/20241104
2025-12-03 22:12:28,019 [main] DEBUG c.p.b.e.MLRankingClassificationGenerator.executeExperiment - 40001 ml_(pork)_classification inserted. 20221214/20241104
2025-12-03 22:12:29,894 [main] DEBUG c.p.b.e.MLRankingClassificationGenerator.executeExperiment - 40001 ml_(pork)_classification inserted. 20221215/20241104
2025-12-03 22:12:31,779 [main] DEBUG c.p.b.e.MLRankingClassificationGenerator.executeExperiment - 40001 ml_(pork)_classification inserted. 20221216/20241104
2025-12-03 22:12:33,970 [main] DEBUG c.p.b.e.MLRankingClassificationGenerator.executeExperiment - 40001 ml_(pork)_classification inserted. 20221217/20241104
2025-12-03 22:12:37,578 [main] DEBUG c.p.b.e.MLRankingClassificationGenerator.executeExperiment - 40001 ml_(pork)_classification inserted. 20221218/20241104
2025-12-03 22:12:39,936 [main] DEBUG c.p.b.e.MLRankingClassificationGenerator.executeExperiment - 40001 ml_(pork)_classification inserted. 20221219/20241104
2025-12-03 22:12:42,493 [main] DEBUG c.p.b.e.MLRankingClassificationGenerator.executeExperiment - 40001 ml_(pork)_classification inserted. 20221220/20241104
2025-12-03 22:12:45,086 [main] DEBUG c.p.b.e.MLRankingClassificationGenerator.executeExperiment - 40001 ml_(pork)_classification inserted. 20221221/20241104
2025-12-03 22:12:47,009 [main] DEBUG c.p.b.e.MLRankingClassificationGenerator.executeExperiment - 40001 ml_(pork)_classification inserted. 20221222/20241104
2025-12-03 22:12:48,007 [main] DEBUG c.p.b.e.MLRankingClassificationGenerator.executeExperiment - 40001 ml_(pork)_classification inserted. 20221223/20241104
2025-12-03 22:12:50,874 [main] DEBUG c.p.b.e.MLRankingClassificationGenerator.executeExperiment - 40001 ml_(pork)_classification inserted. 20221224/20241104
2025-12-03 22:12:53,433 [main] DEBUG c.p.b.e.MLRankingClassificationGenerator.executeExperiment - 40001 ml_(pork)_classification inserted. 20221225/20241104
2025-12-03 22:12:56,149 [main] DEBUG c.p.b.e.MLRankingClassificationGenerator.executeExperiment - 40001 ml_(pork)_classification inserted. 20221226/20241104
2025-12-03 22:12:58,903 [main] DEBUG c.p.b.e.MLRankingClassificationGenerator.executeExperiment - 40001 ml_(pork)_classification inserted. 20221227/20241104
2025-12-03 22:13:01,738 [main] DEBUG c.p.b.e.MLRankingClassificationGenerator.executeExperiment - 40001 ml_(pork)_classification inserted. 20221228/20241104
2025-12-03 22:13:04,570 [main] DEBUG c.p.b.e.MLRankingClassificationGenerator.executeExperiment - 40001 ml_(pork)_classification inserted. 20221229/20241104
2025-12-03 22:13:07,780 [main] DEBUG c.p.b.e.MLRankingClassificationGenerator.executeExperiment - 40001 ml_(pork)_classification inserted. 20221230/20241104
2025-12-03 22:13:10,944 [main] DEBUG c.p.b.e.MLRankingClassificationGenerator.executeExperiment - 40001 ml_(pork)_classification inserted. 20221231/20241104
2025-12-03 22:13:13,570 [main] DEBUG c.p.b.e.MLRankingClassificationGenerator.executeExperiment - 40001 ml_(pork)_classification inserted. 20230101/20241104
2025-12-03 22:13:16,165 [main] DEBUG c.p.b.e.MLRankingClassificationGenerator.executeExperiment - 40001 ml_(pork)_classification inserted. 20230102/20241104
2025-12-03 22:13:19,509 [main] DEBUG c.p.b.e.MLRankingClassificationGenerator.executeExperiment - 40001 ml_(pork)_classification inserted. 20230103/20241104
2025-12-03 22:13:22,669 [main] DEBUG c.p.b.e.MLRankingClassificationGenerator.executeExperiment - 40001 ml_(pork)_classification inserted. 20230104/20241104
2025-12-03 22:13:25,200 [main] DEBUG c.p.b.e.MLRankingClassificationGenerator.executeExperiment - 40001 ml_(pork)_classification inserted. 20230105/20241104
2025-12-03 22:13:27,883 [main] DEBUG c.p.b.e.MLRankingClassificationGenerator.executeExperiment - 40001 ml_(pork)_classification inserted. 20230106/20241104
2025-12-03 22:13:31,150 [main] DEBUG c.p.b.e.MLRankingClassificationGenerator.executeExperiment - 40001 ml_(pork)_classification inserted. 20230107/20241104
2025-12-03 22:13:33,564 [main] DEBUG c.p.b.e.MLRankingClassificationGenerator.executeExperiment - 40001 ml_(pork)_classification inserted. 20230108/20241104
2025-12-03 22:13:35,620 [main] DEBUG c.p.b.e.MLRankingClassificationGenerator.executeExperiment - 40001 ml_(pork)_classification inserted. 20230109/20241104
2025-12-03 22:13:38,042 [main] DEBUG c.p.b.e.MLRankingClassificationGenerator.executeExperiment - 40001 ml_(pork)_classification inserted. 20230110/20241104
2025-12-03 22:13:40,444 [main] DEBUG c.p.b.e.MLRankingClassificationGenerator.executeExperiment - 40001 ml_(pork)_classification inserted. 20230111/20241104
2025-12-03 22:13:42,737 [main] DEBUG c.p.b.e.MLRankingClassificationGenerator.executeExperiment - 40001 ml_(pork)_classification inserted. 20230112/20241104
2025-12-03 22:13:45,007 [main] DEBUG c.p.b.e.MLRankingClassificationGenerator.executeExperiment - 40001 ml_(pork)_classification inserted. 20230113/20241104
2025-12-03 22:13:47,491 [main] DEBUG c.p.b.e.MLRankingClassificationGenerator.executeExperiment - 40001 ml_(pork)_classification inserted. 20230114/20241104
2025-12-03 22:13:49,800 [main] DEBUG c.p.b.e.MLRankingClassificationGenerator.executeExperiment - 40001 ml_(pork)_classification inserted. 20230115/20241104
2025-12-03 22:13:51,882 [main] DEBUG c.p.b.e.MLRankingClassificationGenerator.executeExperiment - 40001 ml_(pork)_classification inserted. 20230116/20241104
2025-12-03 22:13:53,923 [main] DEBUG c.p.b.e.MLRankingClassificationGenerator.executeExperiment - 40001 ml_(pork)_classification inserted. 20230117/20241104
2025-12-03 22:13:56,028 [main] DEBUG c.p.b.e.MLRankingClassificationGenerator.executeExperiment - 40001 ml_(pork)_classification inserted. 20230118/20241104
2025-12-03 22:13:58,294 [main] DEBUG c.p.b.e.MLRankingClassificationGenerator.executeExperiment - 40001 ml_(pork)_classification inserted. 20230119/20241104
2025-12-03 22:14:00,403 [main] DEBUG c.p.b.e.MLRankingClassificationGenerator.executeExperiment - 40001 ml_(pork)_classification inserted. 20230120/20241104
2025-12-03 22:14:03,756 [main] DEBUG c.p.b.e.MLRankingClassificationGenerator.executeExperiment - 40001 ml_(pork)_classification inserted. 20230121/20241104
2025-12-03 22:14:06,572 [main] DEBUG c.p.b.e.MLRankingClassificationGenerator.executeExperiment - 40001 ml_(pork)_classification inserted. 20230122/20241104
2025-12-03 22:14:09,604 [main] DEBUG c.p.b.e.MLRankingClassificationGenerator.executeExperiment - 40001 ml_(pork)_classification inserted. 20230123/20241104
2025-12-03 22:14:11,006 [main] DEBUG c.p.b.e.MLRankingClassificationGenerator.executeExperiment - 40001 ml_(pork)_classification inserted. 20230124/20241104
2025-12-03 22:14:13,211 [main] DEBUG c.p.b.e.MLRankingClassificationGenerator.executeExperiment - 40001 ml_(pork)_classification inserted. 20230125/20241104
2025-12-03 22:14:16,000 [main] DEBUG c.p.b.e.MLRankingClassificationGenerator.executeExperiment - 40001 ml_(pork)_classification inserted. 20230126/20241104
2025-12-03 22:14:18,778 [main] DEBUG c.p.b.e.MLRankingClassificationGenerator.executeExperiment - 40001 ml_(pork)_classification inserted. 20230127/20241104
2025-12-03 22:14:21,594 [main] DEBUG c.p.b.e.MLRankingClassificationGenerator.executeExperiment - 40001 ml_(pork)_classification inserted. 20230128/20241104
2025-12-03 22:14:24,371 [main] DEBUG c.p.b.e.MLRankingClassificationGenerator.executeExperiment - 40001 ml_(pork)_classification inserted. 20230129/20241104
2025-12-03 22:14:27,044 [main] DEBUG c.p.b.e.MLRankingClassificationGenerator.executeExperiment - 40001 ml_(pork)_classification inserted. 20230130/20241104
2025-12-03 22:14:29,366 [main] DEBUG c.p.b.e.MLRankingClassificationGenerator.executeExperiment - 40001 ml_(pork)_classification inserted. 20230131/20241104
2025-12-03 22:14:31,448 [main] DEBUG c.p.b.e.MLRankingClassificationGenerator.executeExperiment - 40001 ml_(pork)_classification inserted. 20230201/20241104
2025-12-03 22:14:33,756 [main] DEBUG c.p.b.e.MLRankingClassificationGenerator.executeExperiment - 40001 ml_(pork)_classification inserted. 20230202/20241104
2025-12-03 22:14:36,266 [main] DEBUG c.p.b.e.MLRankingClassificationGenerator.executeExperiment - 40001 ml_(pork)_classification inserted. 20230203/20241104
2025-12-03 22:14:38,713 [main] DEBUG c.p.b.e.MLRankingClassificationGenerator.executeExperiment - 40001 ml_(pork)_classification inserted. 20230204/20241104
2025-12-03 22:14:41,165 [main] DEBUG c.p.b.e.MLRankingClassificationGenerator.executeExperiment - 40001 ml_(pork)_classification inserted. 20230205/20241104
2025-12-03 22:14:43,344 [main] DEBUG c.p.b.e.MLRankingClassificationGenerator.executeExperiment - 40001 ml_(pork)_classification inserted. 20230206/20241104
2025-12-03 22:14:45,515 [main] DEBUG c.p.b.e.MLRankingClassificationGenerator.executeExperiment - 40001 ml_(pork)_classification inserted. 20230207/20241104
2025-12-03 22:14:47,418 [main] DEBUG c.p.b.e.MLRankingClassificationGenerator.executeExperiment - 40001 ml_(pork)_classification inserted. 20230208/20241104
2025-12-03 22:14:49,290 [main] DEBUG c.p.b.e.MLRankingClassificationGenerator.executeExperiment - 40001 ml_(pork)_classification inserted. 20230209/20241104
2025-12-03 22:14:51,404 [main] DEBUG c.p.b.e.MLRankingClassificationGenerator.executeExperiment - 40001 ml_(pork)_classification inserted. 20230210/20241104
2025-12-03 22:14:53,479 [main] DEBUG c.p.b.e.MLRankingClassificationGenerator.executeExperiment - 40001 ml_(pork)_classification inserted. 20230211/20241104
2025-12-03 22:14:55,793 [main] DEBUG c.p.b.e.MLRankingClassificationGenerator.executeExperiment - 40001 ml_(pork)_classification inserted. 20230212/20241104
2025-12-03 22:14:57,887 [main] DEBUG c.p.b.e.MLRankingClassificationGenerator.executeExperiment - 40001 ml_(pork)_classification inserted. 20230213/20241104
2025-12-03 22:15:00,109 [main] DEBUG c.p.b.e.MLRankingClassificationGenerator.executeExperiment - 40001 ml_(pork)_classification inserted. 20230214/20241104
2025-12-03 22:15:02,605 [main] DEBUG c.p.b.e.MLRankingClassificationGenerator.executeExperiment - 40001 ml_(pork)_classification inserted. 20230215/20241104
2025-12-03 22:15:04,677 [main] DEBUG c.p.b.e.MLRankingClassificationGenerator.executeExperiment - 40001 ml_(pork)_classification inserted. 20230216/20241104
2025-12-03 22:15:07,150 [main] DEBUG c.p.b.e.MLRankingClassificationGenerator.executeExperiment - 40001 ml_(pork)_classification inserted. 20230217/20241104
2025-12-03 22:15:09,876 [main] DEBUG c.p.b.e.MLRankingClassificationGenerator.executeExperiment - 40001 ml_(pork)_classification inserted. 20230218/20241104
2025-12-03 22:15:12,225 [main] DEBUG c.p.b.e.MLRankingClassificationGenerator.executeExperiment - 40001 ml_(pork)_classification inserted. 20230219/20241104
2025-12-03 22:15:14,099 [main] DEBUG c.p.b.e.MLRankingClassificationGenerator.executeExperiment - 40001 ml_(pork)_classification inserted. 20230220/20241104
2025-12-03 22:15:16,590 [main] DEBUG c.p.b.e.MLRankingClassificationGenerator.executeExperiment - 40001 ml_(pork)_classification inserted. 20230221/20241104
2025-12-03 22:15:18,910 [main] DEBUG c.p.b.e.MLRankingClassificationGenerator.executeExperiment - 40001 ml_(pork)_classification inserted. 20230222/20241104
2025-12-03 22:15:21,644 [main] DEBUG c.p.b.e.MLRankingClassificationGenerator.executeExperiment - 40001 ml_(pork)_classification inserted. 20230223/20241104
2025-12-03 22:15:24,384 [main] DEBUG c.p.b.e.MLRankingClassificationGenerator.executeExperiment - 40001 ml_(pork)_classification inserted. 20230224/20241104
2025-12-03 22:15:27,292 [main] DEBUG c.p.b.e.MLRankingClassificationGenerator.executeExperiment - 40001 ml_(pork)_classification inserted. 20230225/20241104
2025-12-03 22:15:30,248 [main] DEBUG c.p.b.e.MLRankingClassificationGenerator.executeExperiment - 40001 ml_(pork)_classification inserted. 20230226/20241104
2025-12-03 22:15:32,482 [main] DEBUG c.p.b.e.MLRankingClassificationGenerator.executeExperiment - 40001 ml_(pork)_classification inserted. 20230227/20241104
2025-12-03 22:15:34,994 [main] DEBUG c.p.b.e.MLRankingClassificationGenerator.executeExperiment - 40001 ml_(pork)_classification inserted. 20230228/20241104
2025-12-03 22:15:37,373 [main] DEBUG c.p.b.e.MLRankingClassificationGenerator.executeExperiment - 40001 ml_(pork)_classification inserted. 20230301/20241104
2025-12-03 22:15:40,140 [main] DEBUG c.p.b.e.MLRankingClassificationGenerator.executeExperiment - 40001 ml_(pork)_classification inserted. 20230302/20241104
2025-12-03 22:15:42,915 [main] DEBUG c.p.b.e.MLRankingClassificationGenerator.executeExperiment - 40001 ml_(pork)_classification inserted. 20230303/20241104
2025-12-03 22:15:45,411 [main] DEBUG c.p.b.e.MLRankingClassificationGenerator.executeExperiment - 40001 ml_(pork)_classification inserted. 20230304/20241104
2025-12-03 22:15:48,150 [main] DEBUG c.p.b.e.MLRankingClassificationGenerator.executeExperiment - 40001 ml_(pork)_classification inserted. 20230305/20241104
2025-12-03 22:15:50,302 [main] DEBUG c.p.b.e.MLRankingClassificationGenerator.executeExperiment - 40001 ml_(pork)_classification inserted. 20230306/20241104
2025-12-03 22:15:52,733 [main] DEBUG c.p.b.e.MLRankingClassificationGenerator.executeExperiment - 40001 ml_(pork)_classification inserted. 20230307/20241104
2025-12-03 22:15:54,940 [main] DEBUG c.p.b.e.MLRankingClassificationGenerator.executeExperiment - 40001 ml_(pork)_classification inserted. 20230308/20241104
2025-12-03 22:15:56,999 [main] DEBUG c.p.b.e.MLRankingClassificationGenerator.executeExperiment - 40001 ml_(pork)_classification inserted. 20230309/20241104
2025-12-03 22:15:59,641 [main] DEBUG c.p.b.e.MLRankingClassificationGenerator.executeExperiment - 40001 ml_(pork)_classification inserted. 20230310/20241104
2025-12-03 22:16:02,454 [main] DEBUG c.p.b.e.MLRankingClassificationGenerator.executeExperiment - 40001 ml_(pork)_classification inserted. 20230311/20241104
2025-12-03 22:16:04,970 [main] DEBUG c.p.b.e.MLRankingClassificationGenerator.executeExperiment - 40001 ml_(pork)_classification inserted. 20230312/20241104
2025-12-03 22:16:07,601 [main] DEBUG c.p.b.e.MLRankingClassificationGenerator.executeExperiment - 40001 ml_(pork)_classification inserted. 20230313/20241104
2025-12-03 22:16:10,309 [main] DEBUG c.p.b.e.MLRankingClassificationGenerator.executeExperiment - 40001 ml_(pork)_classification inserted. 20230314/20241104
2025-12-03 22:16:12,212 [main] DEBUG c.p.b.e.MLRankingClassificationGenerator.executeExperiment - 40001 ml_(pork)_classification inserted. 20230315/20241104
2025-12-03 22:16:14,088 [main] DEBUG c.p.b.e.MLRankingClassificationGenerator.executeExperiment - 40001 ml_(pork)_classification inserted. 20230316/20241104
2025-12-03 22:16:16,690 [main] DEBUG c.p.b.e.MLRankingClassificationGenerator.executeExperiment - 40001 ml_(pork)_classification inserted. 20230317/20241104
2025-12-03 22:16:19,132 [main] DEBUG c.p.b.e.MLRankingClassificationGenerator.executeExperiment - 40001 ml_(pork)_classification inserted. 20230318/20241104
2025-12-03 22:16:21,326 [main] DEBUG c.p.b.e.MLRankingClassificationGenerator.executeExperiment - 40001 ml_(pork)_classification inserted. 20230319/20241104
2025-12-03 22:16:24,100 [main] DEBUG c.p.b.e.MLRankingClassificationGenerator.executeExperiment - 40001 ml_(pork)_classification inserted. 20230320/20241104
2025-12-03 22:16:26,807 [main] DEBUG c.p.b.e.MLRankingClassificationGenerator.executeExperiment - 40001 ml_(pork)_classification inserted. 20230321/20241104
2025-12-03 22:16:29,429 [main] DEBUG c.p.b.e.MLRankingClassificationGenerator.executeExperiment - 40001 ml_(pork)_classification inserted. 20230322/20241104
2025-12-03 22:16:31,803 [main] DEBUG c.p.b.e.MLRankingClassificationGenerator.executeExperiment - 40001 ml_(pork)_classification inserted. 20230323/20241104
2025-12-03 22:16:33,995 [main] DEBUG c.p.b.e.MLRankingClassificationGenerator.executeExperiment - 40001 ml_(pork)_classification inserted. 20230324/20241104
2025-12-03 22:16:37,074 [main] DEBUG c.p.b.e.MLRankingClassificationGenerator.executeExperiment - 40001 ml_(pork)_classification inserted. 20230325/20241104
2025-12-03 22:16:39,790 [main] DEBUG c.p.b.e.MLRankingClassificationGenerator.executeExperiment - 40001 ml_(pork)_classification inserted. 20230326/20241104
2025-12-03 22:16:42,152 [main] DEBUG c.p.b.e.MLRankingClassificationGenerator.executeExperiment - 40001 ml_(pork)_classification inserted. 20230327/20241104
2025-12-03 22:16:45,216 [main] DEBUG c.p.b.e.MLRankingClassificationGenerator.executeExperiment - 40001 ml_(pork)_classification inserted. 20230328/20241104
2025-12-03 22:16:47,204 [main] DEBUG c.p.b.e.MLRankingClassificationGenerator.executeExperiment - 40001 ml_(pork)_classification inserted. 20230329/20241104
2025-12-03 22:16:49,163 [main] DEBUG c.p.b.e.MLRankingClassificationGenerator.executeExperiment - 40001 ml_(pork)_classification inserted. 20230330/20241104
2025-12-03 22:16:50,884 [main] DEBUG c.p.b.e.MLRankingClassificationGenerator.executeExperiment - 40001 ml_(pork)_classification inserted. 20230331/20241104
2025-12-03 22:16:52,957 [main] DEBUG c.p.b.e.MLRankingClassificationGenerator.executeExperiment - 40001 ml_(pork)_classification inserted. 20230401/20241104
2025-12-03 22:16:55,409 [main] DEBUG c.p.b.e.MLRankingClassificationGenerator.executeExperiment - 40001 ml_(pork)_classification inserted. 20230402/20241104
2025-12-03 22:16:57,529 [main] DEBUG c.p.b.e.MLRankingClassificationGenerator.executeExperiment - 40001 ml_(pork)_classification inserted. 20230403/20241104
2025-12-03 22:17:00,297 [main] DEBUG c.p.b.e.MLRankingClassificationGenerator.executeExperiment - 40001 ml_(pork)_classification inserted. 20230404/20241104
2025-12-03 22:17:02,661 [main] DEBUG c.p.b.e.MLRankingClassificationGenerator.executeExperiment - 40001 ml_(pork)_classification inserted. 20230405/20241104
2025-12-03 22:17:04,579 [main] DEBUG c.p.b.e.MLRankingClassificationGenerator.executeExperiment - 40001 ml_(pork)_classification inserted. 20230406/20241104
2025-12-03 22:17:06,489 [main] DEBUG c.p.b.e.MLRankingClassificationGenerator.executeExperiment - 40001 ml_(pork)_classification inserted. 20230407/20241104
2025-12-03 22:17:08,630 [main] DEBUG c.p.b.e.MLRankingClassificationGenerator.executeExperiment - 40001 ml_(pork)_classification inserted. 20230408/20241104
2025-12-03 22:17:11,336 [main] DEBUG c.p.b.e.MLRankingClassificationGenerator.executeExperiment - 40001 ml_(pork)_classification inserted. 20230409/20241104
2025-12-03 22:17:13,451 [main] DEBUG c.p.b.e.MLRankingClassificationGenerator.executeExperiment - 40001 ml_(pork)_classification inserted. 20230410/20241104
2025-12-03 22:17:15,551 [main] DEBUG c.p.b.e.MLRankingClassificationGenerator.executeExperiment - 40001 ml_(pork)_classification inserted. 20230411/20241104
2025-12-03 22:17:17,660 [main] DEBUG c.p.b.e.MLRankingClassificationGenerator.executeExperiment - 40001 ml_(pork)_classification inserted. 20230412/20241104
2025-12-03 22:17:19,752 [main] DEBUG c.p.b.e.MLRankingClassificationGenerator.executeExperiment - 40001 ml_(pork)_classification inserted. 20230413/20241104
2025-12-03 22:17:22,017 [main] DEBUG c.p.b.e.MLRankingClassificationGenerator.executeExperiment - 40001 ml_(pork)_classification inserted. 20230414/20241104
2025-12-03 22:17:24,406 [main] DEBUG c.p.b.e.MLRankingClassificationGenerator.executeExperiment - 40001 ml_(pork)_classification inserted. 20230415/20241104
2025-12-03 22:17:27,641 [main] DEBUG c.p.b.e.MLRankingClassificationGenerator.executeExperiment - 40001 ml_(pork)_classification inserted. 20230416/20241104
2025-12-03 22:17:30,661 [main] DEBUG c.p.b.e.MLRankingClassificationGenerator.executeExperiment - 40001 ml_(pork)_classification inserted. 20230417/20241104
2025-12-03 22:17:32,883 [main] DEBUG c.p.b.e.MLRankingClassificationGenerator.executeExperiment - 40001 ml_(pork)_classification inserted. 20230418/20241104
2025-12-03 22:17:35,088 [main] DEBUG c.p.b.e.MLRankingClassificationGenerator.executeExperiment - 40001 ml_(pork)_classification inserted. 20230419/20241104
2025-12-03 22:17:37,282 [main] DEBUG c.p.b.e.MLRankingClassificationGenerator.executeExperiment - 40001 ml_(pork)_classification inserted. 20230420/20241104
2025-12-03 22:17:39,171 [main] DEBUG c.p.b.e.MLRankingClassificationGenerator.executeExperiment - 40001 ml_(pork)_classification inserted. 20230421/20241104
2025-12-03 22:17:41,085 [main] DEBUG c.p.b.e.MLRankingClassificationGenerator.executeExperiment - 40001 ml_(pork)_classification inserted. 20230422/20241104
2025-12-03 22:17:43,871 [main] DEBUG c.p.b.e.MLRankingClassificationGenerator.executeExperiment - 40001 ml_(pork)_classification inserted. 20230423/20241104
2025-12-03 22:17:46,564 [main] DEBUG c.p.b.e.MLRankingClassificationGenerator.executeExperiment - 40001 ml_(pork)_classification inserted. 20230424/20241104
2025-12-03 22:17:50,264 [main] DEBUG c.p.b.e.MLRankingClassificationGenerator.executeExperiment - 40001 ml_(pork)_classification inserted. 20230425/20241104
2025-12-03 22:17:52,878 [main] DEBUG c.p.b.e.MLRankingClassificationGenerator.executeExperiment - 40001 ml_(pork)_classification inserted. 20230426/20241104
2025-12-03 22:17:55,207 [main] DEBUG c.p.b.e.MLRankingClassificationGenerator.executeExperiment - 40001 ml_(pork)_classification inserted. 20230427/20241104
2025-12-03 22:17:57,652 [main] DEBUG c.p.b.e.MLRankingClassificationGenerator.executeExperiment - 40001 ml_(pork)_classification inserted. 20230428/20241104
2025-12-03 22:18:00,261 [main] DEBUG c.p.b.e.MLRankingClassificationGenerator.executeExperiment - 40001 ml_(pork)_classification inserted. 20230429/20241104
2025-12-03 22:18:03,162 [main] DEBUG c.p.b.e.MLRankingClassificationGenerator.executeExperiment - 40001 ml_(pork)_classification inserted. 20230430/20241104
2025-12-03 22:18:06,303 [main] DEBUG c.p.b.e.MLRankingClassificationGenerator.executeExperiment - 40001 ml_(pork)_classification inserted. 20230501/20241104
2025-12-03 22:18:09,263 [main] DEBUG c.p.b.e.MLRankingClassificationGenerator.executeExperiment - 40001 ml_(pork)_classification inserted. 20230502/20241104
2025-12-03 22:18:12,730 [main] DEBUG c.p.b.e.MLRankingClassificationGenerator.executeExperiment - 40001 ml_(pork)_classification inserted. 20230503/20241104
2025-12-03 22:18:16,316 [main] DEBUG c.p.b.e.MLRankingClassificationGenerator.executeExperiment - 40001 ml_(pork)_classification inserted. 20230504/20241104
2025-12-03 22:18:18,987 [main] DEBUG c.p.b.e.MLRankingClassificationGenerator.executeExperiment - 40001 ml_(pork)_classification inserted. 20230505/20241104
2025-12-03 22:18:21,272 [main] DEBUG c.p.b.e.MLRankingClassificationGenerator.executeExperiment - 40001 ml_(pork)_classification inserted. 20230506/20241104
2025-12-03 22:18:23,378 [main] DEBUG c.p.b.e.MLRankingClassificationGenerator.executeExperiment - 40001 ml_(pork)_classification inserted. 20230507/20241104
2025-12-03 22:18:25,351 [main] DEBUG c.p.b.e.MLRankingClassificationGenerator.executeExperiment - 40001 ml_(pork)_classification inserted. 20230508/20241104
2025-12-03 22:18:28,358 [main] DEBUG c.p.b.e.MLRankingClassificationGenerator.executeExperiment - 40001 ml_(pork)_classification inserted. 20230509/20241104
2025-12-03 22:18:30,499 [main] DEBUG c.p.b.e.MLRankingClassificationGenerator.executeExperiment - 40001 ml_(pork)_classification inserted. 20230510/20241104
2025-12-03 22:18:32,747 [main] DEBUG c.p.b.e.MLRankingClassificationGenerator.executeExperiment - 40001 ml_(pork)_classification inserted. 20230511/20241104
2025-12-03 22:18:39,651 [main] DEBUG c.p.b.e.MLRankingClassificationGenerator.executeExperiment - 40001 ml_(pork)_classification inserted. 20230512/20241104
2025-12-03 22:18:46,613 [main] DEBUG c.p.b.e.MLRankingClassificationGenerator.executeExperiment - 40001 ml_(pork)_classification inserted. 20230513/20241104
2025-12-03 22:18:52,694 [main] DEBUG c.p.b.e.MLRankingClassificationGenerator.executeExperiment - 40001 ml_(pork)_classification inserted. 20230514/20241104
2025-12-03 22:18:56,882 [main] DEBUG c.p.b.e.MLRankingClassificationGenerator.executeExperiment - 40001 ml_(pork)_classification inserted. 20230515/20241104
2025-12-03 22:18:58,780 [main] DEBUG c.p.b.e.MLRankingClassificationGenerator.executeExperiment - 40001 ml_(pork)_classification inserted. 20230516/20241104
2025-12-03 22:19:00,548 [main] DEBUG c.p.b.e.MLRankingClassificationGenerator.executeExperiment - 40001 ml_(pork)_classification inserted. 20230517/20241104
2025-12-03 22:19:02,448 [main] DEBUG c.p.b.e.MLRankingClassificationGenerator.executeExperiment - 40001 ml_(pork)_classification inserted. 20230518/20241104
2025-12-03 22:19:04,370 [main] DEBUG c.p.b.e.MLRankingClassificationGenerator.executeExperiment - 40001 ml_(pork)_classification inserted. 20230519/20241104
2025-12-03 22:19:06,481 [main] DEBUG c.p.b.e.MLRankingClassificationGenerator.executeExperiment - 40001 ml_(pork)_classification inserted. 20230520/20241104
2025-12-03 22:19:08,926 [main] DEBUG c.p.b.e.MLRankingClassificationGenerator.executeExperiment - 40001 ml_(pork)_classification inserted. 20230521/20241104
2025-12-03 22:19:11,045 [main] DEBUG c.p.b.e.MLRankingClassificationGenerator.executeExperiment - 40001 ml_(pork)_classification inserted. 20230522/20241104
2025-12-03 22:19:12,939 [main] DEBUG c.p.b.e.MLRankingClassificationGenerator.executeExperiment - 40001 ml_(pork)_classification inserted. 20230523/20241104
2025-12-03 22:19:14,663 [main] DEBUG c.p.b.e.MLRankingClassificationGenerator.executeExperiment - 40001 ml_(pork)_classification inserted. 20230524/20241104
2025-12-03 22:19:16,733 [main] DEBUG c.p.b.e.MLRankingClassificationGenerator.executeExperiment - 40001 ml_(pork)_classification inserted. 20230525/20241104
2025-12-03 22:19:19,125 [main] DEBUG c.p.b.e.MLRankingClassificationGenerator.executeExperiment - 40001 ml_(pork)_classification inserted. 20230526/20241104
2025-12-03 22:19:21,460 [main] DEBUG c.p.b.e.MLRankingClassificationGenerator.executeExperiment - 40001 ml_(pork)_classification inserted. 20230527/20241104
2025-12-03 22:19:23,899 [main] DEBUG c.p.b.e.MLRankingClassificationGenerator.executeExperiment - 40001 ml_(pork)_classification inserted. 20230528/20241104
2025-12-03 22:19:26,416 [main] DEBUG c.p.b.e.MLRankingClassificationGenerator.executeExperiment - 40001 ml_(pork)_classification inserted. 20230529/20241104
2025-12-03 22:19:28,521 [main] DEBUG c.p.b.e.MLRankingClassificationGenerator.executeExperiment - 40001 ml_(pork)_classification inserted. 20230530/20241104
2025-12-03 22:19:30,729 [main] DEBUG c.p.b.e.MLRankingClassificationGenerator.executeExperiment - 40001 ml_(pork)_classification inserted. 20230531/20241104
2025-12-03 22:19:32,662 [main] DEBUG c.p.b.e.MLRankingClassificationGenerator.executeExperiment - 40001 ml_(pork)_classification inserted. 20230601/20241104
2025-12-03 22:19:34,584 [main] DEBUG c.p.b.e.MLRankingClassificationGenerator.executeExperiment - 40001 ml_(pork)_classification inserted. 20230602/20241104
2025-12-03 22:19:36,526 [main] DEBUG c.p.b.e.MLRankingClassificationGenerator.executeExperiment - 40001 ml_(pork)_classification inserted. 20230603/20241104
2025-12-03 22:19:38,166 [main] DEBUG c.p.b.e.MLRankingClassificationGenerator.executeExperiment - 40001 ml_(pork)_classification inserted. 20230604/20241104
2025-12-03 22:19:40,669 [main] DEBUG c.p.b.e.MLRankingClassificationGenerator.executeExperiment - 40001 ml_(pork)_classification inserted. 20230605/20241104
2025-12-03 22:19:43,058 [main] DEBUG c.p.b.e.MLRankingClassificationGenerator.executeExperiment - 40001 ml_(pork)_classification inserted. 20230606/20241104
2025-12-03 22:19:45,319 [main] DEBUG c.p.b.e.MLRankingClassificationGenerator.executeExperiment - 40001 ml_(pork)_classification inserted. 20230607/20241104
2025-12-03 22:19:47,886 [main] DEBUG c.p.b.e.MLRankingClassificationGenerator.executeExperiment - 40001 ml_(pork)_classification inserted. 20230608/20241104
2025-12-03 22:19:50,210 [main] DEBUG c.p.b.e.MLRankingClassificationGenerator.executeExperiment - 40001 ml_(pork)_classification inserted. 20230609/20241104
2025-12-03 22:19:52,679 [main] DEBUG c.p.b.e.MLRankingClassificationGenerator.executeExperiment - 40001 ml_(pork)_classification inserted. 20230610/20241104
2025-12-03 22:19:54,779 [main] DEBUG c.p.b.e.MLRankingClassificationGenerator.executeExperiment - 40001 ml_(pork)_classification inserted. 20230611/20241104
2025-12-03 22:19:56,801 [main] DEBUG c.p.b.e.MLRankingClassificationGenerator.executeExperiment - 40001 ml_(pork)_classification inserted. 20230612/20241104
2025-12-03 22:19:59,301 [main] DEBUG c.p.b.e.MLRankingClassificationGenerator.executeExperiment - 40001 ml_(pork)_classification inserted. 20230613/20241104
2025-12-03 22:20:02,134 [main] DEBUG c.p.b.e.MLRankingClassificationGenerator.executeExperiment - 40001 ml_(pork)_classification inserted. 20230614/20241104
2025-12-03 22:20:04,558 [main] DEBUG c.p.b.e.MLRankingClassificationGenerator.executeExperiment - 40001 ml_(pork)_classification inserted. 20230615/20241104
2025-12-03 22:20:07,022 [main] DEBUG c.p.b.e.MLRankingClassificationGenerator.executeExperiment - 40001 ml_(pork)_classification inserted. 20230616/20241104
2025-12-03 22:20:09,181 [main] DEBUG c.p.b.e.MLRankingClassificationGenerator.executeExperiment - 40001 ml_(pork)_classification inserted. 20230617/20241104
2025-12-03 22:20:11,143 [main] DEBUG c.p.b.e.MLRankingClassificationGenerator.executeExperiment - 40001 ml_(pork)_classification inserted. 20230618/20241104
2025-12-03 22:20:13,090 [main] DEBUG c.p.b.e.MLRankingClassificationGenerator.executeExperiment - 40001 ml_(pork)_classification inserted. 20230619/20241104
2025-12-03 22:20:15,347 [main] DEBUG c.p.b.e.MLRankingClassificationGenerator.executeExperiment - 40001 ml_(pork)_classification inserted. 20230620/20241104
2025-12-03 22:20:17,657 [main] DEBUG c.p.b.e.MLRankingClassificationGenerator.executeExperiment - 40001 ml_(pork)_classification inserted. 20230621/20241104
2025-12-03 22:20:20,139 [main] DEBUG c.p.b.e.MLRankingClassificationGenerator.executeExperiment - 40001 ml_(pork)_classification inserted. 20230622/20241104
2025-12-03 22:20:22,975 [main] DEBUG c.p.b.e.MLRankingClassificationGenerator.executeExperiment - 40001 ml_(pork)_classification inserted. 20230623/20241104
2025-12-03 22:20:25,659 [main] DEBUG c.p.b.e.MLRankingClassificationGenerator.executeExperiment - 40001 ml_(pork)_classification inserted. 20230624/20241104
2025-12-03 22:20:28,607 [main] DEBUG c.p.b.e.MLRankingClassificationGenerator.executeExperiment - 40001 ml_(pork)_classification inserted. 20230625/20241104
2025-12-03 22:20:30,794 [main] DEBUG c.p.b.e.MLRankingClassificationGenerator.executeExperiment - 40001 ml_(pork)_classification inserted. 20230626/20241104
2025-12-03 22:20:33,415 [main] DEBUG c.p.b.e.MLRankingClassificationGenerator.executeExperiment - 40001 ml_(pork)_classification inserted. 20230627/20241104
2025-12-03 22:20:36,190 [main] DEBUG c.p.b.e.MLRankingClassificationGenerator.executeExperiment - 40001 ml_(pork)_classification inserted. 20230628/20241104
2025-12-03 22:20:39,134 [main] DEBUG c.p.b.e.MLRankingClassificationGenerator.executeExperiment - 40001 ml_(pork)_classification inserted. 20230629/20241104
2025-12-03 22:20:42,012 [main] DEBUG c.p.b.e.MLRankingClassificationGenerator.executeExperiment - 40001 ml_(pork)_classification inserted. 20230630/20241104
2025-12-03 22:20:44,402 [main] DEBUG c.p.b.e.MLRankingClassificationGenerator.executeExperiment - 40001 ml_(pork)_classification inserted. 20230701/20241104
2025-12-03 22:20:46,976 [main] DEBUG c.p.b.e.MLRankingClassificationGenerator.executeExperiment - 40001 ml_(pork)_classification inserted. 20230702/20241104
2025-12-03 22:20:49,385 [main] DEBUG c.p.b.e.MLRankingClassificationGenerator.executeExperiment - 40001 ml_(pork)_classification inserted. 20230703/20241104
2025-12-03 22:20:51,950 [main] DEBUG c.p.b.e.MLRankingClassificationGenerator.executeExperiment - 40001 ml_(pork)_classification inserted. 20230704/20241104
2025-12-03 22:20:54,206 [main] DEBUG c.p.b.e.MLRankingClassificationGenerator.executeExperiment - 40001 ml_(pork)_classification inserted. 20230705/20241104
2025-12-03 22:20:56,529 [main] DEBUG c.p.b.e.MLRankingClassificationGenerator.executeExperiment - 40001 ml_(pork)_classification inserted. 20230706/20241104
2025-12-03 22:20:59,108 [main] DEBUG c.p.b.e.MLRankingClassificationGenerator.executeExperiment - 40001 ml_(pork)_classification inserted. 20230707/20241104
2025-12-03 22:21:02,258 [main] DEBUG c.p.b.e.MLRankingClassificationGenerator.executeExperiment - 40001 ml_(pork)_classification inserted. 20230708/20241104
2025-12-03 22:21:04,828 [main] DEBUG c.p.b.e.MLRankingClassificationGenerator.executeExperiment - 40001 ml_(pork)_classification inserted. 20230709/20241104
2025-12-03 22:21:07,271 [main] DEBUG c.p.b.e.MLRankingClassificationGenerator.executeExperiment - 40001 ml_(pork)_classification inserted. 20230710/20241104
2025-12-03 22:21:10,129 [main] DEBUG c.p.b.e.MLRankingClassificationGenerator.executeExperiment - 40001 ml_(pork)_classification inserted. 20230711/20241104
2025-12-03 22:21:13,054 [main] DEBUG c.p.b.e.MLRankingClassificationGenerator.executeExperiment - 40001 ml_(pork)_classification inserted. 20230712/20241104
2025-12-03 22:21:15,568 [main] DEBUG c.p.b.e.MLRankingClassificationGenerator.executeExperiment - 40001 ml_(pork)_classification inserted. 20230713/20241104
2025-12-03 22:21:18,141 [main] DEBUG c.p.b.e.MLRankingClassificationGenerator.executeExperiment - 40001 ml_(pork)_classification inserted. 20230714/20241104
2025-12-03 22:21:20,919 [main] DEBUG c.p.b.e.MLRankingClassificationGenerator.executeExperiment - 40001 ml_(pork)_classification inserted. 20230715/20241104
2025-12-03 22:21:23,633 [main] DEBUG c.p.b.e.MLRankingClassificationGenerator.executeExperiment - 40001 ml_(pork)_classification inserted. 20230716/20241104
2025-12-03 22:21:26,150 [main] DEBUG c.p.b.e.MLRankingClassificationGenerator.executeExperiment - 40001 ml_(pork)_classification inserted. 20230717/20241104
2025-12-03 22:21:28,321 [main] DEBUG c.p.b.e.MLRankingClassificationGenerator.executeExperiment - 40001 ml_(pork)_classification inserted. 20230718/20241104
2025-12-03 22:21:30,607 [main] DEBUG c.p.b.e.MLRankingClassificationGenerator.executeExperiment - 40001 ml_(pork)_classification inserted. 20230719/20241104
2025-12-03 22:21:33,060 [main] DEBUG c.p.b.e.MLRankingClassificationGenerator.executeExperiment - 40001 ml_(pork)_classification inserted. 20230720/20241104
2025-12-03 22:21:35,701 [main] DEBUG c.p.b.e.MLRankingClassificationGenerator.executeExperiment - 40001 ml_(pork)_classification inserted. 20230721/20241104
2025-12-03 22:21:37,929 [main] DEBUG c.p.b.e.MLRankingClassificationGenerator.executeExperiment - 40001 ml_(pork)_classification inserted. 20230722/20241104
2025-12-03 22:21:40,327 [main] DEBUG c.p.b.e.MLRankingClassificationGenerator.executeExperiment - 40001 ml_(pork)_classification inserted. 20230723/20241104
2025-12-03 22:21:42,612 [main] DEBUG c.p.b.e.MLRankingClassificationGenerator.executeExperiment - 40001 ml_(pork)_classification inserted. 20230724/20241104
2025-12-03 22:21:45,040 [main] DEBUG c.p.b.e.MLRankingClassificationGenerator.executeExperiment - 40001 ml_(pork)_classification inserted. 20230725/20241104
2025-12-03 22:21:47,590 [main] DEBUG c.p.b.e.MLRankingClassificationGenerator.executeExperiment - 40001 ml_(pork)_classification inserted. 20230726/20241104
2025-12-03 22:21:50,751 [main] DEBUG c.p.b.e.MLRankingClassificationGenerator.executeExperiment - 40001 ml_(pork)_classification inserted. 20230727/20241104
2025-12-03 22:21:53,699 [main] DEBUG c.p.b.e.MLRankingClassificationGenerator.executeExperiment - 40001 ml_(pork)_classification inserted. 20230728/20241104
2025-12-03 22:21:56,750 [main] DEBUG c.p.b.e.MLRankingClassificationGenerator.executeExperiment - 40001 ml_(pork)_classification inserted. 20230729/20241104
2025-12-03 22:21:59,489 [main] DEBUG c.p.b.e.MLRankingClassificationGenerator.executeExperiment - 40001 ml_(pork)_classification inserted. 20230730/20241104
2025-12-03 22:22:01,516 [main] DEBUG c.p.b.e.MLRankingClassificationGenerator.executeExperiment - 40001 ml_(pork)_classification inserted. 20230731/20241104
2025-12-03 22:22:03,988 [main] DEBUG c.p.b.e.MLRankingClassificationGenerator.executeExperiment - 40001 ml_(pork)_classification inserted. 20230801/20241104
2025-12-03 22:22:06,508 [main] DEBUG c.p.b.e.MLRankingClassificationGenerator.executeExperiment - 40001 ml_(pork)_classification inserted. 20230802/20241104
2025-12-03 22:22:09,906 [main] DEBUG c.p.b.e.MLRankingClassificationGenerator.executeExperiment - 40001 ml_(pork)_classification inserted. 20230803/20241104
2025-12-03 22:22:13,017 [main] DEBUG c.p.b.e.MLRankingClassificationGenerator.executeExperiment - 40001 ml_(pork)_classification inserted. 20230804/20241104
2025-12-03 22:22:16,035 [main] DEBUG c.p.b.e.MLRankingClassificationGenerator.executeExperiment - 40001 ml_(pork)_classification inserted. 20230805/20241104
2025-12-03 22:22:18,802 [main] DEBUG c.p.b.e.MLRankingClassificationGenerator.executeExperiment - 40001 ml_(pork)_classification inserted. 20230806/20241104
2025-12-03 22:22:21,093 [main] DEBUG c.p.b.e.MLRankingClassificationGenerator.executeExperiment - 40001 ml_(pork)_classification inserted. 20230807/20241104
2025-12-03 22:22:22,970 [main] DEBUG c.p.b.e.MLRankingClassificationGenerator.executeExperiment - 40001 ml_(pork)_classification inserted. 20230808/20241104
2025-12-03 22:22:24,290 [main] DEBUG c.p.b.e.MLRankingClassificationGenerator.executeExperiment - 40001 ml_(pork)_classification inserted. 20230809/20241104
2025-12-03 22:22:26,353 [main] DEBUG c.p.b.e.MLRankingClassificationGenerator.executeExperiment - 40001 ml_(pork)_classification inserted. 20230810/20241104
2025-12-03 22:22:29,456 [main] DEBUG c.p.b.e.MLRankingClassificationGenerator.executeExperiment - 40001 ml_(pork)_classification inserted. 20230811/20241104
2025-12-03 22:22:32,856 [main] DEBUG c.p.b.e.MLRankingClassificationGenerator.executeExperiment - 40001 ml_(pork)_classification inserted. 20230812/20241104
2025-12-03 22:22:36,767 [main] DEBUG c.p.b.e.MLRankingClassificationGenerator.executeExperiment - 40001 ml_(pork)_classification inserted. 20230813/20241104
2025-12-03 22:22:40,201 [main] DEBUG c.p.b.e.MLRankingClassificationGenerator.executeExperiment - 40001 ml_(pork)_classification inserted. 20230814/20241104
2025-12-03 22:22:42,287 [main] DEBUG c.p.b.e.MLRankingClassificationGenerator.executeExperiment - 40001 ml_(pork)_classification inserted. 20230815/20241104
2025-12-03 22:22:45,077 [main] DEBUG c.p.b.e.MLRankingClassificationGenerator.executeExperiment - 40001 ml_(pork)_classification inserted. 20230816/20241104
2025-12-03 22:22:47,848 [main] DEBUG c.p.b.e.MLRankingClassificationGenerator.executeExperiment - 40001 ml_(pork)_classification inserted. 20230817/20241104
2025-12-03 22:22:50,342 [main] DEBUG c.p.b.e.MLRankingClassificationGenerator.executeExperiment - 40001 ml_(pork)_classification inserted. 20230818/20241104
2025-12-03 22:22:53,288 [main] DEBUG c.p.b.e.MLRankingClassificationGenerator.executeExperiment - 40001 ml_(pork)_classification inserted. 20230819/20241104
2025-12-03 22:22:56,450 [main] DEBUG c.p.b.e.MLRankingClassificationGenerator.executeExperiment - 40001 ml_(pork)_classification inserted. 20230820/20241104
2025-12-03 22:22:58,453 [main] DEBUG c.p.b.e.MLRankingClassificationGenerator.executeExperiment - 40001 ml_(pork)_classification inserted. 20230821/20241104
2025-12-03 22:23:00,654 [main] DEBUG c.p.b.e.MLRankingClassificationGenerator.executeExperiment - 40001 ml_(pork)_classification inserted. 20230822/20241104
2025-12-03 22:23:02,739 [main] DEBUG c.p.b.e.MLRankingClassificationGenerator.executeExperiment - 40001 ml_(pork)_classification inserted. 20230823/20241104
2025-12-03 22:23:04,962 [main] DEBUG c.p.b.e.MLRankingClassificationGenerator.executeExperiment - 40001 ml_(pork)_classification inserted. 20230824/20241104
2025-12-03 22:23:07,475 [main] DEBUG c.p.b.e.MLRankingClassificationGenerator.executeExperiment - 40001 ml_(pork)_classification inserted. 20230825/20241104
2025-12-03 22:23:09,854 [main] DEBUG c.p.b.e.MLRankingClassificationGenerator.executeExperiment - 40001 ml_(pork)_classification inserted. 20230826/20241104
2025-12-03 22:23:12,315 [main] DEBUG c.p.b.e.MLRankingClassificationGenerator.executeExperiment - 40001 ml_(pork)_classification inserted. 20230827/20241104
2025-12-03 22:23:14,405 [main] DEBUG c.p.b.e.MLRankingClassificationGenerator.executeExperiment - 40001 ml_(pork)_classification inserted. 20230828/20241104
2025-12-03 22:23:16,716 [main] DEBUG c.p.b.e.MLRankingClassificationGenerator.executeExperiment - 40001 ml_(pork)_classification inserted. 20230829/20241104
2025-12-03 22:23:19,140 [main] DEBUG c.p.b.e.MLRankingClassificationGenerator.executeExperiment - 40001 ml_(pork)_classification inserted. 20230830/20241104
2025-12-03 22:23:22,282 [main] DEBUG c.p.b.e.MLRankingClassificationGenerator.executeExperiment - 40001 ml_(pork)_classification inserted. 20230831/20241104
2025-12-03 22:23:24,811 [main] DEBUG c.p.b.e.MLRankingClassificationGenerator.executeExperiment - 40001 ml_(pork)_classification inserted. 20230901/20241104
2025-12-03 22:23:27,336 [main] DEBUG c.p.b.e.MLRankingClassificationGenerator.executeExperiment - 40001 ml_(pork)_classification inserted. 20230902/20241104
2025-12-03 22:23:29,981 [main] DEBUG c.p.b.e.MLRankingClassificationGenerator.executeExperiment - 40001 ml_(pork)_classification inserted. 20230903/20241104
2025-12-03 22:23:32,111 [main] DEBUG c.p.b.e.MLRankingClassificationGenerator.executeExperiment - 40001 ml_(pork)_classification inserted. 20230904/20241104
2025-12-03 22:23:34,238 [main] DEBUG c.p.b.e.MLRankingClassificationGenerator.executeExperiment - 40001 ml_(pork)_classification inserted. 20230905/20241104
2025-12-03 22:23:36,325 [main] DEBUG c.p.b.e.MLRankingClassificationGenerator.executeExperiment - 40001 ml_(pork)_classification inserted. 20230906/20241104
2025-12-03 22:23:38,615 [main] DEBUG c.p.b.e.MLRankingClassificationGenerator.executeExperiment - 40001 ml_(pork)_classification inserted. 20230907/20241104
2025-12-03 22:23:40,483 [main] DEBUG c.p.b.e.MLRankingClassificationGenerator.executeExperiment - 40001 ml_(pork)_classification inserted. 20230908/20241104
2025-12-03 22:23:42,626 [main] DEBUG c.p.b.e.MLRankingClassificationGenerator.executeExperiment - 40001 ml_(pork)_classification inserted. 20230909/20241104
2025-12-03 22:23:45,060 [main] DEBUG c.p.b.e.MLRankingClassificationGenerator.executeExperiment - 40001 ml_(pork)_classification inserted. 20230910/20241104
2025-12-03 22:23:47,361 [main] DEBUG c.p.b.e.MLRankingClassificationGenerator.executeExperiment - 40001 ml_(pork)_classification inserted. 20230911/20241104
2025-12-03 22:23:49,602 [main] DEBUG c.p.b.e.MLRankingClassificationGenerator.executeExperiment - 40001 ml_(pork)_classification inserted. 20230912/20241104
2025-12-03 22:23:52,170 [main] DEBUG c.p.b.e.MLRankingClassificationGenerator.executeExperiment - 40001 ml_(pork)_classification inserted. 20230913/20241104
2025-12-03 22:23:54,649 [main] DEBUG c.p.b.e.MLRankingClassificationGenerator.executeExperiment - 40001 ml_(pork)_classification inserted. 20230914/20241104
2025-12-03 22:23:57,080 [main] DEBUG c.p.b.e.MLRankingClassificationGenerator.executeExperiment - 40001 ml_(pork)_classification inserted. 20230915/20241104
2025-12-03 22:23:59,135 [main] DEBUG c.p.b.e.MLRankingClassificationGenerator.executeExperiment - 40001 ml_(pork)_classification inserted. 20230916/20241104
2025-12-03 22:24:01,564 [main] DEBUG c.p.b.e.MLRankingClassificationGenerator.executeExperiment - 40001 ml_(pork)_classification inserted. 20230917/20241104
2025-12-03 22:24:03,706 [main] DEBUG c.p.b.e.MLRankingClassificationGenerator.executeExperiment - 40001 ml_(pork)_classification inserted. 20230918/20241104
2025-12-03 22:24:05,859 [main] DEBUG c.p.b.e.MLRankingClassificationGenerator.executeExperiment - 40001 ml_(pork)_classification inserted. 20230919/20241104
2025-12-03 22:24:08,172 [main] DEBUG c.p.b.e.MLRankingClassificationGenerator.executeExperiment - 40001 ml_(pork)_classification inserted. 20230920/20241104
2025-12-03 22:24:10,374 [main] DEBUG c.p.b.e.MLRankingClassificationGenerator.executeExperiment - 40001 ml_(pork)_classification inserted. 20230921/20241104
2025-12-03 22:24:12,846 [main] DEBUG c.p.b.e.MLRankingClassificationGenerator.executeExperiment - 40001 ml_(pork)_classification inserted. 20230922/20241104
2025-12-03 22:24:15,055 [main] DEBUG c.p.b.e.MLRankingClassificationGenerator.executeExperiment - 40001 ml_(pork)_classification inserted. 20230923/20241104
2025-12-03 22:24:17,346 [main] DEBUG c.p.b.e.MLRankingClassificationGenerator.executeExperiment - 40001 ml_(pork)_classification inserted. 20230924/20241104
2025-12-03 22:24:19,750 [main] DEBUG c.p.b.e.MLRankingClassificationGenerator.executeExperiment - 40001 ml_(pork)_classification inserted. 20230925/20241104
2025-12-03 22:24:22,156 [main] DEBUG c.p.b.e.MLRankingClassificationGenerator.executeExperiment - 40001 ml_(pork)_classification inserted. 20230926/20241104
2025-12-03 22:24:24,299 [main] DEBUG c.p.b.e.MLRankingClassificationGenerator.executeExperiment - 40001 ml_(pork)_classification inserted. 20230927/20241104
2025-12-03 22:24:26,765 [main] DEBUG c.p.b.e.MLRankingClassificationGenerator.executeExperiment - 40001 ml_(pork)_classification inserted. 20230928/20241104
2025-12-03 22:24:28,880 [main] DEBUG c.p.b.e.MLRankingClassificationGenerator.executeExperiment - 40001 ml_(pork)_classification inserted. 20230929/20241104
2025-12-03 22:24:31,133 [main] DEBUG c.p.b.e.MLRankingClassificationGenerator.executeExperiment - 40001 ml_(pork)_classification inserted. 20230930/20241104
2025-12-03 22:24:33,524 [main] DEBUG c.p.b.e.MLRankingClassificationGenerator.executeExperiment - 40001 ml_(pork)_classification inserted. 20231001/20241104
2025-12-03 22:24:35,935 [main] DEBUG c.p.b.e.MLRankingClassificationGenerator.executeExperiment - 40001 ml_(pork)_classification inserted. 20231002/20241104
2025-12-03 22:24:38,399 [main] DEBUG c.p.b.e.MLRankingClassificationGenerator.executeExperiment - 40001 ml_(pork)_classification inserted. 20231003/20241104
2025-12-03 22:24:40,442 [main] DEBUG c.p.b.e.MLRankingClassificationGenerator.executeExperiment - 40001 ml_(pork)_classification inserted. 20231004/20241104
2025-12-03 22:24:42,719 [main] DEBUG c.p.b.e.MLRankingClassificationGenerator.executeExperiment - 40001 ml_(pork)_classification inserted. 20231005/20241104
2025-12-03 22:24:44,792 [main] DEBUG c.p.b.e.MLRankingClassificationGenerator.executeExperiment - 40001 ml_(pork)_classification inserted. 20231006/20241104
2025-12-03 22:24:47,240 [main] DEBUG c.p.b.e.MLRankingClassificationGenerator.executeExperiment - 40001 ml_(pork)_classification inserted. 20231007/20241104
2025-12-03 22:24:49,762 [main] DEBUG c.p.b.e.MLRankingClassificationGenerator.executeExperiment - 40001 ml_(pork)_classification inserted. 20231008/20241104
2025-12-03 22:24:52,397 [main] DEBUG c.p.b.e.MLRankingClassificationGenerator.executeExperiment - 40001 ml_(pork)_classification inserted. 20231009/20241104
2025-12-03 22:24:54,513 [main] DEBUG c.p.b.e.MLRankingClassificationGenerator.executeExperiment - 40001 ml_(pork)_classification inserted. 20231010/20241104
2025-12-03 22:24:57,051 [main] DEBUG c.p.b.e.MLRankingClassificationGenerator.executeExperiment - 40001 ml_(pork)_classification inserted. 20231011/20241104
2025-12-03 22:24:59,055 [main] DEBUG c.p.b.e.MLRankingClassificationGenerator.executeExperiment - 40001 ml_(pork)_classification inserted. 20231012/20241104
2025-12-03 22:25:01,508 [main] DEBUG c.p.b.e.MLRankingClassificationGenerator.executeExperiment - 40001 ml_(pork)_classification inserted. 20231013/20241104
2025-12-03 22:25:04,083 [main] DEBUG c.p.b.e.MLRankingClassificationGenerator.executeExperiment - 40001 ml_(pork)_classification inserted. 20231014/20241104
2025-12-03 22:25:06,706 [main] DEBUG c.p.b.e.MLRankingClassificationGenerator.executeExperiment - 40001 ml_(pork)_classification inserted. 20231015/20241104
2025-12-03 22:25:08,963 [main] DEBUG c.p.b.e.MLRankingClassificationGenerator.executeExperiment - 40001 ml_(pork)_classification inserted. 20231016/20241104
2025-12-03 22:25:11,285 [main] DEBUG c.p.b.e.MLRankingClassificationGenerator.executeExperiment - 40001 ml_(pork)_classification inserted. 20231017/20241104
2025-12-03 22:25:13,613 [main] DEBUG c.p.b.e.MLRankingClassificationGenerator.executeExperiment - 40001 ml_(pork)_classification inserted. 20231018/20241104
2025-12-03 22:25:15,500 [main] DEBUG c.p.b.e.MLRankingClassificationGenerator.executeExperiment - 40001 ml_(pork)_classification inserted. 20231019/20241104
2025-12-03 22:25:17,502 [main] DEBUG c.p.b.e.MLRankingClassificationGenerator.executeExperiment - 40001 ml_(pork)_classification inserted. 20231020/20241104
2025-12-03 22:25:19,920 [main] DEBUG c.p.b.e.MLRankingClassificationGenerator.executeExperiment - 40001 ml_(pork)_classification inserted. 20231021/20241104
2025-12-03 22:25:22,471 [main] DEBUG c.p.b.e.MLRankingClassificationGenerator.executeExperiment - 40001 ml_(pork)_classification inserted. 20231023/20241104
2025-12-03 22:25:24,742 [main] DEBUG c.p.b.e.MLRankingClassificationGenerator.executeExperiment - 40001 ml_(pork)_classification inserted. 20231024/20241104
2025-12-03 22:25:26,733 [main] DEBUG c.p.b.e.MLRankingClassificationGenerator.executeExperiment - 40001 ml_(pork)_classification inserted. 20231025/20241104
2025-12-03 22:25:28,890 [main] DEBUG c.p.b.e.MLRankingClassificationGenerator.executeExperiment - 40001 ml_(pork)_classification inserted. 20231026/20241104
2025-12-03 22:25:31,259 [main] DEBUG c.p.b.e.MLRankingClassificationGenerator.executeExperiment - 40001 ml_(pork)_classification inserted. 20231027/20241104
2025-12-03 22:25:33,618 [main] DEBUG c.p.b.e.MLRankingClassificationGenerator.executeExperiment - 40001 ml_(pork)_classification inserted. 20231028/20241104
2025-12-03 22:25:35,729 [main] DEBUG c.p.b.e.MLRankingClassificationGenerator.executeExperiment - 40001 ml_(pork)_classification inserted. 20231029/20241104
2025-12-03 22:25:37,568 [main] DEBUG c.p.b.e.MLRankingClassificationGenerator.executeExperiment - 40001 ml_(pork)_classification inserted. 20231030/20241104
2025-12-03 22:25:39,066 [main] DEBUG c.p.b.e.MLRankingClassificationGenerator.executeExperiment - 40001 ml_(pork)_classification inserted. 20231031/20241104
2025-12-03 22:25:41,043 [main] DEBUG c.p.b.e.MLRankingClassificationGenerator.executeExperiment - 40001 ml_(pork)_classification inserted. 20231101/20241104
2025-12-03 22:25:43,103 [main] DEBUG c.p.b.e.MLRankingClassificationGenerator.executeExperiment - 40001 ml_(pork)_classification inserted. 20231102/20241104
2025-12-03 22:25:45,155 [main] DEBUG c.p.b.e.MLRankingClassificationGenerator.executeExperiment - 40001 ml_(pork)_classification inserted. 20231103/20241104
2025-12-03 22:25:47,362 [main] DEBUG c.p.b.e.MLRankingClassificationGenerator.executeExperiment - 40001 ml_(pork)_classification inserted. 20231104/20241104
2025-12-03 22:25:49,607 [main] DEBUG c.p.b.e.MLRankingClassificationGenerator.executeExperiment - 40001 ml_(pork)_classification inserted. 20231105/20241104
2025-12-03 22:25:51,576 [main] DEBUG c.p.b.e.MLRankingClassificationGenerator.executeExperiment - 40001 ml_(pork)_classification inserted. 20231106/20241104
2025-12-03 22:25:53,645 [main] DEBUG c.p.b.e.MLRankingClassificationGenerator.executeExperiment - 40001 ml_(pork)_classification inserted. 20231107/20241104
2025-12-03 22:25:55,322 [main] DEBUG c.p.b.e.MLRankingClassificationGenerator.executeExperiment - 40001 ml_(pork)_classification inserted. 20231108/20241104
2025-12-03 22:25:57,581 [main] DEBUG c.p.b.e.MLRankingClassificationGenerator.executeExperiment - 40001 ml_(pork)_classification inserted. 20231109/20241104
2025-12-03 22:25:59,945 [main] DEBUG c.p.b.e.MLRankingClassificationGenerator.executeExperiment - 40001 ml_(pork)_classification inserted. 20231110/20241104
2025-12-03 22:26:02,006 [main] DEBUG c.p.b.e.MLRankingClassificationGenerator.executeExperiment - 40001 ml_(pork)_classification inserted. 20231111/20241104
2025-12-03 22:26:04,525 [main] DEBUG c.p.b.e.MLRankingClassificationGenerator.executeExperiment - 40001 ml_(pork)_classification inserted. 20231112/20241104
2025-12-03 22:26:06,431 [main] DEBUG c.p.b.e.MLRankingClassificationGenerator.executeExperiment - 40001 ml_(pork)_classification inserted. 20231113/20241104
2025-12-03 22:26:08,310 [main] DEBUG c.p.b.e.MLRankingClassificationGenerator.executeExperiment - 40001 ml_(pork)_classification inserted. 20231114/20241104
2025-12-03 22:26:10,270 [main] DEBUG c.p.b.e.MLRankingClassificationGenerator.executeExperiment - 40001 ml_(pork)_classification inserted. 20231115/20241104
2025-12-03 22:26:12,167 [main] DEBUG c.p.b.e.MLRankingClassificationGenerator.executeExperiment - 40001 ml_(pork)_classification inserted. 20231116/20241104
2025-12-03 22:26:14,279 [main] DEBUG c.p.b.e.MLRankingClassificationGenerator.executeExperiment - 40001 ml_(pork)_classification inserted. 20231117/20241104
2025-12-03 22:26:15,851 [main] DEBUG c.p.b.e.MLRankingClassificationGenerator.executeExperiment - 40001 ml_(pork)_classification inserted. 20231118/20241104
2025-12-03 22:26:18,203 [main] DEBUG c.p.b.e.MLRankingClassificationGenerator.executeExperiment - 40001 ml_(pork)_classification inserted. 20231119/20241104
2025-12-03 22:26:19,867 [main] DEBUG c.p.b.e.MLRankingClassificationGenerator.executeExperiment - 40001 ml_(pork)_classification inserted. 20231120/20241104
2025-12-03 22:26:21,925 [main] DEBUG c.p.b.e.MLRankingClassificationGenerator.executeExperiment - 40001 ml_(pork)_classification inserted. 20231121/20241104
2025-12-03 22:26:23,823 [main] DEBUG c.p.b.e.MLRankingClassificationGenerator.executeExperiment - 40001 ml_(pork)_classification inserted. 20231122/20241104
2025-12-03 22:26:26,140 [main] DEBUG c.p.b.e.MLRankingClassificationGenerator.executeExperiment - 40001 ml_(pork)_classification inserted. 20231123/20241104
2025-12-03 22:26:28,294 [main] DEBUG c.p.b.e.MLRankingClassificationGenerator.executeExperiment - 40001 ml_(pork)_classification inserted. 20231124/20241104
2025-12-03 22:26:30,478 [main] DEBUG c.p.b.e.MLRankingClassificationGenerator.executeExperiment - 40001 ml_(pork)_classification inserted. 20231125/20241104
2025-12-03 22:26:32,998 [main] DEBUG c.p.b.e.MLRankingClassificationGenerator.executeExperiment - 40001 ml_(pork)_classification inserted. 20231126/20241104
2025-12-03 22:26:35,132 [main] DEBUG c.p.b.e.MLRankingClassificationGenerator.executeExperiment - 40001 ml_(pork)_classification inserted. 20231127/20241104
2025-12-03 22:26:37,689 [main] DEBUG c.p.b.e.MLRankingClassificationGenerator.executeExperiment - 40001 ml_(pork)_classification inserted. 20231128/20241104
2025-12-03 22:26:40,051 [main] DEBUG c.p.b.e.MLRankingClassificationGenerator.executeExperiment - 40001 ml_(pork)_classification inserted. 20231129/20241104
2025-12-03 22:26:42,332 [main] DEBUG c.p.b.e.MLRankingClassificationGenerator.executeExperiment - 40001 ml_(pork)_classification inserted. 20231130/20241104
2025-12-03 22:26:44,766 [main] DEBUG c.p.b.e.MLRankingClassificationGenerator.executeExperiment - 40001 ml_(pork)_classification inserted. 20231201/20241104
2025-12-03 22:26:47,219 [main] DEBUG c.p.b.e.MLRankingClassificationGenerator.executeExperiment - 40001 ml_(pork)_classification inserted. 20231202/20241104
2025-12-03 22:26:49,681 [main] DEBUG c.p.b.e.MLRankingClassificationGenerator.executeExperiment - 40001 ml_(pork)_classification inserted. 20231203/20241104
2025-12-03 22:26:52,281 [main] DEBUG c.p.b.e.MLRankingClassificationGenerator.executeExperiment - 40001 ml_(pork)_classification inserted. 20231204/20241104
2025-12-03 22:26:54,872 [main] DEBUG c.p.b.e.MLRankingClassificationGenerator.executeExperiment - 40001 ml_(pork)_classification inserted. 20231205/20241104
2025-12-03 22:26:57,532 [main] DEBUG c.p.b.e.MLRankingClassificationGenerator.executeExperiment - 40001 ml_(pork)_classification inserted. 20231206/20241104
2025-12-03 22:26:59,924 [main] DEBUG c.p.b.e.MLRankingClassificationGenerator.executeExperiment - 40001 ml_(pork)_classification inserted. 20231207/20241104
2025-12-03 22:27:02,727 [main] DEBUG c.p.b.e.MLRankingClassificationGenerator.executeExperiment - 40001 ml_(pork)_classification inserted. 20231208/20241104
2025-12-03 22:27:05,506 [main] DEBUG c.p.b.e.MLRankingClassificationGenerator.executeExperiment - 40001 ml_(pork)_classification inserted. 20231209/20241104
2025-12-03 22:27:08,431 [main] DEBUG c.p.b.e.MLRankingClassificationGenerator.executeExperiment - 40001 ml_(pork)_classification inserted. 20231210/20241104
2025-12-03 22:27:10,874 [main] DEBUG c.p.b.e.MLRankingClassificationGenerator.executeExperiment - 40001 ml_(pork)_classification inserted. 20231211/20241104
2025-12-03 22:27:13,104 [main] DEBUG c.p.b.e.MLRankingClassificationGenerator.executeExperiment - 40001 ml_(pork)_classification inserted. 20231212/20241104
2025-12-03 22:27:15,359 [main] DEBUG c.p.b.e.MLRankingClassificationGenerator.executeExperiment - 40001 ml_(pork)_classification inserted. 20231213/20241104
2025-12-03 22:27:17,585 [main] DEBUG c.p.b.e.MLRankingClassificationGenerator.executeExperiment - 40001 ml_(pork)_classification inserted. 20231214/20241104
2025-12-03 22:27:19,870 [main] DEBUG c.p.b.e.MLRankingClassificationGenerator.executeExperiment - 40001 ml_(pork)_classification inserted. 20231215/20241104
2025-12-03 22:27:22,232 [main] DEBUG c.p.b.e.MLRankingClassificationGenerator.executeExperiment - 40001 ml_(pork)_classification inserted. 20231216/20241104
2025-12-03 22:27:24,700 [main] DEBUG c.p.b.e.MLRankingClassificationGenerator.executeExperiment - 40001 ml_(pork)_classification inserted. 20231217/20241104
2025-12-03 22:27:27,385 [main] DEBUG c.p.b.e.MLRankingClassificationGenerator.executeExperiment - 40001 ml_(pork)_classification inserted. 20231218/20241104
2025-12-03 22:27:29,706 [main] DEBUG c.p.b.e.MLRankingClassificationGenerator.executeExperiment - 40001 ml_(pork)_classification inserted. 20231219/20241104
2025-12-03 22:27:31,611 [main] DEBUG c.p.b.e.MLRankingClassificationGenerator.executeExperiment - 40001 ml_(pork)_classification inserted. 20231220/20241104
2025-12-03 22:27:33,595 [main] DEBUG c.p.b.e.MLRankingClassificationGenerator.executeExperiment - 40001 ml_(pork)_classification inserted. 20231221/20241104
2025-12-03 22:27:35,799 [main] DEBUG c.p.b.e.MLRankingClassificationGenerator.executeExperiment - 40001 ml_(pork)_classification inserted. 20231222/20241104
2025-12-03 22:27:38,339 [main] DEBUG c.p.b.e.MLRankingClassificationGenerator.executeExperiment - 40001 ml_(pork)_classification inserted. 20231223/20241104
2025-12-03 22:27:40,736 [main] DEBUG c.p.b.e.MLRankingClassificationGenerator.executeExperiment - 40001 ml_(pork)_classification inserted. 20231224/20241104
2025-12-03 22:27:43,253 [main] DEBUG c.p.b.e.MLRankingClassificationGenerator.executeExperiment - 40001 ml_(pork)_classification inserted. 20231225/20241104
2025-12-03 22:27:45,959 [main] DEBUG c.p.b.e.MLRankingClassificationGenerator.executeExperiment - 40001 ml_(pork)_classification inserted. 20231226/20241104
2025-12-03 22:27:48,415 [main] DEBUG c.p.b.e.MLRankingClassificationGenerator.executeExperiment - 40001 ml_(pork)_classification inserted. 20231227/20241104
2025-12-03 22:27:51,611 [main] DEBUG c.p.b.e.MLRankingClassificationGenerator.executeExperiment - 40001 ml_(pork)_classification inserted. 20231228/20241104
2025-12-03 22:27:54,407 [main] DEBUG c.p.b.e.MLRankingClassificationGenerator.executeExperiment - 40001 ml_(pork)_classification inserted. 20231229/20241104
2025-12-03 22:27:58,112 [main] DEBUG c.p.b.e.MLRankingClassificationGenerator.executeExperiment - 40001 ml_(pork)_classification inserted. 20231230/20241104
2025-12-03 22:28:01,268 [main] DEBUG c.p.b.e.MLRankingClassificationGenerator.executeExperiment - 40001 ml_(pork)_classification inserted. 20231231/20241104
2025-12-03 22:28:03,675 [main] DEBUG c.p.b.e.MLRankingClassificationGenerator.executeExperiment - 40001 ml_(pork)_classification inserted. 20240101/20241104
2025-12-03 22:28:06,781 [main] DEBUG c.p.b.e.MLRankingClassificationGenerator.executeExperiment - 40001 ml_(pork)_classification inserted. 20240102/20241104
2025-12-03 22:28:10,260 [main] DEBUG c.p.b.e.MLRankingClassificationGenerator.executeExperiment - 40001 ml_(pork)_classification inserted. 20240103/20241104
2025-12-03 22:28:13,503 [main] DEBUG c.p.b.e.MLRankingClassificationGenerator.executeExperiment - 40001 ml_(pork)_classification inserted. 20240104/20241104
2025-12-03 22:28:16,201 [main] DEBUG c.p.b.e.MLRankingClassificationGenerator.executeExperiment - 40001 ml_(pork)_classification inserted. 20240105/20241104
2025-12-03 22:28:19,408 [main] DEBUG c.p.b.e.MLRankingClassificationGenerator.executeExperiment - 40001 ml_(pork)_classification inserted. 20240106/20241104
2025-12-03 22:28:22,352 [main] DEBUG c.p.b.e.MLRankingClassificationGenerator.executeExperiment - 40001 ml_(pork)_classification inserted. 20240107/20241104
2025-12-03 22:28:24,992 [main] DEBUG c.p.b.e.MLRankingClassificationGenerator.executeExperiment - 40001 ml_(pork)_classification inserted. 20240108/20241104
2025-12-03 22:28:27,108 [main] DEBUG c.p.b.e.MLRankingClassificationGenerator.executeExperiment - 40001 ml_(pork)_classification inserted. 20240109/20241104
2025-12-03 22:28:29,513 [main] DEBUG c.p.b.e.MLRankingClassificationGenerator.executeExperiment - 40001 ml_(pork)_classification inserted. 20240110/20241104
2025-12-03 22:28:32,180 [main] DEBUG c.p.b.e.MLRankingClassificationGenerator.executeExperiment - 40001 ml_(pork)_classification inserted. 20240111/20241104
2025-12-03 22:28:34,453 [main] DEBUG c.p.b.e.MLRankingClassificationGenerator.executeExperiment - 40001 ml_(pork)_classification inserted. 20240112/20241104
2025-12-03 22:28:36,949 [main] DEBUG c.p.b.e.MLRankingClassificationGenerator.executeExperiment - 40001 ml_(pork)_classification inserted. 20240113/20241104
2025-12-03 22:28:39,171 [main] DEBUG c.p.b.e.MLRankingClassificationGenerator.executeExperiment - 40001 ml_(pork)_classification inserted. 20240114/20241104
2025-12-03 22:28:41,574 [main] DEBUG c.p.b.e.MLRankingClassificationGenerator.executeExperiment - 40001 ml_(pork)_classification inserted. 20240115/20241104
2025-12-03 22:28:43,966 [main] DEBUG c.p.b.e.MLRankingClassificationGenerator.executeExperiment - 40001 ml_(pork)_classification inserted. 20240116/20241104
2025-12-03 22:28:46,172 [main] DEBUG c.p.b.e.MLRankingClassificationGenerator.executeExperiment - 40001 ml_(pork)_classification inserted. 20240117/20241104
2025-12-03 22:28:48,926 [main] DEBUG c.p.b.e.MLRankingClassificationGenerator.executeExperiment - 40001 ml_(pork)_classification inserted. 20240118/20241104
2025-12-03 22:28:51,785 [main] DEBUG c.p.b.e.MLRankingClassificationGenerator.executeExperiment - 40001 ml_(pork)_classification inserted. 20240119/20241104
2025-12-03 22:28:54,598 [main] DEBUG c.p.b.e.MLRankingClassificationGenerator.executeExperiment - 40001 ml_(pork)_classification inserted. 20240120/20241104
2025-12-03 22:28:57,521 [main] DEBUG c.p.b.e.MLRankingClassificationGenerator.executeExperiment - 40001 ml_(pork)_classification inserted. 20240121/20241104
2025-12-03 22:28:59,590 [main] DEBUG c.p.b.e.MLRankingClassificationGenerator.executeExperiment - 40001 ml_(pork)_classification inserted. 20240122/20241104
2025-12-03 22:29:01,670 [main] DEBUG c.p.b.e.MLRankingClassificationGenerator.executeExperiment - 40001 ml_(pork)_classification inserted. 20240123/20241104
2025-12-03 22:29:03,465 [main] DEBUG c.p.b.e.MLRankingClassificationGenerator.executeExperiment - 40001 ml_(pork)_classification inserted. 20240124/20241104
2025-12-03 22:29:06,297 [main] DEBUG c.p.b.e.MLRankingClassificationGenerator.executeExperiment - 40001 ml_(pork)_classification inserted. 20240125/20241104
2025-12-03 22:29:09,290 [main] DEBUG c.p.b.e.MLRankingClassificationGenerator.executeExperiment - 40001 ml_(pork)_classification inserted. 20240126/20241104
2025-12-03 22:29:12,334 [main] DEBUG c.p.b.e.MLRankingClassificationGenerator.executeExperiment - 40001 ml_(pork)_classification inserted. 20240127/20241104
2025-12-03 22:29:15,291 [main] DEBUG c.p.b.e.MLRankingClassificationGenerator.executeExperiment - 40001 ml_(pork)_classification inserted. 20240128/20241104
2025-12-03 22:29:18,131 [main] DEBUG c.p.b.e.MLRankingClassificationGenerator.executeExperiment - 40001 ml_(pork)_classification inserted. 20240129/20241104
2025-12-03 22:29:20,470 [main] DEBUG c.p.b.e.MLRankingClassificationGenerator.executeExperiment - 40001 ml_(pork)_classification inserted. 20240130/20241104
2025-12-03 22:29:22,976 [main] DEBUG c.p.b.e.MLRankingClassificationGenerator.executeExperiment - 40001 ml_(pork)_classification inserted. 20240131/20241104
2025-12-03 22:29:24,999 [main] DEBUG c.p.b.e.MLRankingClassificationGenerator.executeExperiment - 40001 ml_(pork)_classification inserted. 20240201/20241104
2025-12-03 22:29:27,234 [main] DEBUG c.p.b.e.MLRankingClassificationGenerator.executeExperiment - 40001 ml_(pork)_classification inserted. 20240202/20241104
2025-12-03 22:29:29,715 [main] DEBUG c.p.b.e.MLRankingClassificationGenerator.executeExperiment - 40001 ml_(pork)_classification inserted. 20240203/20241104
2025-12-03 22:29:32,342 [main] DEBUG c.p.b.e.MLRankingClassificationGenerator.executeExperiment - 40001 ml_(pork)_classification inserted. 20240204/20241104
2025-12-03 22:29:34,611 [main] DEBUG c.p.b.e.MLRankingClassificationGenerator.executeExperiment - 40001 ml_(pork)_classification inserted. 20240205/20241104
2025-12-03 22:29:36,726 [main] DEBUG c.p.b.e.MLRankingClassificationGenerator.executeExperiment - 40001 ml_(pork)_classification inserted. 20240206/20241104
2025-12-03 22:29:39,478 [main] DEBUG c.p.b.e.MLRankingClassificationGenerator.executeExperiment - 40001 ml_(pork)_classification inserted. 20240207/20241104
2025-12-03 22:29:41,774 [main] DEBUG c.p.b.e.MLRankingClassificationGenerator.executeExperiment - 40001 ml_(pork)_classification inserted. 20240208/20241104
2025-12-03 22:29:43,869 [main] DEBUG c.p.b.e.MLRankingClassificationGenerator.executeExperiment - 40001 ml_(pork)_classification inserted. 20240209/20241104
2025-12-03 22:29:45,752 [main] DEBUG c.p.b.e.MLRankingClassificationGenerator.executeExperiment - 40001 ml_(pork)_classification inserted. 20240210/20241104
2025-12-03 22:29:47,996 [main] DEBUG c.p.b.e.MLRankingClassificationGenerator.executeExperiment - 40001 ml_(pork)_classification inserted. 20240211/20241104
2025-12-03 22:29:50,851 [main] DEBUG c.p.b.e.MLRankingClassificationGenerator.executeExperiment - 40001 ml_(pork)_classification inserted. 20240212/20241104
2025-12-03 22:29:53,068 [main] DEBUG c.p.b.e.MLRankingClassificationGenerator.executeExperiment - 40001 ml_(pork)_classification inserted. 20240213/20241104
2025-12-03 22:29:55,406 [main] DEBUG c.p.b.e.MLRankingClassificationGenerator.executeExperiment - 40001 ml_(pork)_classification inserted. 20240214/20241104
2025-12-03 22:29:57,379 [main] DEBUG c.p.b.e.MLRankingClassificationGenerator.executeExperiment - 40001 ml_(pork)_classification inserted. 20240215/20241104
2025-12-03 22:29:59,826 [main] DEBUG c.p.b.e.MLRankingClassificationGenerator.executeExperiment - 40001 ml_(pork)_classification inserted. 20240216/20241104
2025-12-03 22:30:02,244 [main] DEBUG c.p.b.e.MLRankingClassificationGenerator.executeExperiment - 40001 ml_(pork)_classification inserted. 20240217/20241104
2025-12-03 22:30:05,187 [main] DEBUG c.p.b.e.MLRankingClassificationGenerator.executeExperiment - 40001 ml_(pork)_classification inserted. 20240218/20241104
2025-12-03 22:30:07,750 [main] DEBUG c.p.b.e.MLRankingClassificationGenerator.executeExperiment - 40001 ml_(pork)_classification inserted. 20240219/20241104
2025-12-03 22:30:10,991 [main] DEBUG c.p.b.e.MLRankingClassificationGenerator.executeExperiment - 40001 ml_(pork)_classification inserted. 20240220/20241104
2025-12-03 22:30:13,710 [main] DEBUG c.p.b.e.MLRankingClassificationGenerator.executeExperiment - 40001 ml_(pork)_classification inserted. 20240221/20241104
2025-12-03 22:30:16,524 [main] DEBUG c.p.b.e.MLRankingClassificationGenerator.executeExperiment - 40001 ml_(pork)_classification inserted. 20240222/20241104
2025-12-03 22:30:19,133 [main] DEBUG c.p.b.e.MLRankingClassificationGenerator.executeExperiment - 40001 ml_(pork)_classification inserted. 20240223/20241104
2025-12-03 22:30:21,735 [main] DEBUG c.p.b.e.MLRankingClassificationGenerator.executeExperiment - 40001 ml_(pork)_classification inserted. 20240224/20241104
2025-12-03 22:30:24,709 [main] DEBUG c.p.b.e.MLRankingClassificationGenerator.executeExperiment - 40001 ml_(pork)_classification inserted. 20240225/20241104
2025-12-03 22:30:26,828 [main] DEBUG c.p.b.e.MLRankingClassificationGenerator.executeExperiment - 40001 ml_(pork)_classification inserted. 20240226/20241104
2025-12-03 22:30:28,939 [main] DEBUG c.p.b.e.MLRankingClassificationGenerator.executeExperiment - 40001 ml_(pork)_classification inserted. 20240227/20241104
2025-12-03 22:30:31,385 [main] DEBUG c.p.b.e.MLRankingClassificationGenerator.executeExperiment - 40001 ml_(pork)_classification inserted. 20240228/20241104
2025-12-03 22:30:33,736 [main] DEBUG c.p.b.e.MLRankingClassificationGenerator.executeExperiment - 40001 ml_(pork)_classification inserted. 20240229/20241104
2025-12-03 22:30:36,120 [main] DEBUG c.p.b.e.MLRankingClassificationGenerator.executeExperiment - 40001 ml_(pork)_classification inserted. 20240301/20241104
2025-12-03 22:30:39,170 [main] DEBUG c.p.b.e.MLRankingClassificationGenerator.executeExperiment - 40001 ml_(pork)_classification inserted. 20240302/20241104
2025-12-03 22:30:42,013 [main] DEBUG c.p.b.e.MLRankingClassificationGenerator.executeExperiment - 40001 ml_(pork)_classification inserted. 20240303/20241104
2025-12-03 22:30:45,157 [main] DEBUG c.p.b.e.MLRankingClassificationGenerator.executeExperiment - 40001 ml_(pork)_classification inserted. 20240304/20241104
2025-12-03 22:30:47,781 [main] DEBUG c.p.b.e.MLRankingClassificationGenerator.executeExperiment - 40001 ml_(pork)_classification inserted. 20240305/20241104
2025-12-03 22:30:50,082 [main] DEBUG c.p.b.e.MLRankingClassificationGenerator.executeExperiment - 40001 ml_(pork)_classification inserted. 20240306/20241104
2025-12-03 22:30:52,208 [main] DEBUG c.p.b.e.MLRankingClassificationGenerator.executeExperiment - 40001 ml_(pork)_classification inserted. 20240307/20241104
2025-12-03 22:30:54,251 [main] DEBUG c.p.b.e.MLRankingClassificationGenerator.executeExperiment - 40001 ml_(pork)_classification inserted. 20240308/20241104
2025-12-03 22:30:56,665 [main] DEBUG c.p.b.e.MLRankingClassificationGenerator.executeExperiment - 40001 ml_(pork)_classification inserted. 20240309/20241104
2025-12-03 22:30:59,448 [main] DEBUG c.p.b.e.MLRankingClassificationGenerator.executeExperiment - 40001 ml_(pork)_classification inserted. 20240310/20241104
2025-12-03 22:31:01,911 [main] DEBUG c.p.b.e.MLRankingClassificationGenerator.executeExperiment - 40001 ml_(pork)_classification inserted. 20240311/20241104
2025-12-03 22:31:03,728 [main] DEBUG c.p.b.e.MLRankingClassificationGenerator.executeExperiment - 40001 ml_(pork)_classification inserted. 20240312/20241104
2025-12-03 22:31:06,266 [main] DEBUG c.p.b.e.MLRankingClassificationGenerator.executeExperiment - 40001 ml_(pork)_classification inserted. 20240313/20241104
2025-12-03 22:31:08,834 [main] DEBUG c.p.b.e.MLRankingClassificationGenerator.executeExperiment - 40001 ml_(pork)_classification inserted. 20240314/20241104
2025-12-03 22:31:10,907 [main] DEBUG c.p.b.e.MLRankingClassificationGenerator.executeExperiment - 40001 ml_(pork)_classification inserted. 20240315/20241104
2025-12-03 22:31:13,290 [main] DEBUG c.p.b.e.MLRankingClassificationGenerator.executeExperiment - 40001 ml_(pork)_classification inserted. 20240316/20241104
2025-12-03 22:31:15,893 [main] DEBUG c.p.b.e.MLRankingClassificationGenerator.executeExperiment - 40001 ml_(pork)_classification inserted. 20240317/20241104
2025-12-03 22:31:17,340 [main] DEBUG c.p.b.e.MLRankingClassificationGenerator.executeExperiment - 40001 ml_(pork)_classification inserted. 20240318/20241104
2025-12-03 22:31:19,863 [main] DEBUG c.p.b.e.MLRankingClassificationGenerator.executeExperiment - 40001 ml_(pork)_classification inserted. 20240319/20241104
2025-12-03 22:31:21,693 [main] DEBUG c.p.b.e.MLRankingClassificationGenerator.executeExperiment - 40001 ml_(pork)_classification inserted. 20240320/20241104
2025-12-03 22:31:24,024 [main] DEBUG c.p.b.e.MLRankingClassificationGenerator.executeExperiment - 40001 ml_(pork)_classification inserted. 20240321/20241104
2025-12-03 22:31:26,651 [main] DEBUG c.p.b.e.MLRankingClassificationGenerator.executeExperiment - 40001 ml_(pork)_classification inserted. 20240322/20241104
2025-12-03 22:31:29,778 [main] DEBUG c.p.b.e.MLRankingClassificationGenerator.executeExperiment - 40001 ml_(pork)_classification inserted. 20240323/20241104
2025-12-03 22:31:31,929 [main] DEBUG c.p.b.e.MLRankingClassificationGenerator.executeExperiment - 40001 ml_(pork)_classification inserted. 20240324/20241104
2025-12-03 22:31:33,709 [main] DEBUG c.p.b.e.MLRankingClassificationGenerator.executeExperiment - 40001 ml_(pork)_classification inserted. 20240325/20241104
2025-12-03 22:31:35,680 [main] DEBUG c.p.b.e.MLRankingClassificationGenerator.executeExperiment - 40001 ml_(pork)_classification inserted. 20240326/20241104
2025-12-03 22:31:38,110 [main] DEBUG c.p.b.e.MLRankingClassificationGenerator.executeExperiment - 40001 ml_(pork)_classification inserted. 20240327/20241104
2025-12-03 22:31:39,834 [main] DEBUG c.p.b.e.MLRankingClassificationGenerator.executeExperiment - 40001 ml_(pork)_classification inserted. 20240328/20241104
2025-12-03 22:31:42,038 [main] DEBUG c.p.b.e.MLRankingClassificationGenerator.executeExperiment - 40001 ml_(pork)_classification inserted. 20240329/20241104
2025-12-03 22:31:44,145 [main] DEBUG c.p.b.e.MLRankingClassificationGenerator.executeExperiment - 40001 ml_(pork)_classification inserted. 20240330/20241104
2025-12-03 22:31:46,116 [main] DEBUG c.p.b.e.MLRankingClassificationGenerator.executeExperiment - 40001 ml_(pork)_classification inserted. 20240331/20241104
2025-12-03 22:31:48,247 [main] DEBUG c.p.b.e.MLRankingClassificationGenerator.executeExperiment - 40001 ml_(pork)_classification inserted. 20240401/20241104
2025-12-03 22:31:51,267 [main] DEBUG c.p.b.e.MLRankingClassificationGenerator.executeExperiment - 40001 ml_(pork)_classification inserted. 20240402/20241104
2025-12-03 22:31:53,746 [main] DEBUG c.p.b.e.MLRankingClassificationGenerator.executeExperiment - 40001 ml_(pork)_classification inserted. 20240403/20241104
2025-12-03 22:31:56,297 [main] DEBUG c.p.b.e.MLRankingClassificationGenerator.executeExperiment - 40001 ml_(pork)_classification inserted. 20240404/20241104
2025-12-03 22:31:59,220 [main] DEBUG c.p.b.e.MLRankingClassificationGenerator.executeExperiment - 40001 ml_(pork)_classification inserted. 20240405/20241104
2025-12-03 22:32:02,258 [main] DEBUG c.p.b.e.MLRankingClassificationGenerator.executeExperiment - 40001 ml_(pork)_classification inserted. 20240406/20241104
2025-12-03 22:32:05,025 [main] DEBUG c.p.b.e.MLRankingClassificationGenerator.executeExperiment - 40001 ml_(pork)_classification inserted. 20240407/20241104
2025-12-03 22:32:07,316 [main] DEBUG c.p.b.e.MLRankingClassificationGenerator.executeExperiment - 40001 ml_(pork)_classification inserted. 20240408/20241104
2025-12-03 22:32:08,871 [main] DEBUG c.p.b.e.MLRankingClassificationGenerator.executeExperiment - 40001 ml_(pork)_classification inserted. 20240409/20241104
2025-12-03 22:32:10,823 [main] DEBUG c.p.b.e.MLRankingClassificationGenerator.executeExperiment - 40001 ml_(pork)_classification inserted. 20240410/20241104
2025-12-03 22:32:12,666 [main] DEBUG c.p.b.e.MLRankingClassificationGenerator.executeExperiment - 40001 ml_(pork)_classification inserted. 20240411/20241104
2025-12-03 22:32:14,371 [main] DEBUG c.p.b.e.MLRankingClassificationGenerator.executeExperiment - 40001 ml_(pork)_classification inserted. 20240412/20241104
2025-12-03 22:32:16,325 [main] DEBUG c.p.b.e.MLRankingClassificationGenerator.executeExperiment - 40001 ml_(pork)_classification inserted. 20240413/20241104
2025-12-03 22:32:18,709 [main] DEBUG c.p.b.e.MLRankingClassificationGenerator.executeExperiment - 40001 ml_(pork)_classification inserted. 20240414/20241104
2025-12-03 22:32:20,826 [main] DEBUG c.p.b.e.MLRankingClassificationGenerator.executeExperiment - 40001 ml_(pork)_classification inserted. 20240415/20241104
2025-12-03 22:32:23,298 [main] DEBUG c.p.b.e.MLRankingClassificationGenerator.executeExperiment - 40001 ml_(pork)_classification inserted. 20240416/20241104
2025-12-03 22:32:25,799 [main] DEBUG c.p.b.e.MLRankingClassificationGenerator.executeExperiment - 40001 ml_(pork)_classification inserted. 20240417/20241104
2025-12-03 22:32:28,146 [main] DEBUG c.p.b.e.MLRankingClassificationGenerator.executeExperiment - 40001 ml_(pork)_classification inserted. 20240418/20241104
2025-12-03 22:32:29,864 [main] DEBUG c.p.b.e.MLRankingClassificationGenerator.executeExperiment - 40001 ml_(pork)_classification inserted. 20240419/20241104
2025-12-03 22:32:32,466 [main] DEBUG c.p.b.e.MLRankingClassificationGenerator.executeExperiment - 40001 ml_(pork)_classification inserted. 20240420/20241104
2025-12-03 22:32:34,999 [main] DEBUG c.p.b.e.MLRankingClassificationGenerator.executeExperiment - 40001 ml_(pork)_classification inserted. 20240421/20241104
2025-12-03 22:32:37,176 [main] DEBUG c.p.b.e.MLRankingClassificationGenerator.executeExperiment - 40001 ml_(pork)_classification inserted. 20240422/20241104
2025-12-03 22:32:39,841 [main] DEBUG c.p.b.e.MLRankingClassificationGenerator.executeExperiment - 40001 ml_(pork)_classification inserted. 20240423/20241104
2025-12-03 22:32:42,148 [main] DEBUG c.p.b.e.MLRankingClassificationGenerator.executeExperiment - 40001 ml_(pork)_classification inserted. 20240424/20241104
2025-12-03 22:32:45,194 [main] DEBUG c.p.b.e.MLRankingClassificationGenerator.executeExperiment - 40001 ml_(pork)_classification inserted. 20240425/20241104
2025-12-03 22:32:47,844 [main] DEBUG c.p.b.e.MLRankingClassificationGenerator.executeExperiment - 40001 ml_(pork)_classification inserted. 20240426/20241104
2025-12-03 22:32:51,165 [main] DEBUG c.p.b.e.MLRankingClassificationGenerator.executeExperiment - 40001 ml_(pork)_classification inserted. 20240427/20241104
2025-12-03 22:32:54,679 [main] DEBUG c.p.b.e.MLRankingClassificationGenerator.executeExperiment - 40001 ml_(pork)_classification inserted. 20240428/20241104
2025-12-03 22:32:57,577 [main] DEBUG c.p.b.e.MLRankingClassificationGenerator.executeExperiment - 40001 ml_(pork)_classification inserted. 20240429/20241104
2025-12-03 22:33:00,306 [main] DEBUG c.p.b.e.MLRankingClassificationGenerator.executeExperiment - 40001 ml_(pork)_classification inserted. 20240430/20241104
2025-12-03 22:33:02,805 [main] DEBUG c.p.b.e.MLRankingClassificationGenerator.executeExperiment - 40001 ml_(pork)_classification inserted. 20240501/20241104
2025-12-03 22:33:05,585 [main] DEBUG c.p.b.e.MLRankingClassificationGenerator.executeExperiment - 40001 ml_(pork)_classification inserted. 20240502/20241104
2025-12-03 22:33:09,061 [main] DEBUG c.p.b.e.MLRankingClassificationGenerator.executeExperiment - 40001 ml_(pork)_classification inserted. 20240503/20241104
2025-12-03 22:33:12,390 [main] DEBUG c.p.b.e.MLRankingClassificationGenerator.executeExperiment - 40001 ml_(pork)_classification inserted. 20240504/20241104
2025-12-03 22:33:15,847 [main] DEBUG c.p.b.e.MLRankingClassificationGenerator.executeExperiment - 40001 ml_(pork)_classification inserted. 20240505/20241104
2025-12-03 22:33:18,815 [main] DEBUG c.p.b.e.MLRankingClassificationGenerator.executeExperiment - 40001 ml_(pork)_classification inserted. 20240506/20241104
2025-12-03 22:33:21,567 [main] DEBUG c.p.b.e.MLRankingClassificationGenerator.executeExperiment - 40001 ml_(pork)_classification inserted. 20240507/20241104
2025-12-03 22:33:23,959 [main] DEBUG c.p.b.e.MLRankingClassificationGenerator.executeExperiment - 40001 ml_(pork)_classification inserted. 20240508/20241104
2025-12-03 22:33:26,392 [main] DEBUG c.p.b.e.MLRankingClassificationGenerator.executeExperiment - 40001 ml_(pork)_classification inserted. 20240509/20241104
2025-12-03 22:33:28,457 [main] DEBUG c.p.b.e.MLRankingClassificationGenerator.executeExperiment - 40001 ml_(pork)_classification inserted. 20240510/20241104
2025-12-03 22:33:30,497 [main] DEBUG c.p.b.e.MLRankingClassificationGenerator.executeExperiment - 40001 ml_(pork)_classification inserted. 20240511/20241104
2025-12-03 22:33:33,234 [main] DEBUG c.p.b.e.MLRankingClassificationGenerator.executeExperiment - 40001 ml_(pork)_classification inserted. 20240512/20241104
2025-12-03 22:33:35,610 [main] DEBUG c.p.b.e.MLRankingClassificationGenerator.executeExperiment - 40001 ml_(pork)_classification inserted. 20240513/20241104
2025-12-03 22:33:38,258 [main] DEBUG c.p.b.e.MLRankingClassificationGenerator.executeExperiment - 40001 ml_(pork)_classification inserted. 20240514/20241104
2025-12-03 22:33:40,635 [main] DEBUG c.p.b.e.MLRankingClassificationGenerator.executeExperiment - 40001 ml_(pork)_classification inserted. 20240515/20241104
2025-12-03 22:33:42,691 [main] DEBUG c.p.b.e.MLRankingClassificationGenerator.executeExperiment - 40001 ml_(pork)_classification inserted. 20240516/20241104
2025-12-03 22:33:45,119 [main] DEBUG c.p.b.e.MLRankingClassificationGenerator.executeExperiment - 40001 ml_(pork)_classification inserted. 20240517/20241104
2025-12-03 22:33:47,841 [main] DEBUG c.p.b.e.MLRankingClassificationGenerator.executeExperiment - 40001 ml_(pork)_classification inserted. 20240518/20241104
2025-12-03 22:33:50,717 [main] DEBUG c.p.b.e.MLRankingClassificationGenerator.executeExperiment - 40001 ml_(pork)_classification inserted. 20240519/20241104
2025-12-03 22:33:53,590 [main] DEBUG c.p.b.e.MLRankingClassificationGenerator.executeExperiment - 40001 ml_(pork)_classification inserted. 20240520/20241104
2025-12-03 22:33:56,333 [main] DEBUG c.p.b.e.MLRankingClassificationGenerator.executeExperiment - 40001 ml_(pork)_classification inserted. 20240521/20241104
2025-12-03 22:33:58,577 [main] DEBUG c.p.b.e.MLRankingClassificationGenerator.executeExperiment - 40001 ml_(pork)_classification inserted. 20240522/20241104
2025-12-03 22:34:00,774 [main] DEBUG c.p.b.e.MLRankingClassificationGenerator.executeExperiment - 40001 ml_(pork)_classification inserted. 20240523/20241104
2025-12-03 22:34:03,162 [main] DEBUG c.p.b.e.MLRankingClassificationGenerator.executeExperiment - 40001 ml_(pork)_classification inserted. 20240524/20241104
2025-12-03 22:34:05,895 [main] DEBUG c.p.b.e.MLRankingClassificationGenerator.executeExperiment - 40001 ml_(pork)_classification inserted. 20240525/20241104
2025-12-03 22:34:08,683 [main] DEBUG c.p.b.e.MLRankingClassificationGenerator.executeExperiment - 40001 ml_(pork)_classification inserted. 20240526/20241104
2025-12-03 22:34:11,070 [main] DEBUG c.p.b.e.MLRankingClassificationGenerator.executeExperiment - 40001 ml_(pork)_classification inserted. 20240527/20241104
2025-12-03 22:34:13,020 [main] DEBUG c.p.b.e.MLRankingClassificationGenerator.executeExperiment - 40001 ml_(pork)_classification inserted. 20240528/20241104
2025-12-03 22:34:15,454 [main] DEBUG c.p.b.e.MLRankingClassificationGenerator.executeExperiment - 40001 ml_(pork)_classification inserted. 20240529/20241104
2025-12-03 22:34:17,672 [main] DEBUG c.p.b.e.MLRankingClassificationGenerator.executeExperiment - 40001 ml_(pork)_classification inserted. 20240530/20241104
2025-12-03 22:34:19,644 [main] DEBUG c.p.b.e.MLRankingClassificationGenerator.executeExperiment - 40001 ml_(pork)_classification inserted. 20240531/20241104
2025-12-03 22:34:22,129 [main] DEBUG c.p.b.e.MLRankingClassificationGenerator.executeExperiment - 40001 ml_(pork)_classification inserted. 20240601/20241104
2025-12-03 22:34:25,312 [main] DEBUG c.p.b.e.MLRankingClassificationGenerator.executeExperiment - 40001 ml_(pork)_classification inserted. 20240602/20241104
2025-12-03 22:34:28,459 [main] DEBUG c.p.b.e.MLRankingClassificationGenerator.executeExperiment - 40001 ml_(pork)_classification inserted. 20240603/20241104
2025-12-03 22:34:31,985 [main] DEBUG c.p.b.e.MLRankingClassificationGenerator.executeExperiment - 40001 ml_(pork)_classification inserted. 20240604/20241104
2025-12-03 22:34:34,157 [main] DEBUG c.p.b.e.MLRankingClassificationGenerator.executeExperiment - 40001 ml_(pork)_classification inserted. 20240605/20241104
2025-12-03 22:34:36,561 [main] DEBUG c.p.b.e.MLRankingClassificationGenerator.executeExperiment - 40001 ml_(pork)_classification inserted. 20240606/20241104
2025-12-03 22:34:38,729 [main] DEBUG c.p.b.e.MLRankingClassificationGenerator.executeExperiment - 40001 ml_(pork)_classification inserted. 20240607/20241104
2025-12-03 22:34:40,913 [main] DEBUG c.p.b.e.MLRankingClassificationGenerator.executeExperiment - 40001 ml_(pork)_classification inserted. 20240608/20241104
2025-12-03 22:34:43,435 [main] DEBUG c.p.b.e.MLRankingClassificationGenerator.executeExperiment - 40001 ml_(pork)_classification inserted. 20240609/20241104
2025-12-03 22:34:45,824 [main] DEBUG c.p.b.e.MLRankingClassificationGenerator.executeExperiment - 40001 ml_(pork)_classification inserted. 20240610/20241104
2025-12-03 22:34:48,137 [main] DEBUG c.p.b.e.MLRankingClassificationGenerator.executeExperiment - 40001 ml_(pork)_classification inserted. 20240611/20241104
2025-12-03 22:34:50,167 [main] DEBUG c.p.b.e.MLRankingClassificationGenerator.executeExperiment - 40001 ml_(pork)_classification inserted. 20240612/20241104
2025-12-03 22:34:52,283 [main] DEBUG c.p.b.e.MLRankingClassificationGenerator.executeExperiment - 40001 ml_(pork)_classification inserted. 20240613/20241104
2025-12-03 22:34:55,261 [main] DEBUG c.p.b.e.MLRankingClassificationGenerator.executeExperiment - 40001 ml_(pork)_classification inserted. 20240614/20241104
2025-12-03 22:34:58,778 [main] DEBUG c.p.b.e.MLRankingClassificationGenerator.executeExperiment - 40001 ml_(pork)_classification inserted. 20240615/20241104
2025-12-03 22:35:01,858 [main] DEBUG c.p.b.e.MLRankingClassificationGenerator.executeExperiment - 40001 ml_(pork)_classification inserted. 20240616/20241104
2025-12-03 22:35:04,766 [main] DEBUG c.p.b.e.MLRankingClassificationGenerator.executeExperiment - 40001 ml_(pork)_classification inserted. 20240617/20241104
2025-12-03 22:35:07,624 [main] DEBUG c.p.b.e.MLRankingClassificationGenerator.executeExperiment - 40001 ml_(pork)_classification inserted. 20240618/20241104
2025-12-03 22:35:10,339 [main] DEBUG c.p.b.e.MLRankingClassificationGenerator.executeExperiment - 40001 ml_(pork)_classification inserted. 20240619/20241104
2025-12-03 22:35:13,198 [main] DEBUG c.p.b.e.MLRankingClassificationGenerator.executeExperiment - 40001 ml_(pork)_classification inserted. 20240620/20241104
2025-12-03 22:35:16,015 [main] DEBUG c.p.b.e.MLRankingClassificationGenerator.executeExperiment - 40001 ml_(pork)_classification inserted. 20240621/20241104
2025-12-03 22:35:19,084 [main] DEBUG c.p.b.e.MLRankingClassificationGenerator.executeExperiment - 40001 ml_(pork)_classification inserted. 20240622/20241104
2025-12-03 22:35:22,234 [main] DEBUG c.p.b.e.MLRankingClassificationGenerator.executeExperiment - 40001 ml_(pork)_classification inserted. 20240623/20241104
2025-12-03 22:35:24,510 [main] DEBUG c.p.b.e.MLRankingClassificationGenerator.executeExperiment - 40001 ml_(pork)_classification inserted. 20240624/20241104
2025-12-03 22:35:27,380 [main] DEBUG c.p.b.e.MLRankingClassificationGenerator.executeExperiment - 40001 ml_(pork)_classification inserted. 20240625/20241104
2025-12-03 22:35:30,101 [main] DEBUG c.p.b.e.MLRankingClassificationGenerator.executeExperiment - 40001 ml_(pork)_classification inserted. 20240626/20241104
2025-12-03 22:35:33,066 [main] DEBUG c.p.b.e.MLRankingClassificationGenerator.executeExperiment - 40001 ml_(pork)_classification inserted. 20240627/20241104
2025-12-03 22:35:35,597 [main] DEBUG c.p.b.e.MLRankingClassificationGenerator.executeExperiment - 40001 ml_(pork)_classification inserted. 20240628/20241104
2025-12-03 22:35:38,297 [main] DEBUG c.p.b.e.MLRankingClassificationGenerator.executeExperiment - 40001 ml_(pork)_classification inserted. 20240629/20241104
2025-12-03 22:35:41,014 [main] DEBUG c.p.b.e.MLRankingClassificationGenerator.executeExperiment - 40001 ml_(pork)_classification inserted. 20240630/20241104
2025-12-03 22:35:44,026 [main] DEBUG c.p.b.e.MLRankingClassificationGenerator.executeExperiment - 40001 ml_(pork)_classification inserted. 20240701/20241104
2025-12-03 22:35:46,587 [main] DEBUG c.p.b.e.MLRankingClassificationGenerator.executeExperiment - 40001 ml_(pork)_classification inserted. 20240702/20241104
2025-12-03 22:35:49,365 [main] DEBUG c.p.b.e.MLRankingClassificationGenerator.executeExperiment - 40001 ml_(pork)_classification inserted. 20240703/20241104
2025-12-03 22:35:52,164 [main] DEBUG c.p.b.e.MLRankingClassificationGenerator.executeExperiment - 40001 ml_(pork)_classification inserted. 20240704/20241104
2025-12-03 22:35:54,718 [main] DEBUG c.p.b.e.MLRankingClassificationGenerator.executeExperiment - 40001 ml_(pork)_classification inserted. 20240705/20241104
2025-12-03 22:35:57,189 [main] DEBUG c.p.b.e.MLRankingClassificationGenerator.executeExperiment - 40001 ml_(pork)_classification inserted. 20240706/20241104
2025-12-03 22:36:00,207 [main] DEBUG c.p.b.e.MLRankingClassificationGenerator.executeExperiment - 40001 ml_(pork)_classification inserted. 20240707/20241104
2025-12-03 22:36:02,435 [main] DEBUG c.p.b.e.MLRankingClassificationGenerator.executeExperiment - 40001 ml_(pork)_classification inserted. 20240708/20241104
2025-12-03 22:36:04,790 [main] DEBUG c.p.b.e.MLRankingClassificationGenerator.executeExperiment - 40001 ml_(pork)_classification inserted. 20240709/20241104
2025-12-03 22:36:07,554 [main] DEBUG c.p.b.e.MLRankingClassificationGenerator.executeExperiment - 40001 ml_(pork)_classification inserted. 20240710/20241104
2025-12-03 22:36:09,983 [main] DEBUG c.p.b.e.MLRankingClassificationGenerator.executeExperiment - 40001 ml_(pork)_classification inserted. 20240711/20241104
2025-12-03 22:36:12,266 [main] DEBUG c.p.b.e.MLRankingClassificationGenerator.executeExperiment - 40001 ml_(pork)_classification inserted. 20240712/20241104
2025-12-03 22:36:15,117 [main] DEBUG c.p.b.e.MLRankingClassificationGenerator.executeExperiment - 40001 ml_(pork)_classification inserted. 20240713/20241104
2025-12-03 22:36:18,262 [main] DEBUG c.p.b.e.MLRankingClassificationGenerator.executeExperiment - 40001 ml_(pork)_classification inserted. 20240714/20241104
2025-12-03 22:36:21,272 [main] DEBUG c.p.b.e.MLRankingClassificationGenerator.executeExperiment - 40001 ml_(pork)_classification inserted. 20240715/20241104
2025-12-03 22:36:24,146 [main] DEBUG c.p.b.e.MLRankingClassificationGenerator.executeExperiment - 40001 ml_(pork)_classification inserted. 20240716/20241104
2025-12-03 22:36:27,108 [main] DEBUG c.p.b.e.MLRankingClassificationGenerator.executeExperiment - 40001 ml_(pork)_classification inserted. 20240717/20241104
2025-12-03 22:36:31,405 [main] DEBUG c.p.b.e.MLRankingClassificationGenerator.executeExperiment - 40001 ml_(pork)_classification inserted. 20240718/20241104
2025-12-03 22:36:33,969 [main] DEBUG c.p.b.e.MLRankingClassificationGenerator.executeExperiment - 40001 ml_(pork)_classification inserted. 20240719/20241104
2025-12-03 22:36:36,807 [main] DEBUG c.p.b.e.MLRankingClassificationGenerator.executeExperiment - 40001 ml_(pork)_classification inserted. 20240720/20241104
2025-12-03 22:36:39,139 [main] DEBUG c.p.b.e.MLRankingClassificationGenerator.executeExperiment - 40001 ml_(pork)_classification inserted. 20240721/20241104
2025-12-03 22:36:41,112 [main] DEBUG c.p.b.e.MLRankingClassificationGenerator.executeExperiment - 40001 ml_(pork)_classification inserted. 20240722/20241104
2025-12-03 22:36:43,103 [main] DEBUG c.p.b.e.MLRankingClassificationGenerator.executeExperiment - 40001 ml_(pork)_classification inserted. 20240723/20241104
2025-12-03 22:36:45,462 [main] DEBUG c.p.b.e.MLRankingClassificationGenerator.executeExperiment - 40001 ml_(pork)_classification inserted. 20240724/20241104
2025-12-03 22:36:48,075 [main] DEBUG c.p.b.e.MLRankingClassificationGenerator.executeExperiment - 40001 ml_(pork)_classification inserted. 20240725/20241104
2025-12-03 22:36:50,856 [main] DEBUG c.p.b.e.MLRankingClassificationGenerator.executeExperiment - 40001 ml_(pork)_classification inserted. 20240726/20241104
2025-12-03 22:36:53,632 [main] DEBUG c.p.b.e.MLRankingClassificationGenerator.executeExperiment - 40001 ml_(pork)_classification inserted. 20240727/20241104
2025-12-03 22:36:56,050 [main] DEBUG c.p.b.e.MLRankingClassificationGenerator.executeExperiment - 40001 ml_(pork)_classification inserted. 20240728/20241104
2025-12-03 22:36:58,510 [main] DEBUG c.p.b.e.MLRankingClassificationGenerator.executeExperiment - 40001 ml_(pork)_classification inserted. 20240729/20241104
2025-12-03 22:37:01,006 [main] DEBUG c.p.b.e.MLRankingClassificationGenerator.executeExperiment - 40001 ml_(pork)_classification inserted. 20240730/20241104
2025-12-03 22:37:03,247 [main] DEBUG c.p.b.e.MLRankingClassificationGenerator.executeExperiment - 40001 ml_(pork)_classification inserted. 20240731/20241104
2025-12-03 22:37:05,876 [main] DEBUG c.p.b.e.MLRankingClassificationGenerator.executeExperiment - 40001 ml_(pork)_classification inserted. 20240801/20241104
2025-12-03 22:37:08,724 [main] DEBUG c.p.b.e.MLRankingClassificationGenerator.executeExperiment - 40001 ml_(pork)_classification inserted. 20240802/20241104
2025-12-03 22:37:11,800 [main] DEBUG c.p.b.e.MLRankingClassificationGenerator.executeExperiment - 40001 ml_(pork)_classification inserted. 20240803/20241104
2025-12-03 22:37:14,757 [main] DEBUG c.p.b.e.MLRankingClassificationGenerator.executeExperiment - 40001 ml_(pork)_classification inserted. 20240804/20241104
2025-12-03 22:37:17,215 [main] DEBUG c.p.b.e.MLRankingClassificationGenerator.executeExperiment - 40001 ml_(pork)_classification inserted. 20240805/20241104
2025-12-03 22:37:19,998 [main] DEBUG c.p.b.e.MLRankingClassificationGenerator.executeExperiment - 40001 ml_(pork)_classification inserted. 20240806/20241104
2025-12-03 22:37:22,369 [main] DEBUG c.p.b.e.MLRankingClassificationGenerator.executeExperiment - 40001 ml_(pork)_classification inserted. 20240807/20241104
2025-12-03 22:37:24,554 [main] DEBUG c.p.b.e.MLRankingClassificationGenerator.executeExperiment - 40001 ml_(pork)_classification inserted. 20240808/20241104
2025-12-03 22:37:26,788 [main] DEBUG c.p.b.e.MLRankingClassificationGenerator.executeExperiment - 40001 ml_(pork)_classification inserted. 20240809/20241104
2025-12-03 22:37:29,359 [main] DEBUG c.p.b.e.MLRankingClassificationGenerator.executeExperiment - 40001 ml_(pork)_classification inserted. 20240810/20241104
2025-12-03 22:37:32,570 [main] DEBUG c.p.b.e.MLRankingClassificationGenerator.executeExperiment - 40001 ml_(pork)_classification inserted. 20240811/20241104
2025-12-03 22:37:35,457 [main] DEBUG c.p.b.e.MLRankingClassificationGenerator.executeExperiment - 40001 ml_(pork)_classification inserted. 20240812/20241104
2025-12-03 22:37:38,701 [main] DEBUG c.p.b.e.MLRankingClassificationGenerator.executeExperiment - 40001 ml_(pork)_classification inserted. 20240813/20241104
2025-12-03 22:37:41,774 [main] DEBUG c.p.b.e.MLRankingClassificationGenerator.executeExperiment - 40001 ml_(pork)_classification inserted. 20240814/20241104
2025-12-03 22:37:45,130 [main] DEBUG c.p.b.e.MLRankingClassificationGenerator.executeExperiment - 40001 ml_(pork)_classification inserted. 20240815/20241104
2025-12-03 22:37:47,284 [main] DEBUG c.p.b.e.MLRankingClassificationGenerator.executeExperiment - 40001 ml_(pork)_classification inserted. 20240816/20241104
2025-12-03 22:37:50,320 [main] DEBUG c.p.b.e.MLRankingClassificationGenerator.executeExperiment - 40001 ml_(pork)_classification inserted. 20240817/20241104
2025-12-03 22:37:53,021 [main] DEBUG c.p.b.e.MLRankingClassificationGenerator.executeExperiment - 40001 ml_(pork)_classification inserted. 20240818/20241104
2025-12-03 22:37:55,758 [main] DEBUG c.p.b.e.MLRankingClassificationGenerator.executeExperiment - 40001 ml_(pork)_classification inserted. 20240819/20241104
2025-12-03 22:37:58,763 [main] DEBUG c.p.b.e.MLRankingClassificationGenerator.executeExperiment - 40001 ml_(pork)_classification inserted. 20240820/20241104
2025-12-03 22:38:01,527 [main] DEBUG c.p.b.e.MLRankingClassificationGenerator.executeExperiment - 40001 ml_(pork)_classification inserted. 20240821/20241104
2025-12-03 22:38:04,218 [main] DEBUG c.p.b.e.MLRankingClassificationGenerator.executeExperiment - 40001 ml_(pork)_classification inserted. 20240822/20241104
2025-12-03 22:38:06,432 [main] DEBUG c.p.b.e.MLRankingClassificationGenerator.executeExperiment - 40001 ml_(pork)_classification inserted. 20240823/20241104
2025-12-03 22:38:08,666 [main] DEBUG c.p.b.e.MLRankingClassificationGenerator.executeExperiment - 40001 ml_(pork)_classification inserted. 20240824/20241104
2025-12-03 22:38:11,239 [main] DEBUG c.p.b.e.MLRankingClassificationGenerator.executeExperiment - 40001 ml_(pork)_classification inserted. 20240825/20241104
2025-12-03 22:38:13,742 [main] DEBUG c.p.b.e.MLRankingClassificationGenerator.executeExperiment - 40001 ml_(pork)_classification inserted. 20240826/20241104
2025-12-03 22:38:15,923 [main] DEBUG c.p.b.e.MLRankingClassificationGenerator.executeExperiment - 40001 ml_(pork)_classification inserted. 20240827/20241104
2025-12-03 22:38:18,156 [main] DEBUG c.p.b.e.MLRankingClassificationGenerator.executeExperiment - 40001 ml_(pork)_classification inserted. 20240828/20241104
2025-12-03 22:38:19,718 [main] DEBUG c.p.b.e.MLRankingClassificationGenerator.executeExperiment - 40001 ml_(pork)_classification inserted. 20240829/20241104
2025-12-03 22:38:21,354 [main] DEBUG c.p.b.e.MLRankingClassificationGenerator.executeExperiment - 40001 ml_(pork)_classification inserted. 20240830/20241104
2025-12-03 22:38:23,224 [main] DEBUG c.p.b.e.MLRankingClassificationGenerator.executeExperiment - 40001 ml_(pork)_classification inserted. 20240831/20241104
2025-12-03 22:38:25,363 [main] DEBUG c.p.b.e.MLRankingClassificationGenerator.executeExperiment - 40001 ml_(pork)_classification inserted. 20240901/20241104
2025-12-03 22:38:27,392 [main] DEBUG c.p.b.e.MLRankingClassificationGenerator.executeExperiment - 40001 ml_(pork)_classification inserted. 20240902/20241104
2025-12-03 22:38:29,423 [main] DEBUG c.p.b.e.MLRankingClassificationGenerator.executeExperiment - 40001 ml_(pork)_classification inserted. 20240903/20241104
2025-12-03 22:38:31,483 [main] DEBUG c.p.b.e.MLRankingClassificationGenerator.executeExperiment - 40001 ml_(pork)_classification inserted. 20240904/20241104
2025-12-03 22:38:33,681 [main] DEBUG c.p.b.e.MLRankingClassificationGenerator.executeExperiment - 40001 ml_(pork)_classification inserted. 20240905/20241104
2025-12-03 22:38:36,277 [main] DEBUG c.p.b.e.MLRankingClassificationGenerator.executeExperiment - 40001 ml_(pork)_classification inserted. 20240906/20241104
2025-12-03 22:38:38,901 [main] DEBUG c.p.b.e.MLRankingClassificationGenerator.executeExperiment - 40001 ml_(pork)_classification inserted. 20240907/20241104
2025-12-03 22:38:41,287 [main] DEBUG c.p.b.e.MLRankingClassificationGenerator.executeExperiment - 40001 ml_(pork)_classification inserted. 20240908/20241104
2025-12-03 22:38:43,529 [main] DEBUG c.p.b.e.MLRankingClassificationGenerator.executeExperiment - 40001 ml_(pork)_classification inserted. 20240909/20241104
2025-12-03 22:38:45,744 [main] DEBUG c.p.b.e.MLRankingClassificationGenerator.executeExperiment - 40001 ml_(pork)_classification inserted. 20240910/20241104
2025-12-03 22:38:48,475 [main] DEBUG c.p.b.e.MLRankingClassificationGenerator.executeExperiment - 40001 ml_(pork)_classification inserted. 20240911/20241104
2025-12-03 22:38:51,004 [main] DEBUG c.p.b.e.MLRankingClassificationGenerator.executeExperiment - 40001 ml_(pork)_classification inserted. 20240912/20241104
2025-12-03 22:38:53,019 [main] DEBUG c.p.b.e.MLRankingClassificationGenerator.executeExperiment - 40001 ml_(pork)_classification inserted. 20240913/20241104
2025-12-03 22:38:55,235 [main] DEBUG c.p.b.e.MLRankingClassificationGenerator.executeExperiment - 40001 ml_(pork)_classification inserted. 20240914/20241104
2025-12-03 22:38:57,589 [main] DEBUG c.p.b.e.MLRankingClassificationGenerator.executeExperiment - 40001 ml_(pork)_classification inserted. 20240915/20241104
2025-12-03 22:38:59,864 [main] DEBUG c.p.b.e.MLRankingClassificationGenerator.executeExperiment - 40001 ml_(pork)_classification inserted. 20240916/20241104
2025-12-03 22:39:02,338 [main] DEBUG c.p.b.e.MLRankingClassificationGenerator.executeExperiment - 40001 ml_(pork)_classification inserted. 20240917/20241104
2025-12-03 22:39:04,692 [main] DEBUG c.p.b.e.MLRankingClassificationGenerator.executeExperiment - 40001 ml_(pork)_classification inserted. 20240918/20241104
2025-12-03 22:39:06,695 [main] DEBUG c.p.b.e.MLRankingClassificationGenerator.executeExperiment - 40001 ml_(pork)_classification inserted. 20240919/20241104
2025-12-03 22:39:08,616 [main] DEBUG c.p.b.e.MLRankingClassificationGenerator.executeExperiment - 40001 ml_(pork)_classification inserted. 20240920/20241104
2025-12-03 22:39:10,724 [main] DEBUG c.p.b.e.MLRankingClassificationGenerator.executeExperiment - 40001 ml_(pork)_classification inserted. 20240921/20241104
2025-12-03 22:39:12,581 [main] DEBUG c.p.b.e.MLRankingClassificationGenerator.executeExperiment - 40001 ml_(pork)_classification inserted. 20240922/20241104
2025-12-03 22:39:15,171 [main] DEBUG c.p.b.e.MLRankingClassificationGenerator.executeExperiment - 40001 ml_(pork)_classification inserted. 20240923/20241104
2025-12-03 22:39:17,952 [main] DEBUG c.p.b.e.MLRankingClassificationGenerator.executeExperiment - 40001 ml_(pork)_classification inserted. 20240924/20241104
2025-12-03 22:39:20,559 [main] DEBUG c.p.b.e.MLRankingClassificationGenerator.executeExperiment - 40001 ml_(pork)_classification inserted. 20240925/20241104
2025-12-03 22:39:22,720 [main] DEBUG c.p.b.e.MLRankingClassificationGenerator.executeExperiment - 40001 ml_(pork)_classification inserted. 20240926/20241104
2025-12-03 22:39:24,746 [main] DEBUG c.p.b.e.MLRankingClassificationGenerator.executeExperiment - 40001 ml_(pork)_classification inserted. 20240927/20241104
2025-12-03 22:39:27,181 [main] DEBUG c.p.b.e.MLRankingClassificationGenerator.executeExperiment - 40001 ml_(pork)_classification inserted. 20240928/20241104
2025-12-03 22:39:29,413 [main] DEBUG c.p.b.e.MLRankingClassificationGenerator.executeExperiment - 40001 ml_(pork)_classification inserted. 20240929/20241104
2025-12-03 22:39:31,534 [main] DEBUG c.p.b.e.MLRankingClassificationGenerator.executeExperiment - 40001 ml_(pork)_classification inserted. 20240930/20241104
2025-12-03 22:39:33,277 [main] DEBUG c.p.b.e.MLRankingClassificationGenerator.executeExperiment - 40001 ml_(pork)_classification inserted. 20241001/20241104
2025-12-03 22:39:35,245 [main] DEBUG c.p.b.e.MLRankingClassificationGenerator.executeExperiment - 40001 ml_(pork)_classification inserted. 20241002/20241104
2025-12-03 22:39:37,494 [main] DEBUG c.p.b.e.MLRankingClassificationGenerator.executeExperiment - 40001 ml_(pork)_classification inserted. 20241003/20241104
2025-12-03 22:39:39,594 [main] DEBUG c.p.b.e.MLRankingClassificationGenerator.executeExperiment - 40001 ml_(pork)_classification inserted. 20241004/20241104
2025-12-03 22:39:41,718 [main] DEBUG c.p.b.e.MLRankingClassificationGenerator.executeExperiment - 40001 ml_(pork)_classification inserted. 20241005/20241104
2025-12-03 22:39:43,815 [main] DEBUG c.p.b.e.MLRankingClassificationGenerator.executeExperiment - 40001 ml_(pork)_classification inserted. 20241006/20241104
2025-12-03 22:39:45,797 [main] DEBUG c.p.b.e.MLRankingClassificationGenerator.executeExperiment - 40001 ml_(pork)_classification inserted. 20241007/20241104
2025-12-03 22:39:47,897 [main] DEBUG c.p.b.e.MLRankingClassificationGenerator.executeExperiment - 40001 ml_(pork)_classification inserted. 20241008/20241104
2025-12-03 22:39:50,000 [main] DEBUG c.p.b.e.MLRankingClassificationGenerator.executeExperiment - 40001 ml_(pork)_classification inserted. 20241009/20241104
2025-12-03 22:39:51,884 [main] DEBUG c.p.b.e.MLRankingClassificationGenerator.executeExperiment - 40001 ml_(pork)_classification inserted. 20241010/20241104
2025-12-03 22:39:53,939 [main] DEBUG c.p.b.e.MLRankingClassificationGenerator.executeExperiment - 40001 ml_(pork)_classification inserted. 20241011/20241104
2025-12-03 22:39:56,549 [main] DEBUG c.p.b.e.MLRankingClassificationGenerator.executeExperiment - 40001 ml_(pork)_classification inserted. 20241012/20241104
2025-12-03 22:39:59,372 [main] DEBUG c.p.b.e.MLRankingClassificationGenerator.executeExperiment - 40001 ml_(pork)_classification inserted. 20241013/20241104
2025-12-03 22:40:02,132 [main] DEBUG c.p.b.e.MLRankingClassificationGenerator.executeExperiment - 40001 ml_(pork)_classification inserted. 20241014/20241104
2025-12-03 22:40:04,519 [main] DEBUG c.p.b.e.MLRankingClassificationGenerator.executeExperiment - 40001 ml_(pork)_classification inserted. 20241015/20241104
2025-12-03 22:40:06,784 [main] DEBUG c.p.b.e.MLRankingClassificationGenerator.executeExperiment - 40001 ml_(pork)_classification inserted. 20241016/20241104
2025-12-03 22:40:08,965 [main] DEBUG c.p.b.e.MLRankingClassificationGenerator.executeExperiment - 40001 ml_(pork)_classification inserted. 20241017/20241104
2025-12-03 22:40:10,602 [main] DEBUG c.p.b.e.MLRankingClassificationGenerator.executeExperiment - 40001 ml_(pork)_classification inserted. 20241018/20241104
2025-12-03 22:40:12,228 [main] DEBUG c.p.b.e.MLRankingClassificationGenerator.executeExperiment - 40001 ml_(pork)_classification inserted. 20241019/20241104
2025-12-03 22:40:14,298 [main] DEBUG c.p.b.e.MLRankingClassificationGenerator.executeExperiment - 40001 ml_(pork)_classification inserted. 20241020/20241104
2025-12-03 22:40:16,321 [main] DEBUG c.p.b.e.MLRankingClassificationGenerator.executeExperiment - 40001 ml_(pork)_classification inserted. 20241021/20241104
2025-12-03 22:40:18,399 [main] DEBUG c.p.b.e.MLRankingClassificationGenerator.executeExperiment - 40001 ml_(pork)_classification inserted. 20241022/20241104
2025-12-03 22:40:20,542 [main] DEBUG c.p.b.e.MLRankingClassificationGenerator.executeExperiment - 40001 ml_(pork)_classification inserted. 20241023/20241104
2025-12-03 22:40:22,551 [main] DEBUG c.p.b.e.MLRankingClassificationGenerator.executeExperiment - 40001 ml_(pork)_classification inserted. 20241024/20241104
2025-12-03 22:40:24,929 [main] DEBUG c.p.b.e.MLRankingClassificationGenerator.executeExperiment - 40001 ml_(pork)_classification inserted. 20241025/20241104
2025-12-03 22:40:27,906 [main] DEBUG c.p.b.e.MLRankingClassificationGenerator.executeExperiment - 40001 ml_(pork)_classification inserted. 20241026/20241104
2025-12-03 22:40:30,702 [main] DEBUG c.p.b.e.MLRankingClassificationGenerator.executeExperiment - 40001 ml_(pork)_classification inserted. 20241027/20241104
2025-12-03 22:40:33,505 [main] DEBUG c.p.b.e.MLRankingClassificationGenerator.executeExperiment - 40001 ml_(pork)_classification inserted. 20241028/20241104
2025-12-03 22:40:36,074 [main] DEBUG c.p.b.e.MLRankingClassificationGenerator.executeExperiment - 40001 ml_(pork)_classification inserted. 20241029/20241104
2025-12-03 22:40:38,120 [main] DEBUG c.p.b.e.MLRankingClassificationGenerator.executeExperiment - 40001 ml_(pork)_classification inserted. 20241030/20241104
2025-12-03 22:40:40,341 [main] DEBUG c.p.b.e.MLRankingClassificationGenerator.executeExperiment - 40001 ml_(pork)_classification inserted. 20241031/20241104
2025-12-03 22:40:41,992 [main] DEBUG c.p.b.e.MLRankingClassificationGenerator.executeExperiment - 40001 ml_(pork)_classification inserted. 20241101/20241104
2025-12-03 22:40:43,452 [main] DEBUG c.p.b.e.MLRankingClassificationGenerator.executeExperiment - 40001 ml_(pork)_classification inserted. 20241102/20241104
2025-12-03 22:40:45,290 [main] DEBUG c.p.b.e.MLRankingClassificationGenerator.executeExperiment - 40001 ml_(pork)_classification inserted. 20241103/20241104
2025-12-03 22:40:47,161 [main] DEBUG c.p.b.e.MLRankingClassificationGenerator.executeExperiment - 40001 ml_(pork)_classification inserted. 20241104/20241104
2025-12-03 22:40:47,165 [WebSocketConnectReadThread-14] DEBUG c.p.b.e.r.c.BoatWebSocketClient.onClose - closed with exit code 1000 additional info: 
2025-12-03 23:14:26,523 [main] ERROR c.p.b.e.MLResultGenerator.execute - experiment 275 is failed.
java.lang.ClassCastException: class com.pengkong.boatrace.exp10.result.RCDefault cannot be cast to class com.pengkong.boatrace.exp10.result.AbstractResultCreatorExp (com.pengkong.boatrace.exp10.result.RCDefault and com.pengkong.boatrace.exp10.result.AbstractResultCreatorExp are in unnamed module of loader 'app')
	at com.pengkong.boatrace.exp10.MLResultGeneratorExp.setupResultCreator(MLResultGeneratorExp.java:135)
	at com.pengkong.boatrace.exp10.MLResultGeneratorExp.executeExperiment(MLResultGeneratorExp.java:144)
	at com.pengkong.boatrace.exp10.MLResultGeneratorExp.execute(MLResultGeneratorExp.java:121)
	at com.pengkong.boatrace.exp10.MLResultGeneratorExp.main(MLResultGeneratorExp.java:453)
2025-12-03 23:16:36,769 [main] INFO  c.p.b.u.DatabaseUtil.open - open targetDb: mybatis-config.0.xml
2025-12-03 23:16:39,603 [main] DEBUG c.p.b.e.MLResultGenerator.executeExperiment - db data retrieved. 20210604~20220603
2025-12-03 23:16:39,604 [main] INFO  c.p.b.u.DatabaseUtil.open - open targetDb: mybatis-config.0.xml
2025-12-03 23:16:40,935 [main] DEBUG c.p.b.e.MLResultGenerator.executeExperiment - 275 processed... 20210604/20220603
2025-12-03 23:16:41,704 [main] DEBUG c.p.b.e.MLResultGenerator.executeExperiment - 275 processed... 20210605/20220603
2025-12-03 23:16:42,353 [main] DEBUG c.p.b.e.MLResultGenerator.executeExperiment - 275 processed... 20210606/20220603
2025-12-03 23:16:42,933 [main] DEBUG c.p.b.e.MLResultGenerator.executeExperiment - 275 processed... 20210607/20220603
2025-12-03 23:16:43,564 [main] DEBUG c.p.b.e.MLResultGenerator.executeExperiment - 275 processed... 20210608/20220603
2025-12-03 23:16:44,435 [main] DEBUG c.p.b.e.MLResultGenerator.executeExperiment - 275 processed... 20210609/20220603
2025-12-03 23:16:45,319 [main] DEBUG c.p.b.e.MLResultGenerator.executeExperiment - 275 processed... 20210610/20220603
2025-12-03 23:16:46,056 [main] DEBUG c.p.b.e.MLResultGenerator.executeExperiment - 275 processed... 20210611/20220603
2025-12-03 23:16:46,643 [main] DEBUG c.p.b.e.MLResultGenerator.executeExperiment - 275 processed... 20210612/20220603
2025-12-03 23:16:47,293 [main] DEBUG c.p.b.e.MLResultGenerator.executeExperiment - 275 processed... 20210613/20220603
2025-12-03 23:16:47,860 [main] DEBUG c.p.b.e.MLResultGenerator.executeExperiment - 275 processed... 20210614/20220603
2025-12-03 23:16:48,755 [main] DEBUG c.p.b.e.MLResultGenerator.executeExperiment - 275 processed... 20210615/20220603
2025-12-03 23:16:49,582 [main] DEBUG c.p.b.e.MLResultGenerator.executeExperiment - 275 processed... 20210616/20220603
2025-12-03 23:16:50,430 [main] DEBUG c.p.b.e.MLResultGenerator.executeExperiment - 275 processed... 20210617/20220603
2025-12-03 23:16:51,199 [main] DEBUG c.p.b.e.MLResultGenerator.executeExperiment - 275 processed... 20210618/20220603
2025-12-03 23:16:51,789 [main] DEBUG c.p.b.e.MLResultGenerator.executeExperiment - 275 processed... 20210619/20220603
2025-12-03 23:16:52,338 [main] DEBUG c.p.b.e.MLResultGenerator.executeExperiment - 275 processed... 20210620/20220603
2025-12-03 23:16:52,889 [main] DEBUG c.p.b.e.MLResultGenerator.executeExperiment - 275 processed... 20210621/20220603
2025-12-03 23:16:53,478 [main] DEBUG c.p.b.e.MLResultGenerator.executeExperiment - 275 processed... 20210622/20220603
2025-12-03 23:16:54,027 [main] DEBUG c.p.b.e.MLResultGenerator.executeExperiment - 275 processed... 20210623/20220603
2025-12-03 23:16:54,572 [main] DEBUG c.p.b.e.MLResultGenerator.executeExperiment - 275 processed... 20210624/20220603
2025-12-03 23:16:55,100 [main] DEBUG c.p.b.e.MLResultGenerator.executeExperiment - 275 processed... 20210625/20220603
2025-12-03 23:16:55,618 [main] DEBUG c.p.b.e.MLResultGenerator.executeExperiment - 275 processed... 20210626/20220603
2025-12-03 23:16:56,195 [main] DEBUG c.p.b.e.MLResultGenerator.executeExperiment - 275 processed... 20210627/20220603
2025-12-03 23:16:56,715 [main] DEBUG c.p.b.e.MLResultGenerator.executeExperiment - 275 processed... 20210628/20220603
2025-12-03 23:16:57,222 [main] DEBUG c.p.b.e.MLResultGenerator.executeExperiment - 275 processed... 20210629/20220603
2025-12-03 23:16:57,723 [main] DEBUG c.p.b.e.MLResultGenerator.executeExperiment - 275 processed... 20210630/20220603
2025-12-03 23:16:58,228 [main] DEBUG c.p.b.e.MLResultGenerator.executeExperiment - 275 processed... 20210701/20220603
2025-12-03 23:16:58,820 [main] DEBUG c.p.b.e.MLResultGenerator.executeExperiment - 275 processed... 20210702/20220603
2025-12-03 23:16:59,411 [main] DEBUG c.p.b.e.MLResultGenerator.executeExperiment - 275 processed... 20210703/20220603
2025-12-03 23:17:00,086 [main] DEBUG c.p.b.e.MLResultGenerator.executeExperiment - 275 processed... 20210704/20220603
2025-12-03 23:17:00,667 [main] DEBUG c.p.b.e.MLResultGenerator.executeExperiment - 275 processed... 20210705/20220603
2025-12-03 23:17:01,206 [main] DEBUG c.p.b.e.MLResultGenerator.executeExperiment - 275 processed... 20210706/20220603
2025-12-03 23:17:01,754 [main] DEBUG c.p.b.e.MLResultGenerator.executeExperiment - 275 processed... 20210707/20220603
2025-12-03 23:17:02,293 [main] DEBUG c.p.b.e.MLResultGenerator.executeExperiment - 275 processed... 20210708/20220603
2025-12-03 23:17:02,801 [main] DEBUG c.p.b.e.MLResultGenerator.executeExperiment - 275 processed... 20210709/20220603
2025-12-03 23:17:03,249 [main] DEBUG c.p.b.e.MLResultGenerator.executeExperiment - 275 processed... 20210710/20220603
2025-12-03 23:17:03,705 [main] DEBUG c.p.b.e.MLResultGenerator.executeExperiment - 275 processed... 20210711/20220603
2025-12-03 23:17:04,204 [main] DEBUG c.p.b.e.MLResultGenerator.executeExperiment - 275 processed... 20210712/20220603
2025-12-03 23:17:04,707 [main] DEBUG c.p.b.e.MLResultGenerator.executeExperiment - 275 processed... 20210713/20220603
2025-12-03 23:17:05,163 [main] DEBUG c.p.b.e.MLResultGenerator.executeExperiment - 275 processed... 20210714/20220603
2025-12-03 23:17:05,771 [main] DEBUG c.p.b.e.MLResultGenerator.executeExperiment - 275 processed... 20210715/20220603
2025-12-03 23:17:06,252 [main] DEBUG c.p.b.e.MLResultGenerator.executeExperiment - 275 processed... 20210716/20220603
2025-12-03 23:17:06,885 [main] DEBUG c.p.b.e.MLResultGenerator.executeExperiment - 275 processed... 20210717/20220603
2025-12-03 23:17:07,470 [main] DEBUG c.p.b.e.MLResultGenerator.executeExperiment - 275 processed... 20210718/20220603
2025-12-03 23:17:07,970 [main] DEBUG c.p.b.e.MLResultGenerator.executeExperiment - 275 processed... 20210719/20220603
2025-12-03 23:17:08,461 [main] DEBUG c.p.b.e.MLResultGenerator.executeExperiment - 275 processed... 20210720/20220603
2025-12-03 23:17:09,008 [main] DEBUG c.p.b.e.MLResultGenerator.executeExperiment - 275 processed... 20210721/20220603
2025-12-03 23:17:09,663 [main] DEBUG c.p.b.e.MLResultGenerator.executeExperiment - 275 processed... 20210722/20220603
2025-12-03 23:17:10,316 [main] DEBUG c.p.b.e.MLResultGenerator.executeExperiment - 275 processed... 20210723/20220603
2025-12-03 23:17:10,953 [main] DEBUG c.p.b.e.MLResultGenerator.executeExperiment - 275 processed... 20210724/20220603
2025-12-03 23:17:11,582 [main] DEBUG c.p.b.e.MLResultGenerator.executeExperiment - 275 processed... 20210725/20220603
2025-12-03 23:17:12,189 [main] DEBUG c.p.b.e.MLResultGenerator.executeExperiment - 275 processed... 20210726/20220603
2025-12-03 23:17:12,805 [main] DEBUG c.p.b.e.MLResultGenerator.executeExperiment - 275 processed... 20210727/20220603
2025-12-03 23:17:13,230 [main] DEBUG c.p.b.e.MLResultGenerator.executeExperiment - 275 processed... 20210728/20220603
2025-12-03 23:17:13,743 [main] DEBUG c.p.b.e.MLResultGenerator.executeExperiment - 275 processed... 20210729/20220603
2025-12-03 23:17:14,312 [main] DEBUG c.p.b.e.MLResultGenerator.executeExperiment - 275 processed... 20210730/20220603
2025-12-03 23:17:14,866 [main] DEBUG c.p.b.e.MLResultGenerator.executeExperiment - 275 processed... 20210731/20220603
2025-12-03 23:17:15,451 [main] DEBUG c.p.b.e.MLResultGenerator.executeExperiment - 275 processed... 20210801/20220603
2025-12-03 23:17:16,027 [main] DEBUG c.p.b.e.MLResultGenerator.executeExperiment - 275 processed... 20210802/20220603
2025-12-03 23:17:16,580 [main] DEBUG c.p.b.e.MLResultGenerator.executeExperiment - 275 processed... 20210803/20220603
2025-12-03 23:17:17,038 [main] DEBUG c.p.b.e.MLResultGenerator.executeExperiment - 275 processed... 20210804/20220603
2025-12-03 23:17:17,576 [main] DEBUG c.p.b.e.MLResultGenerator.executeExperiment - 275 processed... 20210805/20220603
2025-12-03 23:17:18,127 [main] DEBUG c.p.b.e.MLResultGenerator.executeExperiment - 275 processed... 20210806/20220603
2025-12-03 23:17:18,693 [main] DEBUG c.p.b.e.MLResultGenerator.executeExperiment - 275 processed... 20210807/20220603
2025-12-03 23:17:19,278 [main] DEBUG c.p.b.e.MLResultGenerator.executeExperiment - 275 processed... 20210808/20220603
2025-12-03 23:17:19,823 [main] DEBUG c.p.b.e.MLResultGenerator.executeExperiment - 275 processed... 20210809/20220603
2025-12-03 23:17:20,432 [main] DEBUG c.p.b.e.MLResultGenerator.executeExperiment - 275 processed... 20210810/20220603
2025-12-03 23:17:21,000 [main] DEBUG c.p.b.e.MLResultGenerator.executeExperiment - 275 processed... 20210811/20220603
2025-12-03 23:17:21,636 [main] DEBUG c.p.b.e.MLResultGenerator.executeExperiment - 275 processed... 20210812/20220603
2025-12-03 23:17:22,288 [main] DEBUG c.p.b.e.MLResultGenerator.executeExperiment - 275 processed... 20210813/20220603
2025-12-03 23:17:22,941 [main] DEBUG c.p.b.e.MLResultGenerator.executeExperiment - 275 processed... 20210814/20220603
2025-12-03 23:17:23,636 [main] DEBUG c.p.b.e.MLResultGenerator.executeExperiment - 275 processed... 20210815/20220603
2025-12-03 23:17:24,275 [main] DEBUG c.p.b.e.MLResultGenerator.executeExperiment - 275 processed... 20210816/20220603
2025-12-03 23:17:24,826 [main] DEBUG c.p.b.e.MLResultGenerator.executeExperiment - 275 processed... 20210817/20220603
2025-12-03 23:17:25,306 [main] DEBUG c.p.b.e.MLResultGenerator.executeExperiment - 275 processed... 20210818/20220603
2025-12-03 23:17:25,883 [main] DEBUG c.p.b.e.MLResultGenerator.executeExperiment - 275 processed... 20210819/20220603
2025-12-03 23:17:26,429 [main] DEBUG c.p.b.e.MLResultGenerator.executeExperiment - 275 processed... 20210820/20220603
2025-12-03 23:17:26,973 [main] DEBUG c.p.b.e.MLResultGenerator.executeExperiment - 275 processed... 20210821/20220603
2025-12-03 23:17:27,613 [main] DEBUG c.p.b.e.MLResultGenerator.executeExperiment - 275 processed... 20210822/20220603
2025-12-03 23:17:28,152 [main] DEBUG c.p.b.e.MLResultGenerator.executeExperiment - 275 processed... 20210823/20220603
2025-12-03 23:17:28,650 [main] DEBUG c.p.b.e.MLResultGenerator.executeExperiment - 275 processed... 20210824/20220603
2025-12-03 23:17:29,138 [main] DEBUG c.p.b.e.MLResultGenerator.executeExperiment - 275 processed... 20210825/20220603
2025-12-03 23:17:29,638 [main] DEBUG c.p.b.e.MLResultGenerator.executeExperiment - 275 processed... 20210826/20220603
2025-12-03 23:17:30,123 [main] DEBUG c.p.b.e.MLResultGenerator.executeExperiment - 275 processed... 20210827/20220603
2025-12-03 23:17:30,580 [main] DEBUG c.p.b.e.MLResultGenerator.executeExperiment - 275 processed... 20210828/20220603
2025-12-03 23:17:31,007 [main] DEBUG c.p.b.e.MLResultGenerator.executeExperiment - 275 processed... 20210829/20220603
2025-12-03 23:17:31,452 [main] DEBUG c.p.b.e.MLResultGenerator.executeExperiment - 275 processed... 20210830/20220603
2025-12-03 23:17:31,943 [main] DEBUG c.p.b.e.MLResultGenerator.executeExperiment - 275 processed... 20210831/20220603
2025-12-03 23:17:32,405 [main] DEBUG c.p.b.e.MLResultGenerator.executeExperiment - 275 processed... 20210901/20220603
2025-12-03 23:17:32,864 [main] DEBUG c.p.b.e.MLResultGenerator.executeExperiment - 275 processed... 20210902/20220603
2025-12-03 23:17:33,360 [main] DEBUG c.p.b.e.MLResultGenerator.executeExperiment - 275 processed... 20210903/20220603
2025-12-03 23:17:33,905 [main] DEBUG c.p.b.e.MLResultGenerator.executeExperiment - 275 processed... 20210904/20220603
2025-12-03 23:17:34,597 [main] DEBUG c.p.b.e.MLResultGenerator.executeExperiment - 275 processed... 20210905/20220603
2025-12-03 23:17:35,092 [main] DEBUG c.p.b.e.MLResultGenerator.executeExperiment - 275 processed... 20210906/20220603
2025-12-03 23:17:35,604 [main] DEBUG c.p.b.e.MLResultGenerator.executeExperiment - 275 processed... 20210907/20220603
2025-12-03 23:17:36,112 [main] DEBUG c.p.b.e.MLResultGenerator.executeExperiment - 275 processed... 20210908/20220603
2025-12-03 23:17:36,658 [main] DEBUG c.p.b.e.MLResultGenerator.executeExperiment - 275 processed... 20210909/20220603
2025-12-03 23:17:37,213 [main] DEBUG c.p.b.e.MLResultGenerator.executeExperiment - 275 processed... 20210910/20220603
2025-12-03 23:17:37,791 [main] DEBUG c.p.b.e.MLResultGenerator.executeExperiment - 275 processed... 20210911/20220603
2025-12-03 23:17:38,334 [main] DEBUG c.p.b.e.MLResultGenerator.executeExperiment - 275 processed... 20210912/20220603
2025-12-03 23:17:38,837 [main] DEBUG c.p.b.e.MLResultGenerator.executeExperiment - 275 processed... 20210913/20220603
2025-12-03 23:17:39,356 [main] DEBUG c.p.b.e.MLResultGenerator.executeExperiment - 275 processed... 20210914/20220603
2025-12-03 23:17:39,902 [main] DEBUG c.p.b.e.MLResultGenerator.executeExperiment - 275 processed... 20210915/20220603
2025-12-03 23:17:40,438 [main] DEBUG c.p.b.e.MLResultGenerator.executeExperiment - 275 processed... 20210916/20220603
2025-12-03 23:17:40,906 [main] DEBUG c.p.b.e.MLResultGenerator.executeExperiment - 275 processed... 20210917/20220603
2025-12-03 23:17:41,442 [main] DEBUG c.p.b.e.MLResultGenerator.executeExperiment - 275 processed... 20210918/20220603
2025-12-03 23:17:42,119 [main] DEBUG c.p.b.e.MLResultGenerator.executeExperiment - 275 processed... 20210919/20220603
2025-12-03 23:17:42,691 [main] DEBUG c.p.b.e.MLResultGenerator.executeExperiment - 275 processed... 20210920/20220603
2025-12-03 23:17:43,374 [main] DEBUG c.p.b.e.MLResultGenerator.executeExperiment - 275 processed... 20210921/20220603
2025-12-03 23:17:43,975 [main] DEBUG c.p.b.e.MLResultGenerator.executeExperiment - 275 processed... 20210922/20220603
2025-12-03 23:17:44,603 [main] DEBUG c.p.b.e.MLResultGenerator.executeExperiment - 275 processed... 20210923/20220603
2025-12-03 23:17:45,204 [main] DEBUG c.p.b.e.MLResultGenerator.executeExperiment - 275 processed... 20210924/20220603
2025-12-03 23:17:45,731 [main] DEBUG c.p.b.e.MLResultGenerator.executeExperiment - 275 processed... 20210925/20220603
2025-12-03 23:17:46,354 [main] DEBUG c.p.b.e.MLResultGenerator.executeExperiment - 275 processed... 20210926/20220603
2025-12-03 23:17:46,823 [main] DEBUG c.p.b.e.MLResultGenerator.executeExperiment - 275 processed... 20210927/20220603
2025-12-03 23:17:47,260 [main] DEBUG c.p.b.e.MLResultGenerator.executeExperiment - 275 processed... 20210928/20220603
2025-12-03 23:17:47,670 [main] DEBUG c.p.b.e.MLResultGenerator.executeExperiment - 275 processed... 20210929/20220603
2025-12-03 23:17:48,174 [main] DEBUG c.p.b.e.MLResultGenerator.executeExperiment - 275 processed... 20210930/20220603
2025-12-03 23:17:48,678 [main] DEBUG c.p.b.e.MLResultGenerator.executeExperiment - 275 processed... 20211001/20220603
2025-12-03 23:17:49,281 [main] DEBUG c.p.b.e.MLResultGenerator.executeExperiment - 275 processed... 20211002/20220603
2025-12-03 23:17:49,825 [main] DEBUG c.p.b.e.MLResultGenerator.executeExperiment - 275 processed... 20211003/20220603
2025-12-03 23:17:50,456 [main] DEBUG c.p.b.e.MLResultGenerator.executeExperiment - 275 processed... 20211004/20220603
2025-12-03 23:17:51,027 [main] DEBUG c.p.b.e.MLResultGenerator.executeExperiment - 275 processed... 20211005/20220603
2025-12-03 23:17:51,532 [main] DEBUG c.p.b.e.MLResultGenerator.executeExperiment - 275 processed... 20211006/20220603
2025-12-03 23:17:52,079 [main] DEBUG c.p.b.e.MLResultGenerator.executeExperiment - 275 processed... 20211007/20220603
2025-12-03 23:17:52,624 [main] DEBUG c.p.b.e.MLResultGenerator.executeExperiment - 275 processed... 20211008/20220603
2025-12-03 23:17:53,169 [main] DEBUG c.p.b.e.MLResultGenerator.executeExperiment - 275 processed... 20211009/20220603
2025-12-03 23:17:53,743 [main] DEBUG c.p.b.e.MLResultGenerator.executeExperiment - 275 processed... 20211010/20220603
2025-12-03 23:17:54,274 [main] DEBUG c.p.b.e.MLResultGenerator.executeExperiment - 275 processed... 20211011/20220603
2025-12-03 23:17:54,782 [main] DEBUG c.p.b.e.MLResultGenerator.executeExperiment - 275 processed... 20211012/20220603
2025-12-03 23:17:55,316 [main] DEBUG c.p.b.e.MLResultGenerator.executeExperiment - 275 processed... 20211013/20220603
2025-12-03 23:17:55,849 [main] DEBUG c.p.b.e.MLResultGenerator.executeExperiment - 275 processed... 20211014/20220603
2025-12-03 23:17:56,411 [main] DEBUG c.p.b.e.MLResultGenerator.executeExperiment - 275 processed... 20211015/20220603
2025-12-03 23:17:56,943 [main] DEBUG c.p.b.e.MLResultGenerator.executeExperiment - 275 processed... 20211016/20220603
2025-12-03 23:17:57,433 [main] DEBUG c.p.b.e.MLResultGenerator.executeExperiment - 275 processed... 20211017/20220603
2025-12-03 23:17:57,940 [main] DEBUG c.p.b.e.MLResultGenerator.executeExperiment - 275 processed... 20211018/20220603
2025-12-03 23:17:58,435 [main] DEBUG c.p.b.e.MLResultGenerator.executeExperiment - 275 processed... 20211019/20220603
2025-12-03 23:17:58,935 [main] DEBUG c.p.b.e.MLResultGenerator.executeExperiment - 275 processed... 20211020/20220603
2025-12-03 23:17:59,427 [main] DEBUG c.p.b.e.MLResultGenerator.executeExperiment - 275 processed... 20211021/20220603
2025-12-03 23:17:59,988 [main] DEBUG c.p.b.e.MLResultGenerator.executeExperiment - 275 processed... 20211022/20220603
2025-12-03 23:18:00,573 [main] DEBUG c.p.b.e.MLResultGenerator.executeExperiment - 275 processed... 20211023/20220603
2025-12-03 23:18:01,194 [main] DEBUG c.p.b.e.MLResultGenerator.executeExperiment - 275 processed... 20211024/20220603
2025-12-03 23:18:01,772 [main] DEBUG c.p.b.e.MLResultGenerator.executeExperiment - 275 processed... 20211025/20220603
2025-12-03 23:18:02,270 [main] DEBUG c.p.b.e.MLResultGenerator.executeExperiment - 275 processed... 20211026/20220603
2025-12-03 23:18:02,867 [main] DEBUG c.p.b.e.MLResultGenerator.executeExperiment - 275 processed... 20211027/20220603
2025-12-03 23:18:03,393 [main] DEBUG c.p.b.e.MLResultGenerator.executeExperiment - 275 processed... 20211028/20220603
2025-12-03 23:18:03,941 [main] DEBUG c.p.b.e.MLResultGenerator.executeExperiment - 275 processed... 20211029/20220603
2025-12-03 23:18:04,532 [main] DEBUG c.p.b.e.MLResultGenerator.executeExperiment - 275 processed... 20211030/20220603
2025-12-03 23:18:05,066 [main] DEBUG c.p.b.e.MLResultGenerator.executeExperiment - 275 processed... 20211031/20220603
2025-12-03 23:18:05,514 [main] DEBUG c.p.b.e.MLResultGenerator.executeExperiment - 275 processed... 20211101/20220603
2025-12-03 23:18:06,112 [main] DEBUG c.p.b.e.MLResultGenerator.executeExperiment - 275 processed... 20211102/20220603
2025-12-03 23:18:06,732 [main] DEBUG c.p.b.e.MLResultGenerator.executeExperiment - 275 processed... 20211103/20220603
2025-12-03 23:18:07,352 [main] DEBUG c.p.b.e.MLResultGenerator.executeExperiment - 275 processed... 20211104/20220603
2025-12-03 23:18:07,841 [main] DEBUG c.p.b.e.MLResultGenerator.executeExperiment - 275 processed... 20211105/20220603
2025-12-03 23:18:08,382 [main] DEBUG c.p.b.e.MLResultGenerator.executeExperiment - 275 processed... 20211106/20220603
2025-12-03 23:18:09,180 [main] DEBUG c.p.b.e.MLResultGenerator.executeExperiment - 275 processed... 20211107/20220603
2025-12-03 23:18:09,724 [main] DEBUG c.p.b.e.MLResultGenerator.executeExperiment - 275 processed... 20211108/20220603
2025-12-03 23:18:10,266 [main] DEBUG c.p.b.e.MLResultGenerator.executeExperiment - 275 processed... 20211109/20220603
2025-12-03 23:18:10,888 [main] DEBUG c.p.b.e.MLResultGenerator.executeExperiment - 275 processed... 20211110/20220603
2025-12-03 23:18:11,480 [main] DEBUG c.p.b.e.MLResultGenerator.executeExperiment - 275 processed... 20211111/20220603
2025-12-03 23:18:12,182 [main] DEBUG c.p.b.e.MLResultGenerator.executeExperiment - 275 processed... 20211112/20220603
2025-12-03 23:18:12,861 [main] DEBUG c.p.b.e.MLResultGenerator.executeExperiment - 275 processed... 20211113/20220603
2025-12-03 23:18:13,527 [main] DEBUG c.p.b.e.MLResultGenerator.executeExperiment - 275 processed... 20211114/20220603
2025-12-03 23:18:14,069 [main] DEBUG c.p.b.e.MLResultGenerator.executeExperiment - 275 processed... 20211115/20220603
2025-12-03 23:18:14,615 [main] DEBUG c.p.b.e.MLResultGenerator.executeExperiment - 275 processed... 20211116/20220603
2025-12-03 23:18:15,126 [main] DEBUG c.p.b.e.MLResultGenerator.executeExperiment - 275 processed... 20211117/20220603
2025-12-03 23:18:15,606 [main] DEBUG c.p.b.e.MLResultGenerator.executeExperiment - 275 processed... 20211118/20220603
2025-12-03 23:18:16,059 [main] DEBUG c.p.b.e.MLResultGenerator.executeExperiment - 275 processed... 20211119/20220603
2025-12-03 23:18:16,591 [main] DEBUG c.p.b.e.MLResultGenerator.executeExperiment - 275 processed... 20211120/20220603
2025-12-03 23:18:17,227 [main] DEBUG c.p.b.e.MLResultGenerator.executeExperiment - 275 processed... 20211121/20220603
2025-12-03 23:18:17,814 [main] DEBUG c.p.b.e.MLResultGenerator.executeExperiment - 275 processed... 20211122/20220603
2025-12-03 23:18:18,512 [main] DEBUG c.p.b.e.MLResultGenerator.executeExperiment - 275 processed... 20211123/20220603
2025-12-03 23:18:19,080 [main] DEBUG c.p.b.e.MLResultGenerator.executeExperiment - 275 processed... 20211124/20220603
2025-12-03 23:18:19,604 [main] DEBUG c.p.b.e.MLResultGenerator.executeExperiment - 275 processed... 20211125/20220603
2025-12-03 23:18:20,174 [main] DEBUG c.p.b.e.MLResultGenerator.executeExperiment - 275 processed... 20211126/20220603
2025-12-03 23:18:20,787 [main] DEBUG c.p.b.e.MLResultGenerator.executeExperiment - 275 processed... 20211127/20220603
2025-12-03 23:18:21,463 [main] DEBUG c.p.b.e.MLResultGenerator.executeExperiment - 275 processed... 20211128/20220603
2025-12-03 23:18:22,036 [main] DEBUG c.p.b.e.MLResultGenerator.executeExperiment - 275 processed... 20211129/20220603
2025-12-03 23:18:22,623 [main] DEBUG c.p.b.e.MLResultGenerator.executeExperiment - 275 processed... 20211130/20220603
2025-12-03 23:18:23,036 [main] DEBUG c.p.b.e.MLResultGenerator.executeExperiment - 275 processed... 20211201/20220603
2025-12-03 23:18:23,752 [main] DEBUG c.p.b.e.MLResultGenerator.executeExperiment - 275 processed... 20211202/20220603
2025-12-03 23:18:24,483 [main] DEBUG c.p.b.e.MLResultGenerator.executeExperiment - 275 processed... 20211203/20220603
2025-12-03 23:18:25,247 [main] DEBUG c.p.b.e.MLResultGenerator.executeExperiment - 275 processed... 20211204/20220603
2025-12-03 23:18:25,924 [main] DEBUG c.p.b.e.MLResultGenerator.executeExperiment - 275 processed... 20211205/20220603
2025-12-03 23:18:26,521 [main] DEBUG c.p.b.e.MLResultGenerator.executeExperiment - 275 processed... 20211206/20220603
2025-12-03 23:18:27,103 [main] DEBUG c.p.b.e.MLResultGenerator.executeExperiment - 275 processed... 20211207/20220603
2025-12-03 23:18:27,591 [main] DEBUG c.p.b.e.MLResultGenerator.executeExperiment - 275 processed... 20211208/20220603
2025-12-03 23:18:28,312 [main] DEBUG c.p.b.e.MLResultGenerator.executeExperiment - 275 processed... 20211209/20220603
2025-12-03 23:18:29,039 [main] DEBUG c.p.b.e.MLResultGenerator.executeExperiment - 275 processed... 20211210/20220603
2025-12-03 23:18:29,782 [main] DEBUG c.p.b.e.MLResultGenerator.executeExperiment - 275 processed... 20211211/20220603
2025-12-03 23:18:30,404 [main] DEBUG c.p.b.e.MLResultGenerator.executeExperiment - 275 processed... 20211212/20220603
2025-12-03 23:18:30,901 [main] DEBUG c.p.b.e.MLResultGenerator.executeExperiment - 275 processed... 20211213/20220603
2025-12-03 23:18:31,427 [main] DEBUG c.p.b.e.MLResultGenerator.executeExperiment - 275 processed... 20211214/20220603
2025-12-03 23:18:31,849 [main] DEBUG c.p.b.e.MLResultGenerator.executeExperiment - 275 processed... 20211215/20220603
2025-12-03 23:18:32,253 [main] DEBUG c.p.b.e.MLResultGenerator.executeExperiment - 275 processed... 20211216/20220603
2025-12-03 23:18:32,776 [main] DEBUG c.p.b.e.MLResultGenerator.executeExperiment - 275 processed... 20211217/20220603
2025-12-03 23:18:33,362 [main] DEBUG c.p.b.e.MLResultGenerator.executeExperiment - 275 processed... 20211218/20220603
2025-12-03 23:18:33,948 [main] DEBUG c.p.b.e.MLResultGenerator.executeExperiment - 275 processed... 20211219/20220603
2025-12-03 23:18:34,650 [main] DEBUG c.p.b.e.MLResultGenerator.executeExperiment - 275 processed... 20211220/20220603
2025-12-03 23:18:35,286 [main] DEBUG c.p.b.e.MLResultGenerator.executeExperiment - 275 processed... 20211221/20220603
2025-12-03 23:18:35,909 [main] DEBUG c.p.b.e.MLResultGenerator.executeExperiment - 275 processed... 20211222/20220603
2025-12-03 23:18:36,499 [main] DEBUG c.p.b.e.MLResultGenerator.executeExperiment - 275 processed... 20211223/20220603
2025-12-03 23:18:37,081 [main] DEBUG c.p.b.e.MLResultGenerator.executeExperiment - 275 processed... 20211224/20220603
2025-12-03 23:18:37,667 [main] DEBUG c.p.b.e.MLResultGenerator.executeExperiment - 275 processed... 20211225/20220603
2025-12-03 23:18:38,105 [main] DEBUG c.p.b.e.MLResultGenerator.executeExperiment - 275 processed... 20211226/20220603
2025-12-03 23:18:38,740 [main] DEBUG c.p.b.e.MLResultGenerator.executeExperiment - 275 processed... 20211227/20220603
2025-12-03 23:18:39,463 [main] DEBUG c.p.b.e.MLResultGenerator.executeExperiment - 275 processed... 20211228/20220603
2025-12-03 23:18:40,284 [main] DEBUG c.p.b.e.MLResultGenerator.executeExperiment - 275 processed... 20211229/20220603
2025-12-03 23:18:41,134 [main] DEBUG c.p.b.e.MLResultGenerator.executeExperiment - 275 processed... 20211230/20220603
2025-12-03 23:18:41,948 [main] DEBUG c.p.b.e.MLResultGenerator.executeExperiment - 275 processed... 20211231/20220603
2025-12-03 23:18:42,626 [main] DEBUG c.p.b.e.MLResultGenerator.executeExperiment - 275 processed... 20220101/20220603
2025-12-03 23:18:43,351 [main] DEBUG c.p.b.e.MLResultGenerator.executeExperiment - 275 processed... 20220102/20220603
2025-12-03 23:18:44,311 [main] DEBUG c.p.b.e.MLResultGenerator.executeExperiment - 275 processed... 20220103/20220603
2025-12-03 23:18:45,186 [main] DEBUG c.p.b.e.MLResultGenerator.executeExperiment - 275 processed... 20220104/20220603
2025-12-03 23:18:45,186 [main] WARN  c.p.b.e.o.l.OddsMonitorFileLoader.load - odds monitor file does not exist. C:/boatrace/offline/data/oddsmonitor/odds_20220105.csv
2025-12-03 23:18:45,225 [main] DEBUG c.p.b.e.MLResultGenerator.executeExperiment - 275 processed... 20220105/20220603
2025-12-03 23:18:46,019 [main] DEBUG c.p.b.e.MLResultGenerator.executeExperiment - 275 processed... 20220106/20220603
2025-12-03 23:18:46,654 [main] DEBUG c.p.b.e.MLResultGenerator.executeExperiment - 275 processed... 20220107/20220603
2025-12-03 23:18:47,271 [main] DEBUG c.p.b.e.MLResultGenerator.executeExperiment - 275 processed... 20220108/20220603
2025-12-03 23:18:47,798 [main] DEBUG c.p.b.e.MLResultGenerator.executeExperiment - 275 processed... 20220109/20220603
2025-12-03 23:18:48,275 [main] DEBUG c.p.b.e.MLResultGenerator.executeExperiment - 275 processed... 20220110/20220603
2025-12-03 23:18:48,598 [main] DEBUG c.p.b.e.MLResultGenerator.executeExperiment - 275 processed... 20220111/20220603
2025-12-03 23:18:49,249 [main] DEBUG c.p.b.e.MLResultGenerator.executeExperiment - 275 processed... 20220112/20220603
2025-12-03 23:18:49,792 [main] DEBUG c.p.b.e.MLResultGenerator.executeExperiment - 275 processed... 20220113/20220603
2025-12-03 23:18:50,319 [main] DEBUG c.p.b.e.MLResultGenerator.executeExperiment - 275 processed... 20220114/20220603
2025-12-03 23:18:50,970 [main] DEBUG c.p.b.e.MLResultGenerator.executeExperiment - 275 processed... 20220115/20220603
2025-12-03 23:18:51,455 [main] DEBUG c.p.b.e.MLResultGenerator.executeExperiment - 275 processed... 20220116/20220603
2025-12-03 23:18:52,020 [main] DEBUG c.p.b.e.MLResultGenerator.executeExperiment - 275 processed... 20220117/20220603
2025-12-03 23:18:52,509 [main] DEBUG c.p.b.e.MLResultGenerator.executeExperiment - 275 processed... 20220118/20220603
2025-12-03 23:18:53,051 [main] DEBUG c.p.b.e.MLResultGenerator.executeExperiment - 275 processed... 20220119/20220603
2025-12-03 23:18:53,622 [main] DEBUG c.p.b.e.MLResultGenerator.executeExperiment - 275 processed... 20220120/20220603
2025-12-03 23:18:54,223 [main] DEBUG c.p.b.e.MLResultGenerator.executeExperiment - 275 processed... 20220121/20220603
2025-12-03 23:18:54,945 [main] DEBUG c.p.b.e.MLResultGenerator.executeExperiment - 275 processed... 20220122/20220603
2025-12-03 23:18:55,782 [main] DEBUG c.p.b.e.MLResultGenerator.executeExperiment - 275 processed... 20220123/20220603
2025-12-03 23:18:56,387 [main] DEBUG c.p.b.e.MLResultGenerator.executeExperiment - 275 processed... 20220124/20220603
2025-12-03 23:18:56,998 [main] DEBUG c.p.b.e.MLResultGenerator.executeExperiment - 275 processed... 20220125/20220603
2025-12-03 23:18:57,591 [main] DEBUG c.p.b.e.MLResultGenerator.executeExperiment - 275 processed... 20220126/20220603
2025-12-03 23:18:58,121 [main] DEBUG c.p.b.e.MLResultGenerator.executeExperiment - 275 processed... 20220127/20220603
2025-12-03 23:18:58,657 [main] DEBUG c.p.b.e.MLResultGenerator.executeExperiment - 275 processed... 20220128/20220603
2025-12-03 23:18:59,292 [main] DEBUG c.p.b.e.MLResultGenerator.executeExperiment - 275 processed... 20220129/20220603
2025-12-03 23:18:59,972 [main] DEBUG c.p.b.e.MLResultGenerator.executeExperiment - 275 processed... 20220130/20220603
2025-12-03 23:19:00,600 [main] DEBUG c.p.b.e.MLResultGenerator.executeExperiment - 275 processed... 20220131/20220603
2025-12-03 23:19:01,163 [main] DEBUG c.p.b.e.MLResultGenerator.executeExperiment - 275 processed... 20220201/20220603
2025-12-03 23:19:01,654 [main] DEBUG c.p.b.e.MLResultGenerator.executeExperiment - 275 processed... 20220202/20220603
2025-12-03 23:19:02,200 [main] DEBUG c.p.b.e.MLResultGenerator.executeExperiment - 275 processed... 20220203/20220603
2025-12-03 23:19:02,865 [main] DEBUG c.p.b.e.MLResultGenerator.executeExperiment - 275 processed... 20220204/20220603
2025-12-03 23:19:03,373 [main] DEBUG c.p.b.e.MLResultGenerator.executeExperiment - 275 processed... 20220205/20220603
2025-12-03 23:19:04,014 [main] DEBUG c.p.b.e.MLResultGenerator.executeExperiment - 275 processed... 20220206/20220603
2025-12-03 23:19:04,557 [main] DEBUG c.p.b.e.MLResultGenerator.executeExperiment - 275 processed... 20220207/20220603
2025-12-03 23:19:05,181 [main] DEBUG c.p.b.e.MLResultGenerator.executeExperiment - 275 processed... 20220208/20220603
2025-12-03 23:19:05,795 [main] DEBUG c.p.b.e.MLResultGenerator.executeExperiment - 275 processed... 20220209/20220603
2025-12-03 23:19:06,362 [main] DEBUG c.p.b.e.MLResultGenerator.executeExperiment - 275 processed... 20220210/20220603
2025-12-03 23:19:07,067 [main] DEBUG c.p.b.e.MLResultGenerator.executeExperiment - 275 processed... 20220211/20220603
2025-12-03 23:19:07,657 [main] DEBUG c.p.b.e.MLResultGenerator.executeExperiment - 275 processed... 20220212/20220603
2025-12-03 23:19:08,241 [main] DEBUG c.p.b.e.MLResultGenerator.executeExperiment - 275 processed... 20220213/20220603
2025-12-03 23:19:08,813 [main] DEBUG c.p.b.e.MLResultGenerator.executeExperiment - 275 processed... 20220214/20220603
2025-12-03 23:19:09,352 [main] DEBUG c.p.b.e.MLResultGenerator.executeExperiment - 275 processed... 20220215/20220603
2025-12-03 23:19:09,947 [main] DEBUG c.p.b.e.MLResultGenerator.executeExperiment - 275 processed... 20220216/20220603
2025-12-03 23:19:10,532 [main] DEBUG c.p.b.e.MLResultGenerator.executeExperiment - 275 processed... 20220217/20220603
2025-12-03 23:19:11,164 [main] DEBUG c.p.b.e.MLResultGenerator.executeExperiment - 275 processed... 20220218/20220603
2025-12-03 23:19:11,856 [main] DEBUG c.p.b.e.MLResultGenerator.executeExperiment - 275 processed... 20220219/20220603
2025-12-03 23:19:12,490 [main] DEBUG c.p.b.e.MLResultGenerator.executeExperiment - 275 processed... 20220220/20220603
2025-12-03 23:19:13,109 [main] DEBUG c.p.b.e.MLResultGenerator.executeExperiment - 275 processed... 20220221/20220603
2025-12-03 23:19:13,739 [main] DEBUG c.p.b.e.MLResultGenerator.executeExperiment - 275 processed... 20220222/20220603
2025-12-03 23:19:14,375 [main] DEBUG c.p.b.e.MLResultGenerator.executeExperiment - 275 processed... 20220223/20220603
2025-12-03 23:19:14,981 [main] DEBUG c.p.b.e.MLResultGenerator.executeExperiment - 275 processed... 20220224/20220603
2025-12-03 23:19:15,681 [main] DEBUG c.p.b.e.MLResultGenerator.executeExperiment - 275 processed... 20220225/20220603
2025-12-03 23:19:16,331 [main] DEBUG c.p.b.e.MLResultGenerator.executeExperiment - 275 processed... 20220226/20220603
2025-12-03 23:19:16,961 [main] DEBUG c.p.b.e.MLResultGenerator.executeExperiment - 275 processed... 20220227/20220603
2025-12-03 23:19:17,673 [main] DEBUG c.p.b.e.MLResultGenerator.executeExperiment - 275 processed... 20220228/20220603
2025-12-03 23:19:18,471 [main] DEBUG c.p.b.e.MLResultGenerator.executeExperiment - 275 processed... 20220301/20220603
2025-12-03 23:19:19,063 [main] DEBUG c.p.b.e.MLResultGenerator.executeExperiment - 275 processed... 20220302/20220603
2025-12-03 23:19:19,676 [main] DEBUG c.p.b.e.MLResultGenerator.executeExperiment - 275 processed... 20220303/20220603
2025-12-03 23:19:20,252 [main] DEBUG c.p.b.e.MLResultGenerator.executeExperiment - 275 processed... 20220304/20220603
2025-12-03 23:19:20,966 [main] DEBUG c.p.b.e.MLResultGenerator.executeExperiment - 275 processed... 20220305/20220603
2025-12-03 23:19:21,663 [main] DEBUG c.p.b.e.MLResultGenerator.executeExperiment - 275 processed... 20220306/20220603
2025-12-03 23:19:22,353 [main] DEBUG c.p.b.e.MLResultGenerator.executeExperiment - 275 processed... 20220307/20220603
2025-12-03 23:19:23,034 [main] DEBUG c.p.b.e.MLResultGenerator.executeExperiment - 275 processed... 20220308/20220603
2025-12-03 23:19:23,629 [main] DEBUG c.p.b.e.MLResultGenerator.executeExperiment - 275 processed... 20220309/20220603
2025-12-03 23:19:24,169 [main] DEBUG c.p.b.e.MLResultGenerator.executeExperiment - 275 processed... 20220310/20220603
2025-12-03 23:19:24,816 [main] DEBUG c.p.b.e.MLResultGenerator.executeExperiment - 275 processed... 20220311/20220603
2025-12-03 23:19:25,397 [main] DEBUG c.p.b.e.MLResultGenerator.executeExperiment - 275 processed... 20220312/20220603
2025-12-03 23:19:26,007 [main] DEBUG c.p.b.e.MLResultGenerator.executeExperiment - 275 processed... 20220313/20220603
2025-12-03 23:19:26,591 [main] DEBUG c.p.b.e.MLResultGenerator.executeExperiment - 275 processed... 20220314/20220603
2025-12-03 23:19:27,187 [main] DEBUG c.p.b.e.MLResultGenerator.executeExperiment - 275 processed... 20220315/20220603
2025-12-03 23:19:27,690 [main] DEBUG c.p.b.e.MLResultGenerator.executeExperiment - 275 processed... 20220316/20220603
2025-12-03 23:19:28,304 [main] DEBUG c.p.b.e.MLResultGenerator.executeExperiment - 275 processed... 20220317/20220603
2025-12-03 23:19:28,896 [main] DEBUG c.p.b.e.MLResultGenerator.executeExperiment - 275 processed... 20220318/20220603
2025-12-03 23:19:29,538 [main] DEBUG c.p.b.e.MLResultGenerator.executeExperiment - 275 processed... 20220319/20220603
2025-12-03 23:19:30,133 [main] DEBUG c.p.b.e.MLResultGenerator.executeExperiment - 275 processed... 20220320/20220603
2025-12-03 23:19:30,727 [main] DEBUG c.p.b.e.MLResultGenerator.executeExperiment - 275 processed... 20220321/20220603
2025-12-03 23:19:31,307 [main] DEBUG c.p.b.e.MLResultGenerator.executeExperiment - 275 processed... 20220322/20220603
2025-12-03 23:19:31,896 [main] DEBUG c.p.b.e.MLResultGenerator.executeExperiment - 275 processed... 20220323/20220603
2025-12-03 23:19:32,586 [main] DEBUG c.p.b.e.MLResultGenerator.executeExperiment - 275 processed... 20220324/20220603
2025-12-03 23:19:33,257 [main] DEBUG c.p.b.e.MLResultGenerator.executeExperiment - 275 processed... 20220325/20220603
2025-12-03 23:19:33,783 [main] DEBUG c.p.b.e.MLResultGenerator.executeExperiment - 275 processed... 20220326/20220603
2025-12-03 23:19:34,458 [main] DEBUG c.p.b.e.MLResultGenerator.executeExperiment - 275 processed... 20220327/20220603
2025-12-03 23:19:35,046 [main] DEBUG c.p.b.e.MLResultGenerator.executeExperiment - 275 processed... 20220328/20220603
2025-12-03 23:19:35,713 [main] DEBUG c.p.b.e.MLResultGenerator.executeExperiment - 275 processed... 20220329/20220603
2025-12-03 23:19:36,513 [main] DEBUG c.p.b.e.MLResultGenerator.executeExperiment - 275 processed... 20220330/20220603
2025-12-03 23:19:36,976 [main] DEBUG c.p.b.e.MLResultGenerator.executeExperiment - 275 processed... 20220331/20220603
2025-12-03 23:19:37,533 [main] DEBUG c.p.b.e.MLResultGenerator.executeExperiment - 275 processed... 20220401/20220603
2025-12-03 23:19:38,250 [main] DEBUG c.p.b.e.MLResultGenerator.executeExperiment - 275 processed... 20220402/20220603
2025-12-03 23:19:38,811 [main] DEBUG c.p.b.e.MLResultGenerator.executeExperiment - 275 processed... 20220403/20220603
2025-12-03 23:19:39,560 [main] DEBUG c.p.b.e.MLResultGenerator.executeExperiment - 275 processed... 20220404/20220603
2025-12-03 23:19:40,150 [main] DEBUG c.p.b.e.MLResultGenerator.executeExperiment - 275 processed... 20220405/20220603
2025-12-03 23:19:40,734 [main] DEBUG c.p.b.e.MLResultGenerator.executeExperiment - 275 processed... 20220406/20220603
2025-12-03 23:19:41,258 [main] DEBUG c.p.b.e.MLResultGenerator.executeExperiment - 275 processed... 20220407/20220603
2025-12-03 23:19:41,759 [main] DEBUG c.p.b.e.MLResultGenerator.executeExperiment - 275 processed... 20220408/20220603
2025-12-03 23:19:42,391 [main] DEBUG c.p.b.e.MLResultGenerator.executeExperiment - 275 processed... 20220409/20220603
2025-12-03 23:19:43,183 [main] DEBUG c.p.b.e.MLResultGenerator.executeExperiment - 275 processed... 20220410/20220603
2025-12-03 23:19:43,835 [main] DEBUG c.p.b.e.MLResultGenerator.executeExperiment - 275 processed... 20220411/20220603
2025-12-03 23:19:44,604 [main] DEBUG c.p.b.e.MLResultGenerator.executeExperiment - 275 processed... 20220412/20220603
2025-12-03 23:19:45,379 [main] DEBUG c.p.b.e.MLResultGenerator.executeExperiment - 275 processed... 20220413/20220603
2025-12-03 23:19:46,038 [main] DEBUG c.p.b.e.MLResultGenerator.executeExperiment - 275 processed... 20220414/20220603
2025-12-03 23:19:46,702 [main] DEBUG c.p.b.e.MLResultGenerator.executeExperiment - 275 processed... 20220415/20220603
2025-12-03 23:19:47,411 [main] DEBUG c.p.b.e.MLResultGenerator.executeExperiment - 275 processed... 20220416/20220603
2025-12-03 23:19:48,139 [main] DEBUG c.p.b.e.MLResultGenerator.executeExperiment - 275 processed... 20220417/20220603
2025-12-03 23:19:48,772 [main] DEBUG c.p.b.e.MLResultGenerator.executeExperiment - 275 processed... 20220418/20220603
2025-12-03 23:19:49,395 [main] DEBUG c.p.b.e.MLResultGenerator.executeExperiment - 275 processed... 20220419/20220603
2025-12-03 23:19:49,996 [main] DEBUG c.p.b.e.MLResultGenerator.executeExperiment - 275 processed... 20220420/20220603
2025-12-03 23:19:50,538 [main] DEBUG c.p.b.e.MLResultGenerator.executeExperiment - 275 processed... 20220421/20220603
2025-12-03 23:19:51,158 [main] DEBUG c.p.b.e.MLResultGenerator.executeExperiment - 275 processed... 20220422/20220603
2025-12-03 23:19:51,764 [main] DEBUG c.p.b.e.MLResultGenerator.executeExperiment - 275 processed... 20220423/20220603
2025-12-03 23:19:52,547 [main] DEBUG c.p.b.e.MLResultGenerator.executeExperiment - 275 processed... 20220424/20220603
2025-12-03 23:19:53,224 [main] DEBUG c.p.b.e.MLResultGenerator.executeExperiment - 275 processed... 20220425/20220603
2025-12-03 23:19:53,917 [main] DEBUG c.p.b.e.MLResultGenerator.executeExperiment - 275 processed... 20220426/20220603
2025-12-03 23:19:54,516 [main] DEBUG c.p.b.e.MLResultGenerator.executeExperiment - 275 processed... 20220427/20220603
2025-12-03 23:19:55,049 [main] DEBUG c.p.b.e.MLResultGenerator.executeExperiment - 275 processed... 20220428/20220603
2025-12-03 23:19:55,683 [main] DEBUG c.p.b.e.MLResultGenerator.executeExperiment - 275 processed... 20220429/20220603
2025-12-03 23:19:56,425 [main] DEBUG c.p.b.e.MLResultGenerator.executeExperiment - 275 processed... 20220430/20220603
2025-12-03 23:19:57,221 [main] DEBUG c.p.b.e.MLResultGenerator.executeExperiment - 275 processed... 20220501/20220603
2025-12-03 23:19:57,903 [main] DEBUG c.p.b.e.MLResultGenerator.executeExperiment - 275 processed... 20220502/20220603
2025-12-03 23:19:58,769 [main] DEBUG c.p.b.e.MLResultGenerator.executeExperiment - 275 processed... 20220503/20220603
2025-12-03 23:19:59,406 [main] DEBUG c.p.b.e.MLResultGenerator.executeExperiment - 275 processed... 20220504/20220603
2025-12-03 23:20:00,074 [main] DEBUG c.p.b.e.MLResultGenerator.executeExperiment - 275 processed... 20220505/20220603
2025-12-03 23:20:00,627 [main] DEBUG c.p.b.e.MLResultGenerator.executeExperiment - 275 processed... 20220506/20220603
2025-12-03 23:20:01,219 [main] DEBUG c.p.b.e.MLResultGenerator.executeExperiment - 275 processed... 20220507/20220603
2025-12-03 23:20:01,869 [main] DEBUG c.p.b.e.MLResultGenerator.executeExperiment - 275 processed... 20220508/20220603
2025-12-03 23:20:02,449 [main] DEBUG c.p.b.e.MLResultGenerator.executeExperiment - 275 processed... 20220509/20220603
2025-12-03 23:20:03,090 [main] DEBUG c.p.b.e.MLResultGenerator.executeExperiment - 275 processed... 20220510/20220603
2025-12-03 23:20:03,646 [main] DEBUG c.p.b.e.MLResultGenerator.executeExperiment - 275 processed... 20220511/20220603
2025-12-03 23:20:04,137 [main] DEBUG c.p.b.e.MLResultGenerator.executeExperiment - 275 processed... 20220512/20220603
2025-12-03 23:20:04,635 [main] DEBUG c.p.b.e.MLResultGenerator.executeExperiment - 275 processed... 20220513/20220603
2025-12-03 23:20:05,200 [main] DEBUG c.p.b.e.MLResultGenerator.executeExperiment - 275 processed... 20220514/20220603
2025-12-03 23:20:05,744 [main] DEBUG c.p.b.e.MLResultGenerator.executeExperiment - 275 processed... 20220515/20220603
2025-12-03 23:20:06,260 [main] DEBUG c.p.b.e.MLResultGenerator.executeExperiment - 275 processed... 20220516/20220603
2025-12-03 23:20:06,632 [main] DEBUG c.p.b.e.MLResultGenerator.executeExperiment - 275 processed... 20220517/20220603
2025-12-03 23:20:07,080 [main] DEBUG c.p.b.e.MLResultGenerator.executeExperiment - 275 processed... 20220518/20220603
2025-12-03 23:20:07,616 [main] DEBUG c.p.b.e.MLResultGenerator.executeExperiment - 275 processed... 20220519/20220603
2025-12-03 23:20:08,201 [main] DEBUG c.p.b.e.MLResultGenerator.executeExperiment - 275 processed... 20220520/20220603
2025-12-03 23:20:08,792 [main] DEBUG c.p.b.e.MLResultGenerator.executeExperiment - 275 processed... 20220521/20220603
2025-12-03 23:20:09,369 [main] DEBUG c.p.b.e.MLResultGenerator.executeExperiment - 275 processed... 20220522/20220603
2025-12-03 23:20:09,845 [main] DEBUG c.p.b.e.MLResultGenerator.executeExperiment - 275 processed... 20220523/20220603
2025-12-03 23:20:10,334 [main] DEBUG c.p.b.e.MLResultGenerator.executeExperiment - 275 processed... 20220524/20220603
2025-12-03 23:20:10,780 [main] DEBUG c.p.b.e.MLResultGenerator.executeExperiment - 275 processed... 20220525/20220603
2025-12-03 23:20:11,482 [main] DEBUG c.p.b.e.MLResultGenerator.executeExperiment - 275 processed... 20220526/20220603
2025-12-03 23:20:12,031 [main] DEBUG c.p.b.e.MLResultGenerator.executeExperiment - 275 processed... 20220527/20220603
2025-12-03 23:20:12,762 [main] DEBUG c.p.b.e.MLResultGenerator.executeExperiment - 275 processed... 20220528/20220603
2025-12-03 23:20:13,618 [main] DEBUG c.p.b.e.MLResultGenerator.executeExperiment - 275 processed... 20220529/20220603
2025-12-03 23:20:14,192 [main] DEBUG c.p.b.e.MLResultGenerator.executeExperiment - 275 processed... 20220530/20220603
2025-12-03 23:20:14,668 [main] DEBUG c.p.b.e.MLResultGenerator.executeExperiment - 275 processed... 20220531/20220603
2025-12-03 23:20:15,165 [main] DEBUG c.p.b.e.MLResultGenerator.executeExperiment - 275 processed... 20220601/20220603
2025-12-03 23:20:15,666 [main] DEBUG c.p.b.e.MLResultGenerator.executeExperiment - 275 processed... 20220602/20220603
2025-12-03 23:20:16,203 [main] DEBUG c.p.b.e.MLResultGenerator.executeExperiment - 275 processed... 20220603/20220603
2025-12-03 23:20:17,987 [main] DEBUG c.p.b.e.r.s.MlEvaluationCreator.create - creating MlEvaluation. 275,40001,1T,1,nopattern,nopattern
2025-12-03 23:20:18,060 [main] DEBUG c.p.b.e.r.s.MlEvaluationCreator.create - creating MlEvaluation. 275,40001,1T,2,nopattern,nopattern
2025-12-03 23:20:18,073 [main] DEBUG c.p.b.e.r.s.MlEvaluationCreator.create - creating MlEvaluation. 275,40001,1T,3,nopattern,nopattern
2025-12-03 23:20:18,080 [main] DEBUG c.p.b.e.r.s.MlEvaluationCreator.create - creating MlEvaluation. 275,40001,1T,4,nopattern,nopattern
2025-12-03 23:20:18,087 [main] DEBUG c.p.b.e.r.s.MlEvaluationCreator.create - creating MlEvaluation. 275,40001,1T,5,nopattern,nopattern
2025-12-03 23:20:18,095 [main] DEBUG c.p.b.e.r.s.MlEvaluationCreator.create - creating MlEvaluation. 275,40001,1T,6,nopattern,nopattern
2025-12-03 23:20:18,100 [main] DEBUG c.p.b.e.r.s.MlEvaluationCreator.create - creating MlEvaluation. 275,40001,2F,12,nopattern,nopattern
2025-12-03 23:20:18,110 [main] DEBUG c.p.b.e.r.s.MlEvaluationCreator.create - creating MlEvaluation. 275,40001,2F,13,nopattern,nopattern
2025-12-03 23:20:18,119 [main] DEBUG c.p.b.e.r.s.MlEvaluationCreator.create - creating MlEvaluation. 275,40001,2F,14,nopattern,nopattern
2025-12-03 23:20:18,127 [main] DEBUG c.p.b.e.r.s.MlEvaluationCreator.create - creating MlEvaluation. 275,40001,2F,15,nopattern,nopattern
2025-12-03 23:20:18,133 [main] DEBUG c.p.b.e.r.s.MlEvaluationCreator.create - creating MlEvaluation. 275,40001,2F,16,nopattern,nopattern
2025-12-03 23:20:18,137 [main] DEBUG c.p.b.e.r.s.MlEvaluationCreator.create - creating MlEvaluation. 275,40001,2F,21,nopattern,nopattern
2025-12-03 23:20:18,142 [main] DEBUG c.p.b.e.r.s.MlEvaluationCreator.create - creating MlEvaluation. 275,40001,2F,23,nopattern,nopattern
2025-12-03 23:20:18,147 [main] DEBUG c.p.b.e.r.s.MlEvaluationCreator.create - creating MlEvaluation. 275,40001,2F,24,nopattern,nopattern
2025-12-03 23:20:18,151 [main] DEBUG c.p.b.e.r.s.MlEvaluationCreator.create - creating MlEvaluation. 275,40001,2F,25,nopattern,nopattern
2025-12-03 23:20:18,155 [main] DEBUG c.p.b.e.r.s.MlEvaluationCreator.create - creating MlEvaluation. 275,40001,2F,26,nopattern,nopattern
2025-12-03 23:20:18,229 [main] DEBUG c.p.b.e.r.s.MlEvaluationCreator.create - creating MlEvaluation. 275,40001,2F,31,nopattern,nopattern
2025-12-03 23:20:18,240 [main] DEBUG c.p.b.e.r.s.MlEvaluationCreator.create - creating MlEvaluation. 275,40001,2F,32,nopattern,nopattern
2025-12-03 23:20:18,243 [main] DEBUG c.p.b.e.r.s.MlEvaluationCreator.create - creating MlEvaluation. 275,40001,2F,34,nopattern,nopattern
2025-12-03 23:20:18,247 [main] DEBUG c.p.b.e.r.s.MlEvaluationCreator.create - creating MlEvaluation. 275,40001,2F,35,nopattern,nopattern
2025-12-03 23:20:18,252 [main] DEBUG c.p.b.e.r.s.MlEvaluationCreator.create - creating MlEvaluation. 275,40001,2F,36,nopattern,nopattern
2025-12-03 23:20:18,255 [main] DEBUG c.p.b.e.r.s.MlEvaluationCreator.create - creating MlEvaluation. 275,40001,2F,41,nopattern,nopattern
2025-12-03 23:20:18,261 [main] DEBUG c.p.b.e.r.s.MlEvaluationCreator.create - creating MlEvaluation. 275,40001,2F,42,nopattern,nopattern
2025-12-03 23:20:18,264 [main] DEBUG c.p.b.e.r.s.MlEvaluationCreator.create - creating MlEvaluation. 275,40001,2F,43,nopattern,nopattern
2025-12-03 23:20:18,269 [main] DEBUG c.p.b.e.r.s.MlEvaluationCreator.create - creating MlEvaluation. 275,40001,2F,45,nopattern,nopattern
2025-12-03 23:20:18,272 [main] DEBUG c.p.b.e.r.s.MlEvaluationCreator.create - creating MlEvaluation. 275,40001,2F,46,nopattern,nopattern
2025-12-03 23:20:18,276 [main] DEBUG c.p.b.e.r.s.MlEvaluationCreator.create - creating MlEvaluation. 275,40001,2F,51,nopattern,nopattern
2025-12-03 23:20:18,281 [main] DEBUG c.p.b.e.r.s.MlEvaluationCreator.create - creating MlEvaluation. 275,40001,2F,52,nopattern,nopattern
2025-12-03 23:20:18,286 [main] DEBUG c.p.b.e.r.s.MlEvaluationCreator.create - creating MlEvaluation. 275,40001,2F,53,nopattern,nopattern
2025-12-03 23:20:18,289 [main] DEBUG c.p.b.e.r.s.MlEvaluationCreator.create - creating MlEvaluation. 275,40001,2F,54,nopattern,nopattern
2025-12-03 23:20:18,293 [main] DEBUG c.p.b.e.r.s.MlEvaluationCreator.create - creating MlEvaluation. 275,40001,2F,56,nopattern,nopattern
2025-12-03 23:20:18,294 [main] DEBUG c.p.b.e.r.s.MlEvaluationCreator.create - creating MlEvaluation. 275,40001,2F,61,nopattern,nopattern
2025-12-03 23:20:18,299 [main] DEBUG c.p.b.e.r.s.MlEvaluationCreator.create - creating MlEvaluation. 275,40001,2F,62,nopattern,nopattern
2025-12-03 23:20:18,303 [main] DEBUG c.p.b.e.r.s.MlEvaluationCreator.create - creating MlEvaluation. 275,40001,2F,63,nopattern,nopattern
2025-12-03 23:20:18,306 [main] DEBUG c.p.b.e.r.s.MlEvaluationCreator.create - creating MlEvaluation. 275,40001,2F,64,nopattern,nopattern
2025-12-03 23:20:18,309 [main] DEBUG c.p.b.e.r.s.MlEvaluationCreator.create - creating MlEvaluation. 275,40001,2F,65,nopattern,nopattern
2025-12-03 23:20:18,318 [main] DEBUG c.p.b.e.r.s.MlEvaluationCreator.create - creating MlEvaluation. 275,40001,2T,12,nopattern,nopattern
2025-12-03 23:20:18,326 [main] DEBUG c.p.b.e.r.s.MlEvaluationCreator.create - creating MlEvaluation. 275,40001,2T,13,nopattern,nopattern
2025-12-03 23:20:18,334 [main] DEBUG c.p.b.e.r.s.MlEvaluationCreator.create - creating MlEvaluation. 275,40001,2T,14,nopattern,nopattern
2025-12-03 23:20:18,339 [main] DEBUG c.p.b.e.r.s.MlEvaluationCreator.create - creating MlEvaluation. 275,40001,2T,15,nopattern,nopattern
2025-12-03 23:20:18,345 [main] DEBUG c.p.b.e.r.s.MlEvaluationCreator.create - creating MlEvaluation. 275,40001,2T,16,nopattern,nopattern
2025-12-03 23:20:18,350 [main] DEBUG c.p.b.e.r.s.MlEvaluationCreator.create - creating MlEvaluation. 275,40001,2T,21,nopattern,nopattern
2025-12-03 23:20:18,355 [main] DEBUG c.p.b.e.r.s.MlEvaluationCreator.create - creating MlEvaluation. 275,40001,2T,23,nopattern,nopattern
2025-12-03 23:20:18,360 [main] DEBUG c.p.b.e.r.s.MlEvaluationCreator.create - creating MlEvaluation. 275,40001,2T,24,nopattern,nopattern
2025-12-03 23:20:18,363 [main] DEBUG c.p.b.e.r.s.MlEvaluationCreator.create - creating MlEvaluation. 275,40001,2T,25,nopattern,nopattern
2025-12-03 23:20:18,368 [main] DEBUG c.p.b.e.r.s.MlEvaluationCreator.create - creating MlEvaluation. 275,40001,2T,26,nopattern,nopattern
2025-12-03 23:20:18,371 [main] DEBUG c.p.b.e.r.s.MlEvaluationCreator.create - creating MlEvaluation. 275,40001,2T,31,nopattern,nopattern
2025-12-03 23:20:18,376 [main] DEBUG c.p.b.e.r.s.MlEvaluationCreator.create - creating MlEvaluation. 275,40001,2T,32,nopattern,nopattern
2025-12-03 23:20:18,381 [main] DEBUG c.p.b.e.r.s.MlEvaluationCreator.create - creating MlEvaluation. 275,40001,2T,34,nopattern,nopattern
2025-12-03 23:20:18,384 [main] DEBUG c.p.b.e.r.s.MlEvaluationCreator.create - creating MlEvaluation. 275,40001,2T,35,nopattern,nopattern
2025-12-03 23:20:18,387 [main] DEBUG c.p.b.e.r.s.MlEvaluationCreator.create - creating MlEvaluation. 275,40001,2T,36,nopattern,nopattern
2025-12-03 23:20:18,391 [main] DEBUG c.p.b.e.r.s.MlEvaluationCreator.create - creating MlEvaluation. 275,40001,2T,41,nopattern,nopattern
2025-12-03 23:20:18,396 [main] DEBUG c.p.b.e.r.s.MlEvaluationCreator.create - creating MlEvaluation. 275,40001,2T,42,nopattern,nopattern
2025-12-03 23:20:18,400 [main] DEBUG c.p.b.e.r.s.MlEvaluationCreator.create - creating MlEvaluation. 275,40001,2T,43,nopattern,nopattern
2025-12-03 23:20:18,404 [main] DEBUG c.p.b.e.r.s.MlEvaluationCreator.create - creating MlEvaluation. 275,40001,2T,45,nopattern,nopattern
2025-12-03 23:20:18,407 [main] DEBUG c.p.b.e.r.s.MlEvaluationCreator.create - creating MlEvaluation. 275,40001,2T,46,nopattern,nopattern
2025-12-03 23:20:18,411 [main] DEBUG c.p.b.e.r.s.MlEvaluationCreator.create - creating MlEvaluation. 275,40001,2T,51,nopattern,nopattern
2025-12-03 23:20:18,414 [main] DEBUG c.p.b.e.r.s.MlEvaluationCreator.create - creating MlEvaluation. 275,40001,2T,52,nopattern,nopattern
2025-12-03 23:20:18,418 [main] DEBUG c.p.b.e.r.s.MlEvaluationCreator.create - creating MlEvaluation. 275,40001,2T,53,nopattern,nopattern
2025-12-03 23:20:18,420 [main] DEBUG c.p.b.e.r.s.MlEvaluationCreator.create - creating MlEvaluation. 275,40001,2T,54,nopattern,nopattern
2025-12-03 23:20:18,426 [main] DEBUG c.p.b.e.r.s.MlEvaluationCreator.create - creating MlEvaluation. 275,40001,2T,56,nopattern,nopattern
2025-12-03 23:20:18,427 [main] DEBUG c.p.b.e.r.s.MlEvaluationCreator.create - creating MlEvaluation. 275,40001,2T,61,nopattern,nopattern
2025-12-03 23:20:18,432 [main] DEBUG c.p.b.e.r.s.MlEvaluationCreator.create - creating MlEvaluation. 275,40001,2T,62,nopattern,nopattern
2025-12-03 23:20:18,437 [main] DEBUG c.p.b.e.r.s.MlEvaluationCreator.create - creating MlEvaluation. 275,40001,2T,63,nopattern,nopattern
2025-12-03 23:20:18,442 [main] DEBUG c.p.b.e.r.s.MlEvaluationCreator.create - creating MlEvaluation. 275,40001,2T,64,nopattern,nopattern
2025-12-03 23:20:18,445 [main] DEBUG c.p.b.e.r.s.MlEvaluationCreator.create - creating MlEvaluation. 275,40001,2T,65,nopattern,nopattern
2025-12-03 23:20:18,448 [main] DEBUG c.p.b.e.r.s.MlEvaluationCreator.create - creating MlEvaluation. 275,40001,3F,123,nopattern,nopattern
2025-12-03 23:20:18,454 [main] DEBUG c.p.b.e.r.s.MlEvaluationCreator.create - creating MlEvaluation. 275,40001,3F,124,nopattern,nopattern
2025-12-03 23:20:18,458 [main] DEBUG c.p.b.e.r.s.MlEvaluationCreator.create - creating MlEvaluation. 275,40001,3F,125,nopattern,nopattern
2025-12-03 23:20:18,463 [main] DEBUG c.p.b.e.r.s.MlEvaluationCreator.create - creating MlEvaluation. 275,40001,3F,126,nopattern,nopattern
2025-12-03 23:20:18,467 [main] DEBUG c.p.b.e.r.s.MlEvaluationCreator.create - creating MlEvaluation. 275,40001,3F,132,nopattern,nopattern
2025-12-03 23:20:18,473 [main] DEBUG c.p.b.e.r.s.MlEvaluationCreator.create - creating MlEvaluation. 275,40001,3F,134,nopattern,nopattern
2025-12-03 23:20:18,477 [main] DEBUG c.p.b.e.r.s.MlEvaluationCreator.create - creating MlEvaluation. 275,40001,3F,135,nopattern,nopattern
2025-12-03 23:20:18,481 [main] DEBUG c.p.b.e.r.s.MlEvaluationCreator.create - creating MlEvaluation. 275,40001,3F,136,nopattern,nopattern
2025-12-03 23:20:18,485 [main] DEBUG c.p.b.e.r.s.MlEvaluationCreator.create - creating MlEvaluation. 275,40001,3F,142,nopattern,nopattern
2025-12-03 23:20:18,490 [main] DEBUG c.p.b.e.r.s.MlEvaluationCreator.create - creating MlEvaluation. 275,40001,3F,143,nopattern,nopattern
2025-12-03 23:20:18,494 [main] DEBUG c.p.b.e.r.s.MlEvaluationCreator.create - creating MlEvaluation. 275,40001,3F,145,nopattern,nopattern
2025-12-03 23:20:18,497 [main] DEBUG c.p.b.e.r.s.MlEvaluationCreator.create - creating MlEvaluation. 275,40001,3F,146,nopattern,nopattern
2025-12-03 23:20:18,501 [main] DEBUG c.p.b.e.r.s.MlEvaluationCreator.create - creating MlEvaluation. 275,40001,3F,152,nopattern,nopattern
2025-12-03 23:20:18,504 [main] DEBUG c.p.b.e.r.s.MlEvaluationCreator.create - creating MlEvaluation. 275,40001,3F,153,nopattern,nopattern
2025-12-03 23:20:18,508 [main] DEBUG c.p.b.e.r.s.MlEvaluationCreator.create - creating MlEvaluation. 275,40001,3F,154,nopattern,nopattern
2025-12-03 23:20:18,511 [main] DEBUG c.p.b.e.r.s.MlEvaluationCreator.create - creating MlEvaluation. 275,40001,3F,156,nopattern,nopattern
2025-12-03 23:20:18,514 [main] DEBUG c.p.b.e.r.s.MlEvaluationCreator.create - creating MlEvaluation. 275,40001,3F,162,nopattern,nopattern
2025-12-03 23:20:18,519 [main] DEBUG c.p.b.e.r.s.MlEvaluationCreator.create - creating MlEvaluation. 275,40001,3F,163,nopattern,nopattern
2025-12-03 23:20:18,523 [main] DEBUG c.p.b.e.r.s.MlEvaluationCreator.create - creating MlEvaluation. 275,40001,3F,164,nopattern,nopattern
2025-12-03 23:20:18,526 [main] DEBUG c.p.b.e.r.s.MlEvaluationCreator.create - creating MlEvaluation. 275,40001,3F,165,nopattern,nopattern
2025-12-03 23:20:18,534 [main] DEBUG c.p.b.e.r.s.MlEvaluationCreator.create - creating MlEvaluation. 275,40001,3F,213,nopattern,nopattern
2025-12-03 23:20:18,537 [main] DEBUG c.p.b.e.r.s.MlEvaluationCreator.create - creating MlEvaluation. 275,40001,3F,214,nopattern,nopattern
2025-12-03 23:20:18,541 [main] DEBUG c.p.b.e.r.s.MlEvaluationCreator.create - creating MlEvaluation. 275,40001,3F,215,nopattern,nopattern
2025-12-03 23:20:18,545 [main] DEBUG c.p.b.e.r.s.MlEvaluationCreator.create - creating MlEvaluation. 275,40001,3F,216,nopattern,nopattern
2025-12-03 23:20:18,550 [main] DEBUG c.p.b.e.r.s.MlEvaluationCreator.create - creating MlEvaluation. 275,40001,3F,231,nopattern,nopattern
2025-12-03 23:20:18,553 [main] DEBUG c.p.b.e.r.s.MlEvaluationCreator.create - creating MlEvaluation. 275,40001,3F,234,nopattern,nopattern
2025-12-03 23:20:18,556 [main] DEBUG c.p.b.e.r.s.MlEvaluationCreator.create - creating MlEvaluation. 275,40001,3F,235,nopattern,nopattern
2025-12-03 23:20:18,560 [main] DEBUG c.p.b.e.r.s.MlEvaluationCreator.create - creating MlEvaluation. 275,40001,3F,236,nopattern,nopattern
2025-12-03 23:20:18,564 [main] DEBUG c.p.b.e.r.s.MlEvaluationCreator.create - creating MlEvaluation. 275,40001,3F,241,nopattern,nopattern
2025-12-03 23:20:18,566 [main] DEBUG c.p.b.e.r.s.MlEvaluationCreator.create - creating MlEvaluation. 275,40001,3F,243,nopattern,nopattern
2025-12-03 23:20:18,570 [main] DEBUG c.p.b.e.r.s.MlEvaluationCreator.create - creating MlEvaluation. 275,40001,3F,245,nopattern,nopattern
2025-12-03 23:20:18,573 [main] DEBUG c.p.b.e.r.s.MlEvaluationCreator.create - creating MlEvaluation. 275,40001,3F,246,nopattern,nopattern
2025-12-03 23:20:18,574 [main] DEBUG c.p.b.e.r.s.MlEvaluationCreator.create - creating MlEvaluation. 275,40001,3F,251,nopattern,nopattern
2025-12-03 23:20:18,578 [main] DEBUG c.p.b.e.r.s.MlEvaluationCreator.create - creating MlEvaluation. 275,40001,3F,253,nopattern,nopattern
2025-12-03 23:20:18,582 [main] DEBUG c.p.b.e.r.s.MlEvaluationCreator.create - creating MlEvaluation. 275,40001,3F,254,nopattern,nopattern
2025-12-03 23:20:18,585 [main] DEBUG c.p.b.e.r.s.MlEvaluationCreator.create - creating MlEvaluation. 275,40001,3F,256,nopattern,nopattern
2025-12-03 23:20:18,585 [main] DEBUG c.p.b.e.r.s.MlEvaluationCreator.create - creating MlEvaluation. 275,40001,3F,261,nopattern,nopattern
2025-12-03 23:20:18,589 [main] DEBUG c.p.b.e.r.s.MlEvaluationCreator.create - creating MlEvaluation. 275,40001,3F,263,nopattern,nopattern
2025-12-03 23:20:18,593 [main] DEBUG c.p.b.e.r.s.MlEvaluationCreator.create - creating MlEvaluation. 275,40001,3F,264,nopattern,nopattern
2025-12-03 23:20:18,595 [main] DEBUG c.p.b.e.r.s.MlEvaluationCreator.create - creating MlEvaluation. 275,40001,3F,265,nopattern,nopattern
2025-12-03 23:20:18,597 [main] DEBUG c.p.b.e.r.s.MlEvaluationCreator.create - creating MlEvaluation. 275,40001,3F,312,nopattern,nopattern
2025-12-03 23:20:18,601 [main] DEBUG c.p.b.e.r.s.MlEvaluationCreator.create - creating MlEvaluation. 275,40001,3F,314,nopattern,nopattern
2025-12-03 23:20:18,605 [main] DEBUG c.p.b.e.r.s.MlEvaluationCreator.create - creating MlEvaluation. 275,40001,3F,315,nopattern,nopattern
2025-12-03 23:20:18,608 [main] DEBUG c.p.b.e.r.s.MlEvaluationCreator.create - creating MlEvaluation. 275,40001,3F,316,nopattern,nopattern
2025-12-03 23:20:18,612 [main] DEBUG c.p.b.e.r.s.MlEvaluationCreator.create - creating MlEvaluation. 275,40001,3F,321,nopattern,nopattern
2025-12-03 23:20:18,615 [main] DEBUG c.p.b.e.r.s.MlEvaluationCreator.create - creating MlEvaluation. 275,40001,3F,324,nopattern,nopattern
2025-12-03 23:20:18,620 [main] DEBUG c.p.b.e.r.s.MlEvaluationCreator.create - creating MlEvaluation. 275,40001,3F,325,nopattern,nopattern
2025-12-03 23:20:18,623 [main] DEBUG c.p.b.e.r.s.MlEvaluationCreator.create - creating MlEvaluation. 275,40001,3F,326,nopattern,nopattern
2025-12-03 23:20:18,626 [main] DEBUG c.p.b.e.r.s.MlEvaluationCreator.create - creating MlEvaluation. 275,40001,3F,341,nopattern,nopattern
2025-12-03 23:20:18,629 [main] DEBUG c.p.b.e.r.s.MlEvaluationCreator.create - creating MlEvaluation. 275,40001,3F,342,nopattern,nopattern
2025-12-03 23:20:18,633 [main] DEBUG c.p.b.e.r.s.MlEvaluationCreator.create - creating MlEvaluation. 275,40001,3F,345,nopattern,nopattern
2025-12-03 23:20:18,637 [main] DEBUG c.p.b.e.r.s.MlEvaluationCreator.create - creating MlEvaluation. 275,40001,3F,346,nopattern,nopattern
2025-12-03 23:20:18,638 [main] DEBUG c.p.b.e.r.s.MlEvaluationCreator.create - creating MlEvaluation. 275,40001,3F,351,nopattern,nopattern
2025-12-03 23:20:18,641 [main] DEBUG c.p.b.e.r.s.MlEvaluationCreator.create - creating MlEvaluation. 275,40001,3F,352,nopattern,nopattern
2025-12-03 23:20:18,645 [main] DEBUG c.p.b.e.r.s.MlEvaluationCreator.create - creating MlEvaluation. 275,40001,3F,354,nopattern,nopattern
2025-12-03 23:20:18,646 [main] DEBUG c.p.b.e.r.s.MlEvaluationCreator.create - creating MlEvaluation. 275,40001,3F,356,nopattern,nopattern
2025-12-03 23:20:18,647 [main] DEBUG c.p.b.e.r.s.MlEvaluationCreator.create - creating MlEvaluation. 275,40001,3F,361,nopattern,nopattern
2025-12-03 23:20:18,652 [main] DEBUG c.p.b.e.r.s.MlEvaluationCreator.create - creating MlEvaluation. 275,40001,3F,362,nopattern,nopattern
2025-12-03 23:20:18,656 [main] DEBUG c.p.b.e.r.s.MlEvaluationCreator.create - creating MlEvaluation. 275,40001,3F,364,nopattern,nopattern
2025-12-03 23:20:18,659 [main] DEBUG c.p.b.e.r.s.MlEvaluationCreator.create - creating MlEvaluation. 275,40001,3F,365,nopattern,nopattern
2025-12-03 23:20:18,660 [main] DEBUG c.p.b.e.r.s.MlEvaluationCreator.create - creating MlEvaluation. 275,40001,3F,412,nopattern,nopattern
2025-12-03 23:20:18,665 [main] DEBUG c.p.b.e.r.s.MlEvaluationCreator.create - creating MlEvaluation. 275,40001,3F,413,nopattern,nopattern
2025-12-03 23:20:18,669 [main] DEBUG c.p.b.e.r.s.MlEvaluationCreator.create - creating MlEvaluation. 275,40001,3F,415,nopattern,nopattern
2025-12-03 23:20:18,674 [main] DEBUG c.p.b.e.r.s.MlEvaluationCreator.create - creating MlEvaluation. 275,40001,3F,416,nopattern,nopattern
2025-12-03 23:20:18,678 [main] DEBUG c.p.b.e.r.s.MlEvaluationCreator.create - creating MlEvaluation. 275,40001,3F,421,nopattern,nopattern
2025-12-03 23:20:18,682 [main] DEBUG c.p.b.e.r.s.MlEvaluationCreator.create - creating MlEvaluation. 275,40001,3F,423,nopattern,nopattern
2025-12-03 23:20:18,685 [main] DEBUG c.p.b.e.r.s.MlEvaluationCreator.create - creating MlEvaluation. 275,40001,3F,425,nopattern,nopattern
2025-12-03 23:20:18,689 [main] DEBUG c.p.b.e.r.s.MlEvaluationCreator.create - creating MlEvaluation. 275,40001,3F,426,nopattern,nopattern
2025-12-03 23:20:18,693 [main] DEBUG c.p.b.e.r.s.MlEvaluationCreator.create - creating MlEvaluation. 275,40001,3F,431,nopattern,nopattern
2025-12-03 23:20:18,697 [main] DEBUG c.p.b.e.r.s.MlEvaluationCreator.create - creating MlEvaluation. 275,40001,3F,432,nopattern,nopattern
2025-12-03 23:20:18,701 [main] DEBUG c.p.b.e.r.s.MlEvaluationCreator.create - creating MlEvaluation. 275,40001,3F,435,nopattern,nopattern
2025-12-03 23:20:18,705 [main] DEBUG c.p.b.e.r.s.MlEvaluationCreator.create - creating MlEvaluation. 275,40001,3F,436,nopattern,nopattern
2025-12-03 23:20:18,708 [main] DEBUG c.p.b.e.r.s.MlEvaluationCreator.create - creating MlEvaluation. 275,40001,3F,451,nopattern,nopattern
2025-12-03 23:20:18,712 [main] DEBUG c.p.b.e.r.s.MlEvaluationCreator.create - creating MlEvaluation. 275,40001,3F,452,nopattern,nopattern
2025-12-03 23:20:18,714 [main] DEBUG c.p.b.e.r.s.MlEvaluationCreator.create - creating MlEvaluation. 275,40001,3F,453,nopattern,nopattern
2025-12-03 23:20:18,718 [main] DEBUG c.p.b.e.r.s.MlEvaluationCreator.create - creating MlEvaluation. 275,40001,3F,461,nopattern,nopattern
2025-12-03 23:20:18,722 [main] DEBUG c.p.b.e.r.s.MlEvaluationCreator.create - creating MlEvaluation. 275,40001,3F,462,nopattern,nopattern
2025-12-03 23:20:18,723 [main] DEBUG c.p.b.e.r.s.MlEvaluationCreator.create - creating MlEvaluation. 275,40001,3F,463,nopattern,nopattern
2025-12-03 23:20:18,724 [main] DEBUG c.p.b.e.r.s.MlEvaluationCreator.create - creating MlEvaluation. 275,40001,3F,512,nopattern,nopattern
2025-12-03 23:20:18,729 [main] DEBUG c.p.b.e.r.s.MlEvaluationCreator.create - creating MlEvaluation. 275,40001,3F,513,nopattern,nopattern
2025-12-03 23:20:18,732 [main] DEBUG c.p.b.e.r.s.MlEvaluationCreator.create - creating MlEvaluation. 275,40001,3F,514,nopattern,nopattern
2025-12-03 23:20:18,736 [main] DEBUG c.p.b.e.r.s.MlEvaluationCreator.create - creating MlEvaluation. 275,40001,3F,516,nopattern,nopattern
2025-12-03 23:20:18,739 [main] DEBUG c.p.b.e.r.s.MlEvaluationCreator.create - creating MlEvaluation. 275,40001,3F,521,nopattern,nopattern
2025-12-03 23:20:18,743 [main] DEBUG c.p.b.e.r.s.MlEvaluationCreator.create - creating MlEvaluation. 275,40001,3F,523,nopattern,nopattern
2025-12-03 23:20:18,747 [main] DEBUG c.p.b.e.r.s.MlEvaluationCreator.create - creating MlEvaluation. 275,40001,3F,524,nopattern,nopattern
2025-12-03 23:20:18,750 [main] DEBUG c.p.b.e.r.s.MlEvaluationCreator.create - creating MlEvaluation. 275,40001,3F,526,nopattern,nopattern
2025-12-03 23:20:18,751 [main] DEBUG c.p.b.e.r.s.MlEvaluationCreator.create - creating MlEvaluation. 275,40001,3F,531,nopattern,nopattern
2025-12-03 23:20:18,754 [main] DEBUG c.p.b.e.r.s.MlEvaluationCreator.create - creating MlEvaluation. 275,40001,3F,532,nopattern,nopattern
2025-12-03 23:20:18,758 [main] DEBUG c.p.b.e.r.s.MlEvaluationCreator.create - creating MlEvaluation. 275,40001,3F,534,nopattern,nopattern
2025-12-03 23:20:18,761 [main] DEBUG c.p.b.e.r.s.MlEvaluationCreator.create - creating MlEvaluation. 275,40001,3F,541,nopattern,nopattern
2025-12-03 23:20:18,764 [main] DEBUG c.p.b.e.r.s.MlEvaluationCreator.create - creating MlEvaluation. 275,40001,3F,542,nopattern,nopattern
2025-12-03 23:20:18,767 [main] DEBUG c.p.b.e.r.s.MlEvaluationCreator.create - creating MlEvaluation. 275,40001,3F,543,nopattern,nopattern
2025-12-03 23:20:18,768 [main] DEBUG c.p.b.e.r.s.MlEvaluationCreator.create - creating MlEvaluation. 275,40001,3F,561,nopattern,nopattern
2025-12-03 23:20:18,769 [main] DEBUG c.p.b.e.r.s.MlEvaluationCreator.create - creating MlEvaluation. 275,40001,3F,563,nopattern,nopattern
2025-12-03 23:20:18,769 [main] DEBUG c.p.b.e.r.s.MlEvaluationCreator.create - creating MlEvaluation. 275,40001,3F,612,nopattern,nopattern
2025-12-03 23:20:18,774 [main] DEBUG c.p.b.e.r.s.MlEvaluationCreator.create - creating MlEvaluation. 275,40001,3F,613,nopattern,nopattern
2025-12-03 23:20:18,778 [main] DEBUG c.p.b.e.r.s.MlEvaluationCreator.create - creating MlEvaluation. 275,40001,3F,614,nopattern,nopattern
2025-12-03 23:20:18,780 [main] DEBUG c.p.b.e.r.s.MlEvaluationCreator.create - creating MlEvaluation. 275,40001,3F,615,nopattern,nopattern
2025-12-03 23:20:18,784 [main] DEBUG c.p.b.e.r.s.MlEvaluationCreator.create - creating MlEvaluation. 275,40001,3F,621,nopattern,nopattern
2025-12-03 23:20:18,788 [main] DEBUG c.p.b.e.r.s.MlEvaluationCreator.create - creating MlEvaluation. 275,40001,3F,623,nopattern,nopattern
2025-12-03 23:20:18,792 [main] DEBUG c.p.b.e.r.s.MlEvaluationCreator.create - creating MlEvaluation. 275,40001,3F,624,nopattern,nopattern
2025-12-03 23:20:18,795 [main] DEBUG c.p.b.e.r.s.MlEvaluationCreator.create - creating MlEvaluation. 275,40001,3F,631,nopattern,nopattern
2025-12-03 23:20:18,799 [main] DEBUG c.p.b.e.r.s.MlEvaluationCreator.create - creating MlEvaluation. 275,40001,3F,632,nopattern,nopattern
2025-12-03 23:20:18,801 [main] DEBUG c.p.b.e.r.s.MlEvaluationCreator.create - creating MlEvaluation. 275,40001,3F,634,nopattern,nopattern
2025-12-03 23:20:18,802 [main] DEBUG c.p.b.e.r.s.MlEvaluationCreator.create - creating MlEvaluation. 275,40001,3F,635,nopattern,nopattern
2025-12-03 23:20:18,804 [main] DEBUG c.p.b.e.r.s.MlEvaluationCreator.create - creating MlEvaluation. 275,40001,3F,641,nopattern,nopattern
2025-12-03 23:20:18,808 [main] DEBUG c.p.b.e.r.s.MlEvaluationCreator.create - creating MlEvaluation. 275,40001,3F,652,nopattern,nopattern
2025-12-03 23:20:18,809 [main] DEBUG c.p.b.e.r.s.MlEvaluationCreator.create - creating MlEvaluation. 275,40001,3F,654,nopattern,nopattern
2025-12-03 23:20:18,810 [main] DEBUG c.p.b.e.r.s.MlEvaluationCreator.create - creating MlEvaluation. 275,40001,3T,123,nopattern,nopattern
2025-12-03 23:20:18,816 [main] DEBUG c.p.b.e.r.s.MlEvaluationCreator.create - creating MlEvaluation. 275,40001,3T,124,nopattern,nopattern
2025-12-03 23:20:18,821 [main] DEBUG c.p.b.e.r.s.MlEvaluationCreator.create - creating MlEvaluation. 275,40001,3T,125,nopattern,nopattern
2025-12-03 23:20:18,826 [main] DEBUG c.p.b.e.r.s.MlEvaluationCreator.create - creating MlEvaluation. 275,40001,3T,126,nopattern,nopattern
2025-12-03 23:20:18,830 [main] DEBUG c.p.b.e.r.s.MlEvaluationCreator.create - creating MlEvaluation. 275,40001,3T,132,nopattern,nopattern
2025-12-03 23:20:18,836 [main] DEBUG c.p.b.e.r.s.MlEvaluationCreator.create - creating MlEvaluation. 275,40001,3T,134,nopattern,nopattern
2025-12-03 23:20:18,841 [main] DEBUG c.p.b.e.r.s.MlEvaluationCreator.create - creating MlEvaluation. 275,40001,3T,135,nopattern,nopattern
2025-12-03 23:20:18,845 [main] DEBUG c.p.b.e.r.s.MlEvaluationCreator.create - creating MlEvaluation. 275,40001,3T,136,nopattern,nopattern
2025-12-03 23:20:18,850 [main] DEBUG c.p.b.e.r.s.MlEvaluationCreator.create - creating MlEvaluation. 275,40001,3T,142,nopattern,nopattern
2025-12-03 23:20:18,856 [main] DEBUG c.p.b.e.r.s.MlEvaluationCreator.create - creating MlEvaluation. 275,40001,3T,143,nopattern,nopattern
2025-12-03 23:20:18,861 [main] DEBUG c.p.b.e.r.s.MlEvaluationCreator.create - creating MlEvaluation. 275,40001,3T,145,nopattern,nopattern
2025-12-03 23:20:18,865 [main] DEBUG c.p.b.e.r.s.MlEvaluationCreator.create - creating MlEvaluation. 275,40001,3T,146,nopattern,nopattern
2025-12-03 23:20:18,870 [main] DEBUG c.p.b.e.r.s.MlEvaluationCreator.create - creating MlEvaluation. 275,40001,3T,152,nopattern,nopattern
2025-12-03 23:20:18,874 [main] DEBUG c.p.b.e.r.s.MlEvaluationCreator.create - creating MlEvaluation. 275,40001,3T,153,nopattern,nopattern
2025-12-03 23:20:18,878 [main] DEBUG c.p.b.e.r.s.MlEvaluationCreator.create - creating MlEvaluation. 275,40001,3T,154,nopattern,nopattern
2025-12-03 23:20:18,882 [main] DEBUG c.p.b.e.r.s.MlEvaluationCreator.create - creating MlEvaluation. 275,40001,3T,156,nopattern,nopattern
2025-12-03 23:20:18,886 [main] DEBUG c.p.b.e.r.s.MlEvaluationCreator.create - creating MlEvaluation. 275,40001,3T,162,nopattern,nopattern
2025-12-03 23:20:18,890 [main] DEBUG c.p.b.e.r.s.MlEvaluationCreator.create - creating MlEvaluation. 275,40001,3T,163,nopattern,nopattern
2025-12-03 23:20:18,896 [main] DEBUG c.p.b.e.r.s.MlEvaluationCreator.create - creating MlEvaluation. 275,40001,3T,164,nopattern,nopattern
2025-12-03 23:20:18,899 [main] DEBUG c.p.b.e.r.s.MlEvaluationCreator.create - creating MlEvaluation. 275,40001,3T,165,nopattern,nopattern
2025-12-03 23:20:18,904 [main] DEBUG c.p.b.e.r.s.MlEvaluationCreator.create - creating MlEvaluation. 275,40001,3T,213,nopattern,nopattern
2025-12-03 23:20:18,909 [main] DEBUG c.p.b.e.r.s.MlEvaluationCreator.create - creating MlEvaluation. 275,40001,3T,214,nopattern,nopattern
2025-12-03 23:20:18,913 [main] DEBUG c.p.b.e.r.s.MlEvaluationCreator.create - creating MlEvaluation. 275,40001,3T,215,nopattern,nopattern
2025-12-03 23:20:18,916 [main] DEBUG c.p.b.e.r.s.MlEvaluationCreator.create - creating MlEvaluation. 275,40001,3T,216,nopattern,nopattern
2025-12-03 23:20:18,920 [main] DEBUG c.p.b.e.r.s.MlEvaluationCreator.create - creating MlEvaluation. 275,40001,3T,231,nopattern,nopattern
2025-12-03 23:20:18,924 [main] DEBUG c.p.b.e.r.s.MlEvaluationCreator.create - creating MlEvaluation. 275,40001,3T,234,nopattern,nopattern
2025-12-03 23:20:18,929 [main] DEBUG c.p.b.e.r.s.MlEvaluationCreator.create - creating MlEvaluation. 275,40001,3T,235,nopattern,nopattern
2025-12-03 23:20:18,932 [main] DEBUG c.p.b.e.r.s.MlEvaluationCreator.create - creating MlEvaluation. 275,40001,3T,236,nopattern,nopattern
2025-12-03 23:20:18,937 [main] DEBUG c.p.b.e.r.s.MlEvaluationCreator.create - creating MlEvaluation. 275,40001,3T,241,nopattern,nopattern
2025-12-03 23:20:18,941 [main] DEBUG c.p.b.e.r.s.MlEvaluationCreator.create - creating MlEvaluation. 275,40001,3T,243,nopattern,nopattern
2025-12-03 23:20:18,945 [main] DEBUG c.p.b.e.r.s.MlEvaluationCreator.create - creating MlEvaluation. 275,40001,3T,245,nopattern,nopattern
2025-12-03 23:20:18,948 [main] DEBUG c.p.b.e.r.s.MlEvaluationCreator.create - creating MlEvaluation. 275,40001,3T,246,nopattern,nopattern
2025-12-03 23:20:18,951 [main] DEBUG c.p.b.e.r.s.MlEvaluationCreator.create - creating MlEvaluation. 275,40001,3T,251,nopattern,nopattern
2025-12-03 23:20:18,955 [main] DEBUG c.p.b.e.r.s.MlEvaluationCreator.create - creating MlEvaluation. 275,40001,3T,253,nopattern,nopattern
2025-12-03 23:20:18,959 [main] DEBUG c.p.b.e.r.s.MlEvaluationCreator.create - creating MlEvaluation. 275,40001,3T,254,nopattern,nopattern
2025-12-03 23:20:18,963 [main] DEBUG c.p.b.e.r.s.MlEvaluationCreator.create - creating MlEvaluation. 275,40001,3T,256,nopattern,nopattern
2025-12-03 23:20:18,964 [main] DEBUG c.p.b.e.r.s.MlEvaluationCreator.create - creating MlEvaluation. 275,40001,3T,261,nopattern,nopattern
2025-12-03 23:20:18,968 [main] DEBUG c.p.b.e.r.s.MlEvaluationCreator.create - creating MlEvaluation. 275,40001,3T,263,nopattern,nopattern
2025-12-03 23:20:18,972 [main] DEBUG c.p.b.e.r.s.MlEvaluationCreator.create - creating MlEvaluation. 275,40001,3T,264,nopattern,nopattern
2025-12-03 23:20:18,976 [main] DEBUG c.p.b.e.r.s.MlEvaluationCreator.create - creating MlEvaluation. 275,40001,3T,265,nopattern,nopattern
2025-12-03 23:20:18,977 [main] DEBUG c.p.b.e.r.s.MlEvaluationCreator.create - creating MlEvaluation. 275,40001,3T,312,nopattern,nopattern
2025-12-03 23:20:18,982 [main] DEBUG c.p.b.e.r.s.MlEvaluationCreator.create - creating MlEvaluation. 275,40001,3T,314,nopattern,nopattern
2025-12-03 23:20:18,986 [main] DEBUG c.p.b.e.r.s.MlEvaluationCreator.create - creating MlEvaluation. 275,40001,3T,315,nopattern,nopattern
2025-12-03 23:20:18,991 [main] DEBUG c.p.b.e.r.s.MlEvaluationCreator.create - creating MlEvaluation. 275,40001,3T,316,nopattern,nopattern
2025-12-03 23:20:18,995 [main] DEBUG c.p.b.e.r.s.MlEvaluationCreator.create - creating MlEvaluation. 275,40001,3T,321,nopattern,nopattern
2025-12-03 23:20:18,999 [main] DEBUG c.p.b.e.r.s.MlEvaluationCreator.create - creating MlEvaluation. 275,40001,3T,324,nopattern,nopattern
2025-12-03 23:20:19,003 [main] DEBUG c.p.b.e.r.s.MlEvaluationCreator.create - creating MlEvaluation. 275,40001,3T,325,nopattern,nopattern
2025-12-03 23:20:19,007 [main] DEBUG c.p.b.e.r.s.MlEvaluationCreator.create - creating MlEvaluation. 275,40001,3T,326,nopattern,nopattern
2025-12-03 23:20:19,010 [main] DEBUG c.p.b.e.r.s.MlEvaluationCreator.create - creating MlEvaluation. 275,40001,3T,341,nopattern,nopattern
2025-12-03 23:20:19,013 [main] DEBUG c.p.b.e.r.s.MlEvaluationCreator.create - creating MlEvaluation. 275,40001,3T,342,nopattern,nopattern
2025-12-03 23:20:19,018 [main] DEBUG c.p.b.e.r.s.MlEvaluationCreator.create - creating MlEvaluation. 275,40001,3T,345,nopattern,nopattern
2025-12-03 23:20:19,021 [main] DEBUG c.p.b.e.r.s.MlEvaluationCreator.create - creating MlEvaluation. 275,40001,3T,346,nopattern,nopattern
2025-12-03 23:20:19,022 [main] DEBUG c.p.b.e.r.s.MlEvaluationCreator.create - creating MlEvaluation. 275,40001,3T,351,nopattern,nopattern
2025-12-03 23:20:19,026 [main] DEBUG c.p.b.e.r.s.MlEvaluationCreator.create - creating MlEvaluation. 275,40001,3T,352,nopattern,nopattern
2025-12-03 23:20:19,030 [main] DEBUG c.p.b.e.r.s.MlEvaluationCreator.create - creating MlEvaluation. 275,40001,3T,354,nopattern,nopattern
2025-12-03 23:20:19,031 [main] DEBUG c.p.b.e.r.s.MlEvaluationCreator.create - creating MlEvaluation. 275,40001,3T,356,nopattern,nopattern
2025-12-03 23:20:19,035 [main] DEBUG c.p.b.e.r.s.MlEvaluationCreator.create - creating MlEvaluation. 275,40001,3T,361,nopattern,nopattern
2025-12-03 23:20:19,039 [main] DEBUG c.p.b.e.r.s.MlEvaluationCreator.create - creating MlEvaluation. 275,40001,3T,362,nopattern,nopattern
2025-12-03 23:20:19,042 [main] DEBUG c.p.b.e.r.s.MlEvaluationCreator.create - creating MlEvaluation. 275,40001,3T,364,nopattern,nopattern
2025-12-03 23:20:19,043 [main] DEBUG c.p.b.e.r.s.MlEvaluationCreator.create - creating MlEvaluation. 275,40001,3T,365,nopattern,nopattern
2025-12-03 23:20:19,046 [main] DEBUG c.p.b.e.r.s.MlEvaluationCreator.create - creating MlEvaluation. 275,40001,3T,412,nopattern,nopattern
2025-12-03 23:20:19,051 [main] DEBUG c.p.b.e.r.s.MlEvaluationCreator.create - creating MlEvaluation. 275,40001,3T,413,nopattern,nopattern
2025-12-03 23:20:19,055 [main] DEBUG c.p.b.e.r.s.MlEvaluationCreator.create - creating MlEvaluation. 275,40001,3T,415,nopattern,nopattern
2025-12-03 23:20:19,059 [main] DEBUG c.p.b.e.r.s.MlEvaluationCreator.create - creating MlEvaluation. 275,40001,3T,416,nopattern,nopattern
2025-12-03 23:20:19,068 [main] DEBUG c.p.b.e.r.s.MlEvaluationCreator.create - creating MlEvaluation. 275,40001,3T,421,nopattern,nopattern
2025-12-03 23:20:19,072 [main] DEBUG c.p.b.e.r.s.MlEvaluationCreator.create - creating MlEvaluation. 275,40001,3T,423,nopattern,nopattern
2025-12-03 23:20:19,074 [main] DEBUG c.p.b.e.r.s.MlEvaluationCreator.create - creating MlEvaluation. 275,40001,3T,425,nopattern,nopattern
2025-12-03 23:20:19,079 [main] DEBUG c.p.b.e.r.s.MlEvaluationCreator.create - creating MlEvaluation. 275,40001,3T,426,nopattern,nopattern
2025-12-03 23:20:19,083 [main] DEBUG c.p.b.e.r.s.MlEvaluationCreator.create - creating MlEvaluation. 275,40001,3T,431,nopattern,nopattern
2025-12-03 23:20:19,086 [main] DEBUG c.p.b.e.r.s.MlEvaluationCreator.create - creating MlEvaluation. 275,40001,3T,432,nopattern,nopattern
2025-12-03 23:20:19,089 [main] DEBUG c.p.b.e.r.s.MlEvaluationCreator.create - creating MlEvaluation. 275,40001,3T,435,nopattern,nopattern
2025-12-03 23:20:19,093 [main] DEBUG c.p.b.e.r.s.MlEvaluationCreator.create - creating MlEvaluation. 275,40001,3T,436,nopattern,nopattern
2025-12-03 23:20:19,111 [main] DEBUG c.p.b.e.r.s.MlEvaluationCreator.create - creating MlEvaluation. 275,40001,3T,451,nopattern,nopattern
2025-12-03 23:20:19,114 [main] DEBUG c.p.b.e.r.s.MlEvaluationCreator.create - creating MlEvaluation. 275,40001,3T,452,nopattern,nopattern
2025-12-03 23:20:19,126 [main] DEBUG c.p.b.e.r.s.MlEvaluationCreator.create - creating MlEvaluation. 275,40001,3T,453,nopattern,nopattern
2025-12-03 23:20:19,135 [main] DEBUG c.p.b.e.r.s.MlEvaluationCreator.create - creating MlEvaluation. 275,40001,3T,461,nopattern,nopattern
2025-12-03 23:20:19,139 [main] DEBUG c.p.b.e.r.s.MlEvaluationCreator.create - creating MlEvaluation. 275,40001,3T,462,nopattern,nopattern
2025-12-03 23:20:19,141 [main] DEBUG c.p.b.e.r.s.MlEvaluationCreator.create - creating MlEvaluation. 275,40001,3T,463,nopattern,nopattern
2025-12-03 23:20:19,142 [main] DEBUG c.p.b.e.r.s.MlEvaluationCreator.create - creating MlEvaluation. 275,40001,3T,465,nopattern,nopattern
2025-12-03 23:20:19,144 [main] DEBUG c.p.b.e.r.s.MlEvaluationCreator.create - creating MlEvaluation. 275,40001,3T,512,nopattern,nopattern
2025-12-03 23:20:19,155 [main] DEBUG c.p.b.e.r.s.MlEvaluationCreator.create - creating MlEvaluation. 275,40001,3T,513,nopattern,nopattern
2025-12-03 23:20:19,159 [main] DEBUG c.p.b.e.r.s.MlEvaluationCreator.create - creating MlEvaluation. 275,40001,3T,514,nopattern,nopattern
2025-12-03 23:20:19,163 [main] DEBUG c.p.b.e.r.s.MlEvaluationCreator.create - creating MlEvaluation. 275,40001,3T,516,nopattern,nopattern
2025-12-03 23:20:19,167 [main] DEBUG c.p.b.e.r.s.MlEvaluationCreator.create - creating MlEvaluation. 275,40001,3T,521,nopattern,nopattern
2025-12-03 23:20:19,171 [main] DEBUG c.p.b.e.r.s.MlEvaluationCreator.create - creating MlEvaluation. 275,40001,3T,523,nopattern,nopattern
2025-12-03 23:20:19,175 [main] DEBUG c.p.b.e.r.s.MlEvaluationCreator.create - creating MlEvaluation. 275,40001,3T,524,nopattern,nopattern
2025-12-03 23:20:19,178 [main] DEBUG c.p.b.e.r.s.MlEvaluationCreator.create - creating MlEvaluation. 275,40001,3T,526,nopattern,nopattern
2025-12-03 23:20:19,179 [main] DEBUG c.p.b.e.r.s.MlEvaluationCreator.create - creating MlEvaluation. 275,40001,3T,531,nopattern,nopattern
2025-12-03 23:20:19,183 [main] DEBUG c.p.b.e.r.s.MlEvaluationCreator.create - creating MlEvaluation. 275,40001,3T,532,nopattern,nopattern
2025-12-03 23:20:19,187 [main] DEBUG c.p.b.e.r.s.MlEvaluationCreator.create - creating MlEvaluation. 275,40001,3T,534,nopattern,nopattern
2025-12-03 23:20:19,190 [main] DEBUG c.p.b.e.r.s.MlEvaluationCreator.create - creating MlEvaluation. 275,40001,3T,536,nopattern,nopattern
2025-12-03 23:20:19,192 [main] DEBUG c.p.b.e.r.s.MlEvaluationCreator.create - creating MlEvaluation. 275,40001,3T,541,nopattern,nopattern
2025-12-03 23:20:19,198 [main] DEBUG c.p.b.e.r.s.MlEvaluationCreator.create - creating MlEvaluation. 275,40001,3T,542,nopattern,nopattern
2025-12-03 23:20:19,202 [main] DEBUG c.p.b.e.r.s.MlEvaluationCreator.create - creating MlEvaluation. 275,40001,3T,543,nopattern,nopattern
2025-12-03 23:20:19,203 [main] DEBUG c.p.b.e.r.s.MlEvaluationCreator.create - creating MlEvaluation. 275,40001,3T,561,nopattern,nopattern
2025-12-03 23:20:19,204 [main] DEBUG c.p.b.e.r.s.MlEvaluationCreator.create - creating MlEvaluation. 275,40001,3T,563,nopattern,nopattern
2025-12-03 23:20:19,206 [main] DEBUG c.p.b.e.r.s.MlEvaluationCreator.create - creating MlEvaluation. 275,40001,3T,612,nopattern,nopattern
2025-12-03 23:20:19,211 [main] DEBUG c.p.b.e.r.s.MlEvaluationCreator.create - creating MlEvaluation. 275,40001,3T,613,nopattern,nopattern
2025-12-03 23:20:19,215 [main] DEBUG c.p.b.e.r.s.MlEvaluationCreator.create - creating MlEvaluation. 275,40001,3T,614,nopattern,nopattern
2025-12-03 23:20:19,219 [main] DEBUG c.p.b.e.r.s.MlEvaluationCreator.create - creating MlEvaluation. 275,40001,3T,615,nopattern,nopattern
2025-12-03 23:20:19,222 [main] DEBUG c.p.b.e.r.s.MlEvaluationCreator.create - creating MlEvaluation. 275,40001,3T,621,nopattern,nopattern
2025-12-03 23:20:19,225 [main] DEBUG c.p.b.e.r.s.MlEvaluationCreator.create - creating MlEvaluation. 275,40001,3T,623,nopattern,nopattern
2025-12-03 23:20:19,228 [main] DEBUG c.p.b.e.r.s.MlEvaluationCreator.create - creating MlEvaluation. 275,40001,3T,624,nopattern,nopattern
2025-12-03 23:20:19,232 [main] DEBUG c.p.b.e.r.s.MlEvaluationCreator.create - creating MlEvaluation. 275,40001,3T,625,nopattern,nopattern
2025-12-03 23:20:19,234 [main] DEBUG c.p.b.e.r.s.MlEvaluationCreator.create - creating MlEvaluation. 275,40001,3T,631,nopattern,nopattern
2025-12-03 23:20:19,238 [main] DEBUG c.p.b.e.r.s.MlEvaluationCreator.create - creating MlEvaluation. 275,40001,3T,632,nopattern,nopattern
2025-12-03 23:20:19,241 [main] DEBUG c.p.b.e.r.s.MlEvaluationCreator.create - creating MlEvaluation. 275,40001,3T,634,nopattern,nopattern
2025-12-03 23:20:19,244 [main] DEBUG c.p.b.e.r.s.MlEvaluationCreator.create - creating MlEvaluation. 275,40001,3T,641,nopattern,nopattern
2025-12-03 23:20:19,248 [main] DEBUG c.p.b.e.r.s.MlEvaluationCreator.create - creating MlEvaluation. 275,40001,3T,642,nopattern,nopattern
2025-12-03 23:20:19,249 [main] DEBUG c.p.b.e.r.s.MlEvaluationCreator.create - creating MlEvaluation. 275,40001,3T,643,nopattern,nopattern
2025-12-03 23:20:19,250 [main] DEBUG c.p.b.e.r.s.MlEvaluationCreator.create - creating MlEvaluation. 275,40001,3T,645,nopattern,nopattern
2025-12-03 23:20:19,254 [main] DEBUG c.p.b.e.r.s.MlEvaluationCreator.create - creating MlEvaluation. 275,40001,3T,652,nopattern,nopattern
2025-12-03 23:20:19,255 [main] DEBUG c.p.b.e.r.s.MlEvaluationCreator.create - creating MlEvaluation. 275,40001,3T,653,nopattern,nopattern
2025-12-03 23:20:19,255 [main] DEBUG c.p.b.e.r.s.MlEvaluationCreator.create - creating MlEvaluation. 275,40001,3T,654,nopattern,nopattern
2025-12-03 23:20:20,368 [main] INFO  c.p.b.e.r.g.ResultGraphBuilder.save - graph saved. C:/Dev/experiment/expr10/result//14-1-no-ip/1T/1_1T_1_nopattern_nopattern_40001_14-1-no-ip_-177_7.64_18.2.png
2025-12-03 23:20:20,776 [main] INFO  c.p.b.e.r.g.ResultGraphBuilder.save - graph saved. C:/Dev/experiment/expr10/result//14-1-no-ip/1T/1_1T_2_nopattern_nopattern_40001_14-1-no-ip_-69_1.53_4.6.png
2025-12-03 23:20:21,178 [main] INFO  c.p.b.e.r.g.ResultGraphBuilder.save - graph saved. C:/Dev/experiment/expr10/result//14-1-no-ip/1T/1_1T_3_nopattern_nopattern_40001_14-1-no-ip_-58_0.87_2.8.png
2025-12-03 23:20:21,500 [main] INFO  c.p.b.e.r.g.ResultGraphBuilder.save - graph saved. C:/Dev/experiment/expr10/result//14-1-no-ip/1T/1_1T_4_nopattern_nopattern_40001_14-1-no-ip_1_0.57_1.6.png
2025-12-03 23:20:21,788 [main] INFO  c.p.b.e.r.g.ResultGraphBuilder.save - graph saved. C:/Dev/experiment/expr10/result//14-1-no-ip/1T/1_1T_5_nopattern_nopattern_40001_14-1-no-ip_-21_0.18_0.7.png
2025-12-03 23:20:22,066 [main] INFO  c.p.b.e.r.g.ResultGraphBuilder.save - graph saved. C:/Dev/experiment/expr10/result//14-1-no-ip/1T/1_1T_6_nopattern_nopattern_40001_14-1-no-ip_-3_0.15_0.6.png
2025-12-03 23:20:22,357 [main] INFO  c.p.b.e.r.g.ResultGraphBuilder.save - graph saved. C:/Dev/experiment/expr10/result//14-1-no-ip/2F/1_2F_12_nopattern_nopattern_40001_14-1-no-ip_-118_3.25_12.0.png
2025-12-03 23:20:22,639 [main] INFO  c.p.b.e.r.g.ResultGraphBuilder.save - graph saved. C:/Dev/experiment/expr10/result//14-1-no-ip/2F/1_2F_13_nopattern_nopattern_40001_14-1-no-ip_-155_2.0_8.0.png
2025-12-03 23:20:22,916 [main] INFO  c.p.b.e.r.g.ResultGraphBuilder.save - graph saved. C:/Dev/experiment/expr10/result//14-1-no-ip/2F/1_2F_14_nopattern_nopattern_40001_14-1-no-ip_-139_1.57_7.1.png
2025-12-03 23:20:23,191 [main] INFO  c.p.b.e.r.g.ResultGraphBuilder.save - graph saved. C:/Dev/experiment/expr10/result//14-1-no-ip/2F/1_2F_15_nopattern_nopattern_40001_14-1-no-ip_-47_0.51_2.6.png
2025-12-03 23:20:23,466 [main] INFO  c.p.b.e.r.g.ResultGraphBuilder.save - graph saved. C:/Dev/experiment/expr10/result//14-1-no-ip/2F/1_2F_16_nopattern_nopattern_40001_14-1-no-ip_-3_0.42_2.0.png
2025-12-03 23:20:23,734 [main] INFO  c.p.b.e.r.g.ResultGraphBuilder.save - graph saved. C:/Dev/experiment/expr10/result//14-1-no-ip/2F/1_2F_21_nopattern_nopattern_40001_14-1-no-ip_-30_0.57_2.4.png
2025-12-03 23:20:24,009 [main] INFO  c.p.b.e.r.g.ResultGraphBuilder.save - graph saved. C:/Dev/experiment/expr10/result//14-1-no-ip/2F/1_2F_23_nopattern_nopattern_40001_14-1-no-ip_-7_0.15_0.7.png
2025-12-03 23:20:24,278 [main] INFO  c.p.b.e.r.g.ResultGraphBuilder.save - graph saved. C:/Dev/experiment/expr10/result//14-1-no-ip/2F/1_2F_24_nopattern_nopattern_40001_14-1-no-ip_-15_0.07_0.4.png
2025-12-03 23:20:24,547 [main] INFO  c.p.b.e.r.g.ResultGraphBuilder.save - graph saved. C:/Dev/experiment/expr10/result//14-1-no-ip/2F/1_2F_25_nopattern_nopattern_40001_14-1-no-ip_14_0.09_0.2.png
2025-12-03 23:20:24,803 [main] INFO  c.p.b.e.r.g.ResultGraphBuilder.save - graph saved. C:/Dev/experiment/expr10/result//14-1-no-ip/2F/1_2F_26_nopattern_nopattern_40001_14-1-no-ip_-7_0.01_0.1.png
2025-12-03 23:20:25,071 [main] INFO  c.p.b.e.r.g.ResultGraphBuilder.save - graph saved. C:/Dev/experiment/expr10/result//14-1-no-ip/2F/1_2F_31_nopattern_nopattern_40001_14-1-no-ip_-29_0.3_1.4.png
2025-12-03 23:20:25,336 [main] INFO  c.p.b.e.r.g.ResultGraphBuilder.save - graph saved. C:/Dev/experiment/expr10/result//14-1-no-ip/2F/1_2F_32_nopattern_nopattern_40001_14-1-no-ip_-15_0.1_0.5.png
2025-12-03 23:20:25,606 [main] INFO  c.p.b.e.r.g.ResultGraphBuilder.save - graph saved. C:/Dev/experiment/expr10/result//14-1-no-ip/2F/1_2F_34_nopattern_nopattern_40001_14-1-no-ip_0_0.04_0.2.png
2025-12-03 23:20:25,894 [main] INFO  c.p.b.e.r.g.ResultGraphBuilder.save - graph saved. C:/Dev/experiment/expr10/result//14-1-no-ip/2F/1_2F_35_nopattern_nopattern_40001_14-1-no-ip_-1_0.01_0.0.png
2025-12-03 23:20:26,165 [main] INFO  c.p.b.e.r.g.ResultGraphBuilder.save - graph saved. C:/Dev/experiment/expr10/result//14-1-no-ip/2F/1_2F_36_nopattern_nopattern_40001_14-1-no-ip_-4_0.01_0.1.png
2025-12-03 23:20:26,432 [main] INFO  c.p.b.e.r.g.ResultGraphBuilder.save - graph saved. C:/Dev/experiment/expr10/result//14-1-no-ip/2F/1_2F_41_nopattern_nopattern_40001_14-1-no-ip_-12_0.15_0.8.png
2025-12-03 23:20:26,700 [main] INFO  c.p.b.e.r.g.ResultGraphBuilder.save - graph saved. C:/Dev/experiment/expr10/result//14-1-no-ip/2F/1_2F_42_nopattern_nopattern_40001_14-1-no-ip_-5_0.06_0.3.png
2025-12-03 23:20:26,960 [main] INFO  c.p.b.e.r.g.ResultGraphBuilder.save - graph saved. C:/Dev/experiment/expr10/result//14-1-no-ip/2F/1_2F_43_nopattern_nopattern_40001_14-1-no-ip_-2_0.04_0.2.png
2025-12-03 23:20:27,201 [main] INFO  c.p.b.e.r.g.ResultGraphBuilder.save - graph saved. C:/Dev/experiment/expr10/result//14-1-no-ip/2F/1_2F_45_nopattern_nopattern_40001_14-1-no-ip_0_0.0_0.0.png
2025-12-03 23:20:27,433 [main] INFO  c.p.b.e.r.g.ResultGraphBuilder.save - graph saved. C:/Dev/experiment/expr10/result//14-1-no-ip/2F/1_2F_46_nopattern_nopattern_40001_14-1-no-ip_-2_0.0_0.0.png
2025-12-03 23:20:27,706 [main] INFO  c.p.b.e.r.g.ResultGraphBuilder.save - graph saved. C:/Dev/experiment/expr10/result//14-1-no-ip/2F/1_2F_51_nopattern_nopattern_40001_14-1-no-ip_-1_0.08_0.4.png
2025-12-03 23:20:27,961 [main] INFO  c.p.b.e.r.g.ResultGraphBuilder.save - graph saved. C:/Dev/experiment/expr10/result//14-1-no-ip/2F/1_2F_52_nopattern_nopattern_40001_14-1-no-ip_-4_0.01_0.1.png
2025-12-03 23:20:28,220 [main] INFO  c.p.b.e.r.g.ResultGraphBuilder.save - graph saved. C:/Dev/experiment/expr10/result//14-1-no-ip/2F/1_2F_53_nopattern_nopattern_40001_14-1-no-ip_-1_0.01_0.0.png
2025-12-03 23:20:28,465 [main] INFO  c.p.b.e.r.g.ResultGraphBuilder.save - graph saved. C:/Dev/experiment/expr10/result//14-1-no-ip/2F/1_2F_54_nopattern_nopattern_40001_14-1-no-ip_-4_0.0_0.0.png
2025-12-03 23:20:28,728 [main] INFO  c.p.b.e.r.g.ResultGraphBuilder.save - graph saved. C:/Dev/experiment/expr10/result//14-1-no-ip/2F/1_2F_61_nopattern_nopattern_40001_14-1-no-ip_-8_0.05_0.3.png
2025-12-03 23:20:28,991 [main] INFO  c.p.b.e.r.g.ResultGraphBuilder.save - graph saved. C:/Dev/experiment/expr10/result//14-1-no-ip/2F/1_2F_62_nopattern_nopattern_40001_14-1-no-ip_5_0.03_0.1.png
2025-12-03 23:20:29,247 [main] INFO  c.p.b.e.r.g.ResultGraphBuilder.save - graph saved. C:/Dev/experiment/expr10/result//14-1-no-ip/2F/1_2F_63_nopattern_nopattern_40001_14-1-no-ip_-1_0.01_0.0.png
2025-12-03 23:20:29,482 [main] INFO  c.p.b.e.r.g.ResultGraphBuilder.save - graph saved. C:/Dev/experiment/expr10/result//14-1-no-ip/2F/1_2F_64_nopattern_nopattern_40001_14-1-no-ip_-1_0.0_0.0.png
2025-12-03 23:20:29,700 [main] INFO  c.p.b.e.r.g.ResultGraphBuilder.save - graph saved. C:/Dev/experiment/expr10/result//14-1-no-ip/2F/1_2F_65_nopattern_nopattern_40001_14-1-no-ip_0_0.0_0.0.png
2025-12-03 23:20:29,979 [main] INFO  c.p.b.e.r.g.ResultGraphBuilder.save - graph saved. C:/Dev/experiment/expr10/result//14-1-no-ip/2T/1_2T_12_nopattern_nopattern_40001_14-1-no-ip_-192_2.47_12.3.png
2025-12-03 23:20:30,255 [main] INFO  c.p.b.e.r.g.ResultGraphBuilder.save - graph saved. C:/Dev/experiment/expr10/result//14-1-no-ip/2T/1_2T_13_nopattern_nopattern_40001_14-1-no-ip_-192_1.57_8.5.png
2025-12-03 23:20:30,530 [main] INFO  c.p.b.e.r.g.ResultGraphBuilder.save - graph saved. C:/Dev/experiment/expr10/result//14-1-no-ip/2T/1_2T_14_nopattern_nopattern_40001_14-1-no-ip_-154_1.42_8.2.png
2025-12-03 23:20:30,794 [main] INFO  c.p.b.e.r.g.ResultGraphBuilder.save - graph saved. C:/Dev/experiment/expr10/result//14-1-no-ip/2T/1_2T_15_nopattern_nopattern_40001_14-1-no-ip_-66_0.49_3.2.png
2025-12-03 23:20:31,076 [main] INFO  c.p.b.e.r.g.ResultGraphBuilder.save - graph saved. C:/Dev/experiment/expr10/result//14-1-no-ip/2T/1_2T_16_nopattern_nopattern_40001_14-1-no-ip_-38_0.36_2.5.png
2025-12-03 23:20:31,353 [main] INFO  c.p.b.e.r.g.ResultGraphBuilder.save - graph saved. C:/Dev/experiment/expr10/result//14-1-no-ip/2T/1_2T_21_nopattern_nopattern_40001_14-1-no-ip_-64_0.79_5.1.png
2025-12-03 23:20:31,614 [main] INFO  c.p.b.e.r.g.ResultGraphBuilder.save - graph saved. C:/Dev/experiment/expr10/result//14-1-no-ip/2T/1_2T_23_nopattern_nopattern_40001_14-1-no-ip_-22_0.07_0.7.png
2025-12-03 23:20:31,997 [main] INFO  c.p.b.e.r.g.ResultGraphBuilder.save - graph saved. C:/Dev/experiment/expr10/result//14-1-no-ip/2T/1_2T_24_nopattern_nopattern_40001_14-1-no-ip_-17_0.05_0.5.png
2025-12-03 23:20:32,253 [main] INFO  c.p.b.e.r.g.ResultGraphBuilder.save - graph saved. C:/Dev/experiment/expr10/result//14-1-no-ip/2T/1_2T_25_nopattern_nopattern_40001_14-1-no-ip_17_0.05_0.2.png
2025-12-03 23:20:32,507 [main] INFO  c.p.b.e.r.g.ResultGraphBuilder.save - graph saved. C:/Dev/experiment/expr10/result//14-1-no-ip/2T/1_2T_26_nopattern_nopattern_40001_14-1-no-ip_-15_0.0_0.1.png
2025-12-03 23:20:32,779 [main] INFO  c.p.b.e.r.g.ResultGraphBuilder.save - graph saved. C:/Dev/experiment/expr10/result//14-1-no-ip/2T/1_2T_31_nopattern_nopattern_40001_14-1-no-ip_-89_0.3_2.9.png
2025-12-03 23:20:33,048 [main] INFO  c.p.b.e.r.g.ResultGraphBuilder.save - graph saved. C:/Dev/experiment/expr10/result//14-1-no-ip/2T/1_2T_32_nopattern_nopattern_40001_14-1-no-ip_-15_0.1_0.9.png
2025-12-03 23:20:33,307 [main] INFO  c.p.b.e.r.g.ResultGraphBuilder.save - graph saved. C:/Dev/experiment/expr10/result//14-1-no-ip/2T/1_2T_34_nopattern_nopattern_40001_14-1-no-ip_0_0.03_0.2.png
2025-12-03 23:20:33,556 [main] INFO  c.p.b.e.r.g.ResultGraphBuilder.save - graph saved. C:/Dev/experiment/expr10/result//14-1-no-ip/2T/1_2T_35_nopattern_nopattern_40001_14-1-no-ip_-1_0.0_0.0.png
2025-12-03 23:20:33,809 [main] INFO  c.p.b.e.r.g.ResultGraphBuilder.save - graph saved. C:/Dev/experiment/expr10/result//14-1-no-ip/2T/1_2T_36_nopattern_nopattern_40001_14-1-no-ip_-2_0.01_0.0.png
2025-12-03 23:20:34,077 [main] INFO  c.p.b.e.r.g.ResultGraphBuilder.save - graph saved. C:/Dev/experiment/expr10/result//14-1-no-ip/2T/1_2T_41_nopattern_nopattern_40001_14-1-no-ip_-37_0.14_1.6.png
2025-12-03 23:20:34,342 [main] INFO  c.p.b.e.r.g.ResultGraphBuilder.save - graph saved. C:/Dev/experiment/expr10/result//14-1-no-ip/2T/1_2T_42_nopattern_nopattern_40001_14-1-no-ip_5_0.07_0.5.png
2025-12-03 23:20:34,602 [main] INFO  c.p.b.e.r.g.ResultGraphBuilder.save - graph saved. C:/Dev/experiment/expr10/result//14-1-no-ip/2T/1_2T_43_nopattern_nopattern_40001_14-1-no-ip_0_0.05_0.4.png
2025-12-03 23:20:34,848 [main] INFO  c.p.b.e.r.g.ResultGraphBuilder.save - graph saved. C:/Dev/experiment/expr10/result//14-1-no-ip/2T/1_2T_45_nopattern_nopattern_40001_14-1-no-ip_-3_0.0_0.0.png
2025-12-03 23:20:35,087 [main] INFO  c.p.b.e.r.g.ResultGraphBuilder.save - graph saved. C:/Dev/experiment/expr10/result//14-1-no-ip/2T/1_2T_46_nopattern_nopattern_40001_14-1-no-ip_2_0.0_0.0.png
2025-12-03 23:20:35,353 [main] INFO  c.p.b.e.r.g.ResultGraphBuilder.save - graph saved. C:/Dev/experiment/expr10/result//14-1-no-ip/2T/1_2T_51_nopattern_nopattern_40001_14-1-no-ip_-23_0.05_0.5.png
2025-12-03 23:20:35,610 [main] INFO  c.p.b.e.r.g.ResultGraphBuilder.save - graph saved. C:/Dev/experiment/expr10/result//14-1-no-ip/2T/1_2T_52_nopattern_nopattern_40001_14-1-no-ip_-8_0.01_0.2.png
2025-12-03 23:20:35,868 [main] INFO  c.p.b.e.r.g.ResultGraphBuilder.save - graph saved. C:/Dev/experiment/expr10/result//14-1-no-ip/2T/1_2T_53_nopattern_nopattern_40001_14-1-no-ip_-8_0.01_0.1.png
2025-12-03 23:20:36,126 [main] INFO  c.p.b.e.r.g.ResultGraphBuilder.save - graph saved. C:/Dev/experiment/expr10/result//14-1-no-ip/2T/1_2T_54_nopattern_nopattern_40001_14-1-no-ip_-6_0.0_0.0.png
2025-12-03 23:20:36,390 [main] INFO  c.p.b.e.r.g.ResultGraphBuilder.save - graph saved. C:/Dev/experiment/expr10/result//14-1-no-ip/2T/1_2T_61_nopattern_nopattern_40001_14-1-no-ip_-9_0.03_0.4.png
2025-12-03 23:20:36,649 [main] INFO  c.p.b.e.r.g.ResultGraphBuilder.save - graph saved. C:/Dev/experiment/expr10/result//14-1-no-ip/2T/1_2T_62_nopattern_nopattern_40001_14-1-no-ip_4_0.01_0.1.png
2025-12-03 23:20:37,009 [main] INFO  c.p.b.e.r.g.ResultGraphBuilder.save - graph saved. C:/Dev/experiment/expr10/result//14-1-no-ip/2T/1_2T_63_nopattern_nopattern_40001_14-1-no-ip_6_0.01_0.1.png
2025-12-03 23:20:37,245 [main] INFO  c.p.b.e.r.g.ResultGraphBuilder.save - graph saved. C:/Dev/experiment/expr10/result//14-1-no-ip/2T/1_2T_64_nopattern_nopattern_40001_14-1-no-ip_0_0.0_0.0.png
2025-12-03 23:20:37,458 [main] INFO  c.p.b.e.r.g.ResultGraphBuilder.save - graph saved. C:/Dev/experiment/expr10/result//14-1-no-ip/2T/1_2T_65_nopattern_nopattern_40001_14-1-no-ip_-1_0.0_0.0.png
2025-12-03 23:20:37,725 [main] INFO  c.p.b.e.r.g.ResultGraphBuilder.save - graph saved. C:/Dev/experiment/expr10/result//14-1-no-ip/3F/1_3F_123_nopattern_nopattern_40001_14-1-no-ip_-76_1.32_6.7.png
2025-12-03 23:20:37,988 [main] INFO  c.p.b.e.r.g.ResultGraphBuilder.save - graph saved. C:/Dev/experiment/expr10/result//14-1-no-ip/3F/1_3F_124_nopattern_nopattern_40001_14-1-no-ip_-133_0.94_5.5.png
2025-12-03 23:20:38,263 [main] INFO  c.p.b.e.r.g.ResultGraphBuilder.save - graph saved. C:/Dev/experiment/expr10/result//14-1-no-ip/3F/1_3F_125_nopattern_nopattern_40001_14-1-no-ip_-16_0.35_1.8.png
2025-12-03 23:20:38,530 [main] INFO  c.p.b.e.r.g.ResultGraphBuilder.save - graph saved. C:/Dev/experiment/expr10/result//14-1-no-ip/3F/1_3F_126_nopattern_nopattern_40001_14-1-no-ip_-10_0.22_1.3.png
2025-12-03 23:20:38,794 [main] INFO  c.p.b.e.r.g.ResultGraphBuilder.save - graph saved. C:/Dev/experiment/expr10/result//14-1-no-ip/3F/1_3F_132_nopattern_nopattern_40001_14-1-no-ip_-80_1.29_6.3.png
2025-12-03 23:20:39,058 [main] INFO  c.p.b.e.r.g.ResultGraphBuilder.save - graph saved. C:/Dev/experiment/expr10/result//14-1-no-ip/3F/1_3F_134_nopattern_nopattern_40001_14-1-no-ip_-74_0.42_2.5.png
2025-12-03 23:20:39,323 [main] INFO  c.p.b.e.r.g.ResultGraphBuilder.save - graph saved. C:/Dev/experiment/expr10/result//14-1-no-ip/3F/1_3F_135_nopattern_nopattern_40001_14-1-no-ip_-15_0.16_0.9.png
2025-12-03 23:20:39,585 [main] INFO  c.p.b.e.r.g.ResultGraphBuilder.save - graph saved. C:/Dev/experiment/expr10/result//14-1-no-ip/3F/1_3F_136_nopattern_nopattern_40001_14-1-no-ip_-24_0.09_0.7.png
2025-12-03 23:20:39,880 [main] INFO  c.p.b.e.r.g.ResultGraphBuilder.save - graph saved. C:/Dev/experiment/expr10/result//14-1-no-ip/3F/1_3F_142_nopattern_nopattern_40001_14-1-no-ip_-42_0.72_3.8.png
2025-12-03 23:20:40,148 [main] INFO  c.p.b.e.r.g.ResultGraphBuilder.save - graph saved. C:/Dev/experiment/expr10/result//14-1-no-ip/3F/1_3F_143_nopattern_nopattern_40001_14-1-no-ip_-44_0.47_2.5.png
2025-12-03 23:20:40,412 [main] INFO  c.p.b.e.r.g.ResultGraphBuilder.save - graph saved. C:/Dev/experiment/expr10/result//14-1-no-ip/3F/1_3F_145_nopattern_nopattern_40001_14-1-no-ip_-22_0.09_0.7.png
2025-12-03 23:20:40,676 [main] INFO  c.p.b.e.r.g.ResultGraphBuilder.save - graph saved. C:/Dev/experiment/expr10/result//14-1-no-ip/3F/1_3F_146_nopattern_nopattern_40001_14-1-no-ip_-8_0.05_0.3.png
2025-12-03 23:20:40,949 [main] INFO  c.p.b.e.r.g.ResultGraphBuilder.save - graph saved. C:/Dev/experiment/expr10/result//14-1-no-ip/3F/1_3F_152_nopattern_nopattern_40001_14-1-no-ip_-9_0.21_1.1.png
2025-12-03 23:20:41,219 [main] INFO  c.p.b.e.r.g.ResultGraphBuilder.save - graph saved. C:/Dev/experiment/expr10/result//14-1-no-ip/3F/1_3F_153_nopattern_nopattern_40001_14-1-no-ip_-28_0.05_0.5.png
2025-12-03 23:20:41,483 [main] INFO  c.p.b.e.r.g.ResultGraphBuilder.save - graph saved. C:/Dev/experiment/expr10/result//14-1-no-ip/3F/1_3F_154_nopattern_nopattern_40001_14-1-no-ip_-18_0.07_0.5.png
2025-12-03 23:20:41,750 [main] INFO  c.p.b.e.r.g.ResultGraphBuilder.save - graph saved. C:/Dev/experiment/expr10/result//14-1-no-ip/3F/1_3F_156_nopattern_nopattern_40001_14-1-no-ip_-3_0.01_0.0.png
2025-12-03 23:20:42,016 [main] INFO  c.p.b.e.r.g.ResultGraphBuilder.save - graph saved. C:/Dev/experiment/expr10/result//14-1-no-ip/3F/1_3F_162_nopattern_nopattern_40001_14-1-no-ip_-22_0.1_0.7.png
2025-12-03 23:20:42,283 [main] INFO  c.p.b.e.r.g.ResultGraphBuilder.save - graph saved. C:/Dev/experiment/expr10/result//14-1-no-ip/3F/1_3F_163_nopattern_nopattern_40001_14-1-no-ip_-20_0.04_0.4.png
2025-12-03 23:20:42,544 [main] INFO  c.p.b.e.r.g.ResultGraphBuilder.save - graph saved. C:/Dev/experiment/expr10/result//14-1-no-ip/3F/1_3F_164_nopattern_nopattern_40001_14-1-no-ip_-7_0.03_0.3.png
2025-12-03 23:20:42,805 [main] INFO  c.p.b.e.r.g.ResultGraphBuilder.save - graph saved. C:/Dev/experiment/expr10/result//14-1-no-ip/3F/1_3F_165_nopattern_nopattern_40001_14-1-no-ip_-3_0.02_0.1.png
2025-12-03 23:20:43,068 [main] INFO  c.p.b.e.r.g.ResultGraphBuilder.save - graph saved. C:/Dev/experiment/expr10/result//14-1-no-ip/3F/1_3F_213_nopattern_nopattern_40001_14-1-no-ip_-23_0.21_1.2.png
2025-12-03 23:20:43,334 [main] INFO  c.p.b.e.r.g.ResultGraphBuilder.save - graph saved. C:/Dev/experiment/expr10/result//14-1-no-ip/3F/1_3F_214_nopattern_nopattern_40001_14-1-no-ip_0_0.17_0.9.png
2025-12-03 23:20:43,596 [main] INFO  c.p.b.e.r.g.ResultGraphBuilder.save - graph saved. C:/Dev/experiment/expr10/result//14-1-no-ip/3F/1_3F_215_nopattern_nopattern_40001_14-1-no-ip_0_0.1_0.5.png
2025-12-03 23:20:43,858 [main] INFO  c.p.b.e.r.g.ResultGraphBuilder.save - graph saved. C:/Dev/experiment/expr10/result//14-1-no-ip/3F/1_3F_216_nopattern_nopattern_40001_14-1-no-ip_-4_0.05_0.3.png
2025-12-03 23:20:44,123 [main] INFO  c.p.b.e.r.g.ResultGraphBuilder.save - graph saved. C:/Dev/experiment/expr10/result//14-1-no-ip/3F/1_3F_231_nopattern_nopattern_40001_14-1-no-ip_-6_0.1_0.5.png
2025-12-03 23:20:44,375 [main] INFO  c.p.b.e.r.g.ResultGraphBuilder.save - graph saved. C:/Dev/experiment/expr10/result//14-1-no-ip/3F/1_3F_234_nopattern_nopattern_40001_14-1-no-ip_0_0.01_0.0.png
2025-12-03 23:20:44,621 [main] INFO  c.p.b.e.r.g.ResultGraphBuilder.save - graph saved. C:/Dev/experiment/expr10/result//14-1-no-ip/3F/1_3F_235_nopattern_nopattern_40001_14-1-no-ip_-1_0.0_0.0.png
2025-12-03 23:20:44,848 [main] INFO  c.p.b.e.r.g.ResultGraphBuilder.save - graph saved. C:/Dev/experiment/expr10/result//14-1-no-ip/3F/1_3F_236_nopattern_nopattern_40001_14-1-no-ip_-1_0.0_0.0.png
2025-12-03 23:20:45,109 [main] INFO  c.p.b.e.r.g.ResultGraphBuilder.save - graph saved. C:/Dev/experiment/expr10/result//14-1-no-ip/3F/1_3F_241_nopattern_nopattern_40001_14-1-no-ip_-19_0.05_0.4.png
2025-12-03 23:20:45,363 [main] INFO  c.p.b.e.r.g.ResultGraphBuilder.save - graph saved. C:/Dev/experiment/expr10/result//14-1-no-ip/3F/1_3F_243_nopattern_nopattern_40001_14-1-no-ip_-1_0.01_0.0.png
2025-12-03 23:20:45,582 [main] INFO  c.p.b.e.r.g.ResultGraphBuilder.save - graph saved. C:/Dev/experiment/expr10/result//14-1-no-ip/3F/1_3F_245_nopattern_nopattern_40001_14-1-no-ip_-1_0.0_0.0.png
2025-12-03 23:20:45,847 [main] INFO  c.p.b.e.r.g.ResultGraphBuilder.save - graph saved. C:/Dev/experiment/expr10/result//14-1-no-ip/3F/1_3F_251_nopattern_nopattern_40001_14-1-no-ip_-1_0.03_0.2.png
2025-12-03 23:20:46,089 [main] INFO  c.p.b.e.r.g.ResultGraphBuilder.save - graph saved. C:/Dev/experiment/expr10/result//14-1-no-ip/3F/1_3F_253_nopattern_nopattern_40001_14-1-no-ip_2_0.01_0.0.png
2025-12-03 23:20:46,322 [main] INFO  c.p.b.e.r.g.ResultGraphBuilder.save - graph saved. C:/Dev/experiment/expr10/result//14-1-no-ip/3F/1_3F_254_nopattern_nopattern_40001_14-1-no-ip_4_0.0_0.0.png
2025-12-03 23:20:46,606 [main] INFO  c.p.b.e.r.g.ResultGraphBuilder.save - graph saved. C:/Dev/experiment/expr10/result//14-1-no-ip/3F/1_3F_261_nopattern_nopattern_40001_14-1-no-ip_-4_0.01_0.1.png
2025-12-03 23:20:46,834 [main] INFO  c.p.b.e.r.g.ResultGraphBuilder.save - graph saved. C:/Dev/experiment/expr10/result//14-1-no-ip/3F/1_3F_263_nopattern_nopattern_40001_14-1-no-ip_-2_0.0_0.0.png
2025-12-03 23:20:47,045 [main] INFO  c.p.b.e.r.g.ResultGraphBuilder.save - graph saved. C:/Dev/experiment/expr10/result//14-1-no-ip/3F/1_3F_264_nopattern_nopattern_40001_14-1-no-ip_0_0.0_0.0.png
2025-12-03 23:20:47,306 [main] INFO  c.p.b.e.r.g.ResultGraphBuilder.save - graph saved. C:/Dev/experiment/expr10/result//14-1-no-ip/3F/1_3F_312_nopattern_nopattern_40001_14-1-no-ip_-25_0.16_1.0.png
2025-12-03 23:20:47,571 [main] INFO  c.p.b.e.r.g.ResultGraphBuilder.save - graph saved. C:/Dev/experiment/expr10/result//14-1-no-ip/3F/1_3F_314_nopattern_nopattern_40001_14-1-no-ip_0_0.09_0.4.png
2025-12-03 23:20:47,852 [main] INFO  c.p.b.e.r.g.ResultGraphBuilder.save - graph saved. C:/Dev/experiment/expr10/result//14-1-no-ip/3F/1_3F_315_nopattern_nopattern_40001_14-1-no-ip_-4_0.02_0.1.png
2025-12-03 23:20:48,102 [main] INFO  c.p.b.e.r.g.ResultGraphBuilder.save - graph saved. C:/Dev/experiment/expr10/result//14-1-no-ip/3F/1_3F_316_nopattern_nopattern_40001_14-1-no-ip_-6_0.01_0.1.png
2025-12-03 23:20:48,363 [main] INFO  c.p.b.e.r.g.ResultGraphBuilder.save - graph saved. C:/Dev/experiment/expr10/result//14-1-no-ip/3F/1_3F_321_nopattern_nopattern_40001_14-1-no-ip_-3_0.09_0.4.png
2025-12-03 23:20:48,609 [main] INFO  c.p.b.e.r.g.ResultGraphBuilder.save - graph saved. C:/Dev/experiment/expr10/result//14-1-no-ip/3F/1_3F_324_nopattern_nopattern_40001_14-1-no-ip_3_0.01_0.0.png
2025-12-03 23:20:48,837 [main] INFO  c.p.b.e.r.g.ResultGraphBuilder.save - graph saved. C:/Dev/experiment/expr10/result//14-1-no-ip/3F/1_3F_325_nopattern_nopattern_40001_14-1-no-ip_0_0.0_0.0.png
2025-12-03 23:20:49,063 [main] INFO  c.p.b.e.r.g.ResultGraphBuilder.save - graph saved. C:/Dev/experiment/expr10/result//14-1-no-ip/3F/1_3F_326_nopattern_nopattern_40001_14-1-no-ip_0_0.0_0.0.png
2025-12-03 23:20:49,324 [main] INFO  c.p.b.e.r.g.ResultGraphBuilder.save - graph saved. C:/Dev/experiment/expr10/result//14-1-no-ip/3F/1_3F_341_nopattern_nopattern_40001_14-1-no-ip_-6_0.02_0.1.png
2025-12-03 23:20:49,569 [main] INFO  c.p.b.e.r.g.ResultGraphBuilder.save - graph saved. C:/Dev/experiment/expr10/result//14-1-no-ip/3F/1_3F_342_nopattern_nopattern_40001_14-1-no-ip_3_0.01_0.0.png
2025-12-03 23:20:49,781 [main] INFO  c.p.b.e.r.g.ResultGraphBuilder.save - graph saved. C:/Dev/experiment/expr10/result//14-1-no-ip/3F/1_3F_345_nopattern_nopattern_40001_14-1-no-ip_1_0.0_0.0.png
2025-12-03 23:20:50,036 [main] INFO  c.p.b.e.r.g.ResultGraphBuilder.save - graph saved. C:/Dev/experiment/expr10/result//14-1-no-ip/3F/1_3F_351_nopattern_nopattern_40001_14-1-no-ip_1_0.01_0.0.png
2025-12-03 23:20:50,243 [main] INFO  c.p.b.e.r.g.ResultGraphBuilder.save - graph saved. C:/Dev/experiment/expr10/result//14-1-no-ip/3F/1_3F_352_nopattern_nopattern_40001_14-1-no-ip_0_0.0_0.0.png
2025-12-03 23:20:50,498 [main] INFO  c.p.b.e.r.g.ResultGraphBuilder.save - graph saved. C:/Dev/experiment/expr10/result//14-1-no-ip/3F/1_3F_361_nopattern_nopattern_40001_14-1-no-ip_1_0.01_0.0.png
2025-12-03 23:20:50,723 [main] INFO  c.p.b.e.r.g.ResultGraphBuilder.save - graph saved. C:/Dev/experiment/expr10/result//14-1-no-ip/3F/1_3F_362_nopattern_nopattern_40001_14-1-no-ip_0_0.0_0.0.png
2025-12-03 23:20:50,946 [main] INFO  c.p.b.e.r.g.ResultGraphBuilder.save - graph saved. C:/Dev/experiment/expr10/result//14-1-no-ip/3F/1_3F_364_nopattern_nopattern_40001_14-1-no-ip_0_0.0_0.0.png
2025-12-03 23:20:51,227 [main] INFO  c.p.b.e.r.g.ResultGraphBuilder.save - graph saved. C:/Dev/experiment/expr10/result//14-1-no-ip/3F/1_3F_412_nopattern_nopattern_40001_14-1-no-ip_-16_0.06_0.4.png
2025-12-03 23:20:51,491 [main] INFO  c.p.b.e.r.g.ResultGraphBuilder.save - graph saved. C:/Dev/experiment/expr10/result//14-1-no-ip/3F/1_3F_413_nopattern_nopattern_40001_14-1-no-ip_0_0.06_0.3.png
2025-12-03 23:20:51,748 [main] INFO  c.p.b.e.r.g.ResultGraphBuilder.save - graph saved. C:/Dev/experiment/expr10/result//14-1-no-ip/3F/1_3F_415_nopattern_nopattern_40001_14-1-no-ip_-3_0.01_0.0.png
2025-12-03 23:20:52,187 [main] INFO  c.p.b.e.r.g.ResultGraphBuilder.save - graph saved. C:/Dev/experiment/expr10/result//14-1-no-ip/3F/1_3F_416_nopattern_nopattern_40001_14-1-no-ip_-4_0.0_0.0.png
2025-12-03 23:20:52,447 [main] INFO  c.p.b.e.r.g.ResultGraphBuilder.save - graph saved. C:/Dev/experiment/expr10/result//14-1-no-ip/3F/1_3F_421_nopattern_nopattern_40001_14-1-no-ip_-11_0.02_0.2.png
2025-12-03 23:20:52,688 [main] INFO  c.p.b.e.r.g.ResultGraphBuilder.save - graph saved. C:/Dev/experiment/expr10/result//14-1-no-ip/3F/1_3F_423_nopattern_nopattern_40001_14-1-no-ip_-1_0.0_0.0.png
2025-12-03 23:20:52,910 [main] INFO  c.p.b.e.r.g.ResultGraphBuilder.save - graph saved. C:/Dev/experiment/expr10/result//14-1-no-ip/3F/1_3F_425_nopattern_nopattern_40001_14-1-no-ip_2_0.0_0.0.png
2025-12-03 23:20:53,119 [main] INFO  c.p.b.e.r.g.ResultGraphBuilder.save - graph saved. C:/Dev/experiment/expr10/result//14-1-no-ip/3F/1_3F_426_nopattern_nopattern_40001_14-1-no-ip_1_0.0_0.0.png
2025-12-03 23:20:53,376 [main] INFO  c.p.b.e.r.g.ResultGraphBuilder.save - graph saved. C:/Dev/experiment/expr10/result//14-1-no-ip/3F/1_3F_431_nopattern_nopattern_40001_14-1-no-ip_-1_0.03_0.1.png
2025-12-03 23:20:53,612 [main] INFO  c.p.b.e.r.g.ResultGraphBuilder.save - graph saved. C:/Dev/experiment/expr10/result//14-1-no-ip/3F/1_3F_432_nopattern_nopattern_40001_14-1-no-ip_0_0.0_0.0.png
2025-12-03 23:20:53,823 [main] INFO  c.p.b.e.r.g.ResultGraphBuilder.save - graph saved. C:/Dev/experiment/expr10/result//14-1-no-ip/3F/1_3F_435_nopattern_nopattern_40001_14-1-no-ip_2_0.0_0.0.png
2025-12-03 23:20:54,032 [main] INFO  c.p.b.e.r.g.ResultGraphBuilder.save - graph saved. C:/Dev/experiment/expr10/result//14-1-no-ip/3F/1_3F_436_nopattern_nopattern_40001_14-1-no-ip_0_0.0_0.0.png
2025-12-03 23:20:54,288 [main] INFO  c.p.b.e.r.g.ResultGraphBuilder.save - graph saved. C:/Dev/experiment/expr10/result//14-1-no-ip/3F/1_3F_451_nopattern_nopattern_40001_14-1-no-ip_-5_0.0_0.0.png
2025-12-03 23:20:54,501 [main] INFO  c.p.b.e.r.g.ResultGraphBuilder.save - graph saved. C:/Dev/experiment/expr10/result//14-1-no-ip/3F/1_3F_452_nopattern_nopattern_40001_14-1-no-ip_-1_0.0_0.0.png
2025-12-03 23:20:54,716 [main] INFO  c.p.b.e.r.g.ResultGraphBuilder.save - graph saved. C:/Dev/experiment/expr10/result//14-1-no-ip/3F/1_3F_453_nopattern_nopattern_40001_14-1-no-ip_0_0.0_0.0.png
2025-12-03 23:20:54,936 [main] INFO  c.p.b.e.r.g.ResultGraphBuilder.save - graph saved. C:/Dev/experiment/expr10/result//14-1-no-ip/3F/1_3F_461_nopattern_nopattern_40001_14-1-no-ip_-1_0.0_0.0.png
2025-12-03 23:20:55,194 [main] INFO  c.p.b.e.r.g.ResultGraphBuilder.save - graph saved. C:/Dev/experiment/expr10/result//14-1-no-ip/3F/1_3F_512_nopattern_nopattern_40001_14-1-no-ip_-4_0.02_0.2.png
2025-12-03 23:20:55,448 [main] INFO  c.p.b.e.r.g.ResultGraphBuilder.save - graph saved. C:/Dev/experiment/expr10/result//14-1-no-ip/3F/1_3F_513_nopattern_nopattern_40001_14-1-no-ip_-8_0.0_0.0.png
2025-12-03 23:20:55,697 [main] INFO  c.p.b.e.r.g.ResultGraphBuilder.save - graph saved. C:/Dev/experiment/expr10/result//14-1-no-ip/3F/1_3F_514_nopattern_nopattern_40001_14-1-no-ip_0_0.01_0.0.png
2025-12-03 23:20:55,923 [main] INFO  c.p.b.e.r.g.ResultGraphBuilder.save - graph saved. C:/Dev/experiment/expr10/result//14-1-no-ip/3F/1_3F_516_nopattern_nopattern_40001_14-1-no-ip_0_0.0_0.0.png
2025-12-03 23:20:56,187 [main] INFO  c.p.b.e.r.g.ResultGraphBuilder.save - graph saved. C:/Dev/experiment/expr10/result//14-1-no-ip/3F/1_3F_521_nopattern_nopattern_40001_14-1-no-ip_1_0.02_0.1.png
2025-12-03 23:20:56,398 [main] INFO  c.p.b.e.r.g.ResultGraphBuilder.save - graph saved. C:/Dev/experiment/expr10/result//14-1-no-ip/3F/1_3F_523_nopattern_nopattern_40001_14-1-no-ip_-1_0.0_0.0.png
2025-12-03 23:20:56,616 [main] INFO  c.p.b.e.r.g.ResultGraphBuilder.save - graph saved. C:/Dev/experiment/expr10/result//14-1-no-ip/3F/1_3F_524_nopattern_nopattern_40001_14-1-no-ip_-1_0.0_0.0.png
2025-12-03 23:20:56,856 [main] INFO  c.p.b.e.r.g.ResultGraphBuilder.save - graph saved. C:/Dev/experiment/expr10/result//14-1-no-ip/3F/1_3F_531_nopattern_nopattern_40001_14-1-no-ip_-3_0.0_0.0.png
2025-12-03 23:20:57,070 [main] INFO  c.p.b.e.r.g.ResultGraphBuilder.save - graph saved. C:/Dev/experiment/expr10/result//14-1-no-ip/3F/1_3F_532_nopattern_nopattern_40001_14-1-no-ip_1_0.0_0.0.png
2025-12-03 23:20:57,287 [main] INFO  c.p.b.e.r.g.ResultGraphBuilder.save - graph saved. C:/Dev/experiment/expr10/result//14-1-no-ip/3F/1_3F_534_nopattern_nopattern_40001_14-1-no-ip_-1_0.0_0.0.png
2025-12-03 23:20:57,520 [main] INFO  c.p.b.e.r.g.ResultGraphBuilder.save - graph saved. C:/Dev/experiment/expr10/result//14-1-no-ip/3F/1_3F_541_nopattern_nopattern_40001_14-1-no-ip_-3_0.0_0.0.png
2025-12-03 23:20:57,728 [main] INFO  c.p.b.e.r.g.ResultGraphBuilder.save - graph saved. C:/Dev/experiment/expr10/result//14-1-no-ip/3F/1_3F_542_nopattern_nopattern_40001_14-1-no-ip_0_0.0_0.0.png
2025-12-03 23:20:57,981 [main] INFO  c.p.b.e.r.g.ResultGraphBuilder.save - graph saved. C:/Dev/experiment/expr10/result//14-1-no-ip/3F/1_3F_612_nopattern_nopattern_40001_14-1-no-ip_-1_0.01_0.1.png
2025-12-03 23:20:58,253 [main] INFO  c.p.b.e.r.g.ResultGraphBuilder.save - graph saved. C:/Dev/experiment/expr10/result//14-1-no-ip/3F/1_3F_613_nopattern_nopattern_40001_14-1-no-ip_-2_0.01_0.0.png
2025-12-03 23:20:58,496 [main] INFO  c.p.b.e.r.g.ResultGraphBuilder.save - graph saved. C:/Dev/experiment/expr10/result//14-1-no-ip/3F/1_3F_614_nopattern_nopattern_40001_14-1-no-ip_-5_0.0_0.0.png
2025-12-03 23:20:58,722 [main] INFO  c.p.b.e.r.g.ResultGraphBuilder.save - graph saved. C:/Dev/experiment/expr10/result//14-1-no-ip/3F/1_3F_615_nopattern_nopattern_40001_14-1-no-ip_-2_0.0_0.0.png
2025-12-03 23:20:58,981 [main] INFO  c.p.b.e.r.g.ResultGraphBuilder.save - graph saved. C:/Dev/experiment/expr10/result//14-1-no-ip/3F/1_3F_621_nopattern_nopattern_40001_14-1-no-ip_1_0.01_0.0.png
2025-12-03 23:20:59,209 [main] INFO  c.p.b.e.r.g.ResultGraphBuilder.save - graph saved. C:/Dev/experiment/expr10/result//14-1-no-ip/3F/1_3F_623_nopattern_nopattern_40001_14-1-no-ip_2_0.0_0.0.png
2025-12-03 23:20:59,452 [main] INFO  c.p.b.e.r.g.ResultGraphBuilder.save - graph saved. C:/Dev/experiment/expr10/result//14-1-no-ip/3F/1_3F_624_nopattern_nopattern_40001_14-1-no-ip_0_0.0_0.0.png
2025-12-03 23:20:59,697 [main] INFO  c.p.b.e.r.g.ResultGraphBuilder.save - graph saved. C:/Dev/experiment/expr10/result//14-1-no-ip/3F/1_3F_631_nopattern_nopattern_40001_14-1-no-ip_0_0.01_0.0.png
2025-12-03 23:20:59,912 [main] INFO  c.p.b.e.r.g.ResultGraphBuilder.save - graph saved. C:/Dev/experiment/expr10/result//14-1-no-ip/3F/1_3F_632_nopattern_nopattern_40001_14-1-no-ip_-1_0.0_0.0.png
2025-12-03 23:21:00,145 [main] INFO  c.p.b.e.r.g.ResultGraphBuilder.save - graph saved. C:/Dev/experiment/expr10/result//14-1-no-ip/3F/1_3F_641_nopattern_nopattern_40001_14-1-no-ip_-1_0.0_0.0.png
2025-12-03 23:21:00,409 [main] INFO  c.p.b.e.r.g.ResultGraphBuilder.save - graph saved. C:/Dev/experiment/expr10/result//14-1-no-ip/3T/1_3T_123_nopattern_nopattern_40001_14-1-no-ip_-13_0.84_8.6.png
2025-12-03 23:21:00,675 [main] INFO  c.p.b.e.r.g.ResultGraphBuilder.save - graph saved. C:/Dev/experiment/expr10/result//14-1-no-ip/3T/1_3T_124_nopattern_nopattern_40001_14-1-no-ip_-190_0.46_6.1.png
2025-12-03 23:21:00,938 [main] INFO  c.p.b.e.r.g.ResultGraphBuilder.save - graph saved. C:/Dev/experiment/expr10/result//14-1-no-ip/3T/1_3T_125_nopattern_nopattern_40001_14-1-no-ip_-44_0.17_2.3.png
2025-12-03 23:21:01,202 [main] INFO  c.p.b.e.r.g.ResultGraphBuilder.save - graph saved. C:/Dev/experiment/expr10/result//14-1-no-ip/3T/1_3T_126_nopattern_nopattern_40001_14-1-no-ip_-11_0.14_1.7.png
2025-12-03 23:21:01,454 [main] INFO  c.p.b.e.r.g.ResultGraphBuilder.save - graph saved. C:/Dev/experiment/expr10/result//14-1-no-ip/3T/1_3T_132_nopattern_nopattern_40001_14-1-no-ip_-298_1.08_13.0.png
2025-12-03 23:21:01,706 [main] INFO  c.p.b.e.r.g.ResultGraphBuilder.save - graph saved. C:/Dev/experiment/expr10/result//14-1-no-ip/3T/1_3T_134_nopattern_nopattern_40001_14-1-no-ip_-87_0.18_2.7.png
2025-12-03 23:21:02,066 [main] INFO  c.p.b.e.r.g.ResultGraphBuilder.save - graph saved. C:/Dev/experiment/expr10/result//14-1-no-ip/3T/1_3T_135_nopattern_nopattern_40001_14-1-no-ip_-9_0.08_0.9.png
2025-12-03 23:21:02,316 [main] INFO  c.p.b.e.r.g.ResultGraphBuilder.save - graph saved. C:/Dev/experiment/expr10/result//14-1-no-ip/3T/1_3T_136_nopattern_nopattern_40001_14-1-no-ip_-36_0.04_0.8.png
2025-12-03 23:21:02,573 [main] INFO  c.p.b.e.r.g.ResultGraphBuilder.save - graph saved. C:/Dev/experiment/expr10/result//14-1-no-ip/3T/1_3T_142_nopattern_nopattern_40001_14-1-no-ip_-108_0.55_7.2.png
2025-12-03 23:21:02,831 [main] INFO  c.p.b.e.r.g.ResultGraphBuilder.save - graph saved. C:/Dev/experiment/expr10/result//14-1-no-ip/3T/1_3T_143_nopattern_nopattern_40001_14-1-no-ip_-91_0.4_5.1.png
2025-12-03 23:21:03,082 [main] INFO  c.p.b.e.r.g.ResultGraphBuilder.save - graph saved. C:/Dev/experiment/expr10/result//14-1-no-ip/3T/1_3T_145_nopattern_nopattern_40001_14-1-no-ip_-3_0.05_0.7.png
2025-12-03 23:21:03,328 [main] INFO  c.p.b.e.r.g.ResultGraphBuilder.save - graph saved. C:/Dev/experiment/expr10/result//14-1-no-ip/3T/1_3T_146_nopattern_nopattern_40001_14-1-no-ip_-8_0.02_0.4.png
2025-12-03 23:21:03,584 [main] INFO  c.p.b.e.r.g.ResultGraphBuilder.save - graph saved. C:/Dev/experiment/expr10/result//14-1-no-ip/3T/1_3T_152_nopattern_nopattern_40001_14-1-no-ip_-59_0.12_2.1.png
2025-12-03 23:21:03,844 [main] INFO  c.p.b.e.r.g.ResultGraphBuilder.save - graph saved. C:/Dev/experiment/expr10/result//14-1-no-ip/3T/1_3T_153_nopattern_nopattern_40001_14-1-no-ip_-65_0.07_1.4.png
2025-12-03 23:21:04,099 [main] INFO  c.p.b.e.r.g.ResultGraphBuilder.save - graph saved. C:/Dev/experiment/expr10/result//14-1-no-ip/3T/1_3T_154_nopattern_nopattern_40001_14-1-no-ip_-47_0.05_1.0.png
2025-12-03 23:21:04,337 [main] INFO  c.p.b.e.r.g.ResultGraphBuilder.save - graph saved. C:/Dev/experiment/expr10/result//14-1-no-ip/3T/1_3T_156_nopattern_nopattern_40001_14-1-no-ip_-8_0.0_0.1.png
2025-12-03 23:21:04,587 [main] INFO  c.p.b.e.r.g.ResultGraphBuilder.save - graph saved. C:/Dev/experiment/expr10/result//14-1-no-ip/3T/1_3T_162_nopattern_nopattern_40001_14-1-no-ip_-28_0.06_1.2.png
2025-12-03 23:21:04,838 [main] INFO  c.p.b.e.r.g.ResultGraphBuilder.save - graph saved. C:/Dev/experiment/expr10/result//14-1-no-ip/3T/1_3T_163_nopattern_nopattern_40001_14-1-no-ip_-18_0.06_0.9.png
2025-12-03 23:21:05,086 [main] INFO  c.p.b.e.r.g.ResultGraphBuilder.save - graph saved. C:/Dev/experiment/expr10/result//14-1-no-ip/3T/1_3T_164_nopattern_nopattern_40001_14-1-no-ip_-17_0.03_0.6.png
2025-12-03 23:21:05,331 [main] INFO  c.p.b.e.r.g.ResultGraphBuilder.save - graph saved. C:/Dev/experiment/expr10/result//14-1-no-ip/3T/1_3T_165_nopattern_nopattern_40001_14-1-no-ip_0_0.01_0.2.png
2025-12-03 23:21:05,587 [main] INFO  c.p.b.e.r.g.ResultGraphBuilder.save - graph saved. C:/Dev/experiment/expr10/result//14-1-no-ip/3T/1_3T_213_nopattern_nopattern_40001_14-1-no-ip_-50_0.16_2.3.png
2025-12-03 23:21:05,844 [main] INFO  c.p.b.e.r.g.ResultGraphBuilder.save - graph saved. C:/Dev/experiment/expr10/result//14-1-no-ip/3T/1_3T_214_nopattern_nopattern_40001_14-1-no-ip_21_0.12_1.6.png
2025-12-03 23:21:06,138 [main] INFO  c.p.b.e.r.g.ResultGraphBuilder.save - graph saved. C:/Dev/experiment/expr10/result//14-1-no-ip/3T/1_3T_215_nopattern_nopattern_40001_14-1-no-ip_12_0.06_0.8.png
2025-12-03 23:21:06,392 [main] INFO  c.p.b.e.r.g.ResultGraphBuilder.save - graph saved. C:/Dev/experiment/expr10/result//14-1-no-ip/3T/1_3T_216_nopattern_nopattern_40001_14-1-no-ip_6_0.03_0.5.png
2025-12-03 23:21:06,646 [main] INFO  c.p.b.e.r.g.ResultGraphBuilder.save - graph saved. C:/Dev/experiment/expr10/result//14-1-no-ip/3T/1_3T_231_nopattern_nopattern_40001_14-1-no-ip_9_0.07_1.1.png
2025-12-03 23:21:07,178 [main] INFO  c.p.b.e.r.g.ResultGraphBuilder.save - graph saved. C:/Dev/experiment/expr10/result//14-1-no-ip/3T/1_3T_234_nopattern_nopattern_40001_14-1-no-ip_0_0.0_0.0.png
2025-12-03 23:21:07,432 [main] INFO  c.p.b.e.r.g.ResultGraphBuilder.save - graph saved. C:/Dev/experiment/expr10/result//14-1-no-ip/3T/1_3T_235_nopattern_nopattern_40001_14-1-no-ip_-4_0.0_0.0.png
2025-12-03 23:21:07,654 [main] INFO  c.p.b.e.r.g.ResultGraphBuilder.save - graph saved. C:/Dev/experiment/expr10/result//14-1-no-ip/3T/1_3T_236_nopattern_nopattern_40001_14-1-no-ip_-3_0.0_0.0.png
2025-12-03 23:21:07,910 [main] INFO  c.p.b.e.r.g.ResultGraphBuilder.save - graph saved. C:/Dev/experiment/expr10/result//14-1-no-ip/3T/1_3T_241_nopattern_nopattern_40001_14-1-no-ip_-40_0.01_0.7.png
2025-12-03 23:21:08,149 [main] INFO  c.p.b.e.r.g.ResultGraphBuilder.save - graph saved. C:/Dev/experiment/expr10/result//14-1-no-ip/3T/1_3T_243_nopattern_nopattern_40001_14-1-no-ip_-1_0.0_0.1.png
2025-12-03 23:21:08,366 [main] INFO  c.p.b.e.r.g.ResultGraphBuilder.save - graph saved. C:/Dev/experiment/expr10/result//14-1-no-ip/3T/1_3T_245_nopattern_nopattern_40001_14-1-no-ip_-1_0.0_0.0.png
2025-12-03 23:21:08,580 [main] INFO  c.p.b.e.r.g.ResultGraphBuilder.save - graph saved. C:/Dev/experiment/expr10/result//14-1-no-ip/3T/1_3T_246_nopattern_nopattern_40001_14-1-no-ip_-1_0.0_0.0.png
2025-12-03 23:21:08,830 [main] INFO  c.p.b.e.r.g.ResultGraphBuilder.save - graph saved. C:/Dev/experiment/expr10/result//14-1-no-ip/3T/1_3T_251_nopattern_nopattern_40001_14-1-no-ip_46_0.03_0.3.png
2025-12-03 23:21:09,066 [main] INFO  c.p.b.e.r.g.ResultGraphBuilder.save - graph saved. C:/Dev/experiment/expr10/result//14-1-no-ip/3T/1_3T_253_nopattern_nopattern_40001_14-1-no-ip_-6_0.0_0.0.png
2025-12-03 23:21:09,297 [main] INFO  c.p.b.e.r.g.ResultGraphBuilder.save - graph saved. C:/Dev/experiment/expr10/result//14-1-no-ip/3T/1_3T_254_nopattern_nopattern_40001_14-1-no-ip_2_0.0_0.0.png
2025-12-03 23:21:09,538 [main] INFO  c.p.b.e.r.g.ResultGraphBuilder.save - graph saved. C:/Dev/experiment/expr10/result//14-1-no-ip/3T/1_3T_261_nopattern_nopattern_40001_14-1-no-ip_-8_0.0_0.1.png
2025-12-03 23:21:09,794 [main] INFO  c.p.b.e.r.g.ResultGraphBuilder.save - graph saved. C:/Dev/experiment/expr10/result//14-1-no-ip/3T/1_3T_263_nopattern_nopattern_40001_14-1-no-ip_-3_0.0_0.0.png
2025-12-03 23:21:10,028 [main] INFO  c.p.b.e.r.g.ResultGraphBuilder.save - graph saved. C:/Dev/experiment/expr10/result//14-1-no-ip/3T/1_3T_264_nopattern_nopattern_40001_14-1-no-ip_0_0.0_0.0.png
2025-12-03 23:21:10,297 [main] INFO  c.p.b.e.r.g.ResultGraphBuilder.save - graph saved. C:/Dev/experiment/expr10/result//14-1-no-ip/3T/1_3T_312_nopattern_nopattern_40001_14-1-no-ip_-31_0.07_1.7.png
2025-12-03 23:21:10,550 [main] INFO  c.p.b.e.r.g.ResultGraphBuilder.save - graph saved. C:/Dev/experiment/expr10/result//14-1-no-ip/3T/1_3T_314_nopattern_nopattern_40001_14-1-no-ip_2_0.05_0.8.png
2025-12-03 23:21:10,795 [main] INFO  c.p.b.e.r.g.ResultGraphBuilder.save - graph saved. C:/Dev/experiment/expr10/result//14-1-no-ip/3T/1_3T_315_nopattern_nopattern_40001_14-1-no-ip_-3_0.02_0.3.png
2025-12-03 23:21:11,050 [main] INFO  c.p.b.e.r.g.ResultGraphBuilder.save - graph saved. C:/Dev/experiment/expr10/result//14-1-no-ip/3T/1_3T_316_nopattern_nopattern_40001_14-1-no-ip_-15_0.0_0.2.png
2025-12-03 23:21:11,307 [main] INFO  c.p.b.e.r.g.ResultGraphBuilder.save - graph saved. C:/Dev/experiment/expr10/result//14-1-no-ip/3T/1_3T_321_nopattern_nopattern_40001_14-1-no-ip_-50_0.02_0.9.png
2025-12-03 23:21:11,542 [main] INFO  c.p.b.e.r.g.ResultGraphBuilder.save - graph saved. C:/Dev/experiment/expr10/result//14-1-no-ip/3T/1_3T_324_nopattern_nopattern_40001_14-1-no-ip_-5_0.0_0.1.png
2025-12-03 23:21:11,777 [main] INFO  c.p.b.e.r.g.ResultGraphBuilder.save - graph saved. C:/Dev/experiment/expr10/result//14-1-no-ip/3T/1_3T_325_nopattern_nopattern_40001_14-1-no-ip_5_0.0_0.0.png
2025-12-03 23:21:12,096 [main] INFO  c.p.b.e.r.g.ResultGraphBuilder.save - graph saved. C:/Dev/experiment/expr10/result//14-1-no-ip/3T/1_3T_326_nopattern_nopattern_40001_14-1-no-ip_4_0.0_0.0.png
2025-12-03 23:21:12,346 [main] INFO  c.p.b.e.r.g.ResultGraphBuilder.save - graph saved. C:/Dev/experiment/expr10/result//14-1-no-ip/3T/1_3T_341_nopattern_nopattern_40001_14-1-no-ip_2_0.01_0.3.png
2025-12-03 23:21:12,586 [main] INFO  c.p.b.e.r.g.ResultGraphBuilder.save - graph saved. C:/Dev/experiment/expr10/result//14-1-no-ip/3T/1_3T_342_nopattern_nopattern_40001_14-1-no-ip_12_0.0_0.0.png
2025-12-03 23:21:12,797 [main] INFO  c.p.b.e.r.g.ResultGraphBuilder.save - graph saved. C:/Dev/experiment/expr10/result//14-1-no-ip/3T/1_3T_345_nopattern_nopattern_40001_14-1-no-ip_-1_0.0_0.0.png
2025-12-03 23:21:13,041 [main] INFO  c.p.b.e.r.g.ResultGraphBuilder.save - graph saved. C:/Dev/experiment/expr10/result//14-1-no-ip/3T/1_3T_351_nopattern_nopattern_40001_14-1-no-ip_32_0.01_0.1.png
2025-12-03 23:21:13,267 [main] INFO  c.p.b.e.r.g.ResultGraphBuilder.save - graph saved. C:/Dev/experiment/expr10/result//14-1-no-ip/3T/1_3T_352_nopattern_nopattern_40001_14-1-no-ip_-2_0.0_0.0.png
2025-12-03 23:21:13,475 [main] INFO  c.p.b.e.r.g.ResultGraphBuilder.save - graph saved. C:/Dev/experiment/expr10/result//14-1-no-ip/3T/1_3T_356_nopattern_nopattern_40001_14-1-no-ip_0_0.0_0.0.png
2025-12-03 23:21:13,718 [main] INFO  c.p.b.e.r.g.ResultGraphBuilder.save - graph saved. C:/Dev/experiment/expr10/result//14-1-no-ip/3T/1_3T_361_nopattern_nopattern_40001_14-1-no-ip_-3_0.0_0.1.png
2025-12-03 23:21:13,947 [main] INFO  c.p.b.e.r.g.ResultGraphBuilder.save - graph saved. C:/Dev/experiment/expr10/result//14-1-no-ip/3T/1_3T_362_nopattern_nopattern_40001_14-1-no-ip_-2_0.0_0.0.png
2025-12-03 23:21:14,172 [main] INFO  c.p.b.e.r.g.ResultGraphBuilder.save - graph saved. C:/Dev/experiment/expr10/result//14-1-no-ip/3T/1_3T_365_nopattern_nopattern_40001_14-1-no-ip_-1_0.0_0.0.png
2025-12-03 23:21:14,427 [main] INFO  c.p.b.e.r.g.ResultGraphBuilder.save - graph saved. C:/Dev/experiment/expr10/result//14-1-no-ip/3T/1_3T_412_nopattern_nopattern_40001_14-1-no-ip_-35_0.02_0.7.png
2025-12-03 23:21:14,682 [main] INFO  c.p.b.e.r.g.ResultGraphBuilder.save - graph saved. C:/Dev/experiment/expr10/result//14-1-no-ip/3T/1_3T_413_nopattern_nopattern_40001_14-1-no-ip_10_0.03_0.5.png
2025-12-03 23:21:14,923 [main] INFO  c.p.b.e.r.g.ResultGraphBuilder.save - graph saved. C:/Dev/experiment/expr10/result//14-1-no-ip/3T/1_3T_415_nopattern_nopattern_40001_14-1-no-ip_-8_0.0_0.1.png
2025-12-03 23:21:15,168 [main] INFO  c.p.b.e.r.g.ResultGraphBuilder.save - graph saved. C:/Dev/experiment/expr10/result//14-1-no-ip/3T/1_3T_416_nopattern_nopattern_40001_14-1-no-ip_-10_0.0_0.1.png
2025-12-03 23:21:15,422 [main] INFO  c.p.b.e.r.g.ResultGraphBuilder.save - graph saved. C:/Dev/experiment/expr10/result//14-1-no-ip/3T/1_3T_421_nopattern_nopattern_40001_14-1-no-ip_-11_0.01_0.4.png
2025-12-03 23:21:15,666 [main] INFO  c.p.b.e.r.g.ResultGraphBuilder.save - graph saved. C:/Dev/experiment/expr10/result//14-1-no-ip/3T/1_3T_423_nopattern_nopattern_40001_14-1-no-ip_-10_0.0_0.1.png
2025-12-03 23:21:15,890 [main] INFO  c.p.b.e.r.g.ResultGraphBuilder.save - graph saved. C:/Dev/experiment/expr10/result//14-1-no-ip/3T/1_3T_425_nopattern_nopattern_40001_14-1-no-ip_0_0.0_0.0.png
2025-12-03 23:21:16,128 [main] INFO  c.p.b.e.r.g.ResultGraphBuilder.save - graph saved. C:/Dev/experiment/expr10/result//14-1-no-ip/3T/1_3T_426_nopattern_nopattern_40001_14-1-no-ip_-2_0.0_0.0.png
2025-12-03 23:21:16,383 [main] INFO  c.p.b.e.r.g.ResultGraphBuilder.save - graph saved. C:/Dev/experiment/expr10/result//14-1-no-ip/3T/1_3T_431_nopattern_nopattern_40001_14-1-no-ip_-24_0.0_0.3.png
2025-12-03 23:21:16,626 [main] INFO  c.p.b.e.r.g.ResultGraphBuilder.save - graph saved. C:/Dev/experiment/expr10/result//14-1-no-ip/3T/1_3T_432_nopattern_nopattern_40001_14-1-no-ip_-7_0.0_0.0.png
2025-12-03 23:21:16,844 [main] INFO  c.p.b.e.r.g.ResultGraphBuilder.save - graph saved. C:/Dev/experiment/expr10/result//14-1-no-ip/3T/1_3T_435_nopattern_nopattern_40001_14-1-no-ip_1_0.0_0.0.png
2025-12-03 23:21:17,060 [main] INFO  c.p.b.e.r.g.ResultGraphBuilder.save - graph saved. C:/Dev/experiment/expr10/result//14-1-no-ip/3T/1_3T_436_nopattern_nopattern_40001_14-1-no-ip_-1_0.0_0.0.png
2025-12-03 23:21:17,297 [main] INFO  c.p.b.e.r.g.ResultGraphBuilder.save - graph saved. C:/Dev/experiment/expr10/result//14-1-no-ip/3T/1_3T_451_nopattern_nopattern_40001_14-1-no-ip_-7_0.0_0.0.png
2025-12-03 23:21:17,514 [main] INFO  c.p.b.e.r.g.ResultGraphBuilder.save - graph saved. C:/Dev/experiment/expr10/result//14-1-no-ip/3T/1_3T_452_nopattern_nopattern_40001_14-1-no-ip_-1_0.0_0.0.png
2025-12-03 23:21:17,738 [main] INFO  c.p.b.e.r.g.ResultGraphBuilder.save - graph saved. C:/Dev/experiment/expr10/result//14-1-no-ip/3T/1_3T_453_nopattern_nopattern_40001_14-1-no-ip_-1_0.0_0.0.png
2025-12-03 23:21:17,967 [main] INFO  c.p.b.e.r.g.ResultGraphBuilder.save - graph saved. C:/Dev/experiment/expr10/result//14-1-no-ip/3T/1_3T_461_nopattern_nopattern_40001_14-1-no-ip_-3_0.0_0.0.png
2025-12-03 23:21:18,217 [main] INFO  c.p.b.e.r.g.ResultGraphBuilder.save - graph saved. C:/Dev/experiment/expr10/result//14-1-no-ip/3T/1_3T_512_nopattern_nopattern_40001_14-1-no-ip_-3_0.01_0.2.png
2025-12-03 23:21:18,462 [main] INFO  c.p.b.e.r.g.ResultGraphBuilder.save - graph saved. C:/Dev/experiment/expr10/result//14-1-no-ip/3T/1_3T_513_nopattern_nopattern_40001_14-1-no-ip_-11_0.0_0.1.png
2025-12-03 23:21:18,707 [main] INFO  c.p.b.e.r.g.ResultGraphBuilder.save - graph saved. C:/Dev/experiment/expr10/result//14-1-no-ip/3T/1_3T_514_nopattern_nopattern_40001_14-1-no-ip_-9_0.0_0.0.png
2025-12-03 23:21:18,936 [main] INFO  c.p.b.e.r.g.ResultGraphBuilder.save - graph saved. C:/Dev/experiment/expr10/result//14-1-no-ip/3T/1_3T_516_nopattern_nopattern_40001_14-1-no-ip_-2_0.0_0.0.png
2025-12-03 23:21:19,201 [main] INFO  c.p.b.e.r.g.ResultGraphBuilder.save - graph saved. C:/Dev/experiment/expr10/result//14-1-no-ip/3T/1_3T_521_nopattern_nopattern_40001_14-1-no-ip_-9_0.0_0.1.png
2025-12-03 23:21:19,432 [main] INFO  c.p.b.e.r.g.ResultGraphBuilder.save - graph saved. C:/Dev/experiment/expr10/result//14-1-no-ip/3T/1_3T_523_nopattern_nopattern_40001_14-1-no-ip_-2_0.0_0.0.png
2025-12-03 23:21:19,665 [main] INFO  c.p.b.e.r.g.ResultGraphBuilder.save - graph saved. C:/Dev/experiment/expr10/result//14-1-no-ip/3T/1_3T_524_nopattern_nopattern_40001_14-1-no-ip_-2_0.0_0.0.png
2025-12-03 23:21:19,911 [main] INFO  c.p.b.e.r.g.ResultGraphBuilder.save - graph saved. C:/Dev/experiment/expr10/result//14-1-no-ip/3T/1_3T_531_nopattern_nopattern_40001_14-1-no-ip_4_0.0_0.1.png
2025-12-03 23:21:20,139 [main] INFO  c.p.b.e.r.g.ResultGraphBuilder.save - graph saved. C:/Dev/experiment/expr10/result//14-1-no-ip/3T/1_3T_532_nopattern_nopattern_40001_14-1-no-ip_0_0.0_0.0.png
2025-12-03 23:21:20,376 [main] INFO  c.p.b.e.r.g.ResultGraphBuilder.save - graph saved. C:/Dev/experiment/expr10/result//14-1-no-ip/3T/1_3T_534_nopattern_nopattern_40001_14-1-no-ip_-3_0.0_0.0.png
2025-12-03 23:21:20,588 [main] INFO  c.p.b.e.r.g.ResultGraphBuilder.save - graph saved. C:/Dev/experiment/expr10/result//14-1-no-ip/3T/1_3T_536_nopattern_nopattern_40001_14-1-no-ip_0_0.0_0.0.png
2025-12-03 23:21:20,815 [main] INFO  c.p.b.e.r.g.ResultGraphBuilder.save - graph saved. C:/Dev/experiment/expr10/result//14-1-no-ip/3T/1_3T_541_nopattern_nopattern_40001_14-1-no-ip_-1_0.0_0.0.png
2025-12-03 23:21:21,045 [main] INFO  c.p.b.e.r.g.ResultGraphBuilder.save - graph saved. C:/Dev/experiment/expr10/result//14-1-no-ip/3T/1_3T_542_nopattern_nopattern_40001_14-1-no-ip_-1_0.0_0.0.png
2025-12-03 23:21:21,300 [main] INFO  c.p.b.e.r.g.ResultGraphBuilder.save - graph saved. C:/Dev/experiment/expr10/result//14-1-no-ip/3T/1_3T_612_nopattern_nopattern_40001_14-1-no-ip_-17_0.0_0.1.png
2025-12-03 23:21:21,543 [main] INFO  c.p.b.e.r.g.ResultGraphBuilder.save - graph saved. C:/Dev/experiment/expr10/result//14-1-no-ip/3T/1_3T_613_nopattern_nopattern_40001_14-1-no-ip_0_0.0_0.1.png
2025-12-03 23:21:21,784 [main] INFO  c.p.b.e.r.g.ResultGraphBuilder.save - graph saved. C:/Dev/experiment/expr10/result//14-1-no-ip/3T/1_3T_614_nopattern_nopattern_40001_14-1-no-ip_-6_0.0_0.0.png
2025-12-03 23:21:22,129 [main] INFO  c.p.b.e.r.g.ResultGraphBuilder.save - graph saved. C:/Dev/experiment/expr10/result//14-1-no-ip/3T/1_3T_615_nopattern_nopattern_40001_14-1-no-ip_-3_0.0_0.0.png
2025-12-03 23:21:22,375 [main] INFO  c.p.b.e.r.g.ResultGraphBuilder.save - graph saved. C:/Dev/experiment/expr10/result//14-1-no-ip/3T/1_3T_621_nopattern_nopattern_40001_14-1-no-ip_0_0.0_0.1.png
2025-12-03 23:21:22,608 [main] INFO  c.p.b.e.r.g.ResultGraphBuilder.save - graph saved. C:/Dev/experiment/expr10/result//14-1-no-ip/3T/1_3T_623_nopattern_nopattern_40001_14-1-no-ip_-1_0.0_0.0.png
2025-12-03 23:21:22,825 [main] INFO  c.p.b.e.r.g.ResultGraphBuilder.save - graph saved. C:/Dev/experiment/expr10/result//14-1-no-ip/3T/1_3T_624_nopattern_nopattern_40001_14-1-no-ip_1_0.0_0.0.png
2025-12-03 23:21:23,073 [main] INFO  c.p.b.e.r.g.ResultGraphBuilder.save - graph saved. C:/Dev/experiment/expr10/result//14-1-no-ip/3T/1_3T_631_nopattern_nopattern_40001_14-1-no-ip_11_0.0_0.0.png
2025-12-03 23:21:23,300 [main] INFO  c.p.b.e.r.g.ResultGraphBuilder.save - graph saved. C:/Dev/experiment/expr10/result//14-1-no-ip/3T/1_3T_632_nopattern_nopattern_40001_14-1-no-ip_-2_0.0_0.0.png
2025-12-03 23:21:23,521 [main] INFO  c.p.b.e.r.g.ResultGraphBuilder.save - graph saved. C:/Dev/experiment/expr10/result//14-1-no-ip/3T/1_3T_634_nopattern_nopattern_40001_14-1-no-ip_-1_0.0_0.0.png
2025-12-03 23:21:23,748 [main] INFO  c.p.b.e.r.g.ResultGraphBuilder.save - graph saved. C:/Dev/experiment/expr10/result//14-1-no-ip/3T/1_3T_641_nopattern_nopattern_40001_14-1-no-ip_-3_0.0_0.0.png
2025-12-03 23:21:28,037 [main] INFO  c.p.b.u.DatabaseUtil.open - open targetDb: mybatis-config.0.xml
2025-12-03 23:21:30,714 [main] DEBUG c.p.b.e.MLResultGenerator.executeExperiment - db data retrieved. 20220604~20230603
2025-12-03 23:21:30,715 [main] INFO  c.p.b.u.DatabaseUtil.open - open targetDb: mybatis-config.0.xml
2025-12-03 23:21:32,224 [main] DEBUG c.p.b.e.MLResultGenerator.executeExperiment - 276 processed... 20220604/20230603
2025-12-03 23:21:33,126 [main] DEBUG c.p.b.e.MLResultGenerator.executeExperiment - 276 processed... 20220605/20230603
2025-12-03 23:21:33,907 [main] DEBUG c.p.b.e.MLResultGenerator.executeExperiment - 276 processed... 20220606/20230603
2025-12-03 23:21:34,601 [main] DEBUG c.p.b.e.MLResultGenerator.executeExperiment - 276 processed... 20220607/20230603
2025-12-03 23:21:35,277 [main] DEBUG c.p.b.e.MLResultGenerator.executeExperiment - 276 processed... 20220608/20230603
2025-12-03 23:21:35,933 [main] DEBUG c.p.b.e.MLResultGenerator.executeExperiment - 276 processed... 20220609/20230603
2025-12-03 23:21:36,666 [main] DEBUG c.p.b.e.MLResultGenerator.executeExperiment - 276 processed... 20220610/20230603
2025-12-03 23:21:37,472 [main] DEBUG c.p.b.e.MLResultGenerator.executeExperiment - 276 processed... 20220611/20230603
2025-12-03 23:21:38,073 [main] DEBUG c.p.b.e.MLResultGenerator.executeExperiment - 276 processed... 20220612/20230603
2025-12-03 23:21:38,645 [main] DEBUG c.p.b.e.MLResultGenerator.executeExperiment - 276 processed... 20220613/20230603
2025-12-03 23:21:39,351 [main] DEBUG c.p.b.e.MLResultGenerator.executeExperiment - 276 processed... 20220614/20230603
2025-12-03 23:21:39,864 [main] DEBUG c.p.b.e.MLResultGenerator.executeExperiment - 276 processed... 20220615/20230603
2025-12-03 23:21:40,429 [main] DEBUG c.p.b.e.MLResultGenerator.executeExperiment - 276 processed... 20220616/20230603
2025-12-03 23:21:41,048 [main] DEBUG c.p.b.e.MLResultGenerator.executeExperiment - 276 processed... 20220617/20230603
2025-12-03 23:21:42,014 [main] DEBUG c.p.b.e.MLResultGenerator.executeExperiment - 276 processed... 20220618/20230603
2025-12-03 23:21:42,678 [main] DEBUG c.p.b.e.MLResultGenerator.executeExperiment - 276 processed... 20220619/20230603
2025-12-03 23:21:43,184 [main] DEBUG c.p.b.e.MLResultGenerator.executeExperiment - 276 processed... 20220620/20230603
2025-12-03 23:21:43,784 [main] DEBUG c.p.b.e.MLResultGenerator.executeExperiment - 276 processed... 20220621/20230603
2025-12-03 23:21:44,347 [main] DEBUG c.p.b.e.MLResultGenerator.executeExperiment - 276 processed... 20220622/20230603
2025-12-03 23:21:44,835 [main] DEBUG c.p.b.e.MLResultGenerator.executeExperiment - 276 processed... 20220623/20230603
2025-12-03 23:21:45,331 [main] DEBUG c.p.b.e.MLResultGenerator.executeExperiment - 276 processed... 20220624/20230603
2025-12-03 23:21:45,914 [main] DEBUG c.p.b.e.MLResultGenerator.executeExperiment - 276 processed... 20220625/20230603
2025-12-03 23:21:46,572 [main] DEBUG c.p.b.e.MLResultGenerator.executeExperiment - 276 processed... 20220626/20230603
2025-12-03 23:21:47,271 [main] DEBUG c.p.b.e.MLResultGenerator.executeExperiment - 276 processed... 20220627/20230603
2025-12-03 23:21:47,904 [main] DEBUG c.p.b.e.MLResultGenerator.executeExperiment - 276 processed... 20220628/20230603
2025-12-03 23:21:48,452 [main] DEBUG c.p.b.e.MLResultGenerator.executeExperiment - 276 processed... 20220629/20230603
2025-12-03 23:21:49,056 [main] DEBUG c.p.b.e.MLResultGenerator.executeExperiment - 276 processed... 20220630/20230603
2025-12-03 23:21:49,657 [main] DEBUG c.p.b.e.MLResultGenerator.executeExperiment - 276 processed... 20220701/20230603
2025-12-03 23:21:50,302 [main] DEBUG c.p.b.e.MLResultGenerator.executeExperiment - 276 processed... 20220702/20230603
2025-12-03 23:21:51,005 [main] DEBUG c.p.b.e.MLResultGenerator.executeExperiment - 276 processed... 20220703/20230603
2025-12-03 23:21:51,602 [main] DEBUG c.p.b.e.MLResultGenerator.executeExperiment - 276 processed... 20220704/20230603
2025-12-03 23:21:52,300 [main] DEBUG c.p.b.e.MLResultGenerator.executeExperiment - 276 processed... 20220705/20230603
2025-12-03 23:21:52,899 [main] DEBUG c.p.b.e.MLResultGenerator.executeExperiment - 276 processed... 20220706/20230603
2025-12-03 23:21:53,490 [main] DEBUG c.p.b.e.MLResultGenerator.executeExperiment - 276 processed... 20220707/20230603
2025-12-03 23:21:54,032 [main] DEBUG c.p.b.e.MLResultGenerator.executeExperiment - 276 processed... 20220708/20230603
2025-12-03 23:21:54,788 [main] DEBUG c.p.b.e.MLResultGenerator.executeExperiment - 276 processed... 20220709/20230603
2025-12-03 23:21:55,417 [main] DEBUG c.p.b.e.MLResultGenerator.executeExperiment - 276 processed... 20220710/20230603
2025-12-03 23:21:56,061 [main] DEBUG c.p.b.e.MLResultGenerator.executeExperiment - 276 processed... 20220711/20230603
2025-12-03 23:21:56,719 [main] DEBUG c.p.b.e.MLResultGenerator.executeExperiment - 276 processed... 20220712/20230603
2025-12-03 23:21:57,364 [main] DEBUG c.p.b.e.MLResultGenerator.executeExperiment - 276 processed... 20220713/20230603
2025-12-03 23:21:57,913 [main] DEBUG c.p.b.e.MLResultGenerator.executeExperiment - 276 processed... 20220714/20230603
2025-12-03 23:21:58,509 [main] DEBUG c.p.b.e.MLResultGenerator.executeExperiment - 276 processed... 20220715/20230603
2025-12-03 23:21:59,152 [main] DEBUG c.p.b.e.MLResultGenerator.executeExperiment - 276 processed... 20220716/20230603
2025-12-03 23:21:59,853 [main] DEBUG c.p.b.e.MLResultGenerator.executeExperiment - 276 processed... 20220717/20230603
2025-12-03 23:22:00,414 [main] DEBUG c.p.b.e.MLResultGenerator.executeExperiment - 276 processed... 20220718/20230603
2025-12-03 23:22:01,021 [main] DEBUG c.p.b.e.MLResultGenerator.executeExperiment - 276 processed... 20220719/20230603
2025-12-03 23:22:01,595 [main] DEBUG c.p.b.e.MLResultGenerator.executeExperiment - 276 processed... 20220720/20230603
2025-12-03 23:22:02,063 [main] DEBUG c.p.b.e.MLResultGenerator.executeExperiment - 276 processed... 20220721/20230603
2025-12-03 23:22:02,646 [main] DEBUG c.p.b.e.MLResultGenerator.executeExperiment - 276 processed... 20220722/20230603
2025-12-03 23:22:03,131 [main] DEBUG c.p.b.e.MLResultGenerator.executeExperiment - 276 processed... 20220723/20230603
2025-12-03 23:22:03,659 [main] DEBUG c.p.b.e.MLResultGenerator.executeExperiment - 276 processed... 20220724/20230603
2025-12-03 23:22:04,148 [main] DEBUG c.p.b.e.MLResultGenerator.executeExperiment - 276 processed... 20220725/20230603
2025-12-03 23:22:04,779 [main] DEBUG c.p.b.e.MLResultGenerator.executeExperiment - 276 processed... 20220726/20230603
2025-12-03 23:22:05,378 [main] DEBUG c.p.b.e.MLResultGenerator.executeExperiment - 276 processed... 20220727/20230603
2025-12-03 23:22:05,915 [main] DEBUG c.p.b.e.MLResultGenerator.executeExperiment - 276 processed... 20220728/20230603
2025-12-03 23:22:06,533 [main] DEBUG c.p.b.e.MLResultGenerator.executeExperiment - 276 processed... 20220729/20230603
2025-12-03 23:22:07,118 [main] DEBUG c.p.b.e.MLResultGenerator.executeExperiment - 276 processed... 20220730/20230603
2025-12-03 23:22:07,795 [main] DEBUG c.p.b.e.MLResultGenerator.executeExperiment - 276 processed... 20220731/20230603
2025-12-03 23:22:08,343 [main] DEBUG c.p.b.e.MLResultGenerator.executeExperiment - 276 processed... 20220801/20230603
2025-12-03 23:22:08,784 [main] DEBUG c.p.b.e.MLResultGenerator.executeExperiment - 276 processed... 20220802/20230603
2025-12-03 23:22:09,285 [main] DEBUG c.p.b.e.MLResultGenerator.executeExperiment - 276 processed... 20220803/20230603
2025-12-03 23:22:09,781 [main] DEBUG c.p.b.e.MLResultGenerator.executeExperiment - 276 processed... 20220804/20230603
2025-12-03 23:22:10,357 [main] DEBUG c.p.b.e.MLResultGenerator.executeExperiment - 276 processed... 20220805/20230603
2025-12-03 23:22:10,882 [main] DEBUG c.p.b.e.MLResultGenerator.executeExperiment - 276 processed... 20220806/20230603
2025-12-03 23:22:11,366 [main] DEBUG c.p.b.e.MLResultGenerator.executeExperiment - 276 processed... 20220807/20230603
2025-12-03 23:22:11,833 [main] DEBUG c.p.b.e.MLResultGenerator.executeExperiment - 276 processed... 20220808/20230603
2025-12-03 23:22:12,378 [main] DEBUG c.p.b.e.MLResultGenerator.executeExperiment - 276 processed... 20220809/20230603
2025-12-03 23:22:13,001 [main] DEBUG c.p.b.e.MLResultGenerator.executeExperiment - 276 processed... 20220810/20230603
2025-12-03 23:22:13,807 [main] DEBUG c.p.b.e.MLResultGenerator.executeExperiment - 276 processed... 20220811/20230603
2025-12-03 23:22:14,534 [main] DEBUG c.p.b.e.MLResultGenerator.executeExperiment - 276 processed... 20220812/20230603
2025-12-03 23:22:15,381 [main] DEBUG c.p.b.e.MLResultGenerator.executeExperiment - 276 processed... 20220813/20230603
2025-12-03 23:22:16,197 [main] DEBUG c.p.b.e.MLResultGenerator.executeExperiment - 276 processed... 20220814/20230603
2025-12-03 23:22:16,887 [main] DEBUG c.p.b.e.MLResultGenerator.executeExperiment - 276 processed... 20220815/20230603
2025-12-03 23:22:17,430 [main] DEBUG c.p.b.e.MLResultGenerator.executeExperiment - 276 processed... 20220816/20230603
2025-12-03 23:22:17,997 [main] DEBUG c.p.b.e.MLResultGenerator.executeExperiment - 276 processed... 20220817/20230603
2025-12-03 23:22:18,523 [main] DEBUG c.p.b.e.MLResultGenerator.executeExperiment - 276 processed... 20220818/20230603
2025-12-03 23:22:19,157 [main] DEBUG c.p.b.e.MLResultGenerator.executeExperiment - 276 processed... 20220819/20230603
2025-12-03 23:22:19,841 [main] DEBUG c.p.b.e.MLResultGenerator.executeExperiment - 276 processed... 20220820/20230603
2025-12-03 23:22:20,591 [main] DEBUG c.p.b.e.MLResultGenerator.executeExperiment - 276 processed... 20220821/20230603
2025-12-03 23:22:21,289 [main] DEBUG c.p.b.e.MLResultGenerator.executeExperiment - 276 processed... 20220822/20230603
2025-12-03 23:22:21,975 [main] DEBUG c.p.b.e.MLResultGenerator.executeExperiment - 276 processed... 20220823/20230603
2025-12-03 23:22:22,603 [main] DEBUG c.p.b.e.MLResultGenerator.executeExperiment - 276 processed... 20220824/20230603
2025-12-03 23:22:23,136 [main] DEBUG c.p.b.e.MLResultGenerator.executeExperiment - 276 processed... 20220825/20230603
2025-12-03 23:22:23,646 [main] DEBUG c.p.b.e.MLResultGenerator.executeExperiment - 276 processed... 20220826/20230603
2025-12-03 23:22:24,237 [main] DEBUG c.p.b.e.MLResultGenerator.executeExperiment - 276 processed... 20220827/20230603
2025-12-03 23:22:24,831 [main] DEBUG c.p.b.e.MLResultGenerator.executeExperiment - 276 processed... 20220828/20230603
2025-12-03 23:22:25,418 [main] DEBUG c.p.b.e.MLResultGenerator.executeExperiment - 276 processed... 20220829/20230603
2025-12-03 23:22:26,058 [main] DEBUG c.p.b.e.MLResultGenerator.executeExperiment - 276 processed... 20220830/20230603
2025-12-03 23:22:26,723 [main] DEBUG c.p.b.e.MLResultGenerator.executeExperiment - 276 processed... 20220831/20230603
2025-12-03 23:22:27,248 [main] DEBUG c.p.b.e.MLResultGenerator.executeExperiment - 276 processed... 20220901/20230603
2025-12-03 23:22:27,854 [main] DEBUG c.p.b.e.MLResultGenerator.executeExperiment - 276 processed... 20220902/20230603
2025-12-03 23:22:28,398 [main] DEBUG c.p.b.e.MLResultGenerator.executeExperiment - 276 processed... 20220903/20230603
2025-12-03 23:22:28,939 [main] DEBUG c.p.b.e.MLResultGenerator.executeExperiment - 276 processed... 20220904/20230603
2025-12-03 23:22:29,332 [main] DEBUG c.p.b.e.MLResultGenerator.executeExperiment - 276 processed... 20220905/20230603
2025-12-03 23:22:29,658 [main] DEBUG c.p.b.e.MLResultGenerator.executeExperiment - 276 processed... 20220906/20230603
2025-12-03 23:22:30,160 [main] DEBUG c.p.b.e.MLResultGenerator.executeExperiment - 276 processed... 20220907/20230603
2025-12-03 23:22:30,767 [main] DEBUG c.p.b.e.MLResultGenerator.executeExperiment - 276 processed... 20220908/20230603
2025-12-03 23:22:31,297 [main] DEBUG c.p.b.e.MLResultGenerator.executeExperiment - 276 processed... 20220909/20230603
2025-12-03 23:22:31,887 [main] DEBUG c.p.b.e.MLResultGenerator.executeExperiment - 276 processed... 20220910/20230603
2025-12-03 23:22:32,481 [main] DEBUG c.p.b.e.MLResultGenerator.executeExperiment - 276 processed... 20220911/20230603
2025-12-03 23:22:33,185 [main] DEBUG c.p.b.e.MLResultGenerator.executeExperiment - 276 processed... 20220912/20230603
2025-12-03 23:22:33,787 [main] DEBUG c.p.b.e.MLResultGenerator.executeExperiment - 276 processed... 20220913/20230603
2025-12-03 23:22:34,403 [main] DEBUG c.p.b.e.MLResultGenerator.executeExperiment - 276 processed... 20220914/20230603
2025-12-03 23:22:34,918 [main] DEBUG c.p.b.e.MLResultGenerator.executeExperiment - 276 processed... 20220915/20230603
2025-12-03 23:22:35,494 [main] DEBUG c.p.b.e.MLResultGenerator.executeExperiment - 276 processed... 20220916/20230603
2025-12-03 23:22:36,182 [main] DEBUG c.p.b.e.MLResultGenerator.executeExperiment - 276 processed... 20220917/20230603
2025-12-03 23:22:36,676 [main] DEBUG c.p.b.e.MLResultGenerator.executeExperiment - 276 processed... 20220918/20230603
2025-12-03 23:22:36,901 [main] DEBUG c.p.b.e.MLResultGenerator.executeExperiment - 276 processed... 20220919/20230603
2025-12-03 23:22:37,493 [main] DEBUG c.p.b.e.MLResultGenerator.executeExperiment - 276 processed... 20220920/20230603
2025-12-03 23:22:38,161 [main] DEBUG c.p.b.e.MLResultGenerator.executeExperiment - 276 processed... 20220921/20230603
2025-12-03 23:22:38,871 [main] DEBUG c.p.b.e.MLResultGenerator.executeExperiment - 276 processed... 20220922/20230603
2025-12-03 23:22:39,580 [main] DEBUG c.p.b.e.MLResultGenerator.executeExperiment - 276 processed... 20220923/20230603
2025-12-03 23:22:40,232 [main] DEBUG c.p.b.e.MLResultGenerator.executeExperiment - 276 processed... 20220924/20230603
2025-12-03 23:22:40,966 [main] DEBUG c.p.b.e.MLResultGenerator.executeExperiment - 276 processed... 20220925/20230603
2025-12-03 23:22:41,635 [main] DEBUG c.p.b.e.MLResultGenerator.executeExperiment - 276 processed... 20220926/20230603
2025-12-03 23:22:42,147 [main] DEBUG c.p.b.e.MLResultGenerator.executeExperiment - 276 processed... 20220927/20230603
2025-12-03 23:22:42,658 [main] DEBUG c.p.b.e.MLResultGenerator.executeExperiment - 276 processed... 20220928/20230603
2025-12-03 23:22:43,153 [main] DEBUG c.p.b.e.MLResultGenerator.executeExperiment - 276 processed... 20220929/20230603
2025-12-03 23:22:43,750 [main] DEBUG c.p.b.e.MLResultGenerator.executeExperiment - 276 processed... 20220930/20230603
2025-12-03 23:22:44,351 [main] DEBUG c.p.b.e.MLResultGenerator.executeExperiment - 276 processed... 20221001/20230603
2025-12-03 23:22:44,991 [main] DEBUG c.p.b.e.MLResultGenerator.executeExperiment - 276 processed... 20221002/20230603
2025-12-03 23:22:45,585 [main] DEBUG c.p.b.e.MLResultGenerator.executeExperiment - 276 processed... 20221003/20230603
2025-12-03 23:22:46,120 [main] DEBUG c.p.b.e.MLResultGenerator.executeExperiment - 276 processed... 20221004/20230603
2025-12-03 23:22:46,622 [main] DEBUG c.p.b.e.MLResultGenerator.executeExperiment - 276 processed... 20221005/20230603
2025-12-03 23:22:47,069 [main] DEBUG c.p.b.e.MLResultGenerator.executeExperiment - 276 processed... 20221006/20230603
2025-12-03 23:22:47,549 [main] DEBUG c.p.b.e.MLResultGenerator.executeExperiment - 276 processed... 20221007/20230603
2025-12-03 23:22:48,195 [main] DEBUG c.p.b.e.MLResultGenerator.executeExperiment - 276 processed... 20221008/20230603
2025-12-03 23:22:48,898 [main] DEBUG c.p.b.e.MLResultGenerator.executeExperiment - 276 processed... 20221009/20230603
2025-12-03 23:22:49,456 [main] DEBUG c.p.b.e.MLResultGenerator.executeExperiment - 276 processed... 20221010/20230603
2025-12-03 23:22:50,059 [main] DEBUG c.p.b.e.MLResultGenerator.executeExperiment - 276 processed... 20221011/20230603
2025-12-03 23:22:50,565 [main] DEBUG c.p.b.e.MLResultGenerator.executeExperiment - 276 processed... 20221012/20230603
2025-12-03 23:22:51,096 [main] DEBUG c.p.b.e.MLResultGenerator.executeExperiment - 276 processed... 20221013/20230603
2025-12-03 23:22:51,647 [main] DEBUG c.p.b.e.MLResultGenerator.executeExperiment - 276 processed... 20221014/20230603
2025-12-03 23:22:52,147 [main] DEBUG c.p.b.e.MLResultGenerator.executeExperiment - 276 processed... 20221015/20230603
2025-12-03 23:22:52,748 [main] DEBUG c.p.b.e.MLResultGenerator.executeExperiment - 276 processed... 20221016/20230603
2025-12-03 23:22:53,283 [main] DEBUG c.p.b.e.MLResultGenerator.executeExperiment - 276 processed... 20221017/20230603
2025-12-03 23:22:53,754 [main] DEBUG c.p.b.e.MLResultGenerator.executeExperiment - 276 processed... 20221018/20230603
2025-12-03 23:22:54,286 [main] DEBUG c.p.b.e.MLResultGenerator.executeExperiment - 276 processed... 20221019/20230603
2025-12-03 23:22:54,848 [main] DEBUG c.p.b.e.MLResultGenerator.executeExperiment - 276 processed... 20221020/20230603
2025-12-03 23:22:55,357 [main] DEBUG c.p.b.e.MLResultGenerator.executeExperiment - 276 processed... 20221021/20230603
2025-12-03 23:22:55,860 [main] DEBUG c.p.b.e.MLResultGenerator.executeExperiment - 276 processed... 20221022/20230603
2025-12-03 23:22:56,482 [main] DEBUG c.p.b.e.MLResultGenerator.executeExperiment - 276 processed... 20221023/20230603
2025-12-03 23:22:56,978 [main] DEBUG c.p.b.e.MLResultGenerator.executeExperiment - 276 processed... 20221024/20230603
2025-12-03 23:22:57,589 [main] DEBUG c.p.b.e.MLResultGenerator.executeExperiment - 276 processed... 20221025/20230603
2025-12-03 23:22:58,195 [main] DEBUG c.p.b.e.MLResultGenerator.executeExperiment - 276 processed... 20221026/20230603
2025-12-03 23:22:58,718 [main] DEBUG c.p.b.e.MLResultGenerator.executeExperiment - 276 processed... 20221027/20230603
2025-12-03 23:22:59,307 [main] DEBUG c.p.b.e.MLResultGenerator.executeExperiment - 276 processed... 20221028/20230603
2025-12-03 23:22:59,947 [main] DEBUG c.p.b.e.MLResultGenerator.executeExperiment - 276 processed... 20221029/20230603
2025-12-03 23:23:00,608 [main] DEBUG c.p.b.e.MLResultGenerator.executeExperiment - 276 processed... 20221030/20230603
2025-12-03 23:23:01,179 [main] DEBUG c.p.b.e.MLResultGenerator.executeExperiment - 276 processed... 20221031/20230603
2025-12-03 23:23:01,811 [main] DEBUG c.p.b.e.MLResultGenerator.executeExperiment - 276 processed... 20221101/20230603
2025-12-03 23:23:02,366 [main] DEBUG c.p.b.e.MLResultGenerator.executeExperiment - 276 processed... 20221102/20230603
2025-12-03 23:23:02,969 [main] DEBUG c.p.b.e.MLResultGenerator.executeExperiment - 276 processed... 20221103/20230603
2025-12-03 23:23:03,550 [main] DEBUG c.p.b.e.MLResultGenerator.executeExperiment - 276 processed... 20221104/20230603
2025-12-03 23:23:04,075 [main] DEBUG c.p.b.e.MLResultGenerator.executeExperiment - 276 processed... 20221105/20230603
2025-12-03 23:23:04,631 [main] DEBUG c.p.b.e.MLResultGenerator.executeExperiment - 276 processed... 20221106/20230603
2025-12-03 23:23:05,087 [main] DEBUG c.p.b.e.MLResultGenerator.executeExperiment - 276 processed... 20221107/20230603
2025-12-03 23:23:05,476 [main] DEBUG c.p.b.e.MLResultGenerator.executeExperiment - 276 processed... 20221108/20230603
2025-12-03 23:23:05,879 [main] DEBUG c.p.b.e.MLResultGenerator.executeExperiment - 276 processed... 20221109/20230603
2025-12-03 23:23:06,445 [main] DEBUG c.p.b.e.MLResultGenerator.executeExperiment - 276 processed... 20221110/20230603
2025-12-03 23:23:07,046 [main] DEBUG c.p.b.e.MLResultGenerator.executeExperiment - 276 processed... 20221111/20230603
2025-12-03 23:23:07,572 [main] DEBUG c.p.b.e.MLResultGenerator.executeExperiment - 276 processed... 20221112/20230603
2025-12-03 23:23:08,153 [main] DEBUG c.p.b.e.MLResultGenerator.executeExperiment - 276 processed... 20221113/20230603
2025-12-03 23:23:08,647 [main] DEBUG c.p.b.e.MLResultGenerator.executeExperiment - 276 processed... 20221114/20230603
2025-12-03 23:23:09,191 [main] DEBUG c.p.b.e.MLResultGenerator.executeExperiment - 276 processed... 20221115/20230603
2025-12-03 23:23:09,799 [main] DEBUG c.p.b.e.MLResultGenerator.executeExperiment - 276 processed... 20221116/20230603
2025-12-03 23:23:10,334 [main] DEBUG c.p.b.e.MLResultGenerator.executeExperiment - 276 processed... 20221117/20230603
2025-12-03 23:23:11,167 [main] DEBUG c.p.b.e.MLResultGenerator.executeExperiment - 276 processed... 20221118/20230603
2025-12-03 23:23:11,883 [main] DEBUG c.p.b.e.MLResultGenerator.executeExperiment - 276 processed... 20221119/20230603
2025-12-03 23:23:12,566 [main] DEBUG c.p.b.e.MLResultGenerator.executeExperiment - 276 processed... 20221120/20230603
2025-12-03 23:23:13,028 [main] DEBUG c.p.b.e.MLResultGenerator.executeExperiment - 276 processed... 20221121/20230603
2025-12-03 23:23:13,535 [main] DEBUG c.p.b.e.MLResultGenerator.executeExperiment - 276 processed... 20221122/20230603
2025-12-03 23:23:14,080 [main] DEBUG c.p.b.e.MLResultGenerator.executeExperiment - 276 processed... 20221123/20230603
2025-12-03 23:23:14,596 [main] DEBUG c.p.b.e.MLResultGenerator.executeExperiment - 276 processed... 20221124/20230603
2025-12-03 23:23:15,190 [main] DEBUG c.p.b.e.MLResultGenerator.executeExperiment - 276 processed... 20221125/20230603
2025-12-03 23:23:15,736 [main] DEBUG c.p.b.e.MLResultGenerator.executeExperiment - 276 processed... 20221126/20230603
2025-12-03 23:23:16,346 [main] DEBUG c.p.b.e.MLResultGenerator.executeExperiment - 276 processed... 20221127/20230603
2025-12-03 23:23:16,920 [main] DEBUG c.p.b.e.MLResultGenerator.executeExperiment - 276 processed... 20221128/20230603
2025-12-03 23:23:17,425 [main] DEBUG c.p.b.e.MLResultGenerator.executeExperiment - 276 processed... 20221129/20230603
2025-12-03 23:23:17,898 [main] DEBUG c.p.b.e.MLResultGenerator.executeExperiment - 276 processed... 20221130/20230603
2025-12-03 23:23:18,445 [main] DEBUG c.p.b.e.MLResultGenerator.executeExperiment - 276 processed... 20221201/20230603
2025-12-03 23:23:19,037 [main] DEBUG c.p.b.e.MLResultGenerator.executeExperiment - 276 processed... 20221202/20230603
2025-12-03 23:23:19,633 [main] DEBUG c.p.b.e.MLResultGenerator.executeExperiment - 276 processed... 20221203/20230603
2025-12-03 23:23:20,183 [main] DEBUG c.p.b.e.MLResultGenerator.executeExperiment - 276 processed... 20221204/20230603
2025-12-03 23:23:20,708 [main] DEBUG c.p.b.e.MLResultGenerator.executeExperiment - 276 processed... 20221205/20230603
2025-12-03 23:23:21,276 [main] DEBUG c.p.b.e.MLResultGenerator.executeExperiment - 276 processed... 20221206/20230603
2025-12-03 23:23:21,831 [main] DEBUG c.p.b.e.MLResultGenerator.executeExperiment - 276 processed... 20221207/20230603
2025-12-03 23:23:22,415 [main] DEBUG c.p.b.e.MLResultGenerator.executeExperiment - 276 processed... 20221208/20230603
2025-12-03 23:23:23,213 [main] DEBUG c.p.b.e.MLResultGenerator.executeExperiment - 276 processed... 20221209/20230603
2025-12-03 23:23:23,966 [main] DEBUG c.p.b.e.MLResultGenerator.executeExperiment - 276 processed... 20221210/20230603
2025-12-03 23:23:24,670 [main] DEBUG c.p.b.e.MLResultGenerator.executeExperiment - 276 processed... 20221211/20230603
2025-12-03 23:23:25,393 [main] DEBUG c.p.b.e.MLResultGenerator.executeExperiment - 276 processed... 20221212/20230603
2025-12-03 23:23:25,976 [main] DEBUG c.p.b.e.MLResultGenerator.executeExperiment - 276 processed... 20221213/20230603
2025-12-03 23:23:26,444 [main] DEBUG c.p.b.e.MLResultGenerator.executeExperiment - 276 processed... 20221214/20230603
2025-12-03 23:23:26,929 [main] DEBUG c.p.b.e.MLResultGenerator.executeExperiment - 276 processed... 20221215/20230603
2025-12-03 23:23:27,440 [main] DEBUG c.p.b.e.MLResultGenerator.executeExperiment - 276 processed... 20221216/20230603
2025-12-03 23:23:28,042 [main] DEBUG c.p.b.e.MLResultGenerator.executeExperiment - 276 processed... 20221217/20230603
2025-12-03 23:23:28,584 [main] DEBUG c.p.b.e.MLResultGenerator.executeExperiment - 276 processed... 20221218/20230603
2025-12-03 23:23:29,199 [main] DEBUG c.p.b.e.MLResultGenerator.executeExperiment - 276 processed... 20221219/20230603
2025-12-03 23:23:29,842 [main] DEBUG c.p.b.e.MLResultGenerator.executeExperiment - 276 processed... 20221220/20230603
2025-12-03 23:23:30,544 [main] DEBUG c.p.b.e.MLResultGenerator.executeExperiment - 276 processed... 20221221/20230603
2025-12-03 23:23:31,157 [main] DEBUG c.p.b.e.MLResultGenerator.executeExperiment - 276 processed... 20221222/20230603
2025-12-03 23:23:31,484 [main] DEBUG c.p.b.e.MLResultGenerator.executeExperiment - 276 processed... 20221223/20230603
2025-12-03 23:23:32,083 [main] DEBUG c.p.b.e.MLResultGenerator.executeExperiment - 276 processed... 20221224/20230603
2025-12-03 23:23:32,716 [main] DEBUG c.p.b.e.MLResultGenerator.executeExperiment - 276 processed... 20221225/20230603
2025-12-03 23:23:33,458 [main] DEBUG c.p.b.e.MLResultGenerator.executeExperiment - 276 processed... 20221226/20230603
2025-12-03 23:23:34,155 [main] DEBUG c.p.b.e.MLResultGenerator.executeExperiment - 276 processed... 20221227/20230603
2025-12-03 23:23:34,824 [main] DEBUG c.p.b.e.MLResultGenerator.executeExperiment - 276 processed... 20221228/20230603
2025-12-03 23:23:35,638 [main] DEBUG c.p.b.e.MLResultGenerator.executeExperiment - 276 processed... 20221229/20230603
2025-12-03 23:23:36,520 [main] DEBUG c.p.b.e.MLResultGenerator.executeExperiment - 276 processed... 20221230/20230603
2025-12-03 23:23:37,364 [main] DEBUG c.p.b.e.MLResultGenerator.executeExperiment - 276 processed... 20221231/20230603
2025-12-03 23:23:38,039 [main] DEBUG c.p.b.e.MLResultGenerator.executeExperiment - 276 processed... 20230101/20230603
2025-12-03 23:23:38,742 [main] DEBUG c.p.b.e.MLResultGenerator.executeExperiment - 276 processed... 20230102/20230603
2025-12-03 23:23:39,609 [main] DEBUG c.p.b.e.MLResultGenerator.executeExperiment - 276 processed... 20230103/20230603
2025-12-03 23:23:40,458 [main] DEBUG c.p.b.e.MLResultGenerator.executeExperiment - 276 processed... 20230104/20230603
2025-12-03 23:23:41,165 [main] DEBUG c.p.b.e.MLResultGenerator.executeExperiment - 276 processed... 20230105/20230603
2025-12-03 23:23:41,871 [main] DEBUG c.p.b.e.MLResultGenerator.executeExperiment - 276 processed... 20230106/20230603
2025-12-03 23:23:42,556 [main] DEBUG c.p.b.e.MLResultGenerator.executeExperiment - 276 processed... 20230107/20230603
2025-12-03 23:23:43,123 [main] DEBUG c.p.b.e.MLResultGenerator.executeExperiment - 276 processed... 20230108/20230603
2025-12-03 23:23:43,651 [main] DEBUG c.p.b.e.MLResultGenerator.executeExperiment - 276 processed... 20230109/20230603
2025-12-03 23:23:44,278 [main] DEBUG c.p.b.e.MLResultGenerator.executeExperiment - 276 processed... 20230110/20230603
2025-12-03 23:23:44,881 [main] DEBUG c.p.b.e.MLResultGenerator.executeExperiment - 276 processed... 20230111/20230603
2025-12-03 23:23:45,513 [main] DEBUG c.p.b.e.MLResultGenerator.executeExperiment - 276 processed... 20230112/20230603
2025-12-03 23:23:46,161 [main] DEBUG c.p.b.e.MLResultGenerator.executeExperiment - 276 processed... 20230113/20230603
2025-12-03 23:23:46,834 [main] DEBUG c.p.b.e.MLResultGenerator.executeExperiment - 276 processed... 20230114/20230603
2025-12-03 23:23:47,437 [main] DEBUG c.p.b.e.MLResultGenerator.executeExperiment - 276 processed... 20230115/20230603
2025-12-03 23:23:47,993 [main] DEBUG c.p.b.e.MLResultGenerator.executeExperiment - 276 processed... 20230116/20230603
2025-12-03 23:23:48,618 [main] DEBUG c.p.b.e.MLResultGenerator.executeExperiment - 276 processed... 20230117/20230603
2025-12-03 23:23:49,297 [main] DEBUG c.p.b.e.MLResultGenerator.executeExperiment - 276 processed... 20230118/20230603
2025-12-03 23:23:49,927 [main] DEBUG c.p.b.e.MLResultGenerator.executeExperiment - 276 processed... 20230119/20230603
2025-12-03 23:23:50,490 [main] DEBUG c.p.b.e.MLResultGenerator.executeExperiment - 276 processed... 20230120/20230603
2025-12-03 23:23:51,125 [main] DEBUG c.p.b.e.MLResultGenerator.executeExperiment - 276 processed... 20230121/20230603
2025-12-03 23:23:51,765 [main] DEBUG c.p.b.e.MLResultGenerator.executeExperiment - 276 processed... 20230122/20230603
2025-12-03 23:23:52,359 [main] DEBUG c.p.b.e.MLResultGenerator.executeExperiment - 276 processed... 20230123/20230603
2025-12-03 23:23:52,770 [main] DEBUG c.p.b.e.MLResultGenerator.executeExperiment - 276 processed... 20230124/20230603
2025-12-03 23:23:53,326 [main] DEBUG c.p.b.e.MLResultGenerator.executeExperiment - 276 processed... 20230125/20230603
2025-12-03 23:23:54,013 [main] DEBUG c.p.b.e.MLResultGenerator.executeExperiment - 276 processed... 20230126/20230603
2025-12-03 23:23:54,676 [main] DEBUG c.p.b.e.MLResultGenerator.executeExperiment - 276 processed... 20230127/20230603
2025-12-03 23:23:55,362 [main] DEBUG c.p.b.e.MLResultGenerator.executeExperiment - 276 processed... 20230128/20230603
2025-12-03 23:23:56,056 [main] DEBUG c.p.b.e.MLResultGenerator.executeExperiment - 276 processed... 20230129/20230603
2025-12-03 23:23:56,810 [main] DEBUG c.p.b.e.MLResultGenerator.executeExperiment - 276 processed... 20230130/20230603
2025-12-03 23:23:57,410 [main] DEBUG c.p.b.e.MLResultGenerator.executeExperiment - 276 processed... 20230131/20230603
2025-12-03 23:23:57,901 [main] DEBUG c.p.b.e.MLResultGenerator.executeExperiment - 276 processed... 20230201/20230603
2025-12-03 23:23:58,500 [main] DEBUG c.p.b.e.MLResultGenerator.executeExperiment - 276 processed... 20230202/20230603
2025-12-03 23:23:59,205 [main] DEBUG c.p.b.e.MLResultGenerator.executeExperiment - 276 processed... 20230203/20230603
2025-12-03 23:23:59,853 [main] DEBUG c.p.b.e.MLResultGenerator.executeExperiment - 276 processed... 20230204/20230603
2025-12-03 23:24:00,539 [main] DEBUG c.p.b.e.MLResultGenerator.executeExperiment - 276 processed... 20230205/20230603
2025-12-03 23:24:01,139 [main] DEBUG c.p.b.e.MLResultGenerator.executeExperiment - 276 processed... 20230206/20230603
2025-12-03 23:24:01,789 [main] DEBUG c.p.b.e.MLResultGenerator.executeExperiment - 276 processed... 20230207/20230603
2025-12-03 23:24:02,463 [main] DEBUG c.p.b.e.MLResultGenerator.executeExperiment - 276 processed... 20230208/20230603
2025-12-03 23:24:02,989 [main] DEBUG c.p.b.e.MLResultGenerator.executeExperiment - 276 processed... 20230209/20230603
2025-12-03 23:24:03,545 [main] DEBUG c.p.b.e.MLResultGenerator.executeExperiment - 276 processed... 20230210/20230603
2025-12-03 23:24:04,092 [main] DEBUG c.p.b.e.MLResultGenerator.executeExperiment - 276 processed... 20230211/20230603
2025-12-03 23:24:04,721 [main] DEBUG c.p.b.e.MLResultGenerator.executeExperiment - 276 processed... 20230212/20230603
2025-12-03 23:24:05,229 [main] DEBUG c.p.b.e.MLResultGenerator.executeExperiment - 276 processed... 20230213/20230603
2025-12-03 23:24:05,692 [main] DEBUG c.p.b.e.MLResultGenerator.executeExperiment - 276 processed... 20230214/20230603
2025-12-03 23:24:06,264 [main] DEBUG c.p.b.e.MLResultGenerator.executeExperiment - 276 processed... 20230215/20230603
2025-12-03 23:24:06,780 [main] DEBUG c.p.b.e.MLResultGenerator.executeExperiment - 276 processed... 20230216/20230603
2025-12-03 23:24:07,401 [main] DEBUG c.p.b.e.MLResultGenerator.executeExperiment - 276 processed... 20230217/20230603
2025-12-03 23:24:08,044 [main] DEBUG c.p.b.e.MLResultGenerator.executeExperiment - 276 processed... 20230218/20230603
2025-12-03 23:24:08,632 [main] DEBUG c.p.b.e.MLResultGenerator.executeExperiment - 276 processed... 20230219/20230603
2025-12-03 23:24:09,126 [main] DEBUG c.p.b.e.MLResultGenerator.executeExperiment - 276 processed... 20230220/20230603
2025-12-03 23:24:09,758 [main] DEBUG c.p.b.e.MLResultGenerator.executeExperiment - 276 processed... 20230221/20230603
2025-12-03 23:24:10,315 [main] DEBUG c.p.b.e.MLResultGenerator.executeExperiment - 276 processed... 20230222/20230603
2025-12-03 23:24:10,963 [main] DEBUG c.p.b.e.MLResultGenerator.executeExperiment - 276 processed... 20230223/20230603
2025-12-03 23:24:11,640 [main] DEBUG c.p.b.e.MLResultGenerator.executeExperiment - 276 processed... 20230224/20230603
2025-12-03 23:24:12,402 [main] DEBUG c.p.b.e.MLResultGenerator.executeExperiment - 276 processed... 20230225/20230603
2025-12-03 23:24:13,065 [main] DEBUG c.p.b.e.MLResultGenerator.executeExperiment - 276 processed... 20230226/20230603
2025-12-03 23:24:13,617 [main] DEBUG c.p.b.e.MLResultGenerator.executeExperiment - 276 processed... 20230227/20230603
2025-12-03 23:24:14,289 [main] DEBUG c.p.b.e.MLResultGenerator.executeExperiment - 276 processed... 20230228/20230603
2025-12-03 23:24:14,932 [main] DEBUG c.p.b.e.MLResultGenerator.executeExperiment - 276 processed... 20230301/20230603
2025-12-03 23:24:15,561 [main] DEBUG c.p.b.e.MLResultGenerator.executeExperiment - 276 processed... 20230302/20230603
2025-12-03 23:24:16,162 [main] DEBUG c.p.b.e.MLResultGenerator.executeExperiment - 276 processed... 20230303/20230603
2025-12-03 23:24:16,811 [main] DEBUG c.p.b.e.MLResultGenerator.executeExperiment - 276 processed... 20230304/20230603
2025-12-03 23:24:17,531 [main] DEBUG c.p.b.e.MLResultGenerator.executeExperiment - 276 processed... 20230305/20230603
2025-12-03 23:24:18,042 [main] DEBUG c.p.b.e.MLResultGenerator.executeExperiment - 276 processed... 20230306/20230603
2025-12-03 23:24:18,653 [main] DEBUG c.p.b.e.MLResultGenerator.executeExperiment - 276 processed... 20230307/20230603
2025-12-03 23:24:19,207 [main] DEBUG c.p.b.e.MLResultGenerator.executeExperiment - 276 processed... 20230308/20230603
2025-12-03 23:24:19,747 [main] DEBUG c.p.b.e.MLResultGenerator.executeExperiment - 276 processed... 20230309/20230603
2025-12-03 23:24:20,386 [main] DEBUG c.p.b.e.MLResultGenerator.executeExperiment - 276 processed... 20230310/20230603
2025-12-03 23:24:21,117 [main] DEBUG c.p.b.e.MLResultGenerator.executeExperiment - 276 processed... 20230311/20230603
2025-12-03 23:24:21,800 [main] DEBUG c.p.b.e.MLResultGenerator.executeExperiment - 276 processed... 20230312/20230603
2025-12-03 23:24:22,400 [main] DEBUG c.p.b.e.MLResultGenerator.executeExperiment - 276 processed... 20230313/20230603
2025-12-03 23:24:23,034 [main] DEBUG c.p.b.e.MLResultGenerator.executeExperiment - 276 processed... 20230314/20230603
2025-12-03 23:24:23,676 [main] DEBUG c.p.b.e.MLResultGenerator.executeExperiment - 276 processed... 20230315/20230603
2025-12-03 23:24:24,194 [main] DEBUG c.p.b.e.MLResultGenerator.executeExperiment - 276 processed... 20230316/20230603
2025-12-03 23:24:24,748 [main] DEBUG c.p.b.e.MLResultGenerator.executeExperiment - 276 processed... 20230317/20230603
2025-12-03 23:24:25,315 [main] DEBUG c.p.b.e.MLResultGenerator.executeExperiment - 276 processed... 20230318/20230603
2025-12-03 23:24:25,883 [main] DEBUG c.p.b.e.MLResultGenerator.executeExperiment - 276 processed... 20230319/20230603
2025-12-03 23:24:26,495 [main] DEBUG c.p.b.e.MLResultGenerator.executeExperiment - 276 processed... 20230320/20230603
2025-12-03 23:24:27,126 [main] DEBUG c.p.b.e.MLResultGenerator.executeExperiment - 276 processed... 20230321/20230603
2025-12-03 23:24:27,766 [main] DEBUG c.p.b.e.MLResultGenerator.executeExperiment - 276 processed... 20230322/20230603
2025-12-03 23:24:28,356 [main] DEBUG c.p.b.e.MLResultGenerator.executeExperiment - 276 processed... 20230323/20230603
2025-12-03 23:24:28,913 [main] DEBUG c.p.b.e.MLResultGenerator.executeExperiment - 276 processed... 20230324/20230603
2025-12-03 23:24:29,615 [main] DEBUG c.p.b.e.MLResultGenerator.executeExperiment - 276 processed... 20230325/20230603
2025-12-03 23:24:30,260 [main] DEBUG c.p.b.e.MLResultGenerator.executeExperiment - 276 processed... 20230326/20230603
2025-12-03 23:24:30,881 [main] DEBUG c.p.b.e.MLResultGenerator.executeExperiment - 276 processed... 20230327/20230603
2025-12-03 23:24:31,418 [main] DEBUG c.p.b.e.MLResultGenerator.executeExperiment - 276 processed... 20230328/20230603
2025-12-03 23:24:31,918 [main] DEBUG c.p.b.e.MLResultGenerator.executeExperiment - 276 processed... 20230329/20230603
2025-12-03 23:24:32,423 [main] DEBUG c.p.b.e.MLResultGenerator.executeExperiment - 276 processed... 20230330/20230603
2025-12-03 23:24:32,865 [main] DEBUG c.p.b.e.MLResultGenerator.executeExperiment - 276 processed... 20230331/20230603
2025-12-03 23:24:33,317 [main] DEBUG c.p.b.e.MLResultGenerator.executeExperiment - 276 processed... 20230401/20230603
2025-12-03 23:24:33,823 [main] DEBUG c.p.b.e.MLResultGenerator.executeExperiment - 276 processed... 20230402/20230603
2025-12-03 23:24:34,359 [main] DEBUG c.p.b.e.MLResultGenerator.executeExperiment - 276 processed... 20230403/20230603
2025-12-03 23:24:34,934 [main] DEBUG c.p.b.e.MLResultGenerator.executeExperiment - 276 processed... 20230404/20230603
2025-12-03 23:24:35,531 [main] DEBUG c.p.b.e.MLResultGenerator.executeExperiment - 276 processed... 20230405/20230603
2025-12-03 23:24:36,116 [main] DEBUG c.p.b.e.MLResultGenerator.executeExperiment - 276 processed... 20230406/20230603
2025-12-03 23:24:36,807 [main] DEBUG c.p.b.e.MLResultGenerator.executeExperiment - 276 processed... 20230407/20230603
2025-12-03 23:24:37,422 [main] DEBUG c.p.b.e.MLResultGenerator.executeExperiment - 276 processed... 20230408/20230603
2025-12-03 23:24:38,107 [main] DEBUG c.p.b.e.MLResultGenerator.executeExperiment - 276 processed... 20230409/20230603
2025-12-03 23:24:38,729 [main] DEBUG c.p.b.e.MLResultGenerator.executeExperiment - 276 processed... 20230410/20230603
2025-12-03 23:24:39,278 [main] DEBUG c.p.b.e.MLResultGenerator.executeExperiment - 276 processed... 20230411/20230603
2025-12-03 23:24:39,855 [main] DEBUG c.p.b.e.MLResultGenerator.executeExperiment - 276 processed... 20230412/20230603
2025-12-03 23:24:40,366 [main] DEBUG c.p.b.e.MLResultGenerator.executeExperiment - 276 processed... 20230413/20230603
2025-12-03 23:24:40,949 [main] DEBUG c.p.b.e.MLResultGenerator.executeExperiment - 276 processed... 20230414/20230603
2025-12-03 23:24:41,773 [main] DEBUG c.p.b.e.MLResultGenerator.executeExperiment - 276 processed... 20230415/20230603
2025-12-03 23:24:42,453 [main] DEBUG c.p.b.e.MLResultGenerator.executeExperiment - 276 processed... 20230416/20230603
2025-12-03 23:24:43,053 [main] DEBUG c.p.b.e.MLResultGenerator.executeExperiment - 276 processed... 20230417/20230603
2025-12-03 23:24:43,612 [main] DEBUG c.p.b.e.MLResultGenerator.executeExperiment - 276 processed... 20230418/20230603
2025-12-03 23:24:44,209 [main] DEBUG c.p.b.e.MLResultGenerator.executeExperiment - 276 processed... 20230419/20230603
2025-12-03 23:24:44,702 [main] DEBUG c.p.b.e.MLResultGenerator.executeExperiment - 276 processed... 20230420/20230603
2025-12-03 23:24:45,221 [main] DEBUG c.p.b.e.MLResultGenerator.executeExperiment - 276 processed... 20230421/20230603
2025-12-03 23:24:45,647 [main] DEBUG c.p.b.e.MLResultGenerator.executeExperiment - 276 processed... 20230422/20230603
2025-12-03 23:24:46,238 [main] DEBUG c.p.b.e.MLResultGenerator.executeExperiment - 276 processed... 20230423/20230603
2025-12-03 23:24:46,968 [main] DEBUG c.p.b.e.MLResultGenerator.executeExperiment - 276 processed... 20230424/20230603
2025-12-03 23:24:47,771 [main] DEBUG c.p.b.e.MLResultGenerator.executeExperiment - 276 processed... 20230425/20230603
2025-12-03 23:24:48,399 [main] DEBUG c.p.b.e.MLResultGenerator.executeExperiment - 276 processed... 20230426/20230603
2025-12-03 23:24:49,042 [main] DEBUG c.p.b.e.MLResultGenerator.executeExperiment - 276 processed... 20230427/20230603
2025-12-03 23:24:49,777 [main] DEBUG c.p.b.e.MLResultGenerator.executeExperiment - 276 processed... 20230428/20230603
2025-12-03 23:24:50,497 [main] DEBUG c.p.b.e.MLResultGenerator.executeExperiment - 276 processed... 20230429/20230603
2025-12-03 23:24:51,270 [main] DEBUG c.p.b.e.MLResultGenerator.executeExperiment - 276 processed... 20230430/20230603
2025-12-03 23:24:52,168 [main] DEBUG c.p.b.e.MLResultGenerator.executeExperiment - 276 processed... 20230501/20230603
2025-12-03 23:24:52,991 [main] DEBUG c.p.b.e.MLResultGenerator.executeExperiment - 276 processed... 20230502/20230603
2025-12-03 23:24:53,898 [main] DEBUG c.p.b.e.MLResultGenerator.executeExperiment - 276 processed... 20230503/20230603
2025-12-03 23:24:54,698 [main] DEBUG c.p.b.e.MLResultGenerator.executeExperiment - 276 processed... 20230504/20230603
2025-12-03 23:24:55,384 [main] DEBUG c.p.b.e.MLResultGenerator.executeExperiment - 276 processed... 20230505/20230603
2025-12-03 23:24:55,919 [main] DEBUG c.p.b.e.MLResultGenerator.executeExperiment - 276 processed... 20230506/20230603
2025-12-03 23:24:56,499 [main] DEBUG c.p.b.e.MLResultGenerator.executeExperiment - 276 processed... 20230507/20230603
2025-12-03 23:24:56,986 [main] DEBUG c.p.b.e.MLResultGenerator.executeExperiment - 276 processed... 20230508/20230603
2025-12-03 23:24:57,605 [main] DEBUG c.p.b.e.MLResultGenerator.executeExperiment - 276 processed... 20230509/20230603
2025-12-03 23:24:58,118 [main] DEBUG c.p.b.e.MLResultGenerator.executeExperiment - 276 processed... 20230510/20230603
2025-12-03 23:24:58,755 [main] DEBUG c.p.b.e.MLResultGenerator.executeExperiment - 276 processed... 20230511/20230603
2025-12-03 23:24:59,542 [main] DEBUG c.p.b.e.MLResultGenerator.executeExperiment - 276 processed... 20230512/20230603
2025-12-03 23:25:00,229 [main] DEBUG c.p.b.e.MLResultGenerator.executeExperiment - 276 processed... 20230513/20230603
2025-12-03 23:25:00,830 [main] DEBUG c.p.b.e.MLResultGenerator.executeExperiment - 276 processed... 20230514/20230603
2025-12-03 23:25:01,354 [main] DEBUG c.p.b.e.MLResultGenerator.executeExperiment - 276 processed... 20230515/20230603
2025-12-03 23:25:01,826 [main] DEBUG c.p.b.e.MLResultGenerator.executeExperiment - 276 processed... 20230516/20230603
2025-12-03 23:25:02,287 [main] DEBUG c.p.b.e.MLResultGenerator.executeExperiment - 276 processed... 20230517/20230603
2025-12-03 23:25:02,833 [main] DEBUG c.p.b.e.MLResultGenerator.executeExperiment - 276 processed... 20230518/20230603
2025-12-03 23:25:03,317 [main] DEBUG c.p.b.e.MLResultGenerator.executeExperiment - 276 processed... 20230519/20230603
2025-12-03 23:25:03,867 [main] DEBUG c.p.b.e.MLResultGenerator.executeExperiment - 276 processed... 20230520/20230603
2025-12-03 23:25:04,515 [main] DEBUG c.p.b.e.MLResultGenerator.executeExperiment - 276 processed... 20230521/20230603
2025-12-03 23:25:05,126 [main] DEBUG c.p.b.e.MLResultGenerator.executeExperiment - 276 processed... 20230522/20230603
2025-12-03 23:25:05,627 [main] DEBUG c.p.b.e.MLResultGenerator.executeExperiment - 276 processed... 20230523/20230603
2025-12-03 23:25:06,086 [main] DEBUG c.p.b.e.MLResultGenerator.executeExperiment - 276 processed... 20230524/20230603
2025-12-03 23:25:06,561 [main] DEBUG c.p.b.e.MLResultGenerator.executeExperiment - 276 processed... 20230525/20230603
2025-12-03 23:25:07,113 [main] DEBUG c.p.b.e.MLResultGenerator.executeExperiment - 276 processed... 20230526/20230603
2025-12-03 23:25:07,766 [main] DEBUG c.p.b.e.MLResultGenerator.executeExperiment - 276 processed... 20230527/20230603
2025-12-03 23:25:08,450 [main] DEBUG c.p.b.e.MLResultGenerator.executeExperiment - 276 processed... 20230528/20230603
2025-12-03 23:25:09,111 [main] DEBUG c.p.b.e.MLResultGenerator.executeExperiment - 276 processed... 20230529/20230603
2025-12-03 23:25:09,677 [main] DEBUG c.p.b.e.MLResultGenerator.executeExperiment - 276 processed... 20230530/20230603
2025-12-03 23:25:10,314 [main] DEBUG c.p.b.e.MLResultGenerator.executeExperiment - 276 processed... 20230531/20230603
2025-12-03 23:25:10,837 [main] DEBUG c.p.b.e.MLResultGenerator.executeExperiment - 276 processed... 20230601/20230603
2025-12-03 23:25:11,370 [main] DEBUG c.p.b.e.MLResultGenerator.executeExperiment - 276 processed... 20230602/20230603
2025-12-03 23:25:11,883 [main] DEBUG c.p.b.e.MLResultGenerator.executeExperiment - 276 processed... 20230603/20230603
2025-12-03 23:25:12,661 [main] DEBUG c.p.b.e.r.s.MlEvaluationCreator.create - creating MlEvaluation. 276,40001,1T,1,nopattern,nopattern
2025-12-03 23:25:12,721 [main] DEBUG c.p.b.e.r.s.MlEvaluationCreator.create - creating MlEvaluation. 276,40001,1T,2,nopattern,nopattern
2025-12-03 23:25:12,733 [main] DEBUG c.p.b.e.r.s.MlEvaluationCreator.create - creating MlEvaluation. 276,40001,1T,3,nopattern,nopattern
2025-12-03 23:25:12,741 [main] DEBUG c.p.b.e.r.s.MlEvaluationCreator.create - creating MlEvaluation. 276,40001,1T,4,nopattern,nopattern
2025-12-03 23:25:12,748 [main] DEBUG c.p.b.e.r.s.MlEvaluationCreator.create - creating MlEvaluation. 276,40001,1T,5,nopattern,nopattern
2025-12-03 23:25:12,755 [main] DEBUG c.p.b.e.r.s.MlEvaluationCreator.create - creating MlEvaluation. 276,40001,1T,6,nopattern,nopattern
2025-12-03 23:25:12,760 [main] DEBUG c.p.b.e.r.s.MlEvaluationCreator.create - creating MlEvaluation. 276,40001,2F,12,nopattern,nopattern
2025-12-03 23:25:12,770 [main] DEBUG c.p.b.e.r.s.MlEvaluationCreator.create - creating MlEvaluation. 276,40001,2F,13,nopattern,nopattern
2025-12-03 23:25:12,779 [main] DEBUG c.p.b.e.r.s.MlEvaluationCreator.create - creating MlEvaluation. 276,40001,2F,14,nopattern,nopattern
2025-12-03 23:25:12,786 [main] DEBUG c.p.b.e.r.s.MlEvaluationCreator.create - creating MlEvaluation. 276,40001,2F,15,nopattern,nopattern
2025-12-03 23:25:12,792 [main] DEBUG c.p.b.e.r.s.MlEvaluationCreator.create - creating MlEvaluation. 276,40001,2F,16,nopattern,nopattern
2025-12-03 23:25:12,798 [main] DEBUG c.p.b.e.r.s.MlEvaluationCreator.create - creating MlEvaluation. 276,40001,2F,21,nopattern,nopattern
2025-12-03 23:25:12,803 [main] DEBUG c.p.b.e.r.s.MlEvaluationCreator.create - creating MlEvaluation. 276,40001,2F,23,nopattern,nopattern
2025-12-03 23:25:12,808 [main] DEBUG c.p.b.e.r.s.MlEvaluationCreator.create - creating MlEvaluation. 276,40001,2F,24,nopattern,nopattern
2025-12-03 23:25:12,812 [main] DEBUG c.p.b.e.r.s.MlEvaluationCreator.create - creating MlEvaluation. 276,40001,2F,25,nopattern,nopattern
2025-12-03 23:25:12,817 [main] DEBUG c.p.b.e.r.s.MlEvaluationCreator.create - creating MlEvaluation. 276,40001,2F,26,nopattern,nopattern
2025-12-03 23:25:12,897 [main] DEBUG c.p.b.e.r.s.MlEvaluationCreator.create - creating MlEvaluation. 276,40001,2F,31,nopattern,nopattern
2025-12-03 23:25:12,904 [main] DEBUG c.p.b.e.r.s.MlEvaluationCreator.create - creating MlEvaluation. 276,40001,2F,32,nopattern,nopattern
2025-12-03 23:25:12,908 [main] DEBUG c.p.b.e.r.s.MlEvaluationCreator.create - creating MlEvaluation. 276,40001,2F,34,nopattern,nopattern
2025-12-03 23:25:12,912 [main] DEBUG c.p.b.e.r.s.MlEvaluationCreator.create - creating MlEvaluation. 276,40001,2F,35,nopattern,nopattern
2025-12-03 23:25:12,916 [main] DEBUG c.p.b.e.r.s.MlEvaluationCreator.create - creating MlEvaluation. 276,40001,2F,36,nopattern,nopattern
2025-12-03 23:25:12,919 [main] DEBUG c.p.b.e.r.s.MlEvaluationCreator.create - creating MlEvaluation. 276,40001,2F,41,nopattern,nopattern
2025-12-03 23:25:12,923 [main] DEBUG c.p.b.e.r.s.MlEvaluationCreator.create - creating MlEvaluation. 276,40001,2F,42,nopattern,nopattern
2025-12-03 23:25:12,927 [main] DEBUG c.p.b.e.r.s.MlEvaluationCreator.create - creating MlEvaluation. 276,40001,2F,43,nopattern,nopattern
2025-12-03 23:25:12,930 [main] DEBUG c.p.b.e.r.s.MlEvaluationCreator.create - creating MlEvaluation. 276,40001,2F,45,nopattern,nopattern
2025-12-03 23:25:12,935 [main] DEBUG c.p.b.e.r.s.MlEvaluationCreator.create - creating MlEvaluation. 276,40001,2F,46,nopattern,nopattern
2025-12-03 23:25:12,943 [main] DEBUG c.p.b.e.r.s.MlEvaluationCreator.create - creating MlEvaluation. 276,40001,2F,51,nopattern,nopattern
2025-12-03 23:25:12,946 [main] DEBUG c.p.b.e.r.s.MlEvaluationCreator.create - creating MlEvaluation. 276,40001,2F,52,nopattern,nopattern
2025-12-03 23:25:12,950 [main] DEBUG c.p.b.e.r.s.MlEvaluationCreator.create - creating MlEvaluation. 276,40001,2F,53,nopattern,nopattern
2025-12-03 23:25:12,953 [main] DEBUG c.p.b.e.r.s.MlEvaluationCreator.create - creating MlEvaluation. 276,40001,2F,54,nopattern,nopattern
2025-12-03 23:25:12,957 [main] DEBUG c.p.b.e.r.s.MlEvaluationCreator.create - creating MlEvaluation. 276,40001,2F,56,nopattern,nopattern
2025-12-03 23:25:12,959 [main] DEBUG c.p.b.e.r.s.MlEvaluationCreator.create - creating MlEvaluation. 276,40001,2F,61,nopattern,nopattern
2025-12-03 23:25:12,964 [main] DEBUG c.p.b.e.r.s.MlEvaluationCreator.create - creating MlEvaluation. 276,40001,2F,62,nopattern,nopattern
2025-12-03 23:25:12,967 [main] DEBUG c.p.b.e.r.s.MlEvaluationCreator.create - creating MlEvaluation. 276,40001,2F,63,nopattern,nopattern
2025-12-03 23:25:12,970 [main] DEBUG c.p.b.e.r.s.MlEvaluationCreator.create - creating MlEvaluation. 276,40001,2F,64,nopattern,nopattern
2025-12-03 23:25:12,973 [main] DEBUG c.p.b.e.r.s.MlEvaluationCreator.create - creating MlEvaluation. 276,40001,2F,65,nopattern,nopattern
2025-12-03 23:25:12,976 [main] DEBUG c.p.b.e.r.s.MlEvaluationCreator.create - creating MlEvaluation. 276,40001,2T,12,nopattern,nopattern
2025-12-03 23:25:12,982 [main] DEBUG c.p.b.e.r.s.MlEvaluationCreator.create - creating MlEvaluation. 276,40001,2T,13,nopattern,nopattern
2025-12-03 23:25:12,988 [main] DEBUG c.p.b.e.r.s.MlEvaluationCreator.create - creating MlEvaluation. 276,40001,2T,14,nopattern,nopattern
2025-12-03 23:25:12,994 [main] DEBUG c.p.b.e.r.s.MlEvaluationCreator.create - creating MlEvaluation. 276,40001,2T,15,nopattern,nopattern
2025-12-03 23:25:12,998 [main] DEBUG c.p.b.e.r.s.MlEvaluationCreator.create - creating MlEvaluation. 276,40001,2T,16,nopattern,nopattern
2025-12-03 23:25:13,002 [main] DEBUG c.p.b.e.r.s.MlEvaluationCreator.create - creating MlEvaluation. 276,40001,2T,21,nopattern,nopattern
2025-12-03 23:25:13,006 [main] DEBUG c.p.b.e.r.s.MlEvaluationCreator.create - creating MlEvaluation. 276,40001,2T,23,nopattern,nopattern
2025-12-03 23:25:13,011 [main] DEBUG c.p.b.e.r.s.MlEvaluationCreator.create - creating MlEvaluation. 276,40001,2T,24,nopattern,nopattern
2025-12-03 23:25:13,014 [main] DEBUG c.p.b.e.r.s.MlEvaluationCreator.create - creating MlEvaluation. 276,40001,2T,25,nopattern,nopattern
2025-12-03 23:25:13,017 [main] DEBUG c.p.b.e.r.s.MlEvaluationCreator.create - creating MlEvaluation. 276,40001,2T,26,nopattern,nopattern
2025-12-03 23:25:13,021 [main] DEBUG c.p.b.e.r.s.MlEvaluationCreator.create - creating MlEvaluation. 276,40001,2T,31,nopattern,nopattern
2025-12-03 23:25:13,025 [main] DEBUG c.p.b.e.r.s.MlEvaluationCreator.create - creating MlEvaluation. 276,40001,2T,32,nopattern,nopattern
2025-12-03 23:25:13,028 [main] DEBUG c.p.b.e.r.s.MlEvaluationCreator.create - creating MlEvaluation. 276,40001,2T,34,nopattern,nopattern
2025-12-03 23:25:13,031 [main] DEBUG c.p.b.e.r.s.MlEvaluationCreator.create - creating MlEvaluation. 276,40001,2T,35,nopattern,nopattern
2025-12-03 23:25:13,034 [main] DEBUG c.p.b.e.r.s.MlEvaluationCreator.create - creating MlEvaluation. 276,40001,2T,36,nopattern,nopattern
2025-12-03 23:25:13,037 [main] DEBUG c.p.b.e.r.s.MlEvaluationCreator.create - creating MlEvaluation. 276,40001,2T,41,nopattern,nopattern
2025-12-03 23:25:13,041 [main] DEBUG c.p.b.e.r.s.MlEvaluationCreator.create - creating MlEvaluation. 276,40001,2T,42,nopattern,nopattern
2025-12-03 23:25:13,045 [main] DEBUG c.p.b.e.r.s.MlEvaluationCreator.create - creating MlEvaluation. 276,40001,2T,43,nopattern,nopattern
2025-12-03 23:25:13,050 [main] DEBUG c.p.b.e.r.s.MlEvaluationCreator.create - creating MlEvaluation. 276,40001,2T,45,nopattern,nopattern
2025-12-03 23:25:13,053 [main] DEBUG c.p.b.e.r.s.MlEvaluationCreator.create - creating MlEvaluation. 276,40001,2T,46,nopattern,nopattern
2025-12-03 23:25:13,056 [main] DEBUG c.p.b.e.r.s.MlEvaluationCreator.create - creating MlEvaluation. 276,40001,2T,51,nopattern,nopattern
2025-12-03 23:25:13,059 [main] DEBUG c.p.b.e.r.s.MlEvaluationCreator.create - creating MlEvaluation. 276,40001,2T,52,nopattern,nopattern
2025-12-03 23:25:13,062 [main] DEBUG c.p.b.e.r.s.MlEvaluationCreator.create - creating MlEvaluation. 276,40001,2T,53,nopattern,nopattern
2025-12-03 23:25:13,065 [main] DEBUG c.p.b.e.r.s.MlEvaluationCreator.create - creating MlEvaluation. 276,40001,2T,54,nopattern,nopattern
2025-12-03 23:25:13,068 [main] DEBUG c.p.b.e.r.s.MlEvaluationCreator.create - creating MlEvaluation. 276,40001,2T,56,nopattern,nopattern
2025-12-03 23:25:13,071 [main] DEBUG c.p.b.e.r.s.MlEvaluationCreator.create - creating MlEvaluation. 276,40001,2T,61,nopattern,nopattern
2025-12-03 23:25:13,074 [main] DEBUG c.p.b.e.r.s.MlEvaluationCreator.create - creating MlEvaluation. 276,40001,2T,62,nopattern,nopattern
2025-12-03 23:25:13,077 [main] DEBUG c.p.b.e.r.s.MlEvaluationCreator.create - creating MlEvaluation. 276,40001,2T,63,nopattern,nopattern
2025-12-03 23:25:13,080 [main] DEBUG c.p.b.e.r.s.MlEvaluationCreator.create - creating MlEvaluation. 276,40001,2T,64,nopattern,nopattern
2025-12-03 23:25:13,083 [main] DEBUG c.p.b.e.r.s.MlEvaluationCreator.create - creating MlEvaluation. 276,40001,2T,65,nopattern,nopattern
2025-12-03 23:25:13,086 [main] DEBUG c.p.b.e.r.s.MlEvaluationCreator.create - creating MlEvaluation. 276,40001,3F,123,nopattern,nopattern
2025-12-03 23:25:13,093 [main] DEBUG c.p.b.e.r.s.MlEvaluationCreator.create - creating MlEvaluation. 276,40001,3F,124,nopattern,nopattern
2025-12-03 23:25:13,098 [main] DEBUG c.p.b.e.r.s.MlEvaluationCreator.create - creating MlEvaluation. 276,40001,3F,125,nopattern,nopattern
2025-12-03 23:25:13,102 [main] DEBUG c.p.b.e.r.s.MlEvaluationCreator.create - creating MlEvaluation. 276,40001,3F,126,nopattern,nopattern
2025-12-03 23:25:13,106 [main] DEBUG c.p.b.e.r.s.MlEvaluationCreator.create - creating MlEvaluation. 276,40001,3F,132,nopattern,nopattern
2025-12-03 23:25:13,111 [main] DEBUG c.p.b.e.r.s.MlEvaluationCreator.create - creating MlEvaluation. 276,40001,3F,134,nopattern,nopattern
2025-12-03 23:25:13,114 [main] DEBUG c.p.b.e.r.s.MlEvaluationCreator.create - creating MlEvaluation. 276,40001,3F,135,nopattern,nopattern
2025-12-03 23:25:13,118 [main] DEBUG c.p.b.e.r.s.MlEvaluationCreator.create - creating MlEvaluation. 276,40001,3F,136,nopattern,nopattern
2025-12-03 23:25:13,121 [main] DEBUG c.p.b.e.r.s.MlEvaluationCreator.create - creating MlEvaluation. 276,40001,3F,142,nopattern,nopattern
2025-12-03 23:25:13,126 [main] DEBUG c.p.b.e.r.s.MlEvaluationCreator.create - creating MlEvaluation. 276,40001,3F,143,nopattern,nopattern
2025-12-03 23:25:13,130 [main] DEBUG c.p.b.e.r.s.MlEvaluationCreator.create - creating MlEvaluation. 276,40001,3F,145,nopattern,nopattern
2025-12-03 23:25:13,133 [main] DEBUG c.p.b.e.r.s.MlEvaluationCreator.create - creating MlEvaluation. 276,40001,3F,146,nopattern,nopattern
2025-12-03 23:25:13,136 [main] DEBUG c.p.b.e.r.s.MlEvaluationCreator.create - creating MlEvaluation. 276,40001,3F,152,nopattern,nopattern
2025-12-03 23:25:13,139 [main] DEBUG c.p.b.e.r.s.MlEvaluationCreator.create - creating MlEvaluation. 276,40001,3F,153,nopattern,nopattern
2025-12-03 23:25:13,142 [main] DEBUG c.p.b.e.r.s.MlEvaluationCreator.create - creating MlEvaluation. 276,40001,3F,154,nopattern,nopattern
2025-12-03 23:25:13,145 [main] DEBUG c.p.b.e.r.s.MlEvaluationCreator.create - creating MlEvaluation. 276,40001,3F,156,nopattern,nopattern
2025-12-03 23:25:13,148 [main] DEBUG c.p.b.e.r.s.MlEvaluationCreator.create - creating MlEvaluation. 276,40001,3F,162,nopattern,nopattern
2025-12-03 23:25:13,151 [main] DEBUG c.p.b.e.r.s.MlEvaluationCreator.create - creating MlEvaluation. 276,40001,3F,163,nopattern,nopattern
2025-12-03 23:25:13,155 [main] DEBUG c.p.b.e.r.s.MlEvaluationCreator.create - creating MlEvaluation. 276,40001,3F,164,nopattern,nopattern
2025-12-03 23:25:13,157 [main] DEBUG c.p.b.e.r.s.MlEvaluationCreator.create - creating MlEvaluation. 276,40001,3F,165,nopattern,nopattern
2025-12-03 23:25:13,161 [main] DEBUG c.p.b.e.r.s.MlEvaluationCreator.create - creating MlEvaluation. 276,40001,3F,213,nopattern,nopattern
2025-12-03 23:25:13,165 [main] DEBUG c.p.b.e.r.s.MlEvaluationCreator.create - creating MlEvaluation. 276,40001,3F,214,nopattern,nopattern
2025-12-03 23:25:13,169 [main] DEBUG c.p.b.e.r.s.MlEvaluationCreator.create - creating MlEvaluation. 276,40001,3F,215,nopattern,nopattern
2025-12-03 23:25:13,172 [main] DEBUG c.p.b.e.r.s.MlEvaluationCreator.create - creating MlEvaluation. 276,40001,3F,216,nopattern,nopattern
2025-12-03 23:25:13,175 [main] DEBUG c.p.b.e.r.s.MlEvaluationCreator.create - creating MlEvaluation. 276,40001,3F,231,nopattern,nopattern
2025-12-03 23:25:13,178 [main] DEBUG c.p.b.e.r.s.MlEvaluationCreator.create - creating MlEvaluation. 276,40001,3F,234,nopattern,nopattern
2025-12-03 23:25:13,181 [main] DEBUG c.p.b.e.r.s.MlEvaluationCreator.create - creating MlEvaluation. 276,40001,3F,236,nopattern,nopattern
2025-12-03 23:25:13,184 [main] DEBUG c.p.b.e.r.s.MlEvaluationCreator.create - creating MlEvaluation. 276,40001,3F,241,nopattern,nopattern
2025-12-03 23:25:13,187 [main] DEBUG c.p.b.e.r.s.MlEvaluationCreator.create - creating MlEvaluation. 276,40001,3F,243,nopattern,nopattern
2025-12-03 23:25:13,190 [main] DEBUG c.p.b.e.r.s.MlEvaluationCreator.create - creating MlEvaluation. 276,40001,3F,245,nopattern,nopattern
2025-12-03 23:25:13,191 [main] DEBUG c.p.b.e.r.s.MlEvaluationCreator.create - creating MlEvaluation. 276,40001,3F,246,nopattern,nopattern
2025-12-03 23:25:13,194 [main] DEBUG c.p.b.e.r.s.MlEvaluationCreator.create - creating MlEvaluation. 276,40001,3F,251,nopattern,nopattern
2025-12-03 23:25:13,196 [main] DEBUG c.p.b.e.r.s.MlEvaluationCreator.create - creating MlEvaluation. 276,40001,3F,253,nopattern,nopattern
2025-12-03 23:25:13,199 [main] DEBUG c.p.b.e.r.s.MlEvaluationCreator.create - creating MlEvaluation. 276,40001,3F,254,nopattern,nopattern
2025-12-03 23:25:13,201 [main] DEBUG c.p.b.e.r.s.MlEvaluationCreator.create - creating MlEvaluation. 276,40001,3F,256,nopattern,nopattern
2025-12-03 23:25:13,202 [main] DEBUG c.p.b.e.r.s.MlEvaluationCreator.create - creating MlEvaluation. 276,40001,3F,261,nopattern,nopattern
2025-12-03 23:25:13,204 [main] DEBUG c.p.b.e.r.s.MlEvaluationCreator.create - creating MlEvaluation. 276,40001,3F,263,nopattern,nopattern
2025-12-03 23:25:13,207 [main] DEBUG c.p.b.e.r.s.MlEvaluationCreator.create - creating MlEvaluation. 276,40001,3F,264,nopattern,nopattern
2025-12-03 23:25:13,209 [main] DEBUG c.p.b.e.r.s.MlEvaluationCreator.create - creating MlEvaluation. 276,40001,3F,265,nopattern,nopattern
2025-12-03 23:25:13,214 [main] DEBUG c.p.b.e.r.s.MlEvaluationCreator.create - creating MlEvaluation. 276,40001,3F,312,nopattern,nopattern
2025-12-03 23:25:13,218 [main] DEBUG c.p.b.e.r.s.MlEvaluationCreator.create - creating MlEvaluation. 276,40001,3F,314,nopattern,nopattern
2025-12-03 23:25:13,221 [main] DEBUG c.p.b.e.r.s.MlEvaluationCreator.create - creating MlEvaluation. 276,40001,3F,315,nopattern,nopattern
2025-12-03 23:25:13,224 [main] DEBUG c.p.b.e.r.s.MlEvaluationCreator.create - creating MlEvaluation. 276,40001,3F,316,nopattern,nopattern
2025-12-03 23:25:13,227 [main] DEBUG c.p.b.e.r.s.MlEvaluationCreator.create - creating MlEvaluation. 276,40001,3F,321,nopattern,nopattern
2025-12-03 23:25:13,232 [main] DEBUG c.p.b.e.r.s.MlEvaluationCreator.create - creating MlEvaluation. 276,40001,3F,324,nopattern,nopattern
2025-12-03 23:25:13,235 [main] DEBUG c.p.b.e.r.s.MlEvaluationCreator.create - creating MlEvaluation. 276,40001,3F,325,nopattern,nopattern
2025-12-03 23:25:13,237 [main] DEBUG c.p.b.e.r.s.MlEvaluationCreator.create - creating MlEvaluation. 276,40001,3F,326,nopattern,nopattern
2025-12-03 23:25:13,240 [main] DEBUG c.p.b.e.r.s.MlEvaluationCreator.create - creating MlEvaluation. 276,40001,3F,341,nopattern,nopattern
2025-12-03 23:25:13,242 [main] DEBUG c.p.b.e.r.s.MlEvaluationCreator.create - creating MlEvaluation. 276,40001,3F,342,nopattern,nopattern
2025-12-03 23:25:13,245 [main] DEBUG c.p.b.e.r.s.MlEvaluationCreator.create - creating MlEvaluation. 276,40001,3F,346,nopattern,nopattern
2025-12-03 23:25:13,247 [main] DEBUG c.p.b.e.r.s.MlEvaluationCreator.create - creating MlEvaluation. 276,40001,3F,351,nopattern,nopattern
2025-12-03 23:25:13,249 [main] DEBUG c.p.b.e.r.s.MlEvaluationCreator.create - creating MlEvaluation. 276,40001,3F,352,nopattern,nopattern
2025-12-03 23:25:13,251 [main] DEBUG c.p.b.e.r.s.MlEvaluationCreator.create - creating MlEvaluation. 276,40001,3F,354,nopattern,nopattern
2025-12-03 23:25:13,252 [main] DEBUG c.p.b.e.r.s.MlEvaluationCreator.create - creating MlEvaluation. 276,40001,3F,356,nopattern,nopattern
2025-12-03 23:25:13,253 [main] DEBUG c.p.b.e.r.s.MlEvaluationCreator.create - creating MlEvaluation. 276,40001,3F,361,nopattern,nopattern
2025-12-03 23:25:13,258 [main] DEBUG c.p.b.e.r.s.MlEvaluationCreator.create - creating MlEvaluation. 276,40001,3F,362,nopattern,nopattern
2025-12-03 23:25:13,261 [main] DEBUG c.p.b.e.r.s.MlEvaluationCreator.create - creating MlEvaluation. 276,40001,3F,364,nopattern,nopattern
2025-12-03 23:25:13,262 [main] DEBUG c.p.b.e.r.s.MlEvaluationCreator.create - creating MlEvaluation. 276,40001,3F,412,nopattern,nopattern
2025-12-03 23:25:13,265 [main] DEBUG c.p.b.e.r.s.MlEvaluationCreator.create - creating MlEvaluation. 276,40001,3F,413,nopattern,nopattern
2025-12-03 23:25:13,268 [main] DEBUG c.p.b.e.r.s.MlEvaluationCreator.create - creating MlEvaluation. 276,40001,3F,415,nopattern,nopattern
2025-12-03 23:25:13,271 [main] DEBUG c.p.b.e.r.s.MlEvaluationCreator.create - creating MlEvaluation. 276,40001,3F,416,nopattern,nopattern
2025-12-03 23:25:13,273 [main] DEBUG c.p.b.e.r.s.MlEvaluationCreator.create - creating MlEvaluation. 276,40001,3F,421,nopattern,nopattern
2025-12-03 23:25:13,277 [main] DEBUG c.p.b.e.r.s.MlEvaluationCreator.create - creating MlEvaluation. 276,40001,3F,423,nopattern,nopattern
2025-12-03 23:25:13,280 [main] DEBUG c.p.b.e.r.s.MlEvaluationCreator.create - creating MlEvaluation. 276,40001,3F,425,nopattern,nopattern
2025-12-03 23:25:13,281 [main] DEBUG c.p.b.e.r.s.MlEvaluationCreator.create - creating MlEvaluation. 276,40001,3F,426,nopattern,nopattern
2025-12-03 23:25:13,282 [main] DEBUG c.p.b.e.r.s.MlEvaluationCreator.create - creating MlEvaluation. 276,40001,3F,431,nopattern,nopattern
2025-12-03 23:25:13,287 [main] DEBUG c.p.b.e.r.s.MlEvaluationCreator.create - creating MlEvaluation. 276,40001,3F,432,nopattern,nopattern
2025-12-03 23:25:13,290 [main] DEBUG c.p.b.e.r.s.MlEvaluationCreator.create - creating MlEvaluation. 276,40001,3F,435,nopattern,nopattern
2025-12-03 23:25:13,291 [main] DEBUG c.p.b.e.r.s.MlEvaluationCreator.create - creating MlEvaluation. 276,40001,3F,451,nopattern,nopattern
2025-12-03 23:25:13,293 [main] DEBUG c.p.b.e.r.s.MlEvaluationCreator.create - creating MlEvaluation. 276,40001,3F,461,nopattern,nopattern
2025-12-03 23:25:13,296 [main] DEBUG c.p.b.e.r.s.MlEvaluationCreator.create - creating MlEvaluation. 276,40001,3F,462,nopattern,nopattern
2025-12-03 23:25:13,299 [main] DEBUG c.p.b.e.r.s.MlEvaluationCreator.create - creating MlEvaluation. 276,40001,3F,463,nopattern,nopattern
2025-12-03 23:25:13,300 [main] DEBUG c.p.b.e.r.s.MlEvaluationCreator.create - creating MlEvaluation. 276,40001,3F,512,nopattern,nopattern
2025-12-03 23:25:13,307 [main] DEBUG c.p.b.e.r.s.MlEvaluationCreator.create - creating MlEvaluation. 276,40001,3F,513,nopattern,nopattern
2025-12-03 23:25:13,309 [main] DEBUG c.p.b.e.r.s.MlEvaluationCreator.create - creating MlEvaluation. 276,40001,3F,514,nopattern,nopattern
2025-12-03 23:25:13,312 [main] DEBUG c.p.b.e.r.s.MlEvaluationCreator.create - creating MlEvaluation. 276,40001,3F,516,nopattern,nopattern
2025-12-03 23:25:13,313 [main] DEBUG c.p.b.e.r.s.MlEvaluationCreator.create - creating MlEvaluation. 276,40001,3F,521,nopattern,nopattern
2025-12-03 23:25:13,317 [main] DEBUG c.p.b.e.r.s.MlEvaluationCreator.create - creating MlEvaluation. 276,40001,3F,523,nopattern,nopattern
2025-12-03 23:25:13,320 [main] DEBUG c.p.b.e.r.s.MlEvaluationCreator.create - creating MlEvaluation. 276,40001,3F,524,nopattern,nopattern
2025-12-03 23:25:13,323 [main] DEBUG c.p.b.e.r.s.MlEvaluationCreator.create - creating MlEvaluation. 276,40001,3F,531,nopattern,nopattern
2025-12-03 23:25:13,326 [main] DEBUG c.p.b.e.r.s.MlEvaluationCreator.create - creating MlEvaluation. 276,40001,3F,532,nopattern,nopattern
2025-12-03 23:25:13,329 [main] DEBUG c.p.b.e.r.s.MlEvaluationCreator.create - creating MlEvaluation. 276,40001,3F,534,nopattern,nopattern
2025-12-03 23:25:13,330 [main] DEBUG c.p.b.e.r.s.MlEvaluationCreator.create - creating MlEvaluation. 276,40001,3F,541,nopattern,nopattern
2025-12-03 23:25:13,334 [main] DEBUG c.p.b.e.r.s.MlEvaluationCreator.create - creating MlEvaluation. 276,40001,3F,542,nopattern,nopattern
2025-12-03 23:25:13,334 [main] DEBUG c.p.b.e.r.s.MlEvaluationCreator.create - creating MlEvaluation. 276,40001,3F,543,nopattern,nopattern
2025-12-03 23:25:13,335 [main] DEBUG c.p.b.e.r.s.MlEvaluationCreator.create - creating MlEvaluation. 276,40001,3F,561,nopattern,nopattern
2025-12-03 23:25:13,341 [main] DEBUG c.p.b.e.r.s.MlEvaluationCreator.create - creating MlEvaluation. 276,40001,3F,612,nopattern,nopattern
2025-12-03 23:25:13,345 [main] DEBUG c.p.b.e.r.s.MlEvaluationCreator.create - creating MlEvaluation. 276,40001,3F,613,nopattern,nopattern
2025-12-03 23:25:13,348 [main] DEBUG c.p.b.e.r.s.MlEvaluationCreator.create - creating MlEvaluation. 276,40001,3F,614,nopattern,nopattern
2025-12-03 23:25:13,351 [main] DEBUG c.p.b.e.r.s.MlEvaluationCreator.create - creating MlEvaluation. 276,40001,3F,615,nopattern,nopattern
2025-12-03 23:25:13,353 [main] DEBUG c.p.b.e.r.s.MlEvaluationCreator.create - creating MlEvaluation. 276,40001,3F,621,nopattern,nopattern
2025-12-03 23:25:13,356 [main] DEBUG c.p.b.e.r.s.MlEvaluationCreator.create - creating MlEvaluation. 276,40001,3F,623,nopattern,nopattern
2025-12-03 23:25:13,359 [main] DEBUG c.p.b.e.r.s.MlEvaluationCreator.create - creating MlEvaluation. 276,40001,3F,624,nopattern,nopattern
2025-12-03 23:25:13,359 [main] DEBUG c.p.b.e.r.s.MlEvaluationCreator.create - creating MlEvaluation. 276,40001,3F,631,nopattern,nopattern
2025-12-03 23:25:13,366 [main] DEBUG c.p.b.e.r.s.MlEvaluationCreator.create - creating MlEvaluation. 276,40001,3F,632,nopattern,nopattern
2025-12-03 23:25:13,371 [main] DEBUG c.p.b.e.r.s.MlEvaluationCreator.create - creating MlEvaluation. 276,40001,3F,634,nopattern,nopattern
2025-12-03 23:25:13,372 [main] DEBUG c.p.b.e.r.s.MlEvaluationCreator.create - creating MlEvaluation. 276,40001,3F,641,nopattern,nopattern
2025-12-03 23:25:13,376 [main] DEBUG c.p.b.e.r.s.MlEvaluationCreator.create - creating MlEvaluation. 276,40001,3F,642,nopattern,nopattern
2025-12-03 23:25:13,377 [main] DEBUG c.p.b.e.r.s.MlEvaluationCreator.create - creating MlEvaluation. 276,40001,3F,651,nopattern,nopattern
2025-12-03 23:25:13,380 [main] DEBUG c.p.b.e.r.s.MlEvaluationCreator.create - creating MlEvaluation. 276,40001,3F,652,nopattern,nopattern
2025-12-03 23:25:13,382 [main] DEBUG c.p.b.e.r.s.MlEvaluationCreator.create - creating MlEvaluation. 276,40001,3T,123,nopattern,nopattern
2025-12-03 23:25:13,388 [main] DEBUG c.p.b.e.r.s.MlEvaluationCreator.create - creating MlEvaluation. 276,40001,3T,124,nopattern,nopattern
2025-12-03 23:25:13,393 [main] DEBUG c.p.b.e.r.s.MlEvaluationCreator.create - creating MlEvaluation. 276,40001,3T,125,nopattern,nopattern
2025-12-03 23:25:13,397 [main] DEBUG c.p.b.e.r.s.MlEvaluationCreator.create - creating MlEvaluation. 276,40001,3T,126,nopattern,nopattern
2025-12-03 23:25:13,401 [main] DEBUG c.p.b.e.r.s.MlEvaluationCreator.create - creating MlEvaluation. 276,40001,3T,132,nopattern,nopattern
2025-12-03 23:25:13,407 [main] DEBUG c.p.b.e.r.s.MlEvaluationCreator.create - creating MlEvaluation. 276,40001,3T,134,nopattern,nopattern
2025-12-03 23:25:13,410 [main] DEBUG c.p.b.e.r.s.MlEvaluationCreator.create - creating MlEvaluation. 276,40001,3T,135,nopattern,nopattern
2025-12-03 23:25:13,414 [main] DEBUG c.p.b.e.r.s.MlEvaluationCreator.create - creating MlEvaluation. 276,40001,3T,136,nopattern,nopattern
2025-12-03 23:25:13,417 [main] DEBUG c.p.b.e.r.s.MlEvaluationCreator.create - creating MlEvaluation. 276,40001,3T,142,nopattern,nopattern
2025-12-03 23:25:13,422 [main] DEBUG c.p.b.e.r.s.MlEvaluationCreator.create - creating MlEvaluation. 276,40001,3T,143,nopattern,nopattern
2025-12-03 23:25:13,426 [main] DEBUG c.p.b.e.r.s.MlEvaluationCreator.create - creating MlEvaluation. 276,40001,3T,145,nopattern,nopattern
2025-12-03 23:25:13,429 [main] DEBUG c.p.b.e.r.s.MlEvaluationCreator.create - creating MlEvaluation. 276,40001,3T,146,nopattern,nopattern
2025-12-03 23:25:13,432 [main] DEBUG c.p.b.e.r.s.MlEvaluationCreator.create - creating MlEvaluation. 276,40001,3T,152,nopattern,nopattern
2025-12-03 23:25:13,436 [main] DEBUG c.p.b.e.r.s.MlEvaluationCreator.create - creating MlEvaluation. 276,40001,3T,153,nopattern,nopattern
2025-12-03 23:25:13,440 [main] DEBUG c.p.b.e.r.s.MlEvaluationCreator.create - creating MlEvaluation. 276,40001,3T,154,nopattern,nopattern
2025-12-03 23:25:13,443 [main] DEBUG c.p.b.e.r.s.MlEvaluationCreator.create - creating MlEvaluation. 276,40001,3T,156,nopattern,nopattern
2025-12-03 23:25:13,446 [main] DEBUG c.p.b.e.r.s.MlEvaluationCreator.create - creating MlEvaluation. 276,40001,3T,162,nopattern,nopattern
2025-12-03 23:25:13,449 [main] DEBUG c.p.b.e.r.s.MlEvaluationCreator.create - creating MlEvaluation. 276,40001,3T,163,nopattern,nopattern
2025-12-03 23:25:13,453 [main] DEBUG c.p.b.e.r.s.MlEvaluationCreator.create - creating MlEvaluation. 276,40001,3T,164,nopattern,nopattern
2025-12-03 23:25:13,456 [main] DEBUG c.p.b.e.r.s.MlEvaluationCreator.create - creating MlEvaluation. 276,40001,3T,165,nopattern,nopattern
2025-12-03 23:25:13,459 [main] DEBUG c.p.b.e.r.s.MlEvaluationCreator.create - creating MlEvaluation. 276,40001,3T,213,nopattern,nopattern
2025-12-03 23:25:13,462 [main] DEBUG c.p.b.e.r.s.MlEvaluationCreator.create - creating MlEvaluation. 276,40001,3T,214,nopattern,nopattern
2025-12-03 23:25:13,466 [main] DEBUG c.p.b.e.r.s.MlEvaluationCreator.create - creating MlEvaluation. 276,40001,3T,215,nopattern,nopattern
2025-12-03 23:25:13,470 [main] DEBUG c.p.b.e.r.s.MlEvaluationCreator.create - creating MlEvaluation. 276,40001,3T,216,nopattern,nopattern
2025-12-03 23:25:13,474 [main] DEBUG c.p.b.e.r.s.MlEvaluationCreator.create - creating MlEvaluation. 276,40001,3T,231,nopattern,nopattern
2025-12-03 23:25:13,478 [main] DEBUG c.p.b.e.r.s.MlEvaluationCreator.create - creating MlEvaluation. 276,40001,3T,234,nopattern,nopattern
2025-12-03 23:25:13,480 [main] DEBUG c.p.b.e.r.s.MlEvaluationCreator.create - creating MlEvaluation. 276,40001,3T,235,nopattern,nopattern
2025-12-03 23:25:13,483 [main] DEBUG c.p.b.e.r.s.MlEvaluationCreator.create - creating MlEvaluation. 276,40001,3T,236,nopattern,nopattern
2025-12-03 23:25:13,487 [main] DEBUG c.p.b.e.r.s.MlEvaluationCreator.create - creating MlEvaluation. 276,40001,3T,241,nopattern,nopattern
2025-12-03 23:25:13,490 [main] DEBUG c.p.b.e.r.s.MlEvaluationCreator.create - creating MlEvaluation. 276,40001,3T,243,nopattern,nopattern
2025-12-03 23:25:13,492 [main] DEBUG c.p.b.e.r.s.MlEvaluationCreator.create - creating MlEvaluation. 276,40001,3T,245,nopattern,nopattern
2025-12-03 23:25:13,495 [main] DEBUG c.p.b.e.r.s.MlEvaluationCreator.create - creating MlEvaluation. 276,40001,3T,246,nopattern,nopattern
2025-12-03 23:25:13,497 [main] DEBUG c.p.b.e.r.s.MlEvaluationCreator.create - creating MlEvaluation. 276,40001,3T,251,nopattern,nopattern
2025-12-03 23:25:13,500 [main] DEBUG c.p.b.e.r.s.MlEvaluationCreator.create - creating MlEvaluation. 276,40001,3T,253,nopattern,nopattern
2025-12-03 23:25:13,502 [main] DEBUG c.p.b.e.r.s.MlEvaluationCreator.create - creating MlEvaluation. 276,40001,3T,254,nopattern,nopattern
2025-12-03 23:25:13,505 [main] DEBUG c.p.b.e.r.s.MlEvaluationCreator.create - creating MlEvaluation. 276,40001,3T,256,nopattern,nopattern
2025-12-03 23:25:13,508 [main] DEBUG c.p.b.e.r.s.MlEvaluationCreator.create - creating MlEvaluation. 276,40001,3T,261,nopattern,nopattern
2025-12-03 23:25:13,513 [main] DEBUG c.p.b.e.r.s.MlEvaluationCreator.create - creating MlEvaluation. 276,40001,3T,263,nopattern,nopattern
2025-12-03 23:25:13,517 [main] DEBUG c.p.b.e.r.s.MlEvaluationCreator.create - creating MlEvaluation. 276,40001,3T,264,nopattern,nopattern
2025-12-03 23:25:13,520 [main] DEBUG c.p.b.e.r.s.MlEvaluationCreator.create - creating MlEvaluation. 276,40001,3T,265,nopattern,nopattern
2025-12-03 23:25:13,524 [main] DEBUG c.p.b.e.r.s.MlEvaluationCreator.create - creating MlEvaluation. 276,40001,3T,312,nopattern,nopattern
2025-12-03 23:25:13,527 [main] DEBUG c.p.b.e.r.s.MlEvaluationCreator.create - creating MlEvaluation. 276,40001,3T,314,nopattern,nopattern
2025-12-03 23:25:13,531 [main] DEBUG c.p.b.e.r.s.MlEvaluationCreator.create - creating MlEvaluation. 276,40001,3T,315,nopattern,nopattern
2025-12-03 23:25:13,536 [main] DEBUG c.p.b.e.r.s.MlEvaluationCreator.create - creating MlEvaluation. 276,40001,3T,316,nopattern,nopattern
2025-12-03 23:25:13,539 [main] DEBUG c.p.b.e.r.s.MlEvaluationCreator.create - creating MlEvaluation. 276,40001,3T,321,nopattern,nopattern
2025-12-03 23:25:13,542 [main] DEBUG c.p.b.e.r.s.MlEvaluationCreator.create - creating MlEvaluation. 276,40001,3T,324,nopattern,nopattern
2025-12-03 23:25:13,545 [main] DEBUG c.p.b.e.r.s.MlEvaluationCreator.create - creating MlEvaluation. 276,40001,3T,325,nopattern,nopattern
2025-12-03 23:25:13,549 [main] DEBUG c.p.b.e.r.s.MlEvaluationCreator.create - creating MlEvaluation. 276,40001,3T,326,nopattern,nopattern
2025-12-03 23:25:13,551 [main] DEBUG c.p.b.e.r.s.MlEvaluationCreator.create - creating MlEvaluation. 276,40001,3T,341,nopattern,nopattern
2025-12-03 23:25:13,554 [main] DEBUG c.p.b.e.r.s.MlEvaluationCreator.create - creating MlEvaluation. 276,40001,3T,342,nopattern,nopattern
2025-12-03 23:25:13,557 [main] DEBUG c.p.b.e.r.s.MlEvaluationCreator.create - creating MlEvaluation. 276,40001,3T,345,nopattern,nopattern
2025-12-03 23:25:13,559 [main] DEBUG c.p.b.e.r.s.MlEvaluationCreator.create - creating MlEvaluation. 276,40001,3T,346,nopattern,nopattern
2025-12-03 23:25:13,560 [main] DEBUG c.p.b.e.r.s.MlEvaluationCreator.create - creating MlEvaluation. 276,40001,3T,351,nopattern,nopattern
2025-12-03 23:25:13,564 [main] DEBUG c.p.b.e.r.s.MlEvaluationCreator.create - creating MlEvaluation. 276,40001,3T,352,nopattern,nopattern
2025-12-03 23:25:13,567 [main] DEBUG c.p.b.e.r.s.MlEvaluationCreator.create - creating MlEvaluation. 276,40001,3T,354,nopattern,nopattern
2025-12-03 23:25:13,569 [main] DEBUG c.p.b.e.r.s.MlEvaluationCreator.create - creating MlEvaluation. 276,40001,3T,361,nopattern,nopattern
2025-12-03 23:25:13,572 [main] DEBUG c.p.b.e.r.s.MlEvaluationCreator.create - creating MlEvaluation. 276,40001,3T,362,nopattern,nopattern
2025-12-03 23:25:13,574 [main] DEBUG c.p.b.e.r.s.MlEvaluationCreator.create - creating MlEvaluation. 276,40001,3T,364,nopattern,nopattern
2025-12-03 23:25:13,575 [main] DEBUG c.p.b.e.r.s.MlEvaluationCreator.create - creating MlEvaluation. 276,40001,3T,412,nopattern,nopattern
2025-12-03 23:25:13,579 [main] DEBUG c.p.b.e.r.s.MlEvaluationCreator.create - creating MlEvaluation. 276,40001,3T,413,nopattern,nopattern
2025-12-03 23:25:13,583 [main] DEBUG c.p.b.e.r.s.MlEvaluationCreator.create - creating MlEvaluation. 276,40001,3T,415,nopattern,nopattern
2025-12-03 23:25:13,586 [main] DEBUG c.p.b.e.r.s.MlEvaluationCreator.create - creating MlEvaluation. 276,40001,3T,416,nopattern,nopattern
2025-12-03 23:25:13,589 [main] DEBUG c.p.b.e.r.s.MlEvaluationCreator.create - creating MlEvaluation. 276,40001,3T,421,nopattern,nopattern
2025-12-03 23:25:13,593 [main] DEBUG c.p.b.e.r.s.MlEvaluationCreator.create - creating MlEvaluation. 276,40001,3T,423,nopattern,nopattern
2025-12-03 23:25:13,597 [main] DEBUG c.p.b.e.r.s.MlEvaluationCreator.create - creating MlEvaluation. 276,40001,3T,425,nopattern,nopattern
2025-12-03 23:25:13,599 [main] DEBUG c.p.b.e.r.s.MlEvaluationCreator.create - creating MlEvaluation. 276,40001,3T,426,nopattern,nopattern
2025-12-03 23:25:13,600 [main] DEBUG c.p.b.e.r.s.MlEvaluationCreator.create - creating MlEvaluation. 276,40001,3T,431,nopattern,nopattern
2025-12-03 23:25:13,603 [main] DEBUG c.p.b.e.r.s.MlEvaluationCreator.create - creating MlEvaluation. 276,40001,3T,432,nopattern,nopattern
2025-12-03 23:25:13,607 [main] DEBUG c.p.b.e.r.s.MlEvaluationCreator.create - creating MlEvaluation. 276,40001,3T,435,nopattern,nopattern
2025-12-03 23:25:13,607 [main] DEBUG c.p.b.e.r.s.MlEvaluationCreator.create - creating MlEvaluation. 276,40001,3T,436,nopattern,nopattern
2025-12-03 23:25:13,611 [main] DEBUG c.p.b.e.r.s.MlEvaluationCreator.create - creating MlEvaluation. 276,40001,3T,451,nopattern,nopattern
2025-12-03 23:25:13,613 [main] DEBUG c.p.b.e.r.s.MlEvaluationCreator.create - creating MlEvaluation. 276,40001,3T,452,nopattern,nopattern
2025-12-03 23:25:13,616 [main] DEBUG c.p.b.e.r.s.MlEvaluationCreator.create - creating MlEvaluation. 276,40001,3T,453,nopattern,nopattern
2025-12-03 23:25:13,617 [main] DEBUG c.p.b.e.r.s.MlEvaluationCreator.create - creating MlEvaluation. 276,40001,3T,456,nopattern,nopattern
2025-12-03 23:25:13,619 [main] DEBUG c.p.b.e.r.s.MlEvaluationCreator.create - creating MlEvaluation. 276,40001,3T,461,nopattern,nopattern
2025-12-03 23:25:13,622 [main] DEBUG c.p.b.e.r.s.MlEvaluationCreator.create - creating MlEvaluation. 276,40001,3T,462,nopattern,nopattern
2025-12-03 23:25:13,623 [main] DEBUG c.p.b.e.r.s.MlEvaluationCreator.create - creating MlEvaluation. 276,40001,3T,463,nopattern,nopattern
2025-12-03 23:25:13,631 [main] DEBUG c.p.b.e.r.s.MlEvaluationCreator.create - creating MlEvaluation. 276,40001,3T,465,nopattern,nopattern
2025-12-03 23:25:13,632 [main] DEBUG c.p.b.e.r.s.MlEvaluationCreator.create - creating MlEvaluation. 276,40001,3T,512,nopattern,nopattern
2025-12-03 23:25:13,635 [main] DEBUG c.p.b.e.r.s.MlEvaluationCreator.create - creating MlEvaluation. 276,40001,3T,513,nopattern,nopattern
2025-12-03 23:25:13,638 [main] DEBUG c.p.b.e.r.s.MlEvaluationCreator.create - creating MlEvaluation. 276,40001,3T,514,nopattern,nopattern
2025-12-03 23:25:13,642 [main] DEBUG c.p.b.e.r.s.MlEvaluationCreator.create - creating MlEvaluation. 276,40001,3T,516,nopattern,nopattern
2025-12-03 23:25:13,644 [main] DEBUG c.p.b.e.r.s.MlEvaluationCreator.create - creating MlEvaluation. 276,40001,3T,521,nopattern,nopattern
2025-12-03 23:25:13,647 [main] DEBUG c.p.b.e.r.s.MlEvaluationCreator.create - creating MlEvaluation. 276,40001,3T,523,nopattern,nopattern
2025-12-03 23:25:13,649 [main] DEBUG c.p.b.e.r.s.MlEvaluationCreator.create - creating MlEvaluation. 276,40001,3T,524,nopattern,nopattern
2025-12-03 23:25:13,652 [main] DEBUG c.p.b.e.r.s.MlEvaluationCreator.create - creating MlEvaluation. 276,40001,3T,531,nopattern,nopattern
2025-12-03 23:25:13,655 [main] DEBUG c.p.b.e.r.s.MlEvaluationCreator.create - creating MlEvaluation. 276,40001,3T,532,nopattern,nopattern
2025-12-03 23:25:13,657 [main] DEBUG c.p.b.e.r.s.MlEvaluationCreator.create - creating MlEvaluation. 276,40001,3T,534,nopattern,nopattern
2025-12-03 23:25:13,659 [main] DEBUG c.p.b.e.r.s.MlEvaluationCreator.create - creating MlEvaluation. 276,40001,3T,541,nopattern,nopattern
2025-12-03 23:25:13,662 [main] DEBUG c.p.b.e.r.s.MlEvaluationCreator.create - creating MlEvaluation. 276,40001,3T,542,nopattern,nopattern
2025-12-03 23:25:13,664 [main] DEBUG c.p.b.e.r.s.MlEvaluationCreator.create - creating MlEvaluation. 276,40001,3T,543,nopattern,nopattern
2025-12-03 23:25:13,665 [main] DEBUG c.p.b.e.r.s.MlEvaluationCreator.create - creating MlEvaluation. 276,40001,3T,561,nopattern,nopattern
2025-12-03 23:25:13,668 [main] DEBUG c.p.b.e.r.s.MlEvaluationCreator.create - creating MlEvaluation. 276,40001,3T,562,nopattern,nopattern
2025-12-03 23:25:13,669 [main] DEBUG c.p.b.e.r.s.MlEvaluationCreator.create - creating MlEvaluation. 276,40001,3T,563,nopattern,nopattern
2025-12-03 23:25:13,671 [main] DEBUG c.p.b.e.r.s.MlEvaluationCreator.create - creating MlEvaluation. 276,40001,3T,612,nopattern,nopattern
2025-12-03 23:25:13,674 [main] DEBUG c.p.b.e.r.s.MlEvaluationCreator.create - creating MlEvaluation. 276,40001,3T,613,nopattern,nopattern
2025-12-03 23:25:13,677 [main] DEBUG c.p.b.e.r.s.MlEvaluationCreator.create - creating MlEvaluation. 276,40001,3T,614,nopattern,nopattern
2025-12-03 23:25:13,679 [main] DEBUG c.p.b.e.r.s.MlEvaluationCreator.create - creating MlEvaluation. 276,40001,3T,615,nopattern,nopattern
2025-12-03 23:25:13,681 [main] DEBUG c.p.b.e.r.s.MlEvaluationCreator.create - creating MlEvaluation. 276,40001,3T,621,nopattern,nopattern
2025-12-03 23:25:13,683 [main] DEBUG c.p.b.e.r.s.MlEvaluationCreator.create - creating MlEvaluation. 276,40001,3T,623,nopattern,nopattern
2025-12-03 23:25:13,687 [main] DEBUG c.p.b.e.r.s.MlEvaluationCreator.create - creating MlEvaluation. 276,40001,3T,624,nopattern,nopattern
2025-12-03 23:25:13,687 [main] DEBUG c.p.b.e.r.s.MlEvaluationCreator.create - creating MlEvaluation. 276,40001,3T,625,nopattern,nopattern
2025-12-03 23:25:13,689 [main] DEBUG c.p.b.e.r.s.MlEvaluationCreator.create - creating MlEvaluation. 276,40001,3T,631,nopattern,nopattern
2025-12-03 23:25:13,692 [main] DEBUG c.p.b.e.r.s.MlEvaluationCreator.create - creating MlEvaluation. 276,40001,3T,632,nopattern,nopattern
2025-12-03 23:25:13,695 [main] DEBUG c.p.b.e.r.s.MlEvaluationCreator.create - creating MlEvaluation. 276,40001,3T,641,nopattern,nopattern
2025-12-03 23:25:13,697 [main] DEBUG c.p.b.e.r.s.MlEvaluationCreator.create - creating MlEvaluation. 276,40001,3T,642,nopattern,nopattern
2025-12-03 23:25:13,701 [main] DEBUG c.p.b.e.r.s.MlEvaluationCreator.create - creating MlEvaluation. 276,40001,3T,643,nopattern,nopattern
2025-12-03 23:25:13,702 [main] DEBUG c.p.b.e.r.s.MlEvaluationCreator.create - creating MlEvaluation. 276,40001,3T,645,nopattern,nopattern
2025-12-03 23:25:13,702 [main] DEBUG c.p.b.e.r.s.MlEvaluationCreator.create - creating MlEvaluation. 276,40001,3T,651,nopattern,nopattern
2025-12-03 23:25:13,707 [main] DEBUG c.p.b.e.r.s.MlEvaluationCreator.create - creating MlEvaluation. 276,40001,3T,653,nopattern,nopattern
2025-12-03 23:25:13,707 [main] DEBUG c.p.b.e.r.s.MlEvaluationCreator.create - creating MlEvaluation. 276,40001,3T,654,nopattern,nopattern
2025-12-03 23:25:14,755 [main] INFO  c.p.b.e.r.g.ResultGraphBuilder.save - graph saved. C:/Dev/experiment/expr10/result//14-2-no-ip/1T/1_1T_1_nopattern_nopattern_40001_14-2-no-ip_-219_7.62_18.7.png
2025-12-03 23:25:15,088 [main] INFO  c.p.b.e.r.g.ResultGraphBuilder.save - graph saved. C:/Dev/experiment/expr10/result//14-2-no-ip/1T/1_1T_2_nopattern_nopattern_40001_14-2-no-ip_-73_1.49_4.4.png
2025-12-03 23:25:15,416 [main] INFO  c.p.b.e.r.g.ResultGraphBuilder.save - graph saved. C:/Dev/experiment/expr10/result//14-2-no-ip/1T/1_1T_3_nopattern_nopattern_40001_14-2-no-ip_-44_0.99_2.8.png
2025-12-03 23:25:15,723 [main] INFO  c.p.b.e.r.g.ResultGraphBuilder.save - graph saved. C:/Dev/experiment/expr10/result//14-2-no-ip/1T/1_1T_4_nopattern_nopattern_40001_14-2-no-ip_-24_0.47_1.6.png
2025-12-03 23:25:16,010 [main] INFO  c.p.b.e.r.g.ResultGraphBuilder.save - graph saved. C:/Dev/experiment/expr10/result//14-2-no-ip/1T/1_1T_5_nopattern_nopattern_40001_14-2-no-ip_8_0.21_0.6.png
2025-12-03 23:25:16,301 [main] INFO  c.p.b.e.r.g.ResultGraphBuilder.save - graph saved. C:/Dev/experiment/expr10/result//14-2-no-ip/1T/1_1T_6_nopattern_nopattern_40001_14-2-no-ip_-15_0.08_0.4.png
2025-12-03 23:25:16,643 [main] INFO  c.p.b.e.r.g.ResultGraphBuilder.save - graph saved. C:/Dev/experiment/expr10/result//14-2-no-ip/2F/1_2F_12_nopattern_nopattern_40001_14-2-no-ip_-157_3.32_12.3.png
2025-12-03 23:25:16,931 [main] INFO  c.p.b.e.r.g.ResultGraphBuilder.save - graph saved. C:/Dev/experiment/expr10/result//14-2-no-ip/2F/1_2F_13_nopattern_nopattern_40001_14-2-no-ip_-175_2.04_8.6.png
2025-12-03 23:25:17,209 [main] INFO  c.p.b.e.r.g.ResultGraphBuilder.save - graph saved. C:/Dev/experiment/expr10/result//14-2-no-ip/2F/1_2F_14_nopattern_nopattern_40001_14-2-no-ip_-141_1.57_7.2.png
2025-12-03 23:25:17,494 [main] INFO  c.p.b.e.r.g.ResultGraphBuilder.save - graph saved. C:/Dev/experiment/expr10/result//14-2-no-ip/2F/1_2F_15_nopattern_nopattern_40001_14-2-no-ip_-20_0.55_2.5.png
2025-12-03 23:25:17,769 [main] INFO  c.p.b.e.r.g.ResultGraphBuilder.save - graph saved. C:/Dev/experiment/expr10/result//14-2-no-ip/2F/1_2F_16_nopattern_nopattern_40001_14-2-no-ip_-25_0.4_2.0.png
2025-12-03 23:25:18,041 [main] INFO  c.p.b.e.r.g.ResultGraphBuilder.save - graph saved. C:/Dev/experiment/expr10/result//14-2-no-ip/2F/1_2F_21_nopattern_nopattern_40001_14-2-no-ip_-10_0.59_2.4.png
2025-12-03 23:25:18,335 [main] INFO  c.p.b.e.r.g.ResultGraphBuilder.save - graph saved. C:/Dev/experiment/expr10/result//14-2-no-ip/2F/1_2F_23_nopattern_nopattern_40001_14-2-no-ip_-9_0.09_0.5.png
2025-12-03 23:25:18,610 [main] INFO  c.p.b.e.r.g.ResultGraphBuilder.save - graph saved. C:/Dev/experiment/expr10/result//14-2-no-ip/2F/1_2F_24_nopattern_nopattern_40001_14-2-no-ip_-6_0.08_0.4.png
2025-12-03 23:25:18,883 [main] INFO  c.p.b.e.r.g.ResultGraphBuilder.save - graph saved. C:/Dev/experiment/expr10/result//14-2-no-ip/2F/1_2F_25_nopattern_nopattern_40001_14-2-no-ip_-3_0.02_0.1.png
2025-12-03 23:25:19,148 [main] INFO  c.p.b.e.r.g.ResultGraphBuilder.save - graph saved. C:/Dev/experiment/expr10/result//14-2-no-ip/2F/1_2F_26_nopattern_nopattern_40001_14-2-no-ip_-6_0.02_0.1.png
2025-12-03 23:25:19,423 [main] INFO  c.p.b.e.r.g.ResultGraphBuilder.save - graph saved. C:/Dev/experiment/expr10/result//14-2-no-ip/2F/1_2F_31_nopattern_nopattern_40001_14-2-no-ip_-42_0.29_1.5.png
2025-12-03 23:25:19,696 [main] INFO  c.p.b.e.r.g.ResultGraphBuilder.save - graph saved. C:/Dev/experiment/expr10/result//14-2-no-ip/2F/1_2F_32_nopattern_nopattern_40001_14-2-no-ip_-5_0.1_0.4.png
2025-12-03 23:25:19,964 [main] INFO  c.p.b.e.r.g.ResultGraphBuilder.save - graph saved. C:/Dev/experiment/expr10/result//14-2-no-ip/2F/1_2F_34_nopattern_nopattern_40001_14-2-no-ip_-6_0.03_0.2.png
2025-12-03 23:25:20,228 [main] INFO  c.p.b.e.r.g.ResultGraphBuilder.save - graph saved. C:/Dev/experiment/expr10/result//14-2-no-ip/2F/1_2F_35_nopattern_nopattern_40001_14-2-no-ip_-3_0.0_0.0.png
2025-12-03 23:25:20,479 [main] INFO  c.p.b.e.r.g.ResultGraphBuilder.save - graph saved. C:/Dev/experiment/expr10/result//14-2-no-ip/2F/1_2F_36_nopattern_nopattern_40001_14-2-no-ip_-3_0.0_0.0.png
2025-12-03 23:25:20,755 [main] INFO  c.p.b.e.r.g.ResultGraphBuilder.save - graph saved. C:/Dev/experiment/expr10/result//14-2-no-ip/2F/1_2F_41_nopattern_nopattern_40001_14-2-no-ip_-18_0.19_1.0.png
2025-12-03 23:25:21,018 [main] INFO  c.p.b.e.r.g.ResultGraphBuilder.save - graph saved. C:/Dev/experiment/expr10/result//14-2-no-ip/2F/1_2F_42_nopattern_nopattern_40001_14-2-no-ip_-13_0.03_0.2.png
2025-12-03 23:25:21,286 [main] INFO  c.p.b.e.r.g.ResultGraphBuilder.save - graph saved. C:/Dev/experiment/expr10/result//14-2-no-ip/2F/1_2F_43_nopattern_nopattern_40001_14-2-no-ip_-5_0.02_0.1.png
2025-12-03 23:25:21,542 [main] INFO  c.p.b.e.r.g.ResultGraphBuilder.save - graph saved. C:/Dev/experiment/expr10/result//14-2-no-ip/2F/1_2F_45_nopattern_nopattern_40001_14-2-no-ip_0_0.0_0.0.png
2025-12-03 23:25:21,770 [main] INFO  c.p.b.e.r.g.ResultGraphBuilder.save - graph saved. C:/Dev/experiment/expr10/result//14-2-no-ip/2F/1_2F_46_nopattern_nopattern_40001_14-2-no-ip_2_0.0_0.0.png
2025-12-03 23:25:22,050 [main] INFO  c.p.b.e.r.g.ResultGraphBuilder.save - graph saved. C:/Dev/experiment/expr10/result//14-2-no-ip/2F/1_2F_51_nopattern_nopattern_40001_14-2-no-ip_2_0.07_0.3.png
2025-12-03 23:25:22,317 [main] INFO  c.p.b.e.r.g.ResultGraphBuilder.save - graph saved. C:/Dev/experiment/expr10/result//14-2-no-ip/2F/1_2F_52_nopattern_nopattern_40001_14-2-no-ip_0_0.02_0.1.png
2025-12-03 23:25:22,736 [main] INFO  c.p.b.e.r.g.ResultGraphBuilder.save - graph saved. C:/Dev/experiment/expr10/result//14-2-no-ip/2F/1_2F_53_nopattern_nopattern_40001_14-2-no-ip_-2_0.01_0.0.png
2025-12-03 23:25:22,965 [main] INFO  c.p.b.e.r.g.ResultGraphBuilder.save - graph saved. C:/Dev/experiment/expr10/result//14-2-no-ip/2F/1_2F_54_nopattern_nopattern_40001_14-2-no-ip_2_0.0_0.0.png
2025-12-03 23:25:23,190 [main] INFO  c.p.b.e.r.g.ResultGraphBuilder.save - graph saved. C:/Dev/experiment/expr10/result//14-2-no-ip/2F/1_2F_56_nopattern_nopattern_40001_14-2-no-ip_0_0.0_0.0.png
2025-12-03 23:25:23,459 [main] INFO  c.p.b.e.r.g.ResultGraphBuilder.save - graph saved. C:/Dev/experiment/expr10/result//14-2-no-ip/2F/1_2F_61_nopattern_nopattern_40001_14-2-no-ip_-14_0.04_0.3.png
2025-12-03 23:25:23,712 [main] INFO  c.p.b.e.r.g.ResultGraphBuilder.save - graph saved. C:/Dev/experiment/expr10/result//14-2-no-ip/2F/1_2F_62_nopattern_nopattern_40001_14-2-no-ip_3_0.01_0.0.png
2025-12-03 23:25:23,958 [main] INFO  c.p.b.e.r.g.ResultGraphBuilder.save - graph saved. C:/Dev/experiment/expr10/result//14-2-no-ip/2F/1_2F_63_nopattern_nopattern_40001_14-2-no-ip_-2_0.0_0.0.png
2025-12-03 23:25:24,193 [main] INFO  c.p.b.e.r.g.ResultGraphBuilder.save - graph saved. C:/Dev/experiment/expr10/result//14-2-no-ip/2F/1_2F_64_nopattern_nopattern_40001_14-2-no-ip_0_0.0_0.0.png
2025-12-03 23:25:24,410 [main] INFO  c.p.b.e.r.g.ResultGraphBuilder.save - graph saved. C:/Dev/experiment/expr10/result//14-2-no-ip/2F/1_2F_65_nopattern_nopattern_40001_14-2-no-ip_0_0.0_0.0.png
2025-12-03 23:25:24,691 [main] INFO  c.p.b.e.r.g.ResultGraphBuilder.save - graph saved. C:/Dev/experiment/expr10/result//14-2-no-ip/2T/1_2T_12_nopattern_nopattern_40001_14-2-no-ip_-193_2.68_13.1.png
2025-12-03 23:25:24,983 [main] INFO  c.p.b.e.r.g.ResultGraphBuilder.save - graph saved. C:/Dev/experiment/expr10/result//14-2-no-ip/2T/1_2T_13_nopattern_nopattern_40001_14-2-no-ip_-211_1.72_9.4.png
2025-12-03 23:25:25,261 [main] INFO  c.p.b.e.r.g.ResultGraphBuilder.save - graph saved. C:/Dev/experiment/expr10/result//14-2-no-ip/2T/1_2T_14_nopattern_nopattern_40001_14-2-no-ip_-201_1.44_8.5.png
2025-12-03 23:25:25,537 [main] INFO  c.p.b.e.r.g.ResultGraphBuilder.save - graph saved. C:/Dev/experiment/expr10/result//14-2-no-ip/2T/1_2T_15_nopattern_nopattern_40001_14-2-no-ip_-25_0.52_3.2.png
2025-12-03 23:25:25,812 [main] INFO  c.p.b.e.r.g.ResultGraphBuilder.save - graph saved. C:/Dev/experiment/expr10/result//14-2-no-ip/2T/1_2T_16_nopattern_nopattern_40001_14-2-no-ip_-23_0.39_2.5.png
2025-12-03 23:25:26,090 [main] INFO  c.p.b.e.r.g.ResultGraphBuilder.save - graph saved. C:/Dev/experiment/expr10/result//14-2-no-ip/2T/1_2T_21_nopattern_nopattern_40001_14-2-no-ip_-56_0.71_4.9.png
2025-12-03 23:25:26,362 [main] INFO  c.p.b.e.r.g.ResultGraphBuilder.save - graph saved. C:/Dev/experiment/expr10/result//14-2-no-ip/2T/1_2T_23_nopattern_nopattern_40001_14-2-no-ip_0_0.07_0.5.png
2025-12-03 23:25:26,645 [main] INFO  c.p.b.e.r.g.ResultGraphBuilder.save - graph saved. C:/Dev/experiment/expr10/result//14-2-no-ip/2T/1_2T_24_nopattern_nopattern_40001_14-2-no-ip_-4_0.05_0.4.png
2025-12-03 23:25:26,897 [main] INFO  c.p.b.e.r.g.ResultGraphBuilder.save - graph saved. C:/Dev/experiment/expr10/result//14-2-no-ip/2T/1_2T_25_nopattern_nopattern_40001_14-2-no-ip_-5_0.01_0.1.png
2025-12-03 23:25:27,153 [main] INFO  c.p.b.e.r.g.ResultGraphBuilder.save - graph saved. C:/Dev/experiment/expr10/result//14-2-no-ip/2T/1_2T_26_nopattern_nopattern_40001_14-2-no-ip_0_0.02_0.1.png
2025-12-03 23:25:27,422 [main] INFO  c.p.b.e.r.g.ResultGraphBuilder.save - graph saved. C:/Dev/experiment/expr10/result//14-2-no-ip/2T/1_2T_31_nopattern_nopattern_40001_14-2-no-ip_-78_0.34_2.9.png
2025-12-03 23:25:27,682 [main] INFO  c.p.b.e.r.g.ResultGraphBuilder.save - graph saved. C:/Dev/experiment/expr10/result//14-2-no-ip/2T/1_2T_32_nopattern_nopattern_40001_14-2-no-ip_-30_0.07_0.7.png
2025-12-03 23:25:27,943 [main] INFO  c.p.b.e.r.g.ResultGraphBuilder.save - graph saved. C:/Dev/experiment/expr10/result//14-2-no-ip/2T/1_2T_34_nopattern_nopattern_40001_14-2-no-ip_-7_0.01_0.1.png
2025-12-03 23:25:28,188 [main] INFO  c.p.b.e.r.g.ResultGraphBuilder.save - graph saved. C:/Dev/experiment/expr10/result//14-2-no-ip/2T/1_2T_35_nopattern_nopattern_40001_14-2-no-ip_-4_0.0_0.0.png
2025-12-03 23:25:28,427 [main] INFO  c.p.b.e.r.g.ResultGraphBuilder.save - graph saved. C:/Dev/experiment/expr10/result//14-2-no-ip/2T/1_2T_36_nopattern_nopattern_40001_14-2-no-ip_-4_0.0_0.0.png
2025-12-03 23:25:28,697 [main] INFO  c.p.b.e.r.g.ResultGraphBuilder.save - graph saved. C:/Dev/experiment/expr10/result//14-2-no-ip/2T/1_2T_41_nopattern_nopattern_40001_14-2-no-ip_-22_0.19_1.6.png
2025-12-03 23:25:28,956 [main] INFO  c.p.b.e.r.g.ResultGraphBuilder.save - graph saved. C:/Dev/experiment/expr10/result//14-2-no-ip/2T/1_2T_42_nopattern_nopattern_40001_14-2-no-ip_-8_0.04_0.4.png
2025-12-03 23:25:29,210 [main] INFO  c.p.b.e.r.g.ResultGraphBuilder.save - graph saved. C:/Dev/experiment/expr10/result//14-2-no-ip/2T/1_2T_43_nopattern_nopattern_40001_14-2-no-ip_-15_0.01_0.2.png
2025-12-03 23:25:29,461 [main] INFO  c.p.b.e.r.g.ResultGraphBuilder.save - graph saved. C:/Dev/experiment/expr10/result//14-2-no-ip/2T/1_2T_45_nopattern_nopattern_40001_14-2-no-ip_0_0.0_0.0.png
2025-12-03 23:25:29,697 [main] INFO  c.p.b.e.r.g.ResultGraphBuilder.save - graph saved. C:/Dev/experiment/expr10/result//14-2-no-ip/2T/1_2T_46_nopattern_nopattern_40001_14-2-no-ip_5_0.0_0.0.png
2025-12-03 23:25:29,964 [main] INFO  c.p.b.e.r.g.ResultGraphBuilder.save - graph saved. C:/Dev/experiment/expr10/result//14-2-no-ip/2T/1_2T_51_nopattern_nopattern_40001_14-2-no-ip_-8_0.04_0.5.png
2025-12-03 23:25:30,219 [main] INFO  c.p.b.e.r.g.ResultGraphBuilder.save - graph saved. C:/Dev/experiment/expr10/result//14-2-no-ip/2T/1_2T_52_nopattern_nopattern_40001_14-2-no-ip_2_0.02_0.1.png
2025-12-03 23:25:30,462 [main] INFO  c.p.b.e.r.g.ResultGraphBuilder.save - graph saved. C:/Dev/experiment/expr10/result//14-2-no-ip/2T/1_2T_53_nopattern_nopattern_40001_14-2-no-ip_-2_0.0_0.1.png
2025-12-03 23:25:30,701 [main] INFO  c.p.b.e.r.g.ResultGraphBuilder.save - graph saved. C:/Dev/experiment/expr10/result//14-2-no-ip/2T/1_2T_54_nopattern_nopattern_40001_14-2-no-ip_5_0.0_0.0.png
2025-12-03 23:25:30,918 [main] INFO  c.p.b.e.r.g.ResultGraphBuilder.save - graph saved. C:/Dev/experiment/expr10/result//14-2-no-ip/2T/1_2T_56_nopattern_nopattern_40001_14-2-no-ip_0_0.0_0.0.png
2025-12-03 23:25:31,185 [main] INFO  c.p.b.e.r.g.ResultGraphBuilder.save - graph saved. C:/Dev/experiment/expr10/result//14-2-no-ip/2T/1_2T_61_nopattern_nopattern_40001_14-2-no-ip_-22_0.02_0.4.png
2025-12-03 23:25:31,464 [main] INFO  c.p.b.e.r.g.ResultGraphBuilder.save - graph saved. C:/Dev/experiment/expr10/result//14-2-no-ip/2T/1_2T_62_nopattern_nopattern_40001_14-2-no-ip_7_0.01_0.1.png
2025-12-03 23:25:31,720 [main] INFO  c.p.b.e.r.g.ResultGraphBuilder.save - graph saved. C:/Dev/experiment/expr10/result//14-2-no-ip/2T/1_2T_63_nopattern_nopattern_40001_14-2-no-ip_-4_0.0_0.0.png
2025-12-03 23:25:31,963 [main] INFO  c.p.b.e.r.g.ResultGraphBuilder.save - graph saved. C:/Dev/experiment/expr10/result//14-2-no-ip/2T/1_2T_64_nopattern_nopattern_40001_14-2-no-ip_-1_0.0_0.0.png
2025-12-03 23:25:32,190 [main] INFO  c.p.b.e.r.g.ResultGraphBuilder.save - graph saved. C:/Dev/experiment/expr10/result//14-2-no-ip/2T/1_2T_65_nopattern_nopattern_40001_14-2-no-ip_0_0.0_0.0.png
2025-12-03 23:25:32,466 [main] INFO  c.p.b.e.r.g.ResultGraphBuilder.save - graph saved. C:/Dev/experiment/expr10/result//14-2-no-ip/3F/1_3F_123_nopattern_nopattern_40001_14-2-no-ip_-97_1.54_7.7.png
2025-12-03 23:25:32,740 [main] INFO  c.p.b.e.r.g.ResultGraphBuilder.save - graph saved. C:/Dev/experiment/expr10/result//14-2-no-ip/3F/1_3F_124_nopattern_nopattern_40001_14-2-no-ip_-137_0.95_5.6.png
2025-12-03 23:25:33,013 [main] INFO  c.p.b.e.r.g.ResultGraphBuilder.save - graph saved. C:/Dev/experiment/expr10/result//14-2-no-ip/3F/1_3F_125_nopattern_nopattern_40001_14-2-no-ip_-54_0.26_1.7.png
2025-12-03 23:25:33,279 [main] INFO  c.p.b.e.r.g.ResultGraphBuilder.save - graph saved. C:/Dev/experiment/expr10/result//14-2-no-ip/3F/1_3F_126_nopattern_nopattern_40001_14-2-no-ip_-28_0.18_1.2.png
2025-12-03 23:25:33,546 [main] INFO  c.p.b.e.r.g.ResultGraphBuilder.save - graph saved. C:/Dev/experiment/expr10/result//14-2-no-ip/3F/1_3F_132_nopattern_nopattern_40001_14-2-no-ip_-50_1.49_7.2.png
2025-12-03 23:25:33,818 [main] INFO  c.p.b.e.r.g.ResultGraphBuilder.save - graph saved. C:/Dev/experiment/expr10/result//14-2-no-ip/3F/1_3F_134_nopattern_nopattern_40001_14-2-no-ip_-54_0.46_2.7.png
2025-12-03 23:25:34,098 [main] INFO  c.p.b.e.r.g.ResultGraphBuilder.save - graph saved. C:/Dev/experiment/expr10/result//14-2-no-ip/3F/1_3F_135_nopattern_nopattern_40001_14-2-no-ip_-6_0.16_0.8.png
2025-12-03 23:25:34,391 [main] INFO  c.p.b.e.r.g.ResultGraphBuilder.save - graph saved. C:/Dev/experiment/expr10/result//14-2-no-ip/3F/1_3F_136_nopattern_nopattern_40001_14-2-no-ip_-20_0.1_0.6.png
2025-12-03 23:25:34,675 [main] INFO  c.p.b.e.r.g.ResultGraphBuilder.save - graph saved. C:/Dev/experiment/expr10/result//14-2-no-ip/3F/1_3F_142_nopattern_nopattern_40001_14-2-no-ip_-69_0.74_4.0.png
2025-12-03 23:25:34,952 [main] INFO  c.p.b.e.r.g.ResultGraphBuilder.save - graph saved. C:/Dev/experiment/expr10/result//14-2-no-ip/3F/1_3F_143_nopattern_nopattern_40001_14-2-no-ip_-50_0.47_2.7.png
2025-12-03 23:25:35,218 [main] INFO  c.p.b.e.r.g.ResultGraphBuilder.save - graph saved. C:/Dev/experiment/expr10/result//14-2-no-ip/3F/1_3F_145_nopattern_nopattern_40001_14-2-no-ip_-7_0.1_0.5.png
2025-12-03 23:25:35,485 [main] INFO  c.p.b.e.r.g.ResultGraphBuilder.save - graph saved. C:/Dev/experiment/expr10/result//14-2-no-ip/3F/1_3F_146_nopattern_nopattern_40001_14-2-no-ip_-9_0.04_0.3.png
2025-12-03 23:25:35,754 [main] INFO  c.p.b.e.r.g.ResultGraphBuilder.save - graph saved. C:/Dev/experiment/expr10/result//14-2-no-ip/3F/1_3F_152_nopattern_nopattern_40001_14-2-no-ip_-24_0.16_1.0.png
2025-12-03 23:25:36,020 [main] INFO  c.p.b.e.r.g.ResultGraphBuilder.save - graph saved. C:/Dev/experiment/expr10/result//14-2-no-ip/3F/1_3F_153_nopattern_nopattern_40001_14-2-no-ip_-21_0.08_0.6.png
2025-12-03 23:25:36,282 [main] INFO  c.p.b.e.r.g.ResultGraphBuilder.save - graph saved. C:/Dev/experiment/expr10/result//14-2-no-ip/3F/1_3F_154_nopattern_nopattern_40001_14-2-no-ip_-13_0.07_0.5.png
2025-12-03 23:25:36,559 [main] INFO  c.p.b.e.r.g.ResultGraphBuilder.save - graph saved. C:/Dev/experiment/expr10/result//14-2-no-ip/3F/1_3F_156_nopattern_nopattern_40001_14-2-no-ip_-6_0.01_0.1.png
2025-12-03 23:25:36,835 [main] INFO  c.p.b.e.r.g.ResultGraphBuilder.save - graph saved. C:/Dev/experiment/expr10/result//14-2-no-ip/3F/1_3F_162_nopattern_nopattern_40001_14-2-no-ip_-9_0.12_0.7.png
2025-12-03 23:25:37,109 [main] INFO  c.p.b.e.r.g.ResultGraphBuilder.save - graph saved. C:/Dev/experiment/expr10/result//14-2-no-ip/3F/1_3F_163_nopattern_nopattern_40001_14-2-no-ip_-12_0.06_0.4.png
2025-12-03 23:25:37,474 [main] INFO  c.p.b.e.r.g.ResultGraphBuilder.save - graph saved. C:/Dev/experiment/expr10/result//14-2-no-ip/3F/1_3F_164_nopattern_nopattern_40001_14-2-no-ip_-10_0.03_0.3.png
2025-12-03 23:25:37,755 [main] INFO  c.p.b.e.r.g.ResultGraphBuilder.save - graph saved. C:/Dev/experiment/expr10/result//14-2-no-ip/3F/1_3F_165_nopattern_nopattern_40001_14-2-no-ip_2_0.02_0.1.png
2025-12-03 23:25:38,041 [main] INFO  c.p.b.e.r.g.ResultGraphBuilder.save - graph saved. C:/Dev/experiment/expr10/result//14-2-no-ip/3F/1_3F_213_nopattern_nopattern_40001_14-2-no-ip_-33_0.18_1.2.png
2025-12-03 23:25:38,305 [main] INFO  c.p.b.e.r.g.ResultGraphBuilder.save - graph saved. C:/Dev/experiment/expr10/result//14-2-no-ip/3F/1_3F_214_nopattern_nopattern_40001_14-2-no-ip_-6_0.19_1.0.png
2025-12-03 23:25:38,568 [main] INFO  c.p.b.e.r.g.ResultGraphBuilder.save - graph saved. C:/Dev/experiment/expr10/result//14-2-no-ip/3F/1_3F_215_nopattern_nopattern_40001_14-2-no-ip_-4_0.07_0.4.png
2025-12-03 23:25:38,836 [main] INFO  c.p.b.e.r.g.ResultGraphBuilder.save - graph saved. C:/Dev/experiment/expr10/result//14-2-no-ip/3F/1_3F_216_nopattern_nopattern_40001_14-2-no-ip_-9_0.04_0.3.png
2025-12-03 23:25:39,119 [main] INFO  c.p.b.e.r.g.ResultGraphBuilder.save - graph saved. C:/Dev/experiment/expr10/result//14-2-no-ip/3F/1_3F_231_nopattern_nopattern_40001_14-2-no-ip_-8_0.08_0.5.png
2025-12-03 23:25:39,366 [main] INFO  c.p.b.e.r.g.ResultGraphBuilder.save - graph saved. C:/Dev/experiment/expr10/result//14-2-no-ip/3F/1_3F_234_nopattern_nopattern_40001_14-2-no-ip_0_0.0_0.0.png
2025-12-03 23:25:39,597 [main] INFO  c.p.b.e.r.g.ResultGraphBuilder.save - graph saved. C:/Dev/experiment/expr10/result//14-2-no-ip/3F/1_3F_236_nopattern_nopattern_40001_14-2-no-ip_-1_0.0_0.0.png
2025-12-03 23:25:39,862 [main] INFO  c.p.b.e.r.g.ResultGraphBuilder.save - graph saved. C:/Dev/experiment/expr10/result//14-2-no-ip/3F/1_3F_241_nopattern_nopattern_40001_14-2-no-ip_-20_0.04_0.3.png
2025-12-03 23:25:40,114 [main] INFO  c.p.b.e.r.g.ResultGraphBuilder.save - graph saved. C:/Dev/experiment/expr10/result//14-2-no-ip/3F/1_3F_243_nopattern_nopattern_40001_14-2-no-ip_-2_0.0_0.0.png
2025-12-03 23:25:40,330 [main] INFO  c.p.b.e.r.g.ResultGraphBuilder.save - graph saved. C:/Dev/experiment/expr10/result//14-2-no-ip/3F/1_3F_246_nopattern_nopattern_40001_14-2-no-ip_1_0.0_0.0.png
2025-12-03 23:25:40,584 [main] INFO  c.p.b.e.r.g.ResultGraphBuilder.save - graph saved. C:/Dev/experiment/expr10/result//14-2-no-ip/3F/1_3F_251_nopattern_nopattern_40001_14-2-no-ip_-5_0.02_0.1.png
2025-12-03 23:25:40,796 [main] INFO  c.p.b.e.r.g.ResultGraphBuilder.save - graph saved. C:/Dev/experiment/expr10/result//14-2-no-ip/3F/1_3F_253_nopattern_nopattern_40001_14-2-no-ip_0_0.0_0.0.png
2025-12-03 23:25:41,010 [main] INFO  c.p.b.e.r.g.ResultGraphBuilder.save - graph saved. C:/Dev/experiment/expr10/result//14-2-no-ip/3F/1_3F_254_nopattern_nopattern_40001_14-2-no-ip_0_0.0_0.0.png
2025-12-03 23:25:41,273 [main] INFO  c.p.b.e.r.g.ResultGraphBuilder.save - graph saved. C:/Dev/experiment/expr10/result//14-2-no-ip/3F/1_3F_261_nopattern_nopattern_40001_14-2-no-ip_1_0.01_0.1.png
2025-12-03 23:25:41,507 [main] INFO  c.p.b.e.r.g.ResultGraphBuilder.save - graph saved. C:/Dev/experiment/expr10/result//14-2-no-ip/3F/1_3F_263_nopattern_nopattern_40001_14-2-no-ip_0_0.0_0.0.png
2025-12-03 23:25:41,782 [main] INFO  c.p.b.e.r.g.ResultGraphBuilder.save - graph saved. C:/Dev/experiment/expr10/result//14-2-no-ip/3F/1_3F_312_nopattern_nopattern_40001_14-2-no-ip_-3_0.21_1.0.png
2025-12-03 23:25:42,047 [main] INFO  c.p.b.e.r.g.ResultGraphBuilder.save - graph saved. C:/Dev/experiment/expr10/result//14-2-no-ip/3F/1_3F_314_nopattern_nopattern_40001_14-2-no-ip_-14_0.05_0.3.png
2025-12-03 23:25:42,309 [main] INFO  c.p.b.e.r.g.ResultGraphBuilder.save - graph saved. C:/Dev/experiment/expr10/result//14-2-no-ip/3F/1_3F_315_nopattern_nopattern_40001_14-2-no-ip_-7_0.02_0.2.png
2025-12-03 23:25:42,574 [main] INFO  c.p.b.e.r.g.ResultGraphBuilder.save - graph saved. C:/Dev/experiment/expr10/result//14-2-no-ip/3F/1_3F_316_nopattern_nopattern_40001_14-2-no-ip_-7_0.02_0.2.png
2025-12-03 23:25:42,836 [main] INFO  c.p.b.e.r.g.ResultGraphBuilder.save - graph saved. C:/Dev/experiment/expr10/result//14-2-no-ip/3F/1_3F_321_nopattern_nopattern_40001_14-2-no-ip_-8_0.07_0.4.png
2025-12-03 23:25:43,158 [main] INFO  c.p.b.e.r.g.ResultGraphBuilder.save - graph saved. C:/Dev/experiment/expr10/result//14-2-no-ip/3F/1_3F_324_nopattern_nopattern_40001_14-2-no-ip_-2_0.0_0.0.png
2025-12-03 23:25:43,423 [main] INFO  c.p.b.e.r.g.ResultGraphBuilder.save - graph saved. C:/Dev/experiment/expr10/result//14-2-no-ip/3F/1_3F_325_nopattern_nopattern_40001_14-2-no-ip_0_0.0_0.0.png
2025-12-03 23:25:43,644 [main] INFO  c.p.b.e.r.g.ResultGraphBuilder.save - graph saved. C:/Dev/experiment/expr10/result//14-2-no-ip/3F/1_3F_326_nopattern_nopattern_40001_14-2-no-ip_1_0.0_0.0.png
2025-12-03 23:25:43,926 [main] INFO  c.p.b.e.r.g.ResultGraphBuilder.save - graph saved. C:/Dev/experiment/expr10/result//14-2-no-ip/3F/1_3F_341_nopattern_nopattern_40001_14-2-no-ip_-8_0.01_0.1.png
2025-12-03 23:25:44,183 [main] INFO  c.p.b.e.r.g.ResultGraphBuilder.save - graph saved. C:/Dev/experiment/expr10/result//14-2-no-ip/3F/1_3F_342_nopattern_nopattern_40001_14-2-no-ip_-1_0.0_0.0.png
2025-12-03 23:25:44,444 [main] INFO  c.p.b.e.r.g.ResultGraphBuilder.save - graph saved. C:/Dev/experiment/expr10/result//14-2-no-ip/3F/1_3F_351_nopattern_nopattern_40001_14-2-no-ip_0_0.01_0.0.png
2025-12-03 23:25:44,672 [main] INFO  c.p.b.e.r.g.ResultGraphBuilder.save - graph saved. C:/Dev/experiment/expr10/result//14-2-no-ip/3F/1_3F_352_nopattern_nopattern_40001_14-2-no-ip_-2_0.0_0.0.png
2025-12-03 23:25:44,910 [main] INFO  c.p.b.e.r.g.ResultGraphBuilder.save - graph saved. C:/Dev/experiment/expr10/result//14-2-no-ip/3F/1_3F_361_nopattern_nopattern_40001_14-2-no-ip_-1_0.0_0.0.png
2025-12-03 23:25:45,137 [main] INFO  c.p.b.e.r.g.ResultGraphBuilder.save - graph saved. C:/Dev/experiment/expr10/result//14-2-no-ip/3F/1_3F_362_nopattern_nopattern_40001_14-2-no-ip_1_0.0_0.0.png
2025-12-03 23:25:45,407 [main] INFO  c.p.b.e.r.g.ResultGraphBuilder.save - graph saved. C:/Dev/experiment/expr10/result//14-2-no-ip/3F/1_3F_412_nopattern_nopattern_40001_14-2-no-ip_-13_0.05_0.4.png
2025-12-03 23:25:45,673 [main] INFO  c.p.b.e.r.g.ResultGraphBuilder.save - graph saved. C:/Dev/experiment/expr10/result//14-2-no-ip/3F/1_3F_413_nopattern_nopattern_40001_14-2-no-ip_-14_0.04_0.3.png
2025-12-03 23:25:45,943 [main] INFO  c.p.b.e.r.g.ResultGraphBuilder.save - graph saved. C:/Dev/experiment/expr10/result//14-2-no-ip/3F/1_3F_415_nopattern_nopattern_40001_14-2-no-ip_-7_0.0_0.1.png
2025-12-03 23:25:46,186 [main] INFO  c.p.b.e.r.g.ResultGraphBuilder.save - graph saved. C:/Dev/experiment/expr10/result//14-2-no-ip/3F/1_3F_416_nopattern_nopattern_40001_14-2-no-ip_0_0.0_0.0.png
2025-12-03 23:25:46,461 [main] INFO  c.p.b.e.r.g.ResultGraphBuilder.save - graph saved. C:/Dev/experiment/expr10/result//14-2-no-ip/3F/1_3F_421_nopattern_nopattern_40001_14-2-no-ip_-8_0.04_0.2.png
2025-12-03 23:25:46,701 [main] INFO  c.p.b.e.r.g.ResultGraphBuilder.save - graph saved. C:/Dev/experiment/expr10/result//14-2-no-ip/3F/1_3F_423_nopattern_nopattern_40001_14-2-no-ip_0_0.0_0.0.png
2025-12-03 23:25:46,920 [main] INFO  c.p.b.e.r.g.ResultGraphBuilder.save - graph saved. C:/Dev/experiment/expr10/result//14-2-no-ip/3F/1_3F_425_nopattern_nopattern_40001_14-2-no-ip_-1_0.0_0.0.png
2025-12-03 23:25:47,179 [main] INFO  c.p.b.e.r.g.ResultGraphBuilder.save - graph saved. C:/Dev/experiment/expr10/result//14-2-no-ip/3F/1_3F_431_nopattern_nopattern_40001_14-2-no-ip_-9_0.01_0.1.png
2025-12-03 23:25:47,416 [main] INFO  c.p.b.e.r.g.ResultGraphBuilder.save - graph saved. C:/Dev/experiment/expr10/result//14-2-no-ip/3F/1_3F_432_nopattern_nopattern_40001_14-2-no-ip_0_0.0_0.0.png
2025-12-03 23:25:47,649 [main] INFO  c.p.b.e.r.g.ResultGraphBuilder.save - graph saved. C:/Dev/experiment/expr10/result//14-2-no-ip/3F/1_3F_451_nopattern_nopattern_40001_14-2-no-ip_-3_0.0_0.0.png
2025-12-03 23:25:47,872 [main] INFO  c.p.b.e.r.g.ResultGraphBuilder.save - graph saved. C:/Dev/experiment/expr10/result//14-2-no-ip/3F/1_3F_461_nopattern_nopattern_40001_14-2-no-ip_2_0.0_0.0.png
2025-12-03 23:25:48,087 [main] INFO  c.p.b.e.r.g.ResultGraphBuilder.save - graph saved. C:/Dev/experiment/expr10/result//14-2-no-ip/3F/1_3F_462_nopattern_nopattern_40001_14-2-no-ip_0_0.0_0.0.png
2025-12-03 23:25:48,346 [main] INFO  c.p.b.e.r.g.ResultGraphBuilder.save - graph saved. C:/Dev/experiment/expr10/result//14-2-no-ip/3F/1_3F_512_nopattern_nopattern_40001_14-2-no-ip_-7_0.01_0.1.png
2025-12-03 23:25:48,607 [main] INFO  c.p.b.e.r.g.ResultGraphBuilder.save - graph saved. C:/Dev/experiment/expr10/result//14-2-no-ip/3F/1_3F_513_nopattern_nopattern_40001_14-2-no-ip_-2_0.01_0.0.png
2025-12-03 23:25:48,857 [main] INFO  c.p.b.e.r.g.ResultGraphBuilder.save - graph saved. C:/Dev/experiment/expr10/result//14-2-no-ip/3F/1_3F_514_nopattern_nopattern_40001_14-2-no-ip_3_0.01_0.0.png
2025-12-03 23:25:49,116 [main] INFO  c.p.b.e.r.g.ResultGraphBuilder.save - graph saved. C:/Dev/experiment/expr10/result//14-2-no-ip/3F/1_3F_521_nopattern_nopattern_40001_14-2-no-ip_-3_0.01_0.1.png
2025-12-03 23:25:49,333 [main] INFO  c.p.b.e.r.g.ResultGraphBuilder.save - graph saved. C:/Dev/experiment/expr10/result//14-2-no-ip/3F/1_3F_523_nopattern_nopattern_40001_14-2-no-ip_-1_0.0_0.0.png
2025-12-03 23:25:49,553 [main] INFO  c.p.b.e.r.g.ResultGraphBuilder.save - graph saved. C:/Dev/experiment/expr10/result//14-2-no-ip/3F/1_3F_524_nopattern_nopattern_40001_14-2-no-ip_-1_0.0_0.0.png
2025-12-03 23:25:49,810 [main] INFO  c.p.b.e.r.g.ResultGraphBuilder.save - graph saved. C:/Dev/experiment/expr10/result//14-2-no-ip/3F/1_3F_531_nopattern_nopattern_40001_14-2-no-ip_-1_0.01_0.0.png
2025-12-03 23:25:50,058 [main] INFO  c.p.b.e.r.g.ResultGraphBuilder.save - graph saved. C:/Dev/experiment/expr10/result//14-2-no-ip/3F/1_3F_532_nopattern_nopattern_40001_14-2-no-ip_0_0.0_0.0.png
2025-12-03 23:25:50,314 [main] INFO  c.p.b.e.r.g.ResultGraphBuilder.save - graph saved. C:/Dev/experiment/expr10/result//14-2-no-ip/3F/1_3F_541_nopattern_nopattern_40001_14-2-no-ip_0_0.0_0.0.png
2025-12-03 23:25:50,535 [main] INFO  c.p.b.e.r.g.ResultGraphBuilder.save - graph saved. C:/Dev/experiment/expr10/result//14-2-no-ip/3F/1_3F_561_nopattern_nopattern_40001_14-2-no-ip_-1_0.0_0.0.png
2025-12-03 23:25:50,793 [main] INFO  c.p.b.e.r.g.ResultGraphBuilder.save - graph saved. C:/Dev/experiment/expr10/result//14-2-no-ip/3F/1_3F_612_nopattern_nopattern_40001_14-2-no-ip_0_0.01_0.1.png
2025-12-03 23:25:51,044 [main] INFO  c.p.b.e.r.g.ResultGraphBuilder.save - graph saved. C:/Dev/experiment/expr10/result//14-2-no-ip/3F/1_3F_613_nopattern_nopattern_40001_14-2-no-ip_-2_0.0_0.0.png
2025-12-03 23:25:51,291 [main] INFO  c.p.b.e.r.g.ResultGraphBuilder.save - graph saved. C:/Dev/experiment/expr10/result//14-2-no-ip/3F/1_3F_614_nopattern_nopattern_40001_14-2-no-ip_2_0.01_0.0.png
2025-12-03 23:25:51,535 [main] INFO  c.p.b.e.r.g.ResultGraphBuilder.save - graph saved. C:/Dev/experiment/expr10/result//14-2-no-ip/3F/1_3F_615_nopattern_nopattern_40001_14-2-no-ip_0_0.0_0.0.png
2025-12-03 23:25:51,812 [main] INFO  c.p.b.e.r.g.ResultGraphBuilder.save - graph saved. C:/Dev/experiment/expr10/result//14-2-no-ip/3F/1_3F_621_nopattern_nopattern_40001_14-2-no-ip_-3_0.0_0.0.png
2025-12-03 23:25:52,030 [main] INFO  c.p.b.e.r.g.ResultGraphBuilder.save - graph saved. C:/Dev/experiment/expr10/result//14-2-no-ip/3F/1_3F_623_nopattern_nopattern_40001_14-2-no-ip_0_0.0_0.0.png
2025-12-03 23:25:52,263 [main] INFO  c.p.b.e.r.g.ResultGraphBuilder.save - graph saved. C:/Dev/experiment/expr10/result//14-2-no-ip/3F/1_3F_631_nopattern_nopattern_40001_14-2-no-ip_0_0.01_0.0.png
2025-12-03 23:25:52,482 [main] INFO  c.p.b.e.r.g.ResultGraphBuilder.save - graph saved. C:/Dev/experiment/expr10/result//14-2-no-ip/3F/1_3F_632_nopattern_nopattern_40001_14-2-no-ip_0_0.0_0.0.png
2025-12-03 23:25:52,709 [main] INFO  c.p.b.e.r.g.ResultGraphBuilder.save - graph saved. C:/Dev/experiment/expr10/result//14-2-no-ip/3F/1_3F_641_nopattern_nopattern_40001_14-2-no-ip_0_0.0_0.0.png
2025-12-03 23:25:52,971 [main] INFO  c.p.b.e.r.g.ResultGraphBuilder.save - graph saved. C:/Dev/experiment/expr10/result//14-2-no-ip/3T/1_3T_123_nopattern_nopattern_40001_14-2-no-ip_-195_0.79_9.6.png
2025-12-03 23:25:53,325 [main] INFO  c.p.b.e.r.g.ResultGraphBuilder.save - graph saved. C:/Dev/experiment/expr10/result//14-2-no-ip/3T/1_3T_124_nopattern_nopattern_40001_14-2-no-ip_-123_0.54_6.5.png
2025-12-03 23:25:53,590 [main] INFO  c.p.b.e.r.g.ResultGraphBuilder.save - graph saved. C:/Dev/experiment/expr10/result//14-2-no-ip/3T/1_3T_125_nopattern_nopattern_40001_14-2-no-ip_-101_0.12_2.2.png
2025-12-03 23:25:53,850 [main] INFO  c.p.b.e.r.g.ResultGraphBuilder.save - graph saved. C:/Dev/experiment/expr10/result//14-2-no-ip/3T/1_3T_126_nopattern_nopattern_40001_14-2-no-ip_-28_0.11_1.5.png
2025-12-03 23:25:54,111 [main] INFO  c.p.b.e.r.g.ResultGraphBuilder.save - graph saved. C:/Dev/experiment/expr10/result//14-2-no-ip/3T/1_3T_132_nopattern_nopattern_40001_14-2-no-ip_-59_1.36_13.8.png
2025-12-03 23:25:54,365 [main] INFO  c.p.b.e.r.g.ResultGraphBuilder.save - graph saved. C:/Dev/experiment/expr10/result//14-2-no-ip/3T/1_3T_134_nopattern_nopattern_40001_14-2-no-ip_-115_0.18_3.0.png
2025-12-03 23:25:54,618 [main] INFO  c.p.b.e.r.g.ResultGraphBuilder.save - graph saved. C:/Dev/experiment/expr10/result//14-2-no-ip/3T/1_3T_135_nopattern_nopattern_40001_14-2-no-ip_21_0.11_1.0.png
2025-12-03 23:25:54,871 [main] INFO  c.p.b.e.r.g.ResultGraphBuilder.save - graph saved. C:/Dev/experiment/expr10/result//14-2-no-ip/3T/1_3T_136_nopattern_nopattern_40001_14-2-no-ip_-22_0.04_0.8.png
2025-12-03 23:25:55,128 [main] INFO  c.p.b.e.r.g.ResultGraphBuilder.save - graph saved. C:/Dev/experiment/expr10/result//14-2-no-ip/3T/1_3T_142_nopattern_nopattern_40001_14-2-no-ip_-154_0.56_7.4.png
2025-12-03 23:25:55,391 [main] INFO  c.p.b.e.r.g.ResultGraphBuilder.save - graph saved. C:/Dev/experiment/expr10/result//14-2-no-ip/3T/1_3T_143_nopattern_nopattern_40001_14-2-no-ip_-86_0.4_5.3.png
2025-12-03 23:25:55,643 [main] INFO  c.p.b.e.r.g.ResultGraphBuilder.save - graph saved. C:/Dev/experiment/expr10/result//14-2-no-ip/3T/1_3T_145_nopattern_nopattern_40001_14-2-no-ip_-39_0.03_0.7.png
2025-12-03 23:25:55,886 [main] INFO  c.p.b.e.r.g.ResultGraphBuilder.save - graph saved. C:/Dev/experiment/expr10/result//14-2-no-ip/3T/1_3T_146_nopattern_nopattern_40001_14-2-no-ip_-10_0.02_0.4.png
2025-12-03 23:25:56,153 [main] INFO  c.p.b.e.r.g.ResultGraphBuilder.save - graph saved. C:/Dev/experiment/expr10/result//14-2-no-ip/3T/1_3T_152_nopattern_nopattern_40001_14-2-no-ip_-25_0.12_1.9.png
2025-12-03 23:25:56,425 [main] INFO  c.p.b.e.r.g.ResultGraphBuilder.save - graph saved. C:/Dev/experiment/expr10/result//14-2-no-ip/3T/1_3T_153_nopattern_nopattern_40001_14-2-no-ip_-45_0.09_1.5.png
2025-12-03 23:25:56,799 [main] INFO  c.p.b.e.r.g.ResultGraphBuilder.save - graph saved. C:/Dev/experiment/expr10/result//14-2-no-ip/3T/1_3T_154_nopattern_nopattern_40001_14-2-no-ip_-37_0.04_0.9.png
2025-12-03 23:25:57,060 [main] INFO  c.p.b.e.r.g.ResultGraphBuilder.save - graph saved. C:/Dev/experiment/expr10/result//14-2-no-ip/3T/1_3T_156_nopattern_nopattern_40001_14-2-no-ip_-1_0.01_0.1.png
2025-12-03 23:25:57,336 [main] INFO  c.p.b.e.r.g.ResultGraphBuilder.save - graph saved. C:/Dev/experiment/expr10/result//14-2-no-ip/3T/1_3T_162_nopattern_nopattern_40001_14-2-no-ip_-29_0.08_1.3.png
2025-12-03 23:25:57,591 [main] INFO  c.p.b.e.r.g.ResultGraphBuilder.save - graph saved. C:/Dev/experiment/expr10/result//14-2-no-ip/3T/1_3T_163_nopattern_nopattern_40001_14-2-no-ip_3_0.08_1.0.png
2025-12-03 23:25:57,844 [main] INFO  c.p.b.e.r.g.ResultGraphBuilder.save - graph saved. C:/Dev/experiment/expr10/result//14-2-no-ip/3T/1_3T_164_nopattern_nopattern_40001_14-2-no-ip_-12_0.02_0.6.png
2025-12-03 23:25:58,095 [main] INFO  c.p.b.e.r.g.ResultGraphBuilder.save - graph saved. C:/Dev/experiment/expr10/result//14-2-no-ip/3T/1_3T_165_nopattern_nopattern_40001_14-2-no-ip_-16_0.0_0.2.png
2025-12-03 23:25:58,356 [main] INFO  c.p.b.e.r.g.ResultGraphBuilder.save - graph saved. C:/Dev/experiment/expr10/result//14-2-no-ip/3T/1_3T_213_nopattern_nopattern_40001_14-2-no-ip_-41_0.14_2.3.png
2025-12-03 23:25:58,616 [main] INFO  c.p.b.e.r.g.ResultGraphBuilder.save - graph saved. C:/Dev/experiment/expr10/result//14-2-no-ip/3T/1_3T_214_nopattern_nopattern_40001_14-2-no-ip_-20_0.1_1.5.png
2025-12-03 23:25:58,974 [main] INFO  c.p.b.e.r.g.ResultGraphBuilder.save - graph saved. C:/Dev/experiment/expr10/result//14-2-no-ip/3T/1_3T_215_nopattern_nopattern_40001_14-2-no-ip_22_0.06_0.8.png
2025-12-03 23:25:59,226 [main] INFO  c.p.b.e.r.g.ResultGraphBuilder.save - graph saved. C:/Dev/experiment/expr10/result//14-2-no-ip/3T/1_3T_216_nopattern_nopattern_40001_14-2-no-ip_-21_0.01_0.5.png
2025-12-03 23:25:59,485 [main] INFO  c.p.b.e.r.g.ResultGraphBuilder.save - graph saved. C:/Dev/experiment/expr10/result//14-2-no-ip/3T/1_3T_231_nopattern_nopattern_40001_14-2-no-ip_-18_0.05_0.9.png
2025-12-03 23:25:59,726 [main] INFO  c.p.b.e.r.g.ResultGraphBuilder.save - graph saved. C:/Dev/experiment/expr10/result//14-2-no-ip/3T/1_3T_234_nopattern_nopattern_40001_14-2-no-ip_4_0.0_0.0.png
2025-12-03 23:25:59,947 [main] INFO  c.p.b.e.r.g.ResultGraphBuilder.save - graph saved. C:/Dev/experiment/expr10/result//14-2-no-ip/3T/1_3T_235_nopattern_nopattern_40001_14-2-no-ip_2_0.0_0.0.png
2025-12-03 23:26:00,178 [main] INFO  c.p.b.e.r.g.ResultGraphBuilder.save - graph saved. C:/Dev/experiment/expr10/result//14-2-no-ip/3T/1_3T_236_nopattern_nopattern_40001_14-2-no-ip_-1_0.0_0.0.png
2025-12-03 23:26:00,438 [main] INFO  c.p.b.e.r.g.ResultGraphBuilder.save - graph saved. C:/Dev/experiment/expr10/result//14-2-no-ip/3T/1_3T_241_nopattern_nopattern_40001_14-2-no-ip_-25_0.02_0.6.png
2025-12-03 23:26:00,703 [main] INFO  c.p.b.e.r.g.ResultGraphBuilder.save - graph saved. C:/Dev/experiment/expr10/result//14-2-no-ip/3T/1_3T_243_nopattern_nopattern_40001_14-2-no-ip_-6_0.0_0.1.png
2025-12-03 23:26:00,939 [main] INFO  c.p.b.e.r.g.ResultGraphBuilder.save - graph saved. C:/Dev/experiment/expr10/result//14-2-no-ip/3T/1_3T_245_nopattern_nopattern_40001_14-2-no-ip_-2_0.0_0.0.png
2025-12-03 23:26:01,156 [main] INFO  c.p.b.e.r.g.ResultGraphBuilder.save - graph saved. C:/Dev/experiment/expr10/result//14-2-no-ip/3T/1_3T_246_nopattern_nopattern_40001_14-2-no-ip_-1_0.0_0.0.png
2025-12-03 23:26:01,438 [main] INFO  c.p.b.e.r.g.ResultGraphBuilder.save - graph saved. C:/Dev/experiment/expr10/result//14-2-no-ip/3T/1_3T_251_nopattern_nopattern_40001_14-2-no-ip_2_0.01_0.2.png
2025-12-03 23:26:01,676 [main] INFO  c.p.b.e.r.g.ResultGraphBuilder.save - graph saved. C:/Dev/experiment/expr10/result//14-2-no-ip/3T/1_3T_253_nopattern_nopattern_40001_14-2-no-ip_-2_0.0_0.0.png
2025-12-03 23:26:01,906 [main] INFO  c.p.b.e.r.g.ResultGraphBuilder.save - graph saved. C:/Dev/experiment/expr10/result//14-2-no-ip/3T/1_3T_254_nopattern_nopattern_40001_14-2-no-ip_-2_0.0_0.0.png
2025-12-03 23:26:02,116 [main] INFO  c.p.b.e.r.g.ResultGraphBuilder.save - graph saved. C:/Dev/experiment/expr10/result//14-2-no-ip/3T/1_3T_256_nopattern_nopattern_40001_14-2-no-ip_0_0.0_0.0.png
2025-12-03 23:26:02,365 [main] INFO  c.p.b.e.r.g.ResultGraphBuilder.save - graph saved. C:/Dev/experiment/expr10/result//14-2-no-ip/3T/1_3T_261_nopattern_nopattern_40001_14-2-no-ip_2_0.0_0.1.png
2025-12-03 23:26:02,591 [main] INFO  c.p.b.e.r.g.ResultGraphBuilder.save - graph saved. C:/Dev/experiment/expr10/result//14-2-no-ip/3T/1_3T_263_nopattern_nopattern_40001_14-2-no-ip_0_0.0_0.0.png
2025-12-03 23:26:02,819 [main] INFO  c.p.b.e.r.g.ResultGraphBuilder.save - graph saved. C:/Dev/experiment/expr10/result//14-2-no-ip/3T/1_3T_264_nopattern_nopattern_40001_14-2-no-ip_-1_0.0_0.0.png
2025-12-03 23:26:03,030 [main] INFO  c.p.b.e.r.g.ResultGraphBuilder.save - graph saved. C:/Dev/experiment/expr10/result//14-2-no-ip/3T/1_3T_265_nopattern_nopattern_40001_14-2-no-ip_0_0.0_0.0.png
2025-12-03 23:26:03,309 [main] INFO  c.p.b.e.r.g.ResultGraphBuilder.save - graph saved. C:/Dev/experiment/expr10/result//14-2-no-ip/3T/1_3T_312_nopattern_nopattern_40001_14-2-no-ip_-10_0.08_1.7.png
2025-12-03 23:26:03,566 [main] INFO  c.p.b.e.r.g.ResultGraphBuilder.save - graph saved. C:/Dev/experiment/expr10/result//14-2-no-ip/3T/1_3T_314_nopattern_nopattern_40001_14-2-no-ip_-38_0.02_0.7.png
2025-12-03 23:26:03,821 [main] INFO  c.p.b.e.r.g.ResultGraphBuilder.save - graph saved. C:/Dev/experiment/expr10/result//14-2-no-ip/3T/1_3T_315_nopattern_nopattern_40001_14-2-no-ip_22_0.04_0.4.png
2025-12-03 23:26:04,069 [main] INFO  c.p.b.e.r.g.ResultGraphBuilder.save - graph saved. C:/Dev/experiment/expr10/result//14-2-no-ip/3T/1_3T_316_nopattern_nopattern_40001_14-2-no-ip_2_0.01_0.2.png
2025-12-03 23:26:04,327 [main] INFO  c.p.b.e.r.g.ResultGraphBuilder.save - graph saved. C:/Dev/experiment/expr10/result//14-2-no-ip/3T/1_3T_321_nopattern_nopattern_40001_14-2-no-ip_-18_0.02_0.7.png
2025-12-03 23:26:04,575 [main] INFO  c.p.b.e.r.g.ResultGraphBuilder.save - graph saved. C:/Dev/experiment/expr10/result//14-2-no-ip/3T/1_3T_324_nopattern_nopattern_40001_14-2-no-ip_-5_0.0_0.0.png
2025-12-03 23:26:04,808 [main] INFO  c.p.b.e.r.g.ResultGraphBuilder.save - graph saved. C:/Dev/experiment/expr10/result//14-2-no-ip/3T/1_3T_325_nopattern_nopattern_40001_14-2-no-ip_4_0.0_0.0.png
2025-12-03 23:26:05,037 [main] INFO  c.p.b.e.r.g.ResultGraphBuilder.save - graph saved. C:/Dev/experiment/expr10/result//14-2-no-ip/3T/1_3T_326_nopattern_nopattern_40001_14-2-no-ip_-1_0.0_0.0.png
2025-12-03 23:26:05,290 [main] INFO  c.p.b.e.r.g.ResultGraphBuilder.save - graph saved. C:/Dev/experiment/expr10/result//14-2-no-ip/3T/1_3T_341_nopattern_nopattern_40001_14-2-no-ip_-14_0.0_0.3.png
2025-12-03 23:26:05,550 [main] INFO  c.p.b.e.r.g.ResultGraphBuilder.save - graph saved. C:/Dev/experiment/expr10/result//14-2-no-ip/3T/1_3T_342_nopattern_nopattern_40001_14-2-no-ip_-3_0.0_0.0.png
2025-12-03 23:26:05,771 [main] INFO  c.p.b.e.r.g.ResultGraphBuilder.save - graph saved. C:/Dev/experiment/expr10/result//14-2-no-ip/3T/1_3T_345_nopattern_nopattern_40001_14-2-no-ip_-1_0.0_0.0.png
2025-12-03 23:26:06,016 [main] INFO  c.p.b.e.r.g.ResultGraphBuilder.save - graph saved. C:/Dev/experiment/expr10/result//14-2-no-ip/3T/1_3T_351_nopattern_nopattern_40001_14-2-no-ip_-10_0.0_0.1.png
2025-12-03 23:26:06,247 [main] INFO  c.p.b.e.r.g.ResultGraphBuilder.save - graph saved. C:/Dev/experiment/expr10/result//14-2-no-ip/3T/1_3T_352_nopattern_nopattern_40001_14-2-no-ip_-4_0.0_0.0.png
2025-12-03 23:26:06,476 [main] INFO  c.p.b.e.r.g.ResultGraphBuilder.save - graph saved. C:/Dev/experiment/expr10/result//14-2-no-ip/3T/1_3T_354_nopattern_nopattern_40001_14-2-no-ip_0_0.0_0.0.png
2025-12-03 23:26:06,727 [main] INFO  c.p.b.e.r.g.ResultGraphBuilder.save - graph saved. C:/Dev/experiment/expr10/result//14-2-no-ip/3T/1_3T_361_nopattern_nopattern_40001_14-2-no-ip_2_0.0_0.0.png
2025-12-03 23:26:06,951 [main] INFO  c.p.b.e.r.g.ResultGraphBuilder.save - graph saved. C:/Dev/experiment/expr10/result//14-2-no-ip/3T/1_3T_362_nopattern_nopattern_40001_14-2-no-ip_-1_0.0_0.0.png
2025-12-03 23:26:07,213 [main] INFO  c.p.b.e.r.g.ResultGraphBuilder.save - graph saved. C:/Dev/experiment/expr10/result//14-2-no-ip/3T/1_3T_412_nopattern_nopattern_40001_14-2-no-ip_-1_0.03_0.8.png
2025-12-03 23:26:07,468 [main] INFO  c.p.b.e.r.g.ResultGraphBuilder.save - graph saved. C:/Dev/experiment/expr10/result//14-2-no-ip/3T/1_3T_413_nopattern_nopattern_40001_14-2-no-ip_24_0.04_0.5.png
2025-12-03 23:26:07,715 [main] INFO  c.p.b.e.r.g.ResultGraphBuilder.save - graph saved. C:/Dev/experiment/expr10/result//14-2-no-ip/3T/1_3T_415_nopattern_nopattern_40001_14-2-no-ip_-11_0.0_0.2.png
2025-12-03 23:26:07,960 [main] INFO  c.p.b.e.r.g.ResultGraphBuilder.save - graph saved. C:/Dev/experiment/expr10/result//14-2-no-ip/3T/1_3T_416_nopattern_nopattern_40001_14-2-no-ip_22_0.01_0.0.png
2025-12-03 23:26:08,217 [main] INFO  c.p.b.e.r.g.ResultGraphBuilder.save - graph saved. C:/Dev/experiment/expr10/result//14-2-no-ip/3T/1_3T_421_nopattern_nopattern_40001_14-2-no-ip_0_0.01_0.4.png
2025-12-03 23:26:08,455 [main] INFO  c.p.b.e.r.g.ResultGraphBuilder.save - graph saved. C:/Dev/experiment/expr10/result//14-2-no-ip/3T/1_3T_423_nopattern_nopattern_40001_14-2-no-ip_6_0.0_0.0.png
2025-12-03 23:26:08,678 [main] INFO  c.p.b.e.r.g.ResultGraphBuilder.save - graph saved. C:/Dev/experiment/expr10/result//14-2-no-ip/3T/1_3T_425_nopattern_nopattern_40001_14-2-no-ip_-3_0.0_0.0.png
2025-12-03 23:26:08,928 [main] INFO  c.p.b.e.r.g.ResultGraphBuilder.save - graph saved. C:/Dev/experiment/expr10/result//14-2-no-ip/3T/1_3T_431_nopattern_nopattern_40001_14-2-no-ip_-9_0.0_0.1.png
2025-12-03 23:26:09,159 [main] INFO  c.p.b.e.r.g.ResultGraphBuilder.save - graph saved. C:/Dev/experiment/expr10/result//14-2-no-ip/3T/1_3T_432_nopattern_nopattern_40001_14-2-no-ip_0_0.0_0.0.png
2025-12-03 23:26:09,376 [main] INFO  c.p.b.e.r.g.ResultGraphBuilder.save - graph saved. C:/Dev/experiment/expr10/result//14-2-no-ip/3T/1_3T_436_nopattern_nopattern_40001_14-2-no-ip_-1_0.0_0.0.png
2025-12-03 23:26:09,617 [main] INFO  c.p.b.e.r.g.ResultGraphBuilder.save - graph saved. C:/Dev/experiment/expr10/result//14-2-no-ip/3T/1_3T_451_nopattern_nopattern_40001_14-2-no-ip_6_0.0_0.0.png
2025-12-03 23:26:09,832 [main] INFO  c.p.b.e.r.g.ResultGraphBuilder.save - graph saved. C:/Dev/experiment/expr10/result//14-2-no-ip/3T/1_3T_452_nopattern_nopattern_40001_14-2-no-ip_0_0.0_0.0.png
2025-12-03 23:26:10,053 [main] INFO  c.p.b.e.r.g.ResultGraphBuilder.save - graph saved. C:/Dev/experiment/expr10/result//14-2-no-ip/3T/1_3T_461_nopattern_nopattern_40001_14-2-no-ip_-2_0.0_0.0.png
2025-12-03 23:26:10,263 [main] INFO  c.p.b.e.r.g.ResultGraphBuilder.save - graph saved. C:/Dev/experiment/expr10/result//14-2-no-ip/3T/1_3T_463_nopattern_nopattern_40001_14-2-no-ip_0_0.0_0.0.png
2025-12-03 23:26:10,509 [main] INFO  c.p.b.e.r.g.ResultGraphBuilder.save - graph saved. C:/Dev/experiment/expr10/result//14-2-no-ip/3T/1_3T_512_nopattern_nopattern_40001_14-2-no-ip_-1_0.01_0.2.png
2025-12-03 23:26:10,754 [main] INFO  c.p.b.e.r.g.ResultGraphBuilder.save - graph saved. C:/Dev/experiment/expr10/result//14-2-no-ip/3T/1_3T_513_nopattern_nopattern_40001_14-2-no-ip_-9_0.0_0.1.png
2025-12-03 23:26:11,006 [main] INFO  c.p.b.e.r.g.ResultGraphBuilder.save - graph saved. C:/Dev/experiment/expr10/result//14-2-no-ip/3T/1_3T_514_nopattern_nopattern_40001_14-2-no-ip_1_0.0_0.0.png
2025-12-03 23:26:11,219 [main] INFO  c.p.b.e.r.g.ResultGraphBuilder.save - graph saved. C:/Dev/experiment/expr10/result//14-2-no-ip/3T/1_3T_516_nopattern_nopattern_40001_14-2-no-ip_2_0.0_0.0.png
2025-12-03 23:26:11,475 [main] INFO  c.p.b.e.r.g.ResultGraphBuilder.save - graph saved. C:/Dev/experiment/expr10/result//14-2-no-ip/3T/1_3T_521_nopattern_nopattern_40001_14-2-no-ip_3_0.0_0.1.png
2025-12-03 23:26:11,708 [main] INFO  c.p.b.e.r.g.ResultGraphBuilder.save - graph saved. C:/Dev/experiment/expr10/result//14-2-no-ip/3T/1_3T_523_nopattern_nopattern_40001_14-2-no-ip_0_0.0_0.0.png
2025-12-03 23:26:11,929 [main] INFO  c.p.b.e.r.g.ResultGraphBuilder.save - graph saved. C:/Dev/experiment/expr10/result//14-2-no-ip/3T/1_3T_524_nopattern_nopattern_40001_14-2-no-ip_2_0.0_0.0.png
2025-12-03 23:26:12,174 [main] INFO  c.p.b.e.r.g.ResultGraphBuilder.save - graph saved. C:/Dev/experiment/expr10/result//14-2-no-ip/3T/1_3T_531_nopattern_nopattern_40001_14-2-no-ip_-4_0.0_0.0.png
2025-12-03 23:26:12,403 [main] INFO  c.p.b.e.r.g.ResultGraphBuilder.save - graph saved. C:/Dev/experiment/expr10/result//14-2-no-ip/3T/1_3T_532_nopattern_nopattern_40001_14-2-no-ip_-2_0.0_0.0.png
2025-12-03 23:26:12,610 [main] INFO  c.p.b.e.r.g.ResultGraphBuilder.save - graph saved. C:/Dev/experiment/expr10/result//14-2-no-ip/3T/1_3T_534_nopattern_nopattern_40001_14-2-no-ip_0_0.0_0.0.png
2025-12-03 23:26:12,843 [main] INFO  c.p.b.e.r.g.ResultGraphBuilder.save - graph saved. C:/Dev/experiment/expr10/result//14-2-no-ip/3T/1_3T_541_nopattern_nopattern_40001_14-2-no-ip_-2_0.0_0.0.png
2025-12-03 23:26:13,060 [main] INFO  c.p.b.e.r.g.ResultGraphBuilder.save - graph saved. C:/Dev/experiment/expr10/result//14-2-no-ip/3T/1_3T_542_nopattern_nopattern_40001_14-2-no-ip_-1_0.0_0.0.png
2025-12-03 23:26:13,271 [main] INFO  c.p.b.e.r.g.ResultGraphBuilder.save - graph saved. C:/Dev/experiment/expr10/result//14-2-no-ip/3T/1_3T_561_nopattern_nopattern_40001_14-2-no-ip_2_0.0_0.0.png
2025-12-03 23:26:13,528 [main] INFO  c.p.b.e.r.g.ResultGraphBuilder.save - graph saved. C:/Dev/experiment/expr10/result//14-2-no-ip/3T/1_3T_612_nopattern_nopattern_40001_14-2-no-ip_3_0.0_0.1.png
2025-12-03 23:26:13,766 [main] INFO  c.p.b.e.r.g.ResultGraphBuilder.save - graph saved. C:/Dev/experiment/expr10/result//14-2-no-ip/3T/1_3T_613_nopattern_nopattern_40001_14-2-no-ip_0_0.0_0.1.png
2025-12-03 23:26:14,012 [main] INFO  c.p.b.e.r.g.ResultGraphBuilder.save - graph saved. C:/Dev/experiment/expr10/result//14-2-no-ip/3T/1_3T_614_nopattern_nopattern_40001_14-2-no-ip_-6_0.0_0.0.png
2025-12-03 23:26:14,235 [main] INFO  c.p.b.e.r.g.ResultGraphBuilder.save - graph saved. C:/Dev/experiment/expr10/result//14-2-no-ip/3T/1_3T_615_nopattern_nopattern_40001_14-2-no-ip_-1_0.0_0.0.png
2025-12-03 23:26:14,482 [main] INFO  c.p.b.e.r.g.ResultGraphBuilder.save - graph saved. C:/Dev/experiment/expr10/result//14-2-no-ip/3T/1_3T_621_nopattern_nopattern_40001_14-2-no-ip_-6_0.0_0.0.png
2025-12-03 23:26:14,703 [main] INFO  c.p.b.e.r.g.ResultGraphBuilder.save - graph saved. C:/Dev/experiment/expr10/result//14-2-no-ip/3T/1_3T_623_nopattern_nopattern_40001_14-2-no-ip_-2_0.0_0.0.png
2025-12-03 23:26:15,064 [main] INFO  c.p.b.e.r.g.ResultGraphBuilder.save - graph saved. C:/Dev/experiment/expr10/result//14-2-no-ip/3T/1_3T_631_nopattern_nopattern_40001_14-2-no-ip_-6_0.0_0.0.png
2025-12-03 23:26:15,307 [main] INFO  c.p.b.e.r.g.ResultGraphBuilder.save - graph saved. C:/Dev/experiment/expr10/result//14-2-no-ip/3T/1_3T_632_nopattern_nopattern_40001_14-2-no-ip_-1_0.0_0.0.png
2025-12-03 23:26:15,533 [main] INFO  c.p.b.e.r.g.ResultGraphBuilder.save - graph saved. C:/Dev/experiment/expr10/result//14-2-no-ip/3T/1_3T_641_nopattern_nopattern_40001_14-2-no-ip_-1_0.0_0.0.png
2025-12-03 23:26:15,744 [main] INFO  c.p.b.e.r.g.ResultGraphBuilder.save - graph saved. C:/Dev/experiment/expr10/result//14-2-no-ip/3T/1_3T_642_nopattern_nopattern_40001_14-2-no-ip_0_0.0_0.0.png
2025-12-03 23:26:15,963 [main] INFO  c.p.b.e.r.g.ResultGraphBuilder.save - graph saved. C:/Dev/experiment/expr10/result//14-2-no-ip/3T/1_3T_651_nopattern_nopattern_40001_14-2-no-ip_-1_0.0_0.0.png
2025-12-03 23:26:20,224 [main] INFO  c.p.b.u.DatabaseUtil.open - open targetDb: mybatis-config.0.xml
2025-12-03 23:26:21,707 [main] DEBUG c.p.b.e.MLResultGenerator.executeExperiment - db data retrieved. 20210604~20220603
2025-12-03 23:26:21,714 [main] INFO  c.p.b.u.DatabaseUtil.open - open targetDb: mybatis-config.0.xml
2025-12-03 23:26:22,941 [main] DEBUG c.p.b.e.MLResultGenerator.executeExperiment - 277 processed... 20210604/20220603
2025-12-03 23:26:23,643 [main] DEBUG c.p.b.e.MLResultGenerator.executeExperiment - 277 processed... 20210605/20220603
2025-12-03 23:26:24,279 [main] DEBUG c.p.b.e.MLResultGenerator.executeExperiment - 277 processed... 20210606/20220603
2025-12-03 23:26:24,837 [main] DEBUG c.p.b.e.MLResultGenerator.executeExperiment - 277 processed... 20210607/20220603
2025-12-03 23:26:25,374 [main] DEBUG c.p.b.e.MLResultGenerator.executeExperiment - 277 processed... 20210608/20220603
2025-12-03 23:26:26,056 [main] DEBUG c.p.b.e.MLResultGenerator.executeExperiment - 277 processed... 20210609/20220603
2025-12-03 23:26:26,935 [main] DEBUG c.p.b.e.MLResultGenerator.executeExperiment - 277 processed... 20210610/20220603
2025-12-03 23:26:27,746 [main] DEBUG c.p.b.e.MLResultGenerator.executeExperiment - 277 processed... 20210611/20220603
2025-12-03 23:26:28,469 [main] DEBUG c.p.b.e.MLResultGenerator.executeExperiment - 277 processed... 20210622/20220603
2025-12-03 23:26:29,162 [main] DEBUG c.p.b.e.MLResultGenerator.executeExperiment - 277 processed... 20210623/20220603
2025-12-03 23:26:29,710 [main] DEBUG c.p.b.e.MLResultGenerator.executeExperiment - 277 processed... 20210624/20220603
2025-12-03 23:26:30,386 [main] DEBUG c.p.b.e.MLResultGenerator.executeExperiment - 277 processed... 20210625/20220603
2025-12-03 23:26:30,864 [main] DEBUG c.p.b.e.MLResultGenerator.executeExperiment - 277 processed... 20210626/20220603
2025-12-03 23:26:31,323 [main] DEBUG c.p.b.e.MLResultGenerator.executeExperiment - 277 processed... 20210627/20220603
2025-12-03 23:26:31,818 [main] DEBUG c.p.b.e.MLResultGenerator.executeExperiment - 277 processed... 20210629/20220603
2025-12-03 23:26:32,355 [main] DEBUG c.p.b.e.MLResultGenerator.executeExperiment - 277 processed... 20210630/20220603
2025-12-03 23:26:32,822 [main] DEBUG c.p.b.e.MLResultGenerator.executeExperiment - 277 processed... 20210701/20220603
2025-12-03 23:26:33,378 [main] DEBUG c.p.b.e.MLResultGenerator.executeExperiment - 277 processed... 20210702/20220603
2025-12-03 23:26:33,932 [main] DEBUG c.p.b.e.MLResultGenerator.executeExperiment - 277 processed... 20210703/20220603
2025-12-03 23:26:34,541 [main] DEBUG c.p.b.e.MLResultGenerator.executeExperiment - 277 processed... 20210704/20220603
2025-12-03 23:26:35,070 [main] DEBUG c.p.b.e.MLResultGenerator.executeExperiment - 277 processed... 20210706/20220603
2025-12-03 23:26:35,625 [main] DEBUG c.p.b.e.MLResultGenerator.executeExperiment - 277 processed... 20210707/20220603
2025-12-03 23:26:36,163 [main] DEBUG c.p.b.e.MLResultGenerator.executeExperiment - 277 processed... 20210708/20220603
2025-12-03 23:26:36,645 [main] DEBUG c.p.b.e.MLResultGenerator.executeExperiment - 277 processed... 20210709/20220603
2025-12-03 23:26:37,081 [main] DEBUG c.p.b.e.MLResultGenerator.executeExperiment - 277 processed... 20210710/20220603
2025-12-03 23:26:37,506 [main] DEBUG c.p.b.e.MLResultGenerator.executeExperiment - 277 processed... 20210711/20220603
2025-12-03 23:26:38,016 [main] DEBUG c.p.b.e.MLResultGenerator.executeExperiment - 277 processed... 20210713/20220603
2025-12-03 23:26:38,439 [main] DEBUG c.p.b.e.MLResultGenerator.executeExperiment - 277 processed... 20210714/20220603
2025-12-03 23:26:39,001 [main] DEBUG c.p.b.e.MLResultGenerator.executeExperiment - 277 processed... 20210715/20220603
2025-12-03 23:26:39,416 [main] DEBUG c.p.b.e.MLResultGenerator.executeExperiment - 277 processed... 20210716/20220603
2025-12-03 23:26:39,997 [main] DEBUG c.p.b.e.MLResultGenerator.executeExperiment - 277 processed... 20210717/20220603
2025-12-03 23:26:40,550 [main] DEBUG c.p.b.e.MLResultGenerator.executeExperiment - 277 processed... 20210718/20220603
2025-12-03 23:26:41,014 [main] DEBUG c.p.b.e.MLResultGenerator.executeExperiment - 277 processed... 20210720/20220603
2025-12-03 23:26:41,582 [main] DEBUG c.p.b.e.MLResultGenerator.executeExperiment - 277 processed... 20210721/20220603
2025-12-03 23:26:42,198 [main] DEBUG c.p.b.e.MLResultGenerator.executeExperiment - 277 processed... 20210722/20220603
2025-12-03 23:26:42,803 [main] DEBUG c.p.b.e.MLResultGenerator.executeExperiment - 277 processed... 20210723/20220603
2025-12-03 23:26:43,407 [main] DEBUG c.p.b.e.MLResultGenerator.executeExperiment - 277 processed... 20210724/20220603
2025-12-03 23:26:44,002 [main] DEBUG c.p.b.e.MLResultGenerator.executeExperiment - 277 processed... 20210725/20220603
2025-12-03 23:26:44,556 [main] DEBUG c.p.b.e.MLResultGenerator.executeExperiment - 277 processed... 20210727/20220603
2025-12-03 23:26:44,939 [main] DEBUG c.p.b.e.MLResultGenerator.executeExperiment - 277 processed... 20210728/20220603
2025-12-03 23:26:45,442 [main] DEBUG c.p.b.e.MLResultGenerator.executeExperiment - 277 processed... 20210729/20220603
2025-12-03 23:26:46,067 [main] DEBUG c.p.b.e.MLResultGenerator.executeExperiment - 277 processed... 20210730/20220603
2025-12-03 23:26:46,620 [main] DEBUG c.p.b.e.MLResultGenerator.executeExperiment - 277 processed... 20210731/20220603
2025-12-03 23:26:47,217 [main] DEBUG c.p.b.e.MLResultGenerator.executeExperiment - 277 processed... 20210801/20220603
2025-12-03 23:26:47,638 [main] DEBUG c.p.b.e.MLResultGenerator.executeExperiment - 277 processed... 20210804/20220603
2025-12-03 23:26:48,188 [main] DEBUG c.p.b.e.MLResultGenerator.executeExperiment - 277 processed... 20210805/20220603
2025-12-03 23:26:48,725 [main] DEBUG c.p.b.e.MLResultGenerator.executeExperiment - 277 processed... 20210806/20220603
2025-12-03 23:26:49,269 [main] DEBUG c.p.b.e.MLResultGenerator.executeExperiment - 277 processed... 20210807/20220603
2025-12-03 23:26:49,819 [main] DEBUG c.p.b.e.MLResultGenerator.executeExperiment - 277 processed... 20210808/20220603
2025-12-03 23:26:50,376 [main] DEBUG c.p.b.e.MLResultGenerator.executeExperiment - 277 processed... 20210810/20220603
2025-12-03 23:26:50,898 [main] DEBUG c.p.b.e.MLResultGenerator.executeExperiment - 277 processed... 20210824/20220603
2025-12-03 23:26:51,330 [main] DEBUG c.p.b.e.MLResultGenerator.executeExperiment - 277 processed... 20210825/20220603
2025-12-03 23:26:51,841 [main] DEBUG c.p.b.e.MLResultGenerator.executeExperiment - 277 processed... 20210826/20220603
2025-12-03 23:26:52,294 [main] DEBUG c.p.b.e.MLResultGenerator.executeExperiment - 277 processed... 20210827/20220603
2025-12-03 23:26:52,750 [main] DEBUG c.p.b.e.MLResultGenerator.executeExperiment - 277 processed... 20210828/20220603
2025-12-03 23:26:53,133 [main] DEBUG c.p.b.e.MLResultGenerator.executeExperiment - 277 processed... 20210829/20220603
2025-12-03 23:26:53,560 [main] DEBUG c.p.b.e.MLResultGenerator.executeExperiment - 277 processed... 20210902/20220603
2025-12-03 23:26:54,030 [main] DEBUG c.p.b.e.MLResultGenerator.executeExperiment - 277 processed... 20210903/20220603
2025-12-03 23:26:54,599 [main] DEBUG c.p.b.e.MLResultGenerator.executeExperiment - 277 processed... 20210904/20220603
2025-12-03 23:26:55,183 [main] DEBUG c.p.b.e.MLResultGenerator.executeExperiment - 277 processed... 20210905/20220603
2025-12-03 23:26:55,655 [main] DEBUG c.p.b.e.MLResultGenerator.executeExperiment - 277 processed... 20210906/20220603
2025-12-03 23:26:56,255 [main] DEBUG c.p.b.e.MLResultGenerator.executeExperiment - 277 processed... 20210907/20220603
2025-12-03 23:26:56,801 [main] DEBUG c.p.b.e.MLResultGenerator.executeExperiment - 277 processed... 20210908/20220603
2025-12-03 23:26:57,335 [main] DEBUG c.p.b.e.MLResultGenerator.executeExperiment - 277 processed... 20210909/20220603
2025-12-03 23:26:57,855 [main] DEBUG c.p.b.e.MLResultGenerator.executeExperiment - 277 processed... 20210910/20220603
2025-12-03 23:26:58,409 [main] DEBUG c.p.b.e.MLResultGenerator.executeExperiment - 277 processed... 20210911/20220603
2025-12-03 23:26:58,919 [main] DEBUG c.p.b.e.MLResultGenerator.executeExperiment - 277 processed... 20210912/20220603
2025-12-03 23:26:59,365 [main] DEBUG c.p.b.e.MLResultGenerator.executeExperiment - 277 processed... 20210913/20220603
2025-12-03 23:26:59,817 [main] DEBUG c.p.b.e.MLResultGenerator.executeExperiment - 277 processed... 20210914/20220603
2025-12-03 23:27:00,368 [main] DEBUG c.p.b.e.MLResultGenerator.executeExperiment - 277 processed... 20210915/20220603
2025-12-03 23:27:00,874 [main] DEBUG c.p.b.e.MLResultGenerator.executeExperiment - 277 processed... 20210916/20220603
2025-12-03 23:27:01,255 [main] DEBUG c.p.b.e.MLResultGenerator.executeExperiment - 277 processed... 20210917/20220603
2025-12-03 23:27:01,935 [main] DEBUG c.p.b.e.MLResultGenerator.executeExperiment - 277 processed... 20210919/20220603
2025-12-03 23:27:02,600 [main] DEBUG c.p.b.e.MLResultGenerator.executeExperiment - 277 processed... 20210920/20220603
2025-12-03 23:27:03,309 [main] DEBUG c.p.b.e.MLResultGenerator.executeExperiment - 277 processed... 20210921/20220603
2025-12-03 23:27:03,842 [main] DEBUG c.p.b.e.MLResultGenerator.executeExperiment - 277 processed... 20210922/20220603
2025-12-03 23:27:04,471 [main] DEBUG c.p.b.e.MLResultGenerator.executeExperiment - 277 processed... 20210923/20220603
2025-12-03 23:27:05,044 [main] DEBUG c.p.b.e.MLResultGenerator.executeExperiment - 277 processed... 20210924/20220603
2025-12-03 23:27:05,522 [main] DEBUG c.p.b.e.MLResultGenerator.executeExperiment - 277 processed... 20210925/20220603
2025-12-03 23:27:06,137 [main] DEBUG c.p.b.e.MLResultGenerator.executeExperiment - 277 processed... 20210926/20220603
2025-12-03 23:27:06,564 [main] DEBUG c.p.b.e.MLResultGenerator.executeExperiment - 277 processed... 20210927/20220603
2025-12-03 23:27:06,947 [main] DEBUG c.p.b.e.MLResultGenerator.executeExperiment - 277 processed... 20210928/20220603
2025-12-03 23:27:07,367 [main] DEBUG c.p.b.e.MLResultGenerator.executeExperiment - 277 processed... 20210929/20220603
2025-12-03 23:27:07,890 [main] DEBUG c.p.b.e.MLResultGenerator.executeExperiment - 277 processed... 20210930/20220603
2025-12-03 23:27:08,354 [main] DEBUG c.p.b.e.MLResultGenerator.executeExperiment - 277 processed... 20211001/20220603
2025-12-03 23:27:08,907 [main] DEBUG c.p.b.e.MLResultGenerator.executeExperiment - 277 processed... 20211002/20220603
2025-12-03 23:27:09,420 [main] DEBUG c.p.b.e.MLResultGenerator.executeExperiment - 277 processed... 20211003/20220603
2025-12-03 23:27:09,990 [main] DEBUG c.p.b.e.MLResultGenerator.executeExperiment - 277 processed... 20211004/20220603
2025-12-03 23:27:10,511 [main] DEBUG c.p.b.e.MLResultGenerator.executeExperiment - 277 processed... 20211005/20220603
2025-12-03 23:27:10,984 [main] DEBUG c.p.b.e.MLResultGenerator.executeExperiment - 277 processed... 20211006/20220603
2025-12-03 23:27:11,563 [main] DEBUG c.p.b.e.MLResultGenerator.executeExperiment - 277 processed... 20211007/20220603
2025-12-03 23:27:12,100 [main] DEBUG c.p.b.e.MLResultGenerator.executeExperiment - 277 processed... 20211008/20220603
2025-12-03 23:27:12,615 [main] DEBUG c.p.b.e.MLResultGenerator.executeExperiment - 277 processed... 20211009/20220603
2025-12-03 23:27:13,124 [main] DEBUG c.p.b.e.MLResultGenerator.executeExperiment - 277 processed... 20211010/20220603
2025-12-03 23:27:13,676 [main] DEBUG c.p.b.e.MLResultGenerator.executeExperiment - 277 processed... 20211011/20220603
2025-12-03 23:27:14,208 [main] DEBUG c.p.b.e.MLResultGenerator.executeExperiment - 277 processed... 20211012/20220603
2025-12-03 23:27:14,752 [main] DEBUG c.p.b.e.MLResultGenerator.executeExperiment - 277 processed... 20211013/20220603
2025-12-03 23:27:15,267 [main] DEBUG c.p.b.e.MLResultGenerator.executeExperiment - 277 processed... 20211014/20220603
2025-12-03 23:27:15,770 [main] DEBUG c.p.b.e.MLResultGenerator.executeExperiment - 277 processed... 20211015/20220603
2025-12-03 23:27:16,267 [main] DEBUG c.p.b.e.MLResultGenerator.executeExperiment - 277 processed... 20211016/20220603
2025-12-03 23:27:16,760 [main] DEBUG c.p.b.e.MLResultGenerator.executeExperiment - 277 processed... 20211017/20220603
2025-12-03 23:27:17,274 [main] DEBUG c.p.b.e.MLResultGenerator.executeExperiment - 277 processed... 20211018/20220603
2025-12-03 23:27:17,735 [main] DEBUG c.p.b.e.MLResultGenerator.executeExperiment - 277 processed... 20211019/20220603
2025-12-03 23:27:18,226 [main] DEBUG c.p.b.e.MLResultGenerator.executeExperiment - 277 processed... 20211020/20220603
2025-12-03 23:27:18,888 [main] DEBUG c.p.b.e.MLResultGenerator.executeExperiment - 277 processed... 20211021/20220603
2025-12-03 23:27:19,450 [main] DEBUG c.p.b.e.MLResultGenerator.executeExperiment - 277 processed... 20211022/20220603
2025-12-03 23:27:19,989 [main] DEBUG c.p.b.e.MLResultGenerator.executeExperiment - 277 processed... 20211023/20220603
2025-12-03 23:27:20,560 [main] DEBUG c.p.b.e.MLResultGenerator.executeExperiment - 277 processed... 20211024/20220603
2025-12-03 23:27:21,172 [main] DEBUG c.p.b.e.MLResultGenerator.executeExperiment - 277 processed... 20211025/20220603
2025-12-03 23:27:21,662 [main] DEBUG c.p.b.e.MLResultGenerator.executeExperiment - 277 processed... 20211026/20220603
2025-12-03 23:27:22,196 [main] DEBUG c.p.b.e.MLResultGenerator.executeExperiment - 277 processed... 20211027/20220603
2025-12-03 23:27:22,718 [main] DEBUG c.p.b.e.MLResultGenerator.executeExperiment - 277 processed... 20211028/20220603
2025-12-03 23:27:23,279 [main] DEBUG c.p.b.e.MLResultGenerator.executeExperiment - 277 processed... 20211029/20220603
2025-12-03 23:27:23,866 [main] DEBUG c.p.b.e.MLResultGenerator.executeExperiment - 277 processed... 20211030/20220603
2025-12-03 23:27:24,383 [main] DEBUG c.p.b.e.MLResultGenerator.executeExperiment - 277 processed... 20211031/20220603
2025-12-03 23:27:25,017 [main] DEBUG c.p.b.e.MLResultGenerator.executeExperiment - 277 processed... 20211104/20220603
2025-12-03 23:27:25,493 [main] DEBUG c.p.b.e.MLResultGenerator.executeExperiment - 277 processed... 20211105/20220603
2025-12-03 23:27:26,015 [main] DEBUG c.p.b.e.MLResultGenerator.executeExperiment - 277 processed... 20211106/20220603
2025-12-03 23:27:26,844 [main] DEBUG c.p.b.e.MLResultGenerator.executeExperiment - 277 processed... 20211107/20220603
2025-12-03 23:27:27,378 [main] DEBUG c.p.b.e.MLResultGenerator.executeExperiment - 277 processed... 20211108/20220603
2025-12-03 23:27:27,916 [main] DEBUG c.p.b.e.MLResultGenerator.executeExperiment - 277 processed... 20211109/20220603
2025-12-03 23:27:28,491 [main] DEBUG c.p.b.e.MLResultGenerator.executeExperiment - 277 processed... 20211110/20220603
2025-12-03 23:27:29,071 [main] DEBUG c.p.b.e.MLResultGenerator.executeExperiment - 277 processed... 20211111/20220603
2025-12-03 23:27:29,677 [main] DEBUG c.p.b.e.MLResultGenerator.executeExperiment - 277 processed... 20211112/20220603
2025-12-03 23:27:30,326 [main] DEBUG c.p.b.e.MLResultGenerator.executeExperiment - 277 processed... 20211113/20220603
2025-12-03 23:27:30,957 [main] DEBUG c.p.b.e.MLResultGenerator.executeExperiment - 277 processed... 20211114/20220603
2025-12-03 23:27:31,475 [main] DEBUG c.p.b.e.MLResultGenerator.executeExperiment - 277 processed... 20211115/20220603
2025-12-03 23:27:32,009 [main] DEBUG c.p.b.e.MLResultGenerator.executeExperiment - 277 processed... 20211116/20220603
2025-12-03 23:27:32,525 [main] DEBUG c.p.b.e.MLResultGenerator.executeExperiment - 277 processed... 20211117/20220603
2025-12-03 23:27:32,953 [main] DEBUG c.p.b.e.MLResultGenerator.executeExperiment - 277 processed... 20211118/20220603
2025-12-03 23:27:33,372 [main] DEBUG c.p.b.e.MLResultGenerator.executeExperiment - 277 processed... 20211119/20220603
2025-12-03 23:27:33,964 [main] DEBUG c.p.b.e.MLResultGenerator.executeExperiment - 277 processed... 20211123/20220603
2025-12-03 23:27:34,505 [main] DEBUG c.p.b.e.MLResultGenerator.executeExperiment - 277 processed... 20211124/20220603
2025-12-03 23:27:34,970 [main] DEBUG c.p.b.e.MLResultGenerator.executeExperiment - 277 processed... 20211125/20220603
2025-12-03 23:27:35,488 [main] DEBUG c.p.b.e.MLResultGenerator.executeExperiment - 277 processed... 20211126/20220603
2025-12-03 23:27:36,090 [main] DEBUG c.p.b.e.MLResultGenerator.executeExperiment - 277 processed... 20211127/20220603
2025-12-03 23:27:36,753 [main] DEBUG c.p.b.e.MLResultGenerator.executeExperiment - 277 processed... 20211128/20220603
2025-12-03 23:27:37,441 [main] DEBUG c.p.b.e.MLResultGenerator.executeExperiment - 277 processed... 20211204/20220603
2025-12-03 23:27:38,083 [main] DEBUG c.p.b.e.MLResultGenerator.executeExperiment - 277 processed... 20211205/20220603
2025-12-03 23:27:38,623 [main] DEBUG c.p.b.e.MLResultGenerator.executeExperiment - 277 processed... 20211206/20220603
2025-12-03 23:27:39,165 [main] DEBUG c.p.b.e.MLResultGenerator.executeExperiment - 277 processed... 20211207/20220603
2025-12-03 23:27:39,681 [main] DEBUG c.p.b.e.MLResultGenerator.executeExperiment - 277 processed... 20211208/20220603
2025-12-03 23:27:40,318 [main] DEBUG c.p.b.e.MLResultGenerator.executeExperiment - 277 processed... 20211209/20220603
2025-12-03 23:27:40,992 [main] DEBUG c.p.b.e.MLResultGenerator.executeExperiment - 277 processed... 20211210/20220603
2025-12-03 23:27:41,752 [main] DEBUG c.p.b.e.MLResultGenerator.executeExperiment - 277 processed... 20211211/20220603
2025-12-03 23:27:42,350 [main] DEBUG c.p.b.e.MLResultGenerator.executeExperiment - 277 processed... 20211212/20220603
2025-12-03 23:27:42,802 [main] DEBUG c.p.b.e.MLResultGenerator.executeExperiment - 277 processed... 20211213/20220603
2025-12-03 23:27:43,325 [main] DEBUG c.p.b.e.MLResultGenerator.executeExperiment - 277 processed... 20211214/20220603
2025-12-03 23:27:43,733 [main] DEBUG c.p.b.e.MLResultGenerator.executeExperiment - 277 processed... 20211215/20220603
2025-12-03 23:27:44,121 [main] DEBUG c.p.b.e.MLResultGenerator.executeExperiment - 277 processed... 20211216/20220603
2025-12-03 23:27:44,598 [main] DEBUG c.p.b.e.MLResultGenerator.executeExperiment - 277 processed... 20211217/20220603
2025-12-03 23:27:45,199 [main] DEBUG c.p.b.e.MLResultGenerator.executeExperiment - 277 processed... 20211218/20220603
2025-12-03 23:27:45,758 [main] DEBUG c.p.b.e.MLResultGenerator.executeExperiment - 277 processed... 20211219/20220603
2025-12-03 23:27:46,163 [main] DEBUG c.p.b.e.MLResultGenerator.executeExperiment - 277 processed... 20211226/20220603
2025-12-03 23:27:46,777 [main] DEBUG c.p.b.e.MLResultGenerator.executeExperiment - 277 processed... 20211227/20220603
2025-12-03 23:27:47,436 [main] DEBUG c.p.b.e.MLResultGenerator.executeExperiment - 277 processed... 20211228/20220603
2025-12-03 23:27:48,209 [main] DEBUG c.p.b.e.MLResultGenerator.executeExperiment - 277 processed... 20211229/20220603
2025-12-03 23:27:49,038 [main] DEBUG c.p.b.e.MLResultGenerator.executeExperiment - 277 processed... 20211230/20220603
2025-12-03 23:27:49,803 [main] DEBUG c.p.b.e.MLResultGenerator.executeExperiment - 277 processed... 20211231/20220603
2025-12-03 23:27:50,082 [main] DEBUG c.p.b.e.MLResultGenerator.executeExperiment - 277 processed... 20220111/20220603
2025-12-03 23:27:50,739 [main] DEBUG c.p.b.e.MLResultGenerator.executeExperiment - 277 processed... 20220112/20220603
2025-12-03 23:27:51,237 [main] DEBUG c.p.b.e.MLResultGenerator.executeExperiment - 277 processed... 20220113/20220603
2025-12-03 23:27:51,720 [main] DEBUG c.p.b.e.MLResultGenerator.executeExperiment - 277 processed... 20220114/20220603
2025-12-03 23:27:52,305 [main] DEBUG c.p.b.e.MLResultGenerator.executeExperiment - 277 processed... 20220115/20220603
2025-12-03 23:27:52,766 [main] DEBUG c.p.b.e.MLResultGenerator.executeExperiment - 277 processed... 20220116/20220603
2025-12-03 23:27:53,267 [main] DEBUG c.p.b.e.MLResultGenerator.executeExperiment - 277 processed... 20220117/20220603
2025-12-03 23:27:53,722 [main] DEBUG c.p.b.e.MLResultGenerator.executeExperiment - 277 processed... 20220118/20220603
2025-12-03 23:27:54,285 [main] DEBUG c.p.b.e.MLResultGenerator.executeExperiment - 277 processed... 20220119/20220603
2025-12-03 23:27:54,777 [main] DEBUG c.p.b.e.MLResultGenerator.executeExperiment - 277 processed... 20220120/20220603
2025-12-03 23:27:55,367 [main] DEBUG c.p.b.e.MLResultGenerator.executeExperiment - 277 processed... 20220121/20220603
2025-12-03 23:27:56,119 [main] DEBUG c.p.b.e.MLResultGenerator.executeExperiment - 277 processed... 20220122/20220603
2025-12-03 23:27:56,896 [main] DEBUG c.p.b.e.MLResultGenerator.executeExperiment - 277 processed... 20220123/20220603
2025-12-03 23:27:57,399 [main] DEBUG c.p.b.e.MLResultGenerator.executeExperiment - 277 processed... 20220124/20220603
2025-12-03 23:27:58,031 [main] DEBUG c.p.b.e.MLResultGenerator.executeExperiment - 277 processed... 20220125/20220603
2025-12-03 23:27:58,607 [main] DEBUG c.p.b.e.MLResultGenerator.executeExperiment - 277 processed... 20220126/20220603
2025-12-03 23:27:59,096 [main] DEBUG c.p.b.e.MLResultGenerator.executeExperiment - 277 processed... 20220127/20220603
2025-12-03 23:27:59,595 [main] DEBUG c.p.b.e.MLResultGenerator.executeExperiment - 277 processed... 20220128/20220603
2025-12-03 23:28:00,209 [main] DEBUG c.p.b.e.MLResultGenerator.executeExperiment - 277 processed... 20220129/20220603
2025-12-03 23:28:00,793 [main] DEBUG c.p.b.e.MLResultGenerator.executeExperiment - 277 processed... 20220130/20220603
2025-12-03 23:28:01,388 [main] DEBUG c.p.b.e.MLResultGenerator.executeExperiment - 277 processed... 20220131/20220603
2025-12-03 23:28:01,954 [main] DEBUG c.p.b.e.MLResultGenerator.executeExperiment - 277 processed... 20220201/20220603
2025-12-03 23:28:02,555 [main] DEBUG c.p.b.e.MLResultGenerator.executeExperiment - 277 processed... 20220206/20220603
2025-12-03 23:28:03,057 [main] DEBUG c.p.b.e.MLResultGenerator.executeExperiment - 277 processed... 20220207/20220603
2025-12-03 23:28:03,684 [main] DEBUG c.p.b.e.MLResultGenerator.executeExperiment - 277 processed... 20220208/20220603
2025-12-03 23:28:04,189 [main] DEBUG c.p.b.e.MLResultGenerator.executeExperiment - 277 processed... 20220209/20220603
2025-12-03 23:28:04,717 [main] DEBUG c.p.b.e.MLResultGenerator.executeExperiment - 277 processed... 20220210/20220603
2025-12-03 23:28:05,455 [main] DEBUG c.p.b.e.MLResultGenerator.executeExperiment - 277 processed... 20220211/20220603
2025-12-03 23:28:06,003 [main] DEBUG c.p.b.e.MLResultGenerator.executeExperiment - 277 processed... 20220212/20220603
2025-12-03 23:28:06,557 [main] DEBUG c.p.b.e.MLResultGenerator.executeExperiment - 277 processed... 20220213/20220603
2025-12-03 23:28:07,121 [main] DEBUG c.p.b.e.MLResultGenerator.executeExperiment - 277 processed... 20220214/20220603
2025-12-03 23:28:07,622 [main] DEBUG c.p.b.e.MLResultGenerator.executeExperiment - 277 processed... 20220215/20220603
2025-12-03 23:28:08,188 [main] DEBUG c.p.b.e.MLResultGenerator.executeExperiment - 277 processed... 20220216/20220603
2025-12-03 23:28:08,739 [main] DEBUG c.p.b.e.MLResultGenerator.executeExperiment - 277 processed... 20220217/20220603
2025-12-03 23:28:09,303 [main] DEBUG c.p.b.e.MLResultGenerator.executeExperiment - 277 processed... 20220218/20220603
2025-12-03 23:28:09,905 [main] DEBUG c.p.b.e.MLResultGenerator.executeExperiment - 277 processed... 20220222/20220603
2025-12-03 23:28:10,495 [main] DEBUG c.p.b.e.MLResultGenerator.executeExperiment - 277 processed... 20220223/20220603
2025-12-03 23:28:11,085 [main] DEBUG c.p.b.e.MLResultGenerator.executeExperiment - 277 processed... 20220224/20220603
2025-12-03 23:28:11,735 [main] DEBUG c.p.b.e.MLResultGenerator.executeExperiment - 277 processed... 20220225/20220603
2025-12-03 23:28:12,349 [main] DEBUG c.p.b.e.MLResultGenerator.executeExperiment - 277 processed... 20220226/20220603
2025-12-03 23:28:12,968 [main] DEBUG c.p.b.e.MLResultGenerator.executeExperiment - 277 processed... 20220227/20220603
2025-12-03 23:28:13,647 [main] DEBUG c.p.b.e.MLResultGenerator.executeExperiment - 277 processed... 20220301/20220603
2025-12-03 23:28:14,211 [main] DEBUG c.p.b.e.MLResultGenerator.executeExperiment - 277 processed... 20220302/20220603
2025-12-03 23:28:14,781 [main] DEBUG c.p.b.e.MLResultGenerator.executeExperiment - 277 processed... 20220303/20220603
2025-12-03 23:28:15,322 [main] DEBUG c.p.b.e.MLResultGenerator.executeExperiment - 277 processed... 20220304/20220603
2025-12-03 23:28:15,958 [main] DEBUG c.p.b.e.MLResultGenerator.executeExperiment - 277 processed... 20220305/20220603
2025-12-03 23:28:16,604 [main] DEBUG c.p.b.e.MLResultGenerator.executeExperiment - 277 processed... 20220306/20220603
2025-12-03 23:28:17,266 [main] DEBUG c.p.b.e.MLResultGenerator.executeExperiment - 277 processed... 20220307/20220603
2025-12-03 23:28:17,875 [main] DEBUG c.p.b.e.MLResultGenerator.executeExperiment - 277 processed... 20220308/20220603
2025-12-03 23:28:18,452 [main] DEBUG c.p.b.e.MLResultGenerator.executeExperiment - 277 processed... 20220309/20220603
2025-12-03 23:28:18,956 [main] DEBUG c.p.b.e.MLResultGenerator.executeExperiment - 277 processed... 20220310/20220603
2025-12-03 23:28:19,509 [main] DEBUG c.p.b.e.MLResultGenerator.executeExperiment - 277 processed... 20220311/20220603
2025-12-03 23:28:20,098 [main] DEBUG c.p.b.e.MLResultGenerator.executeExperiment - 277 processed... 20220312/20220603
2025-12-03 23:28:20,665 [main] DEBUG c.p.b.e.MLResultGenerator.executeExperiment - 277 processed... 20220313/20220603
2025-12-03 23:28:21,234 [main] DEBUG c.p.b.e.MLResultGenerator.executeExperiment - 277 processed... 20220314/20220603
2025-12-03 23:28:21,863 [main] DEBUG c.p.b.e.MLResultGenerator.executeExperiment - 277 processed... 20220315/20220603
2025-12-03 23:28:22,329 [main] DEBUG c.p.b.e.MLResultGenerator.executeExperiment - 277 processed... 20220316/20220603
2025-12-03 23:28:22,881 [main] DEBUG c.p.b.e.MLResultGenerator.executeExperiment - 277 processed... 20220317/20220603
2025-12-03 23:28:23,438 [main] DEBUG c.p.b.e.MLResultGenerator.executeExperiment - 277 processed... 20220318/20220603
2025-12-03 23:28:24,070 [main] DEBUG c.p.b.e.MLResultGenerator.executeExperiment - 277 processed... 20220319/20220603
2025-12-03 23:28:24,616 [main] DEBUG c.p.b.e.MLResultGenerator.executeExperiment - 277 processed... 20220320/20220603
2025-12-03 23:28:25,162 [main] DEBUG c.p.b.e.MLResultGenerator.executeExperiment - 277 processed... 20220321/20220603
2025-12-03 23:28:25,775 [main] DEBUG c.p.b.e.MLResultGenerator.executeExperiment - 277 processed... 20220325/20220603
2025-12-03 23:28:26,239 [main] DEBUG c.p.b.e.MLResultGenerator.executeExperiment - 277 processed... 20220326/20220603
2025-12-03 23:28:26,813 [main] DEBUG c.p.b.e.MLResultGenerator.executeExperiment - 277 processed... 20220327/20220603
2025-12-03 23:28:27,365 [main] DEBUG c.p.b.e.MLResultGenerator.executeExperiment - 277 processed... 20220328/20220603
2025-12-03 23:28:27,915 [main] DEBUG c.p.b.e.MLResultGenerator.executeExperiment - 277 processed... 20220329/20220603
2025-12-03 23:28:28,417 [main] DEBUG c.p.b.e.MLResultGenerator.executeExperiment - 277 processed... 20220330/20220603
2025-12-03 23:28:28,796 [main] DEBUG c.p.b.e.MLResultGenerator.executeExperiment - 277 processed... 20220331/20220603
2025-12-03 23:28:29,423 [main] DEBUG c.p.b.e.MLResultGenerator.executeExperiment - 277 processed... 20220404/20220603
2025-12-03 23:28:29,921 [main] DEBUG c.p.b.e.MLResultGenerator.executeExperiment - 277 processed... 20220405/20220603
2025-12-03 23:28:30,429 [main] DEBUG c.p.b.e.MLResultGenerator.executeExperiment - 277 processed... 20220406/20220603
2025-12-03 23:28:30,933 [main] DEBUG c.p.b.e.MLResultGenerator.executeExperiment - 277 processed... 20220407/20220603
2025-12-03 23:28:31,353 [main] DEBUG c.p.b.e.MLResultGenerator.executeExperiment - 277 processed... 20220408/20220603
2025-12-03 23:28:31,930 [main] DEBUG c.p.b.e.MLResultGenerator.executeExperiment - 277 processed... 20220409/20220603
2025-12-03 23:28:32,404 [main] DEBUG c.p.b.e.MLResultGenerator.executeExperiment - 277 processed... 20220410/20220603
2025-12-03 23:28:32,859 [main] DEBUG c.p.b.e.MLResultGenerator.executeExperiment - 277 processed... 20220411/20220603
2025-12-03 23:28:33,316 [main] DEBUG c.p.b.e.MLResultGenerator.executeExperiment - 277 processed... 20220412/20220603
2025-12-03 23:28:33,830 [main] DEBUG c.p.b.e.MLResultGenerator.executeExperiment - 277 processed... 20220413/20220603
2025-12-03 23:28:34,330 [main] DEBUG c.p.b.e.MLResultGenerator.executeExperiment - 277 processed... 20220414/20220603
2025-12-03 23:28:34,904 [main] DEBUG c.p.b.e.MLResultGenerator.executeExperiment - 277 processed... 20220415/20220603
2025-12-03 23:28:35,493 [main] DEBUG c.p.b.e.MLResultGenerator.executeExperiment - 277 processed... 20220416/20220603
2025-12-03 23:28:36,162 [main] DEBUG c.p.b.e.MLResultGenerator.executeExperiment - 277 processed... 20220417/20220603
2025-12-03 23:28:36,820 [main] DEBUG c.p.b.e.MLResultGenerator.executeExperiment - 277 processed... 20220418/20220603
2025-12-03 23:28:37,369 [main] DEBUG c.p.b.e.MLResultGenerator.executeExperiment - 277 processed... 20220419/20220603
2025-12-03 23:28:37,921 [main] DEBUG c.p.b.e.MLResultGenerator.executeExperiment - 277 processed... 20220420/20220603
2025-12-03 23:28:38,448 [main] DEBUG c.p.b.e.MLResultGenerator.executeExperiment - 277 processed... 20220421/20220603
2025-12-03 23:28:38,992 [main] DEBUG c.p.b.e.MLResultGenerator.executeExperiment - 277 processed... 20220422/20220603
2025-12-03 23:28:39,554 [main] DEBUG c.p.b.e.MLResultGenerator.executeExperiment - 277 processed... 20220423/20220603
2025-12-03 23:28:40,302 [main] DEBUG c.p.b.e.MLResultGenerator.executeExperiment - 277 processed... 20220424/20220603
2025-12-03 23:28:40,843 [main] DEBUG c.p.b.e.MLResultGenerator.executeExperiment - 277 processed... 20220509/20220603
2025-12-03 23:28:41,435 [main] DEBUG c.p.b.e.MLResultGenerator.executeExperiment - 277 processed... 20220510/20220603
2025-12-03 23:28:42,007 [main] DEBUG c.p.b.e.MLResultGenerator.executeExperiment - 277 processed... 20220511/20220603
2025-12-03 23:28:42,467 [main] DEBUG c.p.b.e.MLResultGenerator.executeExperiment - 277 processed... 20220512/20220603
2025-12-03 23:28:42,933 [main] DEBUG c.p.b.e.MLResultGenerator.executeExperiment - 277 processed... 20220513/20220603
2025-12-03 23:28:43,441 [main] DEBUG c.p.b.e.MLResultGenerator.executeExperiment - 277 processed... 20220514/20220603
2025-12-03 23:28:43,974 [main] DEBUG c.p.b.e.MLResultGenerator.executeExperiment - 277 processed... 20220515/20220603
2025-12-03 23:28:44,436 [main] DEBUG c.p.b.e.MLResultGenerator.executeExperiment - 277 processed... 20220516/20220603
2025-12-03 23:28:44,765 [main] DEBUG c.p.b.e.MLResultGenerator.executeExperiment - 277 processed... 20220517/20220603
2025-12-03 23:28:45,183 [main] DEBUG c.p.b.e.MLResultGenerator.executeExperiment - 277 processed... 20220518/20220603
2025-12-03 23:28:45,719 [main] DEBUG c.p.b.e.MLResultGenerator.executeExperiment - 277 processed... 20220519/20220603
2025-12-03 23:28:46,237 [main] DEBUG c.p.b.e.MLResultGenerator.executeExperiment - 277 processed... 20220520/20220603
2025-12-03 23:28:46,810 [main] DEBUG c.p.b.e.MLResultGenerator.executeExperiment - 277 processed... 20220521/20220603
2025-12-03 23:28:47,406 [main] DEBUG c.p.b.e.MLResultGenerator.executeExperiment - 277 processed... 20220522/20220603
2025-12-03 23:28:47,821 [main] DEBUG c.p.b.e.MLResultGenerator.executeExperiment - 277 processed... 20220523/20220603
2025-12-03 23:28:48,241 [main] DEBUG c.p.b.e.MLResultGenerator.executeExperiment - 277 processed... 20220524/20220603
2025-12-03 23:28:48,654 [main] DEBUG c.p.b.e.MLResultGenerator.executeExperiment - 277 processed... 20220525/20220603
2025-12-03 23:28:49,293 [main] DEBUG c.p.b.e.MLResultGenerator.executeExperiment - 277 processed... 20220526/20220603
2025-12-03 23:28:49,801 [main] DEBUG c.p.b.e.MLResultGenerator.executeExperiment - 277 processed... 20220527/20220603
2025-12-03 23:28:50,474 [main] DEBUG c.p.b.e.MLResultGenerator.executeExperiment - 277 processed... 20220528/20220603
2025-12-03 23:28:51,299 [main] DEBUG c.p.b.e.MLResultGenerator.executeExperiment - 277 processed... 20220529/20220603
2025-12-03 23:28:51,783 [main] DEBUG c.p.b.e.MLResultGenerator.executeExperiment - 277 processed... 20220602/20220603
2025-12-03 23:28:52,238 [main] DEBUG c.p.b.e.MLResultGenerator.executeExperiment - 277 processed... 20220603/20220603
2025-12-03 23:28:53,013 [main] DEBUG c.p.b.e.r.s.MlEvaluationCreator.create - creating MlEvaluation. 277,40001,1T,1,nopattern,nopattern
2025-12-03 23:28:53,052 [main] DEBUG c.p.b.e.r.s.MlEvaluationCreator.create - creating MlEvaluation. 277,40001,1T,2,nopattern,nopattern
2025-12-03 23:28:53,063 [main] DEBUG c.p.b.e.r.s.MlEvaluationCreator.create - creating MlEvaluation. 277,40001,1T,3,nopattern,nopattern
2025-12-03 23:28:53,070 [main] DEBUG c.p.b.e.r.s.MlEvaluationCreator.create - creating MlEvaluation. 277,40001,2F,12,nopattern,nopattern
2025-12-03 23:28:53,079 [main] DEBUG c.p.b.e.r.s.MlEvaluationCreator.create - creating MlEvaluation. 277,40001,2F,13,nopattern,nopattern
2025-12-03 23:28:53,085 [main] DEBUG c.p.b.e.r.s.MlEvaluationCreator.create - creating MlEvaluation. 277,40001,2F,14,nopattern,nopattern
2025-12-03 23:28:53,092 [main] DEBUG c.p.b.e.r.s.MlEvaluationCreator.create - creating MlEvaluation. 277,40001,2F,15,nopattern,nopattern
2025-12-03 23:28:53,096 [main] DEBUG c.p.b.e.r.s.MlEvaluationCreator.create - creating MlEvaluation. 277,40001,2F,16,nopattern,nopattern
2025-12-03 23:28:53,100 [main] DEBUG c.p.b.e.r.s.MlEvaluationCreator.create - creating MlEvaluation. 277,40001,2F,21,nopattern,nopattern
2025-12-03 23:28:53,104 [main] DEBUG c.p.b.e.r.s.MlEvaluationCreator.create - creating MlEvaluation. 277,40001,2F,23,nopattern,nopattern
2025-12-03 23:28:53,106 [main] DEBUG c.p.b.e.r.s.MlEvaluationCreator.create - creating MlEvaluation. 277,40001,2F,25,nopattern,nopattern
2025-12-03 23:28:53,108 [main] DEBUG c.p.b.e.r.s.MlEvaluationCreator.create - creating MlEvaluation. 277,40001,2F,31,nopattern,nopattern
2025-12-03 23:28:53,116 [main] DEBUG c.p.b.e.r.s.MlEvaluationCreator.create - creating MlEvaluation. 277,40001,2T,12,nopattern,nopattern
2025-12-03 23:28:53,122 [main] DEBUG c.p.b.e.r.s.MlEvaluationCreator.create - creating MlEvaluation. 277,40001,2T,13,nopattern,nopattern
2025-12-03 23:28:53,126 [main] DEBUG c.p.b.e.r.s.MlEvaluationCreator.create - creating MlEvaluation. 277,40001,2T,14,nopattern,nopattern
2025-12-03 23:28:53,130 [main] DEBUG c.p.b.e.r.s.MlEvaluationCreator.create - creating MlEvaluation. 277,40001,2T,15,nopattern,nopattern
2025-12-03 23:28:53,154 [main] DEBUG c.p.b.e.r.s.MlEvaluationCreator.create - creating MlEvaluation. 277,40001,2T,16,nopattern,nopattern
2025-12-03 23:28:53,158 [main] DEBUG c.p.b.e.r.s.MlEvaluationCreator.create - creating MlEvaluation. 277,40001,2T,21,nopattern,nopattern
2025-12-03 23:28:53,217 [main] DEBUG c.p.b.e.r.s.MlEvaluationCreator.create - creating MlEvaluation. 277,40001,2T,23,nopattern,nopattern
2025-12-03 23:28:53,218 [main] DEBUG c.p.b.e.r.s.MlEvaluationCreator.create - creating MlEvaluation. 277,40001,2T,31,nopattern,nopattern
2025-12-03 23:28:53,222 [main] DEBUG c.p.b.e.r.s.MlEvaluationCreator.create - creating MlEvaluation. 277,40001,2T,32,nopattern,nopattern
2025-12-03 23:28:53,224 [main] DEBUG c.p.b.e.r.s.MlEvaluationCreator.create - creating MlEvaluation. 277,40001,3F,123,nopattern,nopattern
2025-12-03 23:28:53,235 [main] DEBUG c.p.b.e.r.s.MlEvaluationCreator.create - creating MlEvaluation. 277,40001,3F,124,nopattern,nopattern
2025-12-03 23:28:53,240 [main] DEBUG c.p.b.e.r.s.MlEvaluationCreator.create - creating MlEvaluation. 277,40001,3F,125,nopattern,nopattern
2025-12-03 23:28:53,244 [main] DEBUG c.p.b.e.r.s.MlEvaluationCreator.create - creating MlEvaluation. 277,40001,3F,126,nopattern,nopattern
2025-12-03 23:28:53,247 [main] DEBUG c.p.b.e.r.s.MlEvaluationCreator.create - creating MlEvaluation. 277,40001,3F,132,nopattern,nopattern
2025-12-03 23:28:53,252 [main] DEBUG c.p.b.e.r.s.MlEvaluationCreator.create - creating MlEvaluation. 277,40001,3F,134,nopattern,nopattern
2025-12-03 23:28:53,256 [main] DEBUG c.p.b.e.r.s.MlEvaluationCreator.create - creating MlEvaluation. 277,40001,3F,135,nopattern,nopattern
2025-12-03 23:28:53,260 [main] DEBUG c.p.b.e.r.s.MlEvaluationCreator.create - creating MlEvaluation. 277,40001,3F,136,nopattern,nopattern
2025-12-03 23:28:53,263 [main] DEBUG c.p.b.e.r.s.MlEvaluationCreator.create - creating MlEvaluation. 277,40001,3F,142,nopattern,nopattern
2025-12-03 23:28:53,267 [main] DEBUG c.p.b.e.r.s.MlEvaluationCreator.create - creating MlEvaluation. 277,40001,3F,143,nopattern,nopattern
2025-12-03 23:28:53,271 [main] DEBUG c.p.b.e.r.s.MlEvaluationCreator.create - creating MlEvaluation. 277,40001,3F,145,nopattern,nopattern
2025-12-03 23:28:53,272 [main] DEBUG c.p.b.e.r.s.MlEvaluationCreator.create - creating MlEvaluation. 277,40001,3F,146,nopattern,nopattern
2025-12-03 23:28:53,275 [main] DEBUG c.p.b.e.r.s.MlEvaluationCreator.create - creating MlEvaluation. 277,40001,3F,152,nopattern,nopattern
2025-12-03 23:28:53,280 [main] DEBUG c.p.b.e.r.s.MlEvaluationCreator.create - creating MlEvaluation. 277,40001,3F,153,nopattern,nopattern
2025-12-03 23:28:53,283 [main] DEBUG c.p.b.e.r.s.MlEvaluationCreator.create - creating MlEvaluation. 277,40001,3F,154,nopattern,nopattern
2025-12-03 23:28:53,286 [main] DEBUG c.p.b.e.r.s.MlEvaluationCreator.create - creating MlEvaluation. 277,40001,3F,162,nopattern,nopattern
2025-12-03 23:28:53,290 [main] DEBUG c.p.b.e.r.s.MlEvaluationCreator.create - creating MlEvaluation. 277,40001,3F,163,nopattern,nopattern
2025-12-03 23:28:53,293 [main] DEBUG c.p.b.e.r.s.MlEvaluationCreator.create - creating MlEvaluation. 277,40001,3F,164,nopattern,nopattern
2025-12-03 23:28:53,294 [main] DEBUG c.p.b.e.r.s.MlEvaluationCreator.create - creating MlEvaluation. 277,40001,3F,213,nopattern,nopattern
2025-12-03 23:28:53,297 [main] DEBUG c.p.b.e.r.s.MlEvaluationCreator.create - creating MlEvaluation. 277,40001,3F,214,nopattern,nopattern
2025-12-03 23:28:53,298 [main] DEBUG c.p.b.e.r.s.MlEvaluationCreator.create - creating MlEvaluation. 277,40001,3F,215,nopattern,nopattern
2025-12-03 23:28:53,299 [main] DEBUG c.p.b.e.r.s.MlEvaluationCreator.create - creating MlEvaluation. 277,40001,3F,231,nopattern,nopattern
2025-12-03 23:28:53,300 [main] DEBUG c.p.b.e.r.s.MlEvaluationCreator.create - creating MlEvaluation. 277,40001,3F,241,nopattern,nopattern
2025-12-03 23:28:53,303 [main] DEBUG c.p.b.e.r.s.MlEvaluationCreator.create - creating MlEvaluation. 277,40001,3F,251,nopattern,nopattern
2025-12-03 23:28:53,304 [main] DEBUG c.p.b.e.r.s.MlEvaluationCreator.create - creating MlEvaluation. 277,40001,3F,312,nopattern,nopattern
2025-12-03 23:28:53,306 [main] DEBUG c.p.b.e.r.s.MlEvaluationCreator.create - creating MlEvaluation. 277,40001,3F,314,nopattern,nopattern
2025-12-03 23:28:53,308 [main] DEBUG c.p.b.e.r.s.MlEvaluationCreator.create - creating MlEvaluation. 277,40001,3F,315,nopattern,nopattern
2025-12-03 23:28:53,309 [main] DEBUG c.p.b.e.r.s.MlEvaluationCreator.create - creating MlEvaluation. 277,40001,3F,316,nopattern,nopattern
2025-12-03 23:28:53,311 [main] DEBUG c.p.b.e.r.s.MlEvaluationCreator.create - creating MlEvaluation. 277,40001,3F,321,nopattern,nopattern
2025-12-03 23:28:53,312 [main] DEBUG c.p.b.e.r.s.MlEvaluationCreator.create - creating MlEvaluation. 277,40001,3F,341,nopattern,nopattern
2025-12-03 23:28:53,313 [main] DEBUG c.p.b.e.r.s.MlEvaluationCreator.create - creating MlEvaluation. 277,40001,3T,123,nopattern,nopattern
2025-12-03 23:28:53,318 [main] DEBUG c.p.b.e.r.s.MlEvaluationCreator.create - creating MlEvaluation. 277,40001,3T,124,nopattern,nopattern
2025-12-03 23:28:53,322 [main] DEBUG c.p.b.e.r.s.MlEvaluationCreator.create - creating MlEvaluation. 277,40001,3T,125,nopattern,nopattern
2025-12-03 23:28:53,325 [main] DEBUG c.p.b.e.r.s.MlEvaluationCreator.create - creating MlEvaluation. 277,40001,3T,126,nopattern,nopattern
2025-12-03 23:28:53,328 [main] DEBUG c.p.b.e.r.s.MlEvaluationCreator.create - creating MlEvaluation. 277,40001,3T,132,nopattern,nopattern
2025-12-03 23:28:53,333 [main] DEBUG c.p.b.e.r.s.MlEvaluationCreator.create - creating MlEvaluation. 277,40001,3T,134,nopattern,nopattern
2025-12-03 23:28:53,335 [main] DEBUG c.p.b.e.r.s.MlEvaluationCreator.create - creating MlEvaluation. 277,40001,3T,135,nopattern,nopattern
2025-12-03 23:28:53,338 [main] DEBUG c.p.b.e.r.s.MlEvaluationCreator.create - creating MlEvaluation. 277,40001,3T,136,nopattern,nopattern
2025-12-03 23:28:53,341 [main] DEBUG c.p.b.e.r.s.MlEvaluationCreator.create - creating MlEvaluation. 277,40001,3T,142,nopattern,nopattern
2025-12-03 23:28:53,345 [main] DEBUG c.p.b.e.r.s.MlEvaluationCreator.create - creating MlEvaluation. 277,40001,3T,143,nopattern,nopattern
2025-12-03 23:28:53,349 [main] DEBUG c.p.b.e.r.s.MlEvaluationCreator.create - creating MlEvaluation. 277,40001,3T,145,nopattern,nopattern
2025-12-03 23:28:53,352 [main] DEBUG c.p.b.e.r.s.MlEvaluationCreator.create - creating MlEvaluation. 277,40001,3T,146,nopattern,nopattern
2025-12-03 23:28:53,355 [main] DEBUG c.p.b.e.r.s.MlEvaluationCreator.create - creating MlEvaluation. 277,40001,3T,152,nopattern,nopattern
2025-12-03 23:28:53,358 [main] DEBUG c.p.b.e.r.s.MlEvaluationCreator.create - creating MlEvaluation. 277,40001,3T,153,nopattern,nopattern
2025-12-03 23:28:53,361 [main] DEBUG c.p.b.e.r.s.MlEvaluationCreator.create - creating MlEvaluation. 277,40001,3T,154,nopattern,nopattern
2025-12-03 23:28:53,364 [main] DEBUG c.p.b.e.r.s.MlEvaluationCreator.create - creating MlEvaluation. 277,40001,3T,162,nopattern,nopattern
2025-12-03 23:28:53,367 [main] DEBUG c.p.b.e.r.s.MlEvaluationCreator.create - creating MlEvaluation. 277,40001,3T,163,nopattern,nopattern
2025-12-03 23:28:53,370 [main] DEBUG c.p.b.e.r.s.MlEvaluationCreator.create - creating MlEvaluation. 277,40001,3T,164,nopattern,nopattern
2025-12-03 23:28:53,371 [main] DEBUG c.p.b.e.r.s.MlEvaluationCreator.create - creating MlEvaluation. 277,40001,3T,213,nopattern,nopattern
2025-12-03 23:28:53,374 [main] DEBUG c.p.b.e.r.s.MlEvaluationCreator.create - creating MlEvaluation. 277,40001,3T,214,nopattern,nopattern
2025-12-03 23:28:53,377 [main] DEBUG c.p.b.e.r.s.MlEvaluationCreator.create - creating MlEvaluation. 277,40001,3T,215,nopattern,nopattern
2025-12-03 23:28:53,379 [main] DEBUG c.p.b.e.r.s.MlEvaluationCreator.create - creating MlEvaluation. 277,40001,3T,231,nopattern,nopattern
2025-12-03 23:28:53,380 [main] DEBUG c.p.b.e.r.s.MlEvaluationCreator.create - creating MlEvaluation. 277,40001,3T,241,nopattern,nopattern
2025-12-03 23:28:53,383 [main] DEBUG c.p.b.e.r.s.MlEvaluationCreator.create - creating MlEvaluation. 277,40001,3T,251,nopattern,nopattern
2025-12-03 23:28:53,384 [main] DEBUG c.p.b.e.r.s.MlEvaluationCreator.create - creating MlEvaluation. 277,40001,3T,312,nopattern,nopattern
2025-12-03 23:28:53,385 [main] DEBUG c.p.b.e.r.s.MlEvaluationCreator.create - creating MlEvaluation. 277,40001,3T,314,nopattern,nopattern
2025-12-03 23:28:53,386 [main] DEBUG c.p.b.e.r.s.MlEvaluationCreator.create - creating MlEvaluation. 277,40001,3T,316,nopattern,nopattern
2025-12-03 23:28:53,387 [main] DEBUG c.p.b.e.r.s.MlEvaluationCreator.create - creating MlEvaluation. 277,40001,3T,341,nopattern,nopattern
2025-12-03 23:28:54,055 [main] INFO  c.p.b.e.r.g.ResultGraphBuilder.save - graph saved. C:/Dev/experiment/expr10/result//15-1-no-sg/1T/1_1T_1_nopattern_nopattern_40001_15-1-no-sg_-14_0.41_1.0.png
2025-12-03 23:28:54,378 [main] INFO  c.p.b.e.r.g.ResultGraphBuilder.save - graph saved. C:/Dev/experiment/expr10/result//15-1-no-sg/1T/1_1T_2_nopattern_nopattern_40001_15-1-no-sg_0_0.0_0.0.png
2025-12-03 23:28:54,676 [main] INFO  c.p.b.e.r.g.ResultGraphBuilder.save - graph saved. C:/Dev/experiment/expr10/result//15-1-no-sg/1T/1_1T_3_nopattern_nopattern_40001_15-1-no-sg_0_0.0_0.0.png
2025-12-03 23:28:55,096 [main] INFO  c.p.b.e.r.g.ResultGraphBuilder.save - graph saved. C:/Dev/experiment/expr10/result//15-1-no-sg/2F/1_2F_12_nopattern_nopattern_40001_15-1-no-sg_-9_0.39_1.6.png
2025-12-03 23:28:55,445 [main] INFO  c.p.b.e.r.g.ResultGraphBuilder.save - graph saved. C:/Dev/experiment/expr10/result//15-1-no-sg/2F/1_2F_13_nopattern_nopattern_40001_15-1-no-sg_-17_0.24_1.1.png
2025-12-03 23:28:55,744 [main] INFO  c.p.b.e.r.g.ResultGraphBuilder.save - graph saved. C:/Dev/experiment/expr10/result//15-1-no-sg/2F/1_2F_14_nopattern_nopattern_40001_15-1-no-sg_-17_0.12_0.7.png
2025-12-03 23:28:56,013 [main] INFO  c.p.b.e.r.g.ResultGraphBuilder.save - graph saved. C:/Dev/experiment/expr10/result//15-1-no-sg/2F/1_2F_15_nopattern_nopattern_40001_15-1-no-sg_-2_0.0_0.0.png
2025-12-03 23:28:56,265 [main] INFO  c.p.b.e.r.g.ResultGraphBuilder.save - graph saved. C:/Dev/experiment/expr10/result//15-1-no-sg/2F/1_2F_16_nopattern_nopattern_40001_15-1-no-sg_0_0.0_0.0.png
2025-12-03 23:28:56,492 [main] INFO  c.p.b.e.r.g.ResultGraphBuilder.save - graph saved. C:/Dev/experiment/expr10/result//15-1-no-sg/2F/1_2F_21_nopattern_nopattern_40001_15-1-no-sg_0_0.0_0.0.png
2025-12-03 23:28:56,730 [main] INFO  c.p.b.e.r.g.ResultGraphBuilder.save - graph saved. C:/Dev/experiment/expr10/result//15-1-no-sg/2F/1_2F_31_nopattern_nopattern_40001_15-1-no-sg_0_0.0_0.0.png
2025-12-03 23:28:57,013 [main] INFO  c.p.b.e.r.g.ResultGraphBuilder.save - graph saved. C:/Dev/experiment/expr10/result//15-1-no-sg/2T/1_2T_12_nopattern_nopattern_40001_15-1-no-sg_-16_0.3_1.6.png
2025-12-03 23:28:57,279 [main] INFO  c.p.b.e.r.g.ResultGraphBuilder.save - graph saved. C:/Dev/experiment/expr10/result//15-1-no-sg/2T/1_2T_13_nopattern_nopattern_40001_15-1-no-sg_-19_0.16_1.0.png
2025-12-03 23:28:57,550 [main] INFO  c.p.b.e.r.g.ResultGraphBuilder.save - graph saved. C:/Dev/experiment/expr10/result//15-1-no-sg/2T/1_2T_14_nopattern_nopattern_40001_15-1-no-sg_-25_0.09_0.7.png
2025-12-03 23:28:57,794 [main] INFO  c.p.b.e.r.g.ResultGraphBuilder.save - graph saved. C:/Dev/experiment/expr10/result//15-1-no-sg/2T/1_2T_15_nopattern_nopattern_40001_15-1-no-sg_-1_0.0_0.0.png
2025-12-03 23:28:58,027 [main] INFO  c.p.b.e.r.g.ResultGraphBuilder.save - graph saved. C:/Dev/experiment/expr10/result//15-1-no-sg/2T/1_2T_16_nopattern_nopattern_40001_15-1-no-sg_0_0.0_0.0.png
2025-12-03 23:28:58,254 [main] INFO  c.p.b.e.r.g.ResultGraphBuilder.save - graph saved. C:/Dev/experiment/expr10/result//15-1-no-sg/2T/1_2T_21_nopattern_nopattern_40001_15-1-no-sg_0_0.0_0.0.png
2025-12-03 23:28:58,476 [main] INFO  c.p.b.e.r.g.ResultGraphBuilder.save - graph saved. C:/Dev/experiment/expr10/result//15-1-no-sg/2T/1_2T_31_nopattern_nopattern_40001_15-1-no-sg_-1_0.0_0.0.png
2025-12-03 23:28:58,748 [main] INFO  c.p.b.e.r.g.ResultGraphBuilder.save - graph saved. C:/Dev/experiment/expr10/result//15-1-no-sg/3F/1_3F_123_nopattern_nopattern_40001_15-1-no-sg_1_0.27_1.6.png
2025-12-03 23:28:59,024 [main] INFO  c.p.b.e.r.g.ResultGraphBuilder.save - graph saved. C:/Dev/experiment/expr10/result//15-1-no-sg/3F/1_3F_124_nopattern_nopattern_40001_15-1-no-sg_-21_0.1_0.8.png
2025-12-03 23:28:59,282 [main] INFO  c.p.b.e.r.g.ResultGraphBuilder.save - graph saved. C:/Dev/experiment/expr10/result//15-1-no-sg/3F/1_3F_125_nopattern_nopattern_40001_15-1-no-sg_-6_0.0_0.0.png
2025-12-03 23:28:59,525 [main] INFO  c.p.b.e.r.g.ResultGraphBuilder.save - graph saved. C:/Dev/experiment/expr10/result//15-1-no-sg/3F/1_3F_126_nopattern_nopattern_40001_15-1-no-sg_-1_0.0_0.0.png
2025-12-03 23:28:59,793 [main] INFO  c.p.b.e.r.g.ResultGraphBuilder.save - graph saved. C:/Dev/experiment/expr10/result//15-1-no-sg/3F/1_3F_132_nopattern_nopattern_40001_15-1-no-sg_7_0.23_1.1.png
2025-12-03 23:29:00,058 [main] INFO  c.p.b.e.r.g.ResultGraphBuilder.save - graph saved. C:/Dev/experiment/expr10/result//15-1-no-sg/3F/1_3F_134_nopattern_nopattern_40001_15-1-no-sg_-10_0.04_0.3.png
2025-12-03 23:29:00,286 [main] INFO  c.p.b.e.r.g.ResultGraphBuilder.save - graph saved. C:/Dev/experiment/expr10/result//15-1-no-sg/3F/1_3F_135_nopattern_nopattern_40001_15-1-no-sg_1_0.0_0.0.png
2025-12-03 23:29:00,521 [main] INFO  c.p.b.e.r.g.ResultGraphBuilder.save - graph saved. C:/Dev/experiment/expr10/result//15-1-no-sg/3F/1_3F_136_nopattern_nopattern_40001_15-1-no-sg_-2_0.0_0.0.png
2025-12-03 23:29:00,785 [main] INFO  c.p.b.e.r.g.ResultGraphBuilder.save - graph saved. C:/Dev/experiment/expr10/result//15-1-no-sg/3F/1_3F_142_nopattern_nopattern_40001_15-1-no-sg_-5_0.04_0.3.png
2025-12-03 23:29:01,051 [main] INFO  c.p.b.e.r.g.ResultGraphBuilder.save - graph saved. C:/Dev/experiment/expr10/result//15-1-no-sg/3F/1_3F_143_nopattern_nopattern_40001_15-1-no-sg_-6_0.03_0.2.png
2025-12-03 23:29:01,266 [main] INFO  c.p.b.e.r.g.ResultGraphBuilder.save - graph saved. C:/Dev/experiment/expr10/result//15-1-no-sg/3F/1_3F_146_nopattern_nopattern_40001_15-1-no-sg_0_0.0_0.0.png
2025-12-03 23:29:01,512 [main] INFO  c.p.b.e.r.g.ResultGraphBuilder.save - graph saved. C:/Dev/experiment/expr10/result//15-1-no-sg/3F/1_3F_152_nopattern_nopattern_40001_15-1-no-sg_0_0.0_0.0.png
2025-12-03 23:29:01,742 [main] INFO  c.p.b.e.r.g.ResultGraphBuilder.save - graph saved. C:/Dev/experiment/expr10/result//15-1-no-sg/3F/1_3F_153_nopattern_nopattern_40001_15-1-no-sg_-1_0.0_0.0.png
2025-12-03 23:29:01,963 [main] INFO  c.p.b.e.r.g.ResultGraphBuilder.save - graph saved. C:/Dev/experiment/expr10/result//15-1-no-sg/3F/1_3F_154_nopattern_nopattern_40001_15-1-no-sg_-1_0.0_0.0.png
2025-12-03 23:29:02,183 [main] INFO  c.p.b.e.r.g.ResultGraphBuilder.save - graph saved. C:/Dev/experiment/expr10/result//15-1-no-sg/3F/1_3F_162_nopattern_nopattern_40001_15-1-no-sg_-1_0.0_0.0.png
2025-12-03 23:29:02,405 [main] INFO  c.p.b.e.r.g.ResultGraphBuilder.save - graph saved. C:/Dev/experiment/expr10/result//15-1-no-sg/3F/1_3F_163_nopattern_nopattern_40001_15-1-no-sg_1_0.0_0.0.png
2025-12-03 23:29:02,625 [main] INFO  c.p.b.e.r.g.ResultGraphBuilder.save - graph saved. C:/Dev/experiment/expr10/result//15-1-no-sg/3F/1_3F_213_nopattern_nopattern_40001_15-1-no-sg_1_0.0_0.0.png
2025-12-03 23:29:02,882 [main] INFO  c.p.b.e.r.g.ResultGraphBuilder.save - graph saved. C:/Dev/experiment/expr10/result//15-1-no-sg/3T/1_3T_123_nopattern_nopattern_40001_15-1-no-sg_-24_0.13_2.0.png
2025-12-03 23:29:03,139 [main] INFO  c.p.b.e.r.g.ResultGraphBuilder.save - graph saved. C:/Dev/experiment/expr10/result//15-1-no-sg/3T/1_3T_124_nopattern_nopattern_40001_15-1-no-sg_-12_0.06_0.9.png
2025-12-03 23:29:03,385 [main] INFO  c.p.b.e.r.g.ResultGraphBuilder.save - graph saved. C:/Dev/experiment/expr10/result//15-1-no-sg/3T/1_3T_125_nopattern_nopattern_40001_15-1-no-sg_-9_0.0_0.0.png
2025-12-03 23:29:03,624 [main] INFO  c.p.b.e.r.g.ResultGraphBuilder.save - graph saved. C:/Dev/experiment/expr10/result//15-1-no-sg/3T/1_3T_126_nopattern_nopattern_40001_15-1-no-sg_-3_0.0_0.0.png
2025-12-03 23:29:03,882 [main] INFO  c.p.b.e.r.g.ResultGraphBuilder.save - graph saved. C:/Dev/experiment/expr10/result//15-1-no-sg/3T/1_3T_132_nopattern_nopattern_40001_15-1-no-sg_7_0.15_2.0.png
2025-12-03 23:29:04,134 [main] INFO  c.p.b.e.r.g.ResultGraphBuilder.save - graph saved. C:/Dev/experiment/expr10/result//15-1-no-sg/3T/1_3T_134_nopattern_nopattern_40001_15-1-no-sg_3_0.01_0.3.png
2025-12-03 23:29:04,356 [main] INFO  c.p.b.e.r.g.ResultGraphBuilder.save - graph saved. C:/Dev/experiment/expr10/result//15-1-no-sg/3T/1_3T_135_nopattern_nopattern_40001_15-1-no-sg_-3_0.0_0.0.png
2025-12-03 23:29:04,580 [main] INFO  c.p.b.e.r.g.ResultGraphBuilder.save - graph saved. C:/Dev/experiment/expr10/result//15-1-no-sg/3T/1_3T_136_nopattern_nopattern_40001_15-1-no-sg_0_0.0_0.0.png
2025-12-03 23:29:04,838 [main] INFO  c.p.b.e.r.g.ResultGraphBuilder.save - graph saved. C:/Dev/experiment/expr10/result//15-1-no-sg/3T/1_3T_142_nopattern_nopattern_40001_15-1-no-sg_-11_0.03_0.6.png
2025-12-03 23:29:05,085 [main] INFO  c.p.b.e.r.g.ResultGraphBuilder.save - graph saved. C:/Dev/experiment/expr10/result//15-1-no-sg/3T/1_3T_143_nopattern_nopattern_40001_15-1-no-sg_-25_0.01_0.4.png
2025-12-03 23:29:05,305 [main] INFO  c.p.b.e.r.g.ResultGraphBuilder.save - graph saved. C:/Dev/experiment/expr10/result//15-1-no-sg/3T/1_3T_145_nopattern_nopattern_40001_15-1-no-sg_-1_0.0_0.0.png
2025-12-03 23:29:05,526 [main] INFO  c.p.b.e.r.g.ResultGraphBuilder.save - graph saved. C:/Dev/experiment/expr10/result//15-1-no-sg/3T/1_3T_146_nopattern_nopattern_40001_15-1-no-sg_-1_0.0_0.0.png
2025-12-03 23:29:05,761 [main] INFO  c.p.b.e.r.g.ResultGraphBuilder.save - graph saved. C:/Dev/experiment/expr10/result//15-1-no-sg/3T/1_3T_152_nopattern_nopattern_40001_15-1-no-sg_-1_0.0_0.0.png
2025-12-03 23:29:06,050 [main] INFO  c.p.b.e.r.g.ResultGraphBuilder.save - graph saved. C:/Dev/experiment/expr10/result//15-1-no-sg/3T/1_3T_153_nopattern_nopattern_40001_15-1-no-sg_-3_0.0_0.0.png
2025-12-03 23:29:06,266 [main] INFO  c.p.b.e.r.g.ResultGraphBuilder.save - graph saved. C:/Dev/experiment/expr10/result//15-1-no-sg/3T/1_3T_154_nopattern_nopattern_40001_15-1-no-sg_-1_0.0_0.0.png
2025-12-03 23:29:06,484 [main] INFO  c.p.b.e.r.g.ResultGraphBuilder.save - graph saved. C:/Dev/experiment/expr10/result//15-1-no-sg/3T/1_3T_162_nopattern_nopattern_40001_15-1-no-sg_-1_0.0_0.0.png
2025-12-03 23:29:06,713 [main] INFO  c.p.b.e.r.g.ResultGraphBuilder.save - graph saved. C:/Dev/experiment/expr10/result//15-1-no-sg/3T/1_3T_163_nopattern_nopattern_40001_15-1-no-sg_-1_0.0_0.0.png
2025-12-03 23:29:06,937 [main] INFO  c.p.b.e.r.g.ResultGraphBuilder.save - graph saved. C:/Dev/experiment/expr10/result//15-1-no-sg/3T/1_3T_213_nopattern_nopattern_40001_15-1-no-sg_6_0.0_0.0.png
2025-12-03 23:29:07,149 [main] INFO  c.p.b.e.r.g.ResultGraphBuilder.save - graph saved. C:/Dev/experiment/expr10/result//15-1-no-sg/3T/1_3T_214_nopattern_nopattern_40001_15-1-no-sg_0_0.0_0.0.png
2025-12-03 23:29:11,326 [main] INFO  c.p.b.u.DatabaseUtil.open - open targetDb: mybatis-config.0.xml
2025-12-03 23:29:12,797 [main] DEBUG c.p.b.e.MLResultGenerator.executeExperiment - db data retrieved. 20220604~20230603
2025-12-03 23:29:12,797 [main] INFO  c.p.b.u.DatabaseUtil.open - open targetDb: mybatis-config.0.xml
2025-12-03 23:29:14,052 [main] DEBUG c.p.b.e.MLResultGenerator.executeExperiment - 278 processed... 20220604/20230603
2025-12-03 23:29:14,681 [main] DEBUG c.p.b.e.MLResultGenerator.executeExperiment - 278 processed... 20220605/20230603
2025-12-03 23:29:15,481 [main] DEBUG c.p.b.e.MLResultGenerator.executeExperiment - 278 processed... 20220606/20230603
2025-12-03 23:29:16,212 [main] DEBUG c.p.b.e.MLResultGenerator.executeExperiment - 278 processed... 20220607/20230603
2025-12-03 23:29:16,687 [main] DEBUG c.p.b.e.MLResultGenerator.executeExperiment - 278 processed... 20220608/20230603
2025-12-03 23:29:17,153 [main] DEBUG c.p.b.e.MLResultGenerator.executeExperiment - 278 processed... 20220609/20230603
2025-12-03 23:29:17,637 [main] DEBUG c.p.b.e.MLResultGenerator.executeExperiment - 278 processed... 20220610/20230603
2025-12-03 23:29:18,408 [main] DEBUG c.p.b.e.MLResultGenerator.executeExperiment - 278 processed... 20220621/20230603
2025-12-03 23:29:19,135 [main] DEBUG c.p.b.e.MLResultGenerator.executeExperiment - 278 processed... 20220622/20230603
2025-12-03 23:29:19,759 [main] DEBUG c.p.b.e.MLResultGenerator.executeExperiment - 278 processed... 20220623/20230603
2025-12-03 23:29:20,398 [main] DEBUG c.p.b.e.MLResultGenerator.executeExperiment - 278 processed... 20220624/20230603
2025-12-03 23:29:21,174 [main] DEBUG c.p.b.e.MLResultGenerator.executeExperiment - 278 processed... 20220625/20230603
2025-12-03 23:29:21,814 [main] DEBUG c.p.b.e.MLResultGenerator.executeExperiment - 278 processed... 20220626/20230603
2025-12-03 23:29:22,400 [main] DEBUG c.p.b.e.MLResultGenerator.executeExperiment - 278 processed... 20220628/20230603
2025-12-03 23:29:22,904 [main] DEBUG c.p.b.e.MLResultGenerator.executeExperiment - 278 processed... 20220629/20230603
2025-12-03 23:29:23,453 [main] DEBUG c.p.b.e.MLResultGenerator.executeExperiment - 278 processed... 20220630/20230603
2025-12-03 23:29:23,989 [main] DEBUG c.p.b.e.MLResultGenerator.executeExperiment - 278 processed... 20220701/20230603
2025-12-03 23:29:24,579 [main] DEBUG c.p.b.e.MLResultGenerator.executeExperiment - 278 processed... 20220702/20230603
2025-12-03 23:29:25,213 [main] DEBUG c.p.b.e.MLResultGenerator.executeExperiment - 278 processed... 20220703/20230603
2025-12-03 23:29:25,796 [main] DEBUG c.p.b.e.MLResultGenerator.executeExperiment - 278 processed... 20220705/20230603
2025-12-03 23:29:26,383 [main] DEBUG c.p.b.e.MLResultGenerator.executeExperiment - 278 processed... 20220706/20230603
2025-12-03 23:29:26,939 [main] DEBUG c.p.b.e.MLResultGenerator.executeExperiment - 278 processed... 20220707/20230603
2025-12-03 23:29:27,429 [main] DEBUG c.p.b.e.MLResultGenerator.executeExperiment - 278 processed... 20220708/20230603
2025-12-03 23:29:28,070 [main] DEBUG c.p.b.e.MLResultGenerator.executeExperiment - 278 processed... 20220709/20230603
2025-12-03 23:29:28,702 [main] DEBUG c.p.b.e.MLResultGenerator.executeExperiment - 278 processed... 20220710/20230603
2025-12-03 23:29:29,291 [main] DEBUG c.p.b.e.MLResultGenerator.executeExperiment - 278 processed... 20220712/20230603
2025-12-03 23:29:29,815 [main] DEBUG c.p.b.e.MLResultGenerator.executeExperiment - 278 processed... 20220713/20230603
2025-12-03 23:29:30,309 [main] DEBUG c.p.b.e.MLResultGenerator.executeExperiment - 278 processed... 20220714/20230603
2025-12-03 23:29:30,855 [main] DEBUG c.p.b.e.MLResultGenerator.executeExperiment - 278 processed... 20220715/20230603
2025-12-03 23:29:31,476 [main] DEBUG c.p.b.e.MLResultGenerator.executeExperiment - 278 processed... 20220716/20230603
2025-12-03 23:29:32,082 [main] DEBUG c.p.b.e.MLResultGenerator.executeExperiment - 278 processed... 20220717/20230603
2025-12-03 23:29:32,630 [main] DEBUG c.p.b.e.MLResultGenerator.executeExperiment - 278 processed... 20220719/20230603
2025-12-03 23:29:33,136 [main] DEBUG c.p.b.e.MLResultGenerator.executeExperiment - 278 processed... 20220720/20230603
2025-12-03 23:29:33,598 [main] DEBUG c.p.b.e.MLResultGenerator.executeExperiment - 278 processed... 20220721/20230603
2025-12-03 23:29:34,103 [main] DEBUG c.p.b.e.MLResultGenerator.executeExperiment - 278 processed... 20220722/20230603
2025-12-03 23:29:34,559 [main] DEBUG c.p.b.e.MLResultGenerator.executeExperiment - 278 processed... 20220723/20230603
2025-12-03 23:29:35,044 [main] DEBUG c.p.b.e.MLResultGenerator.executeExperiment - 278 processed... 20220724/20230603
2025-12-03 23:29:35,577 [main] DEBUG c.p.b.e.MLResultGenerator.executeExperiment - 278 processed... 20220726/20230603
2025-12-03 23:29:36,157 [main] DEBUG c.p.b.e.MLResultGenerator.executeExperiment - 278 processed... 20220727/20230603
2025-12-03 23:29:36,650 [main] DEBUG c.p.b.e.MLResultGenerator.executeExperiment - 278 processed... 20220728/20230603
2025-12-03 23:29:37,211 [main] DEBUG c.p.b.e.MLResultGenerator.executeExperiment - 278 processed... 20220729/20230603
2025-12-03 23:29:37,751 [main] DEBUG c.p.b.e.MLResultGenerator.executeExperiment - 278 processed... 20220730/20230603
2025-12-03 23:29:38,377 [main] DEBUG c.p.b.e.MLResultGenerator.executeExperiment - 278 processed... 20220731/20230603
2025-12-03 23:29:38,779 [main] DEBUG c.p.b.e.MLResultGenerator.executeExperiment - 278 processed... 20220802/20230603
2025-12-03 23:29:39,232 [main] DEBUG c.p.b.e.MLResultGenerator.executeExperiment - 278 processed... 20220803/20230603
2025-12-03 23:29:39,676 [main] DEBUG c.p.b.e.MLResultGenerator.executeExperiment - 278 processed... 20220804/20230603
2025-12-03 23:29:40,169 [main] DEBUG c.p.b.e.MLResultGenerator.executeExperiment - 278 processed... 20220805/20230603
2025-12-03 23:29:40,648 [main] DEBUG c.p.b.e.MLResultGenerator.executeExperiment - 278 processed... 20220806/20230603
2025-12-03 23:29:41,075 [main] DEBUG c.p.b.e.MLResultGenerator.executeExperiment - 278 processed... 20220807/20230603
2025-12-03 23:29:41,715 [main] DEBUG c.p.b.e.MLResultGenerator.executeExperiment - 278 processed... 20220823/20230603
2025-12-03 23:29:42,304 [main] DEBUG c.p.b.e.MLResultGenerator.executeExperiment - 278 processed... 20220824/20230603
2025-12-03 23:29:42,770 [main] DEBUG c.p.b.e.MLResultGenerator.executeExperiment - 278 processed... 20220825/20230603
2025-12-03 23:29:43,258 [main] DEBUG c.p.b.e.MLResultGenerator.executeExperiment - 278 processed... 20220826/20230603
2025-12-03 23:29:43,804 [main] DEBUG c.p.b.e.MLResultGenerator.executeExperiment - 278 processed... 20220827/20230603
2025-12-03 23:29:44,351 [main] DEBUG c.p.b.e.MLResultGenerator.executeExperiment - 278 processed... 20220828/20230603
2025-12-03 23:29:44,935 [main] DEBUG c.p.b.e.MLResultGenerator.executeExperiment - 278 processed... 20220830/20230603
2025-12-03 23:29:45,528 [main] DEBUG c.p.b.e.MLResultGenerator.executeExperiment - 278 processed... 20220831/20230603
2025-12-03 23:29:46,014 [main] DEBUG c.p.b.e.MLResultGenerator.executeExperiment - 278 processed... 20220901/20230603
2025-12-03 23:29:46,508 [main] DEBUG c.p.b.e.MLResultGenerator.executeExperiment - 278 processed... 20220902/20230603
2025-12-03 23:29:47,046 [main] DEBUG c.p.b.e.MLResultGenerator.executeExperiment - 278 processed... 20220903/20230603
2025-12-03 23:29:47,535 [main] DEBUG c.p.b.e.MLResultGenerator.executeExperiment - 278 processed... 20220904/20230603
2025-12-03 23:29:47,891 [main] DEBUG c.p.b.e.MLResultGenerator.executeExperiment - 278 processed... 20220905/20230603
2025-12-03 23:29:48,194 [main] DEBUG c.p.b.e.MLResultGenerator.executeExperiment - 278 processed... 20220906/20230603
2025-12-03 23:29:48,642 [main] DEBUG c.p.b.e.MLResultGenerator.executeExperiment - 278 processed... 20220907/20230603
2025-12-03 23:29:49,136 [main] DEBUG c.p.b.e.MLResultGenerator.executeExperiment - 278 processed... 20220908/20230603
2025-12-03 23:29:49,591 [main] DEBUG c.p.b.e.MLResultGenerator.executeExperiment - 278 processed... 20220909/20230603
2025-12-03 23:29:50,138 [main] DEBUG c.p.b.e.MLResultGenerator.executeExperiment - 278 processed... 20220910/20230603
2025-12-03 23:29:50,706 [main] DEBUG c.p.b.e.MLResultGenerator.executeExperiment - 278 processed... 20220911/20230603
2025-12-03 23:29:51,285 [main] DEBUG c.p.b.e.MLResultGenerator.executeExperiment - 278 processed... 20220912/20230603
2025-12-03 23:29:51,842 [main] DEBUG c.p.b.e.MLResultGenerator.executeExperiment - 278 processed... 20220913/20230603
2025-12-03 23:29:52,383 [main] DEBUG c.p.b.e.MLResultGenerator.executeExperiment - 278 processed... 20220914/20230603
2025-12-03 23:29:52,887 [main] DEBUG c.p.b.e.MLResultGenerator.executeExperiment - 278 processed... 20220915/20230603
2025-12-03 23:29:53,394 [main] DEBUG c.p.b.e.MLResultGenerator.executeExperiment - 278 processed... 20220916/20230603
2025-12-03 23:29:53,977 [main] DEBUG c.p.b.e.MLResultGenerator.executeExperiment - 278 processed... 20220917/20230603
2025-12-03 23:29:54,411 [main] DEBUG c.p.b.e.MLResultGenerator.executeExperiment - 278 processed... 20220918/20230603
2025-12-03 23:29:54,933 [main] DEBUG c.p.b.e.MLResultGenerator.executeExperiment - 278 processed... 20220920/20230603
2025-12-03 23:29:55,545 [main] DEBUG c.p.b.e.MLResultGenerator.executeExperiment - 278 processed... 20220921/20230603
2025-12-03 23:29:56,169 [main] DEBUG c.p.b.e.MLResultGenerator.executeExperiment - 278 processed... 20220922/20230603
2025-12-03 23:29:56,823 [main] DEBUG c.p.b.e.MLResultGenerator.executeExperiment - 278 processed... 20220923/20230603
2025-12-03 23:29:57,423 [main] DEBUG c.p.b.e.MLResultGenerator.executeExperiment - 278 processed... 20220924/20230603
2025-12-03 23:29:58,045 [main] DEBUG c.p.b.e.MLResultGenerator.executeExperiment - 278 processed... 20220925/20230603
2025-12-03 23:29:58,621 [main] DEBUG c.p.b.e.MLResultGenerator.executeExperiment - 278 processed... 20220926/20230603
2025-12-03 23:29:59,083 [main] DEBUG c.p.b.e.MLResultGenerator.executeExperiment - 278 processed... 20220927/20230603
2025-12-03 23:29:59,536 [main] DEBUG c.p.b.e.MLResultGenerator.executeExperiment - 278 processed... 20220928/20230603
2025-12-03 23:29:59,991 [main] DEBUG c.p.b.e.MLResultGenerator.executeExperiment - 278 processed... 20220929/20230603
2025-12-03 23:30:00,506 [main] DEBUG c.p.b.e.MLResultGenerator.executeExperiment - 278 processed... 20220930/20230603
2025-12-03 23:30:01,046 [main] DEBUG c.p.b.e.MLResultGenerator.executeExperiment - 278 processed... 20221001/20230603
2025-12-03 23:30:01,622 [main] DEBUG c.p.b.e.MLResultGenerator.executeExperiment - 278 processed... 20221002/20230603
2025-12-03 23:30:02,191 [main] DEBUG c.p.b.e.MLResultGenerator.executeExperiment - 278 processed... 20221003/20230603
2025-12-03 23:30:02,659 [main] DEBUG c.p.b.e.MLResultGenerator.executeExperiment - 278 processed... 20221004/20230603
2025-12-03 23:30:03,105 [main] DEBUG c.p.b.e.MLResultGenerator.executeExperiment - 278 processed... 20221005/20230603
2025-12-03 23:30:03,506 [main] DEBUG c.p.b.e.MLResultGenerator.executeExperiment - 278 processed... 20221006/20230603
2025-12-03 23:30:03,942 [main] DEBUG c.p.b.e.MLResultGenerator.executeExperiment - 278 processed... 20221007/20230603
2025-12-03 23:30:04,482 [main] DEBUG c.p.b.e.MLResultGenerator.executeExperiment - 278 processed... 20221011/20230603
2025-12-03 23:30:04,982 [main] DEBUG c.p.b.e.MLResultGenerator.executeExperiment - 278 processed... 20221012/20230603
2025-12-03 23:30:05,438 [main] DEBUG c.p.b.e.MLResultGenerator.executeExperiment - 278 processed... 20221013/20230603
2025-12-03 23:30:05,904 [main] DEBUG c.p.b.e.MLResultGenerator.executeExperiment - 278 processed... 20221014/20230603
2025-12-03 23:30:06,350 [main] DEBUG c.p.b.e.MLResultGenerator.executeExperiment - 278 processed... 20221015/20230603
2025-12-03 23:30:06,908 [main] DEBUG c.p.b.e.MLResultGenerator.executeExperiment - 278 processed... 20221016/20230603
2025-12-03 23:30:07,409 [main] DEBUG c.p.b.e.MLResultGenerator.executeExperiment - 278 processed... 20221017/20230603
2025-12-03 23:30:07,821 [main] DEBUG c.p.b.e.MLResultGenerator.executeExperiment - 278 processed... 20221018/20230603
2025-12-03 23:30:08,277 [main] DEBUG c.p.b.e.MLResultGenerator.executeExperiment - 278 processed... 20221019/20230603
2025-12-03 23:30:08,775 [main] DEBUG c.p.b.e.MLResultGenerator.executeExperiment - 278 processed... 20221020/20230603
2025-12-03 23:30:09,232 [main] DEBUG c.p.b.e.MLResultGenerator.executeExperiment - 278 processed... 20221021/20230603
2025-12-03 23:30:09,828 [main] DEBUG c.p.b.e.MLResultGenerator.executeExperiment - 278 processed... 20221025/20230603
2025-12-03 23:30:10,339 [main] DEBUG c.p.b.e.MLResultGenerator.executeExperiment - 278 processed... 20221026/20230603
2025-12-03 23:30:10,798 [main] DEBUG c.p.b.e.MLResultGenerator.executeExperiment - 278 processed... 20221027/20230603
2025-12-03 23:30:11,247 [main] DEBUG c.p.b.e.MLResultGenerator.executeExperiment - 278 processed... 20221028/20230603
2025-12-03 23:30:11,846 [main] DEBUG c.p.b.e.MLResultGenerator.executeExperiment - 278 processed... 20221029/20230603
2025-12-03 23:30:12,489 [main] DEBUG c.p.b.e.MLResultGenerator.executeExperiment - 278 processed... 20221030/20230603
2025-12-03 23:30:13,039 [main] DEBUG c.p.b.e.MLResultGenerator.executeExperiment - 278 processed... 20221103/20230603
2025-12-03 23:30:13,539 [main] DEBUG c.p.b.e.MLResultGenerator.executeExperiment - 278 processed... 20221104/20230603
2025-12-03 23:30:14,026 [main] DEBUG c.p.b.e.MLResultGenerator.executeExperiment - 278 processed... 20221105/20230603
2025-12-03 23:30:14,485 [main] DEBUG c.p.b.e.MLResultGenerator.executeExperiment - 278 processed... 20221106/20230603
2025-12-03 23:30:14,911 [main] DEBUG c.p.b.e.MLResultGenerator.executeExperiment - 278 processed... 20221107/20230603
2025-12-03 23:30:15,256 [main] DEBUG c.p.b.e.MLResultGenerator.executeExperiment - 278 processed... 20221108/20230603
2025-12-03 23:30:15,621 [main] DEBUG c.p.b.e.MLResultGenerator.executeExperiment - 278 processed... 20221109/20230603
2025-12-03 23:30:16,097 [main] DEBUG c.p.b.e.MLResultGenerator.executeExperiment - 278 processed... 20221112/20230603
2025-12-03 23:30:16,601 [main] DEBUG c.p.b.e.MLResultGenerator.executeExperiment - 278 processed... 20221113/20230603
2025-12-03 23:30:17,118 [main] DEBUG c.p.b.e.MLResultGenerator.executeExperiment - 278 processed... 20221114/20230603
2025-12-03 23:30:17,612 [main] DEBUG c.p.b.e.MLResultGenerator.executeExperiment - 278 processed... 20221115/20230603
2025-12-03 23:30:18,124 [main] DEBUG c.p.b.e.MLResultGenerator.executeExperiment - 278 processed... 20221116/20230603
2025-12-03 23:30:18,593 [main] DEBUG c.p.b.e.MLResultGenerator.executeExperiment - 278 processed... 20221117/20230603
2025-12-03 23:30:19,144 [main] DEBUG c.p.b.e.MLResultGenerator.executeExperiment - 278 processed... 20221118/20230603
2025-12-03 23:30:19,640 [main] DEBUG c.p.b.e.MLResultGenerator.executeExperiment - 278 processed... 20221122/20230603
2025-12-03 23:30:20,103 [main] DEBUG c.p.b.e.MLResultGenerator.executeExperiment - 278 processed... 20221123/20230603
2025-12-03 23:30:20,578 [main] DEBUG c.p.b.e.MLResultGenerator.executeExperiment - 278 processed... 20221124/20230603
2025-12-03 23:30:21,142 [main] DEBUG c.p.b.e.MLResultGenerator.executeExperiment - 278 processed... 20221125/20230603
2025-12-03 23:30:21,666 [main] DEBUG c.p.b.e.MLResultGenerator.executeExperiment - 278 processed... 20221126/20230603
2025-12-03 23:30:22,278 [main] DEBUG c.p.b.e.MLResultGenerator.executeExperiment - 278 processed... 20221127/20230603
2025-12-03 23:30:22,773 [main] DEBUG c.p.b.e.MLResultGenerator.executeExperiment - 278 processed... 20221201/20230603
2025-12-03 23:30:23,317 [main] DEBUG c.p.b.e.MLResultGenerator.executeExperiment - 278 processed... 20221202/20230603
2025-12-03 23:30:23,848 [main] DEBUG c.p.b.e.MLResultGenerator.executeExperiment - 278 processed... 20221203/20230603
2025-12-03 23:30:24,301 [main] DEBUG c.p.b.e.MLResultGenerator.executeExperiment - 278 processed... 20221204/20230603
2025-12-03 23:30:24,773 [main] DEBUG c.p.b.e.MLResultGenerator.executeExperiment - 278 processed... 20221205/20230603
2025-12-03 23:30:25,292 [main] DEBUG c.p.b.e.MLResultGenerator.executeExperiment - 278 processed... 20221206/20230603
2025-12-03 23:30:25,787 [main] DEBUG c.p.b.e.MLResultGenerator.executeExperiment - 278 processed... 20221207/20230603
2025-12-03 23:30:26,325 [main] DEBUG c.p.b.e.MLResultGenerator.executeExperiment - 278 processed... 20221208/20230603
2025-12-03 23:30:27,098 [main] DEBUG c.p.b.e.MLResultGenerator.executeExperiment - 278 processed... 20221209/20230603
2025-12-03 23:30:27,765 [main] DEBUG c.p.b.e.MLResultGenerator.executeExperiment - 278 processed... 20221213/20230603
2025-12-03 23:30:28,225 [main] DEBUG c.p.b.e.MLResultGenerator.executeExperiment - 278 processed... 20221214/20230603
2025-12-03 23:30:28,701 [main] DEBUG c.p.b.e.MLResultGenerator.executeExperiment - 278 processed... 20221215/20230603
2025-12-03 23:30:29,153 [main] DEBUG c.p.b.e.MLResultGenerator.executeExperiment - 278 processed... 20221216/20230603
2025-12-03 23:30:29,699 [main] DEBUG c.p.b.e.MLResultGenerator.executeExperiment - 278 processed... 20221217/20230603
2025-12-03 23:30:30,205 [main] DEBUG c.p.b.e.MLResultGenerator.executeExperiment - 278 processed... 20221218/20230603
2025-12-03 23:30:30,849 [main] DEBUG c.p.b.e.MLResultGenerator.executeExperiment - 278 processed... 20221226/20230603
2025-12-03 23:30:31,490 [main] DEBUG c.p.b.e.MLResultGenerator.executeExperiment - 278 processed... 20221227/20230603
2025-12-03 23:30:32,184 [main] DEBUG c.p.b.e.MLResultGenerator.executeExperiment - 278 processed... 20221228/20230603
2025-12-03 23:30:32,860 [main] DEBUG c.p.b.e.MLResultGenerator.executeExperiment - 278 processed... 20221229/20230603
2025-12-03 23:30:33,646 [main] DEBUG c.p.b.e.MLResultGenerator.executeExperiment - 278 processed... 20221230/20230603
2025-12-03 23:30:34,497 [main] DEBUG c.p.b.e.MLResultGenerator.executeExperiment - 278 processed... 20221231/20230603
2025-12-03 23:30:35,071 [main] DEBUG c.p.b.e.MLResultGenerator.executeExperiment - 278 processed... 20230112/20230603
2025-12-03 23:30:35,619 [main] DEBUG c.p.b.e.MLResultGenerator.executeExperiment - 278 processed... 20230113/20230603
2025-12-03 23:30:36,194 [main] DEBUG c.p.b.e.MLResultGenerator.executeExperiment - 278 processed... 20230114/20230603
2025-12-03 23:30:36,751 [main] DEBUG c.p.b.e.MLResultGenerator.executeExperiment - 278 processed... 20230115/20230603
2025-12-03 23:30:37,274 [main] DEBUG c.p.b.e.MLResultGenerator.executeExperiment - 278 processed... 20230116/20230603
2025-12-03 23:30:37,781 [main] DEBUG c.p.b.e.MLResultGenerator.executeExperiment - 278 processed... 20230117/20230603
2025-12-03 23:30:38,282 [main] DEBUG c.p.b.e.MLResultGenerator.executeExperiment - 278 processed... 20230118/20230603
2025-12-03 23:30:38,814 [main] DEBUG c.p.b.e.MLResultGenerator.executeExperiment - 278 processed... 20230119/20230603
2025-12-03 23:30:39,371 [main] DEBUG c.p.b.e.MLResultGenerator.executeExperiment - 278 processed... 20230120/20230603
2025-12-03 23:30:39,945 [main] DEBUG c.p.b.e.MLResultGenerator.executeExperiment - 278 processed... 20230121/20230603
2025-12-03 23:30:40,484 [main] DEBUG c.p.b.e.MLResultGenerator.executeExperiment - 278 processed... 20230122/20230603
2025-12-03 23:30:41,035 [main] DEBUG c.p.b.e.MLResultGenerator.executeExperiment - 278 processed... 20230123/20230603
2025-12-03 23:30:41,536 [main] DEBUG c.p.b.e.MLResultGenerator.executeExperiment - 278 processed... 20230125/20230603
2025-12-03 23:30:42,156 [main] DEBUG c.p.b.e.MLResultGenerator.executeExperiment - 278 processed... 20230126/20230603
2025-12-03 23:30:42,761 [main] DEBUG c.p.b.e.MLResultGenerator.executeExperiment - 278 processed... 20230127/20230603
2025-12-03 23:30:43,392 [main] DEBUG c.p.b.e.MLResultGenerator.executeExperiment - 278 processed... 20230128/20230603
2025-12-03 23:30:44,027 [main] DEBUG c.p.b.e.MLResultGenerator.executeExperiment - 278 processed... 20230129/20230603
2025-12-03 23:30:44,653 [main] DEBUG c.p.b.e.MLResultGenerator.executeExperiment - 278 processed... 20230130/20230603
2025-12-03 23:30:45,188 [main] DEBUG c.p.b.e.MLResultGenerator.executeExperiment - 278 processed... 20230131/20230603
2025-12-03 23:30:45,778 [main] DEBUG c.p.b.e.MLResultGenerator.executeExperiment - 278 processed... 20230204/20230603
2025-12-03 23:30:46,363 [main] DEBUG c.p.b.e.MLResultGenerator.executeExperiment - 278 processed... 20230205/20230603
2025-12-03 23:30:46,951 [main] DEBUG c.p.b.e.MLResultGenerator.executeExperiment - 278 processed... 20230206/20230603
2025-12-03 23:30:47,468 [main] DEBUG c.p.b.e.MLResultGenerator.executeExperiment - 278 processed... 20230207/20230603
2025-12-03 23:30:47,927 [main] DEBUG c.p.b.e.MLResultGenerator.executeExperiment - 278 processed... 20230208/20230603
2025-12-03 23:30:48,377 [main] DEBUG c.p.b.e.MLResultGenerator.executeExperiment - 278 processed... 20230209/20230603
2025-12-03 23:30:48,880 [main] DEBUG c.p.b.e.MLResultGenerator.executeExperiment - 278 processed... 20230210/20230603
2025-12-03 23:30:49,430 [main] DEBUG c.p.b.e.MLResultGenerator.executeExperiment - 278 processed... 20230211/20230603
2025-12-03 23:30:49,985 [main] DEBUG c.p.b.e.MLResultGenerator.executeExperiment - 278 processed... 20230212/20230603
2025-12-03 23:30:50,448 [main] DEBUG c.p.b.e.MLResultGenerator.executeExperiment - 278 processed... 20230213/20230603
2025-12-03 23:30:50,866 [main] DEBUG c.p.b.e.MLResultGenerator.executeExperiment - 278 processed... 20230214/20230603
2025-12-03 23:30:51,379 [main] DEBUG c.p.b.e.MLResultGenerator.executeExperiment - 278 processed... 20230215/20230603
2025-12-03 23:30:51,864 [main] DEBUG c.p.b.e.MLResultGenerator.executeExperiment - 278 processed... 20230216/20230603
2025-12-03 23:30:52,417 [main] DEBUG c.p.b.e.MLResultGenerator.executeExperiment - 278 processed... 20230217/20230603
2025-12-03 23:30:52,950 [main] DEBUG c.p.b.e.MLResultGenerator.executeExperiment - 278 processed... 20230221/20230603
2025-12-03 23:30:53,461 [main] DEBUG c.p.b.e.MLResultGenerator.executeExperiment - 278 processed... 20230222/20230603
2025-12-03 23:30:54,120 [main] DEBUG c.p.b.e.MLResultGenerator.executeExperiment - 278 processed... 20230223/20230603
2025-12-03 23:30:54,867 [main] DEBUG c.p.b.e.MLResultGenerator.executeExperiment - 278 processed... 20230224/20230603
2025-12-03 23:30:55,550 [main] DEBUG c.p.b.e.MLResultGenerator.executeExperiment - 278 processed... 20230225/20230603
2025-12-03 23:30:56,172 [main] DEBUG c.p.b.e.MLResultGenerator.executeExperiment - 278 processed... 20230226/20230603
2025-12-03 23:30:56,879 [main] DEBUG c.p.b.e.MLResultGenerator.executeExperiment - 278 processed... 20230228/20230603
2025-12-03 23:30:57,425 [main] DEBUG c.p.b.e.MLResultGenerator.executeExperiment - 278 processed... 20230301/20230603
2025-12-03 23:30:58,017 [main] DEBUG c.p.b.e.MLResultGenerator.executeExperiment - 278 processed... 20230302/20230603
2025-12-03 23:30:58,694 [main] DEBUG c.p.b.e.MLResultGenerator.executeExperiment - 278 processed... 20230303/20230603
2025-12-03 23:30:59,349 [main] DEBUG c.p.b.e.MLResultGenerator.executeExperiment - 278 processed... 20230304/20230603
2025-12-03 23:30:59,930 [main] DEBUG c.p.b.e.MLResultGenerator.executeExperiment - 278 processed... 20230305/20230603
2025-12-03 23:31:00,396 [main] DEBUG c.p.b.e.MLResultGenerator.executeExperiment - 278 processed... 20230306/20230603
2025-12-03 23:31:00,933 [main] DEBUG c.p.b.e.MLResultGenerator.executeExperiment - 278 processed... 20230307/20230603
2025-12-03 23:31:01,467 [main] DEBUG c.p.b.e.MLResultGenerator.executeExperiment - 278 processed... 20230308/20230603
2025-12-03 23:31:01,980 [main] DEBUG c.p.b.e.MLResultGenerator.executeExperiment - 278 processed... 20230309/20230603
2025-12-03 23:31:02,537 [main] DEBUG c.p.b.e.MLResultGenerator.executeExperiment - 278 processed... 20230310/20230603
2025-12-03 23:31:03,186 [main] DEBUG c.p.b.e.MLResultGenerator.executeExperiment - 278 processed... 20230311/20230603
2025-12-03 23:31:03,965 [main] DEBUG c.p.b.e.MLResultGenerator.executeExperiment - 278 processed... 20230312/20230603
2025-12-03 23:31:04,585 [main] DEBUG c.p.b.e.MLResultGenerator.executeExperiment - 278 processed... 20230313/20230603
2025-12-03 23:31:05,115 [main] DEBUG c.p.b.e.MLResultGenerator.executeExperiment - 278 processed... 20230314/20230603
2025-12-03 23:31:05,558 [main] DEBUG c.p.b.e.MLResultGenerator.executeExperiment - 278 processed... 20230315/20230603
2025-12-03 23:31:05,994 [main] DEBUG c.p.b.e.MLResultGenerator.executeExperiment - 278 processed... 20230316/20230603
2025-12-03 23:31:06,502 [main] DEBUG c.p.b.e.MLResultGenerator.executeExperiment - 278 processed... 20230317/20230603
2025-12-03 23:31:07,065 [main] DEBUG c.p.b.e.MLResultGenerator.executeExperiment - 278 processed... 20230318/20230603
2025-12-03 23:31:07,566 [main] DEBUG c.p.b.e.MLResultGenerator.executeExperiment - 278 processed... 20230319/20230603
2025-12-03 23:31:08,103 [main] DEBUG c.p.b.e.MLResultGenerator.executeExperiment - 278 processed... 20230320/20230603
2025-12-03 23:31:08,687 [main] DEBUG c.p.b.e.MLResultGenerator.executeExperiment - 278 processed... 20230321/20230603
2025-12-03 23:31:09,385 [main] DEBUG c.p.b.e.MLResultGenerator.executeExperiment - 278 processed... 20230325/20230603
2025-12-03 23:31:10,003 [main] DEBUG c.p.b.e.MLResultGenerator.executeExperiment - 278 processed... 20230326/20230603
2025-12-03 23:31:10,506 [main] DEBUG c.p.b.e.MLResultGenerator.executeExperiment - 278 processed... 20230327/20230603
2025-12-03 23:31:10,966 [main] DEBUG c.p.b.e.MLResultGenerator.executeExperiment - 278 processed... 20230328/20230603
2025-12-03 23:31:11,411 [main] DEBUG c.p.b.e.MLResultGenerator.executeExperiment - 278 processed... 20230329/20230603
2025-12-03 23:31:11,925 [main] DEBUG c.p.b.e.MLResultGenerator.executeExperiment - 278 processed... 20230330/20230603
2025-12-03 23:31:12,331 [main] DEBUG c.p.b.e.MLResultGenerator.executeExperiment - 278 processed... 20230331/20230603
2025-12-03 23:31:12,842 [main] DEBUG c.p.b.e.MLResultGenerator.executeExperiment - 278 processed... 20230404/20230603
2025-12-03 23:31:13,398 [main] DEBUG c.p.b.e.MLResultGenerator.executeExperiment - 278 processed... 20230405/20230603
2025-12-03 23:31:13,845 [main] DEBUG c.p.b.e.MLResultGenerator.executeExperiment - 278 processed... 20230407/20230603
2025-12-03 23:31:14,422 [main] DEBUG c.p.b.e.MLResultGenerator.executeExperiment - 278 processed... 20230408/20230603
2025-12-03 23:31:15,045 [main] DEBUG c.p.b.e.MLResultGenerator.executeExperiment - 278 processed... 20230409/20230603
2025-12-03 23:31:15,583 [main] DEBUG c.p.b.e.MLResultGenerator.executeExperiment - 278 processed... 20230410/20230603
2025-12-03 23:31:16,097 [main] DEBUG c.p.b.e.MLResultGenerator.executeExperiment - 278 processed... 20230411/20230603
2025-12-03 23:31:16,641 [main] DEBUG c.p.b.e.MLResultGenerator.executeExperiment - 278 processed... 20230412/20230603
2025-12-03 23:31:17,122 [main] DEBUG c.p.b.e.MLResultGenerator.executeExperiment - 278 processed... 20230413/20230603
2025-12-03 23:31:17,646 [main] DEBUG c.p.b.e.MLResultGenerator.executeExperiment - 278 processed... 20230414/20230603
2025-12-03 23:31:18,188 [main] DEBUG c.p.b.e.MLResultGenerator.executeExperiment - 278 processed... 20230415/20230603
2025-12-03 23:31:18,786 [main] DEBUG c.p.b.e.MLResultGenerator.executeExperiment - 278 processed... 20230416/20230603
2025-12-03 23:31:19,532 [main] DEBUG c.p.b.e.MLResultGenerator.executeExperiment - 278 processed... 20230417/20230603
2025-12-03 23:31:20,080 [main] DEBUG c.p.b.e.MLResultGenerator.executeExperiment - 278 processed... 20230418/20230603
2025-12-03 23:31:20,581 [main] DEBUG c.p.b.e.MLResultGenerator.executeExperiment - 278 processed... 20230419/20230603
2025-12-03 23:31:21,032 [main] DEBUG c.p.b.e.MLResultGenerator.executeExperiment - 278 processed... 20230420/20230603
2025-12-03 23:31:21,477 [main] DEBUG c.p.b.e.MLResultGenerator.executeExperiment - 278 processed... 20230421/20230603
2025-12-03 23:31:21,891 [main] DEBUG c.p.b.e.MLResultGenerator.executeExperiment - 278 processed... 20230422/20230603
2025-12-03 23:31:22,449 [main] DEBUG c.p.b.e.MLResultGenerator.executeExperiment - 278 processed... 20230423/20230603
2025-12-03 23:31:22,996 [main] DEBUG c.p.b.e.MLResultGenerator.executeExperiment - 278 processed... 20230509/20230603
2025-12-03 23:31:23,467 [main] DEBUG c.p.b.e.MLResultGenerator.executeExperiment - 278 processed... 20230510/20230603
2025-12-03 23:31:24,005 [main] DEBUG c.p.b.e.MLResultGenerator.executeExperiment - 278 processed... 20230511/20230603
2025-12-03 23:31:24,604 [main] DEBUG c.p.b.e.MLResultGenerator.executeExperiment - 278 processed... 20230512/20230603
2025-12-03 23:31:25,204 [main] DEBUG c.p.b.e.MLResultGenerator.executeExperiment - 278 processed... 20230513/20230603
2025-12-03 23:31:25,771 [main] DEBUG c.p.b.e.MLResultGenerator.executeExperiment - 278 processed... 20230514/20230603
2025-12-03 23:31:26,229 [main] DEBUG c.p.b.e.MLResultGenerator.executeExperiment - 278 processed... 20230515/20230603
2025-12-03 23:31:26,680 [main] DEBUG c.p.b.e.MLResultGenerator.executeExperiment - 278 processed... 20230516/20230603
2025-12-03 23:31:27,116 [main] DEBUG c.p.b.e.MLResultGenerator.executeExperiment - 278 processed... 20230517/20230603
2025-12-03 23:31:27,575 [main] DEBUG c.p.b.e.MLResultGenerator.executeExperiment - 278 processed... 20230518/20230603
2025-12-03 23:31:28,014 [main] DEBUG c.p.b.e.MLResultGenerator.executeExperiment - 278 processed... 20230519/20230603
2025-12-03 23:31:28,521 [main] DEBUG c.p.b.e.MLResultGenerator.executeExperiment - 278 processed... 20230520/20230603
2025-12-03 23:31:29,174 [main] DEBUG c.p.b.e.MLResultGenerator.executeExperiment - 278 processed... 20230521/20230603
2025-12-03 23:31:29,678 [main] DEBUG c.p.b.e.MLResultGenerator.executeExperiment - 278 processed... 20230522/20230603
2025-12-03 23:31:30,131 [main] DEBUG c.p.b.e.MLResultGenerator.executeExperiment - 278 processed... 20230523/20230603
2025-12-03 23:31:30,540 [main] DEBUG c.p.b.e.MLResultGenerator.executeExperiment - 278 processed... 20230524/20230603
2025-12-03 23:31:30,955 [main] DEBUG c.p.b.e.MLResultGenerator.executeExperiment - 278 processed... 20230525/20230603
2025-12-03 23:31:31,501 [main] DEBUG c.p.b.e.MLResultGenerator.executeExperiment - 278 processed... 20230526/20230603
2025-12-03 23:31:32,076 [main] DEBUG c.p.b.e.MLResultGenerator.executeExperiment - 278 processed... 20230527/20230603
2025-12-03 23:31:32,660 [main] DEBUG c.p.b.e.MLResultGenerator.executeExperiment - 278 processed... 20230528/20230603
2025-12-03 23:31:33,130 [main] DEBUG c.p.b.e.MLResultGenerator.executeExperiment - 278 processed... 20230601/20230603
2025-12-03 23:31:33,594 [main] DEBUG c.p.b.e.MLResultGenerator.executeExperiment - 278 processed... 20230602/20230603
2025-12-03 23:31:34,074 [main] DEBUG c.p.b.e.MLResultGenerator.executeExperiment - 278 processed... 20230603/20230603
2025-12-03 23:31:34,847 [main] DEBUG c.p.b.e.r.s.MlEvaluationCreator.create - creating MlEvaluation. 278,40001,1T,1,nopattern,nopattern
2025-12-03 23:31:34,888 [main] DEBUG c.p.b.e.r.s.MlEvaluationCreator.create - creating MlEvaluation. 278,40001,1T,2,nopattern,nopattern
2025-12-03 23:31:34,901 [main] DEBUG c.p.b.e.r.s.MlEvaluationCreator.create - creating MlEvaluation. 278,40001,1T,3,nopattern,nopattern
2025-12-03 23:31:34,904 [main] DEBUG c.p.b.e.r.s.MlEvaluationCreator.create - creating MlEvaluation. 278,40001,2F,12,nopattern,nopattern
2025-12-03 23:31:34,913 [main] DEBUG c.p.b.e.r.s.MlEvaluationCreator.create - creating MlEvaluation. 278,40001,2F,13,nopattern,nopattern
2025-12-03 23:31:34,921 [main] DEBUG c.p.b.e.r.s.MlEvaluationCreator.create - creating MlEvaluation. 278,40001,2F,14,nopattern,nopattern
2025-12-03 23:31:34,926 [main] DEBUG c.p.b.e.r.s.MlEvaluationCreator.create - creating MlEvaluation. 278,40001,2F,15,nopattern,nopattern
2025-12-03 23:31:34,930 [main] DEBUG c.p.b.e.r.s.MlEvaluationCreator.create - creating MlEvaluation. 278,40001,2F,16,nopattern,nopattern
2025-12-03 23:31:34,931 [main] DEBUG c.p.b.e.r.s.MlEvaluationCreator.create - creating MlEvaluation. 278,40001,2F,21,nopattern,nopattern
2025-12-03 23:31:34,936 [main] DEBUG c.p.b.e.r.s.MlEvaluationCreator.create - creating MlEvaluation. 278,40001,2F,31,nopattern,nopattern
2025-12-03 23:31:34,937 [main] DEBUG c.p.b.e.r.s.MlEvaluationCreator.create - creating MlEvaluation. 278,40001,2F,32,nopattern,nopattern
2025-12-03 23:31:34,939 [main] DEBUG c.p.b.e.r.s.MlEvaluationCreator.create - creating MlEvaluation. 278,40001,2F,41,nopattern,nopattern
2025-12-03 23:31:34,944 [main] DEBUG c.p.b.e.r.s.MlEvaluationCreator.create - creating MlEvaluation. 278,40001,2T,12,nopattern,nopattern
2025-12-03 23:31:34,950 [main] DEBUG c.p.b.e.r.s.MlEvaluationCreator.create - creating MlEvaluation. 278,40001,2T,13,nopattern,nopattern
2025-12-03 23:31:34,957 [main] DEBUG c.p.b.e.r.s.MlEvaluationCreator.create - creating MlEvaluation. 278,40001,2T,14,nopattern,nopattern
2025-12-03 23:31:34,961 [main] DEBUG c.p.b.e.r.s.MlEvaluationCreator.create - creating MlEvaluation. 278,40001,2T,15,nopattern,nopattern
2025-12-03 23:31:34,987 [main] DEBUG c.p.b.e.r.s.MlEvaluationCreator.create - creating MlEvaluation. 278,40001,2T,16,nopattern,nopattern
2025-12-03 23:31:34,992 [main] DEBUG c.p.b.e.r.s.MlEvaluationCreator.create - creating MlEvaluation. 278,40001,2T,21,nopattern,nopattern
2025-12-03 23:31:34,995 [main] DEBUG c.p.b.e.r.s.MlEvaluationCreator.create - creating MlEvaluation. 278,40001,2T,24,nopattern,nopattern
2025-12-03 23:31:34,996 [main] DEBUG c.p.b.e.r.s.MlEvaluationCreator.create - creating MlEvaluation. 278,40001,2T,31,nopattern,nopattern
2025-12-03 23:31:34,998 [main] DEBUG c.p.b.e.r.s.MlEvaluationCreator.create - creating MlEvaluation. 278,40001,2T,32,nopattern,nopattern
2025-12-03 23:31:35,000 [main] DEBUG c.p.b.e.r.s.MlEvaluationCreator.create - creating MlEvaluation. 278,40001,2T,41,nopattern,nopattern
2025-12-03 23:31:35,001 [main] DEBUG c.p.b.e.r.s.MlEvaluationCreator.create - creating MlEvaluation. 278,40001,2T,43,nopattern,nopattern
2025-12-03 23:31:35,003 [main] DEBUG c.p.b.e.r.s.MlEvaluationCreator.create - creating MlEvaluation. 278,40001,3F,123,nopattern,nopattern
2025-12-03 23:31:35,008 [main] DEBUG c.p.b.e.r.s.MlEvaluationCreator.create - creating MlEvaluation. 278,40001,3F,124,nopattern,nopattern
2025-12-03 23:31:35,013 [main] DEBUG c.p.b.e.r.s.MlEvaluationCreator.create - creating MlEvaluation. 278,40001,3F,125,nopattern,nopattern
2025-12-03 23:31:35,064 [main] DEBUG c.p.b.e.r.s.MlEvaluationCreator.create - creating MlEvaluation. 278,40001,3F,126,nopattern,nopattern
2025-12-03 23:31:35,071 [main] DEBUG c.p.b.e.r.s.MlEvaluationCreator.create - creating MlEvaluation. 278,40001,3F,132,nopattern,nopattern
2025-12-03 23:31:35,079 [main] DEBUG c.p.b.e.r.s.MlEvaluationCreator.create - creating MlEvaluation. 278,40001,3F,134,nopattern,nopattern
2025-12-03 23:31:35,084 [main] DEBUG c.p.b.e.r.s.MlEvaluationCreator.create - creating MlEvaluation. 278,40001,3F,135,nopattern,nopattern
2025-12-03 23:31:35,088 [main] DEBUG c.p.b.e.r.s.MlEvaluationCreator.create - creating MlEvaluation. 278,40001,3F,136,nopattern,nopattern
2025-12-03 23:31:35,089 [main] DEBUG c.p.b.e.r.s.MlEvaluationCreator.create - creating MlEvaluation. 278,40001,3F,142,nopattern,nopattern
2025-12-03 23:31:35,094 [main] DEBUG c.p.b.e.r.s.MlEvaluationCreator.create - creating MlEvaluation. 278,40001,3F,143,nopattern,nopattern
2025-12-03 23:31:35,098 [main] DEBUG c.p.b.e.r.s.MlEvaluationCreator.create - creating MlEvaluation. 278,40001,3F,145,nopattern,nopattern
2025-12-03 23:31:35,101 [main] DEBUG c.p.b.e.r.s.MlEvaluationCreator.create - creating MlEvaluation. 278,40001,3F,152,nopattern,nopattern
2025-12-03 23:31:35,104 [main] DEBUG c.p.b.e.r.s.MlEvaluationCreator.create - creating MlEvaluation. 278,40001,3F,153,nopattern,nopattern
2025-12-03 23:31:35,108 [main] DEBUG c.p.b.e.r.s.MlEvaluationCreator.create - creating MlEvaluation. 278,40001,3F,154,nopattern,nopattern
2025-12-03 23:31:35,112 [main] DEBUG c.p.b.e.r.s.MlEvaluationCreator.create - creating MlEvaluation. 278,40001,3F,162,nopattern,nopattern
2025-12-03 23:31:35,113 [main] DEBUG c.p.b.e.r.s.MlEvaluationCreator.create - creating MlEvaluation. 278,40001,3F,213,nopattern,nopattern
2025-12-03 23:31:35,116 [main] DEBUG c.p.b.e.r.s.MlEvaluationCreator.create - creating MlEvaluation. 278,40001,3F,214,nopattern,nopattern
2025-12-03 23:31:35,119 [main] DEBUG c.p.b.e.r.s.MlEvaluationCreator.create - creating MlEvaluation. 278,40001,3F,215,nopattern,nopattern
2025-12-03 23:31:35,120 [main] DEBUG c.p.b.e.r.s.MlEvaluationCreator.create - creating MlEvaluation. 278,40001,3F,231,nopattern,nopattern
2025-12-03 23:31:35,123 [main] DEBUG c.p.b.e.r.s.MlEvaluationCreator.create - creating MlEvaluation. 278,40001,3F,241,nopattern,nopattern
2025-12-03 23:31:35,124 [main] DEBUG c.p.b.e.r.s.MlEvaluationCreator.create - creating MlEvaluation. 278,40001,3F,312,nopattern,nopattern
2025-12-03 23:31:35,129 [main] DEBUG c.p.b.e.r.s.MlEvaluationCreator.create - creating MlEvaluation. 278,40001,3F,314,nopattern,nopattern
2025-12-03 23:31:35,130 [main] DEBUG c.p.b.e.r.s.MlEvaluationCreator.create - creating MlEvaluation. 278,40001,3F,416,nopattern,nopattern
2025-12-03 23:31:35,131 [main] DEBUG c.p.b.e.r.s.MlEvaluationCreator.create - creating MlEvaluation. 278,40001,3F,421,nopattern,nopattern
2025-12-03 23:31:35,131 [main] DEBUG c.p.b.e.r.s.MlEvaluationCreator.create - creating MlEvaluation. 278,40001,3F,431,nopattern,nopattern
2025-12-03 23:31:35,132 [main] DEBUG c.p.b.e.r.s.MlEvaluationCreator.create - creating MlEvaluation. 278,40001,3F,461,nopattern,nopattern
2025-12-03 23:31:35,133 [main] DEBUG c.p.b.e.r.s.MlEvaluationCreator.create - creating MlEvaluation. 278,40001,3T,123,nopattern,nopattern
2025-12-03 23:31:35,139 [main] DEBUG c.p.b.e.r.s.MlEvaluationCreator.create - creating MlEvaluation. 278,40001,3T,124,nopattern,nopattern
2025-12-03 23:31:35,143 [main] DEBUG c.p.b.e.r.s.MlEvaluationCreator.create - creating MlEvaluation. 278,40001,3T,125,nopattern,nopattern
2025-12-03 23:31:35,147 [main] DEBUG c.p.b.e.r.s.MlEvaluationCreator.create - creating MlEvaluation. 278,40001,3T,126,nopattern,nopattern
2025-12-03 23:31:35,151 [main] DEBUG c.p.b.e.r.s.MlEvaluationCreator.create - creating MlEvaluation. 278,40001,3T,132,nopattern,nopattern
2025-12-03 23:31:35,157 [main] DEBUG c.p.b.e.r.s.MlEvaluationCreator.create - creating MlEvaluation. 278,40001,3T,134,nopattern,nopattern
2025-12-03 23:31:35,160 [main] DEBUG c.p.b.e.r.s.MlEvaluationCreator.create - creating MlEvaluation. 278,40001,3T,135,nopattern,nopattern
2025-12-03 23:31:35,163 [main] DEBUG c.p.b.e.r.s.MlEvaluationCreator.create - creating MlEvaluation. 278,40001,3T,136,nopattern,nopattern
2025-12-03 23:31:35,165 [main] DEBUG c.p.b.e.r.s.MlEvaluationCreator.create - creating MlEvaluation. 278,40001,3T,142,nopattern,nopattern
2025-12-03 23:31:35,170 [main] DEBUG c.p.b.e.r.s.MlEvaluationCreator.create - creating MlEvaluation. 278,40001,3T,143,nopattern,nopattern
2025-12-03 23:31:35,173 [main] DEBUG c.p.b.e.r.s.MlEvaluationCreator.create - creating MlEvaluation. 278,40001,3T,145,nopattern,nopattern
2025-12-03 23:31:35,176 [main] DEBUG c.p.b.e.r.s.MlEvaluationCreator.create - creating MlEvaluation. 278,40001,3T,152,nopattern,nopattern
2025-12-03 23:31:35,179 [main] DEBUG c.p.b.e.r.s.MlEvaluationCreator.create - creating MlEvaluation. 278,40001,3T,153,nopattern,nopattern
2025-12-03 23:31:35,182 [main] DEBUG c.p.b.e.r.s.MlEvaluationCreator.create - creating MlEvaluation. 278,40001,3T,154,nopattern,nopattern
2025-12-03 23:31:35,185 [main] DEBUG c.p.b.e.r.s.MlEvaluationCreator.create - creating MlEvaluation. 278,40001,3T,162,nopattern,nopattern
2025-12-03 23:31:35,187 [main] DEBUG c.p.b.e.r.s.MlEvaluationCreator.create - creating MlEvaluation. 278,40001,3T,163,nopattern,nopattern
2025-12-03 23:31:35,190 [main] DEBUG c.p.b.e.r.s.MlEvaluationCreator.create - creating MlEvaluation. 278,40001,3T,213,nopattern,nopattern
2025-12-03 23:31:35,193 [main] DEBUG c.p.b.e.r.s.MlEvaluationCreator.create - creating MlEvaluation. 278,40001,3T,214,nopattern,nopattern
2025-12-03 23:31:35,195 [main] DEBUG c.p.b.e.r.s.MlEvaluationCreator.create - creating MlEvaluation. 278,40001,3T,215,nopattern,nopattern
2025-12-03 23:31:35,196 [main] DEBUG c.p.b.e.r.s.MlEvaluationCreator.create - creating MlEvaluation. 278,40001,3T,231,nopattern,nopattern
2025-12-03 23:31:35,199 [main] DEBUG c.p.b.e.r.s.MlEvaluationCreator.create - creating MlEvaluation. 278,40001,3T,241,nopattern,nopattern
2025-12-03 23:31:35,199 [main] DEBUG c.p.b.e.r.s.MlEvaluationCreator.create - creating MlEvaluation. 278,40001,3T,312,nopattern,nopattern
2025-12-03 23:31:35,201 [main] DEBUG c.p.b.e.r.s.MlEvaluationCreator.create - creating MlEvaluation. 278,40001,3T,314,nopattern,nopattern
2025-12-03 23:31:35,202 [main] DEBUG c.p.b.e.r.s.MlEvaluationCreator.create - creating MlEvaluation. 278,40001,3T,431,nopattern,nopattern
2025-12-03 23:31:35,204 [main] DEBUG c.p.b.e.r.s.MlEvaluationCreator.create - creating MlEvaluation. 278,40001,3T,461,nopattern,nopattern
2025-12-03 23:31:35,908 [main] INFO  c.p.b.e.r.g.ResultGraphBuilder.save - graph saved. C:/Dev/experiment/expr10/result//15-2-no-sg/1T/1_1T_1_nopattern_nopattern_40001_15-2-no-sg_-12_0.42_0.9.png
2025-12-03 23:31:36,199 [main] INFO  c.p.b.e.r.g.ResultGraphBuilder.save - graph saved. C:/Dev/experiment/expr10/result//15-2-no-sg/1T/1_1T_2_nopattern_nopattern_40001_15-2-no-sg_0_0.0_0.0.png
2025-12-03 23:31:36,589 [main] INFO  c.p.b.e.r.g.ResultGraphBuilder.save - graph saved. C:/Dev/experiment/expr10/result//15-2-no-sg/2F/1_2F_12_nopattern_nopattern_40001_15-2-no-sg_-19_0.4_1.6.png
2025-12-03 23:31:37,046 [main] INFO  c.p.b.e.r.g.ResultGraphBuilder.save - graph saved. C:/Dev/experiment/expr10/result//15-2-no-sg/2F/1_2F_13_nopattern_nopattern_40001_15-2-no-sg_-13_0.28_1.2.png
2025-12-03 23:31:37,358 [main] INFO  c.p.b.e.r.g.ResultGraphBuilder.save - graph saved. C:/Dev/experiment/expr10/result//15-2-no-sg/2F/1_2F_14_nopattern_nopattern_40001_15-2-no-sg_-5_0.1_0.5.png
2025-12-03 23:31:37,634 [main] INFO  c.p.b.e.r.g.ResultGraphBuilder.save - graph saved. C:/Dev/experiment/expr10/result//15-2-no-sg/2F/1_2F_15_nopattern_nopattern_40001_15-2-no-sg_-2_0.0_0.0.png
2025-12-03 23:31:37,884 [main] INFO  c.p.b.e.r.g.ResultGraphBuilder.save - graph saved. C:/Dev/experiment/expr10/result//15-2-no-sg/2F/1_2F_21_nopattern_nopattern_40001_15-2-no-sg_-2_0.0_0.0.png
2025-12-03 23:31:38,172 [main] INFO  c.p.b.e.r.g.ResultGraphBuilder.save - graph saved. C:/Dev/experiment/expr10/result//15-2-no-sg/2T/1_2T_12_nopattern_nopattern_40001_15-2-no-sg_-4_0.33_1.6.png
2025-12-03 23:31:38,474 [main] INFO  c.p.b.e.r.g.ResultGraphBuilder.save - graph saved. C:/Dev/experiment/expr10/result//15-2-no-sg/2T/1_2T_13_nopattern_nopattern_40001_15-2-no-sg_-37_0.2_1.2.png
2025-12-03 23:31:38,770 [main] INFO  c.p.b.e.r.g.ResultGraphBuilder.save - graph saved. C:/Dev/experiment/expr10/result//15-2-no-sg/2T/1_2T_14_nopattern_nopattern_40001_15-2-no-sg_-13_0.07_0.5.png
2025-12-03 23:31:39,021 [main] INFO  c.p.b.e.r.g.ResultGraphBuilder.save - graph saved. C:/Dev/experiment/expr10/result//15-2-no-sg/2T/1_2T_15_nopattern_nopattern_40001_15-2-no-sg_-2_0.0_0.0.png
2025-12-03 23:31:39,252 [main] INFO  c.p.b.e.r.g.ResultGraphBuilder.save - graph saved. C:/Dev/experiment/expr10/result//15-2-no-sg/2T/1_2T_16_nopattern_nopattern_40001_15-2-no-sg_1_0.0_0.0.png
2025-12-03 23:31:39,496 [main] INFO  c.p.b.e.r.g.ResultGraphBuilder.save - graph saved. C:/Dev/experiment/expr10/result//15-2-no-sg/2T/1_2T_21_nopattern_nopattern_40001_15-2-no-sg_-2_0.0_0.0.png
2025-12-03 23:31:39,766 [main] INFO  c.p.b.e.r.g.ResultGraphBuilder.save - graph saved. C:/Dev/experiment/expr10/result//15-2-no-sg/3F/1_3F_123_nopattern_nopattern_40001_15-2-no-sg_-11_0.32_1.8.png
2025-12-03 23:31:40,040 [main] INFO  c.p.b.e.r.g.ResultGraphBuilder.save - graph saved. C:/Dev/experiment/expr10/result//15-2-no-sg/3F/1_3F_124_nopattern_nopattern_40001_15-2-no-sg_-7_0.11_0.7.png
2025-12-03 23:31:40,287 [main] INFO  c.p.b.e.r.g.ResultGraphBuilder.save - graph saved. C:/Dev/experiment/expr10/result//15-2-no-sg/3F/1_3F_125_nopattern_nopattern_40001_15-2-no-sg_0_0.0_0.0.png
2025-12-03 23:31:40,517 [main] INFO  c.p.b.e.r.g.ResultGraphBuilder.save - graph saved. C:/Dev/experiment/expr10/result//15-2-no-sg/3F/1_3F_126_nopattern_nopattern_40001_15-2-no-sg_2_0.0_0.0.png
2025-12-03 23:31:40,786 [main] INFO  c.p.b.e.r.g.ResultGraphBuilder.save - graph saved. C:/Dev/experiment/expr10/result//15-2-no-sg/3F/1_3F_132_nopattern_nopattern_40001_15-2-no-sg_-23_0.23_1.5.png
2025-12-03 23:31:41,050 [main] INFO  c.p.b.e.r.g.ResultGraphBuilder.save - graph saved. C:/Dev/experiment/expr10/result//15-2-no-sg/3F/1_3F_134_nopattern_nopattern_40001_15-2-no-sg_-10_0.03_0.3.png
2025-12-03 23:31:41,271 [main] INFO  c.p.b.e.r.g.ResultGraphBuilder.save - graph saved. C:/Dev/experiment/expr10/result//15-2-no-sg/3F/1_3F_135_nopattern_nopattern_40001_15-2-no-sg_-1_0.0_0.0.png
2025-12-03 23:31:41,541 [main] INFO  c.p.b.e.r.g.ResultGraphBuilder.save - graph saved. C:/Dev/experiment/expr10/result//15-2-no-sg/3F/1_3F_142_nopattern_nopattern_40001_15-2-no-sg_-6_0.04_0.3.png
2025-12-03 23:31:41,814 [main] INFO  c.p.b.e.r.g.ResultGraphBuilder.save - graph saved. C:/Dev/experiment/expr10/result//15-2-no-sg/3F/1_3F_143_nopattern_nopattern_40001_15-2-no-sg_0_0.03_0.1.png
2025-12-03 23:31:42,050 [main] INFO  c.p.b.e.r.g.ResultGraphBuilder.save - graph saved. C:/Dev/experiment/expr10/result//15-2-no-sg/3F/1_3F_145_nopattern_nopattern_40001_15-2-no-sg_-1_0.0_0.0.png
2025-12-03 23:31:42,280 [main] INFO  c.p.b.e.r.g.ResultGraphBuilder.save - graph saved. C:/Dev/experiment/expr10/result//15-2-no-sg/3F/1_3F_152_nopattern_nopattern_40001_15-2-no-sg_-1_0.0_0.0.png
2025-12-03 23:31:42,501 [main] INFO  c.p.b.e.r.g.ResultGraphBuilder.save - graph saved. C:/Dev/experiment/expr10/result//15-2-no-sg/3F/1_3F_153_nopattern_nopattern_40001_15-2-no-sg_-1_0.0_0.0.png
2025-12-03 23:31:42,714 [main] INFO  c.p.b.e.r.g.ResultGraphBuilder.save - graph saved. C:/Dev/experiment/expr10/result//15-2-no-sg/3F/1_3F_154_nopattern_nopattern_40001_15-2-no-sg_0_0.0_0.0.png
2025-12-03 23:31:42,928 [main] INFO  c.p.b.e.r.g.ResultGraphBuilder.save - graph saved. C:/Dev/experiment/expr10/result//15-2-no-sg/3F/1_3F_213_nopattern_nopattern_40001_15-2-no-sg_0_0.0_0.0.png
2025-12-03 23:31:43,144 [main] INFO  c.p.b.e.r.g.ResultGraphBuilder.save - graph saved. C:/Dev/experiment/expr10/result//15-2-no-sg/3F/1_3F_214_nopattern_nopattern_40001_15-2-no-sg_-1_0.0_0.0.png
2025-12-03 23:31:43,409 [main] INFO  c.p.b.e.r.g.ResultGraphBuilder.save - graph saved. C:/Dev/experiment/expr10/result//15-2-no-sg/3T/1_3T_123_nopattern_nopattern_40001_15-2-no-sg_-26_0.17_2.3.png
2025-12-03 23:31:43,663 [main] INFO  c.p.b.e.r.g.ResultGraphBuilder.save - graph saved. C:/Dev/experiment/expr10/result//15-2-no-sg/3T/1_3T_124_nopattern_nopattern_40001_15-2-no-sg_-40_0.04_0.8.png
2025-12-03 23:31:43,909 [main] INFO  c.p.b.e.r.g.ResultGraphBuilder.save - graph saved. C:/Dev/experiment/expr10/result//15-2-no-sg/3T/1_3T_125_nopattern_nopattern_40001_15-2-no-sg_8_0.01_0.0.png
2025-12-03 23:31:44,136 [main] INFO  c.p.b.e.r.g.ResultGraphBuilder.save - graph saved. C:/Dev/experiment/expr10/result//15-2-no-sg/3T/1_3T_126_nopattern_nopattern_40001_15-2-no-sg_6_0.0_0.0.png
2025-12-03 23:31:44,395 [main] INFO  c.p.b.e.r.g.ResultGraphBuilder.save - graph saved. C:/Dev/experiment/expr10/result//15-2-no-sg/3T/1_3T_132_nopattern_nopattern_40001_15-2-no-sg_-80_0.14_2.5.png
2025-12-03 23:31:44,652 [main] INFO  c.p.b.e.r.g.ResultGraphBuilder.save - graph saved. C:/Dev/experiment/expr10/result//15-2-no-sg/3T/1_3T_134_nopattern_nopattern_40001_15-2-no-sg_-5_0.01_0.3.png
2025-12-03 23:31:44,881 [main] INFO  c.p.b.e.r.g.ResultGraphBuilder.save - graph saved. C:/Dev/experiment/expr10/result//15-2-no-sg/3T/1_3T_135_nopattern_nopattern_40001_15-2-no-sg_-1_0.0_0.0.png
2025-12-03 23:31:45,098 [main] INFO  c.p.b.e.r.g.ResultGraphBuilder.save - graph saved. C:/Dev/experiment/expr10/result//15-2-no-sg/3T/1_3T_136_nopattern_nopattern_40001_15-2-no-sg_0_0.0_0.0.png
2025-12-03 23:31:45,353 [main] INFO  c.p.b.e.r.g.ResultGraphBuilder.save - graph saved. C:/Dev/experiment/expr10/result//15-2-no-sg/3T/1_3T_142_nopattern_nopattern_40001_15-2-no-sg_11_0.04_0.5.png
2025-12-03 23:31:45,607 [main] INFO  c.p.b.e.r.g.ResultGraphBuilder.save - graph saved. C:/Dev/experiment/expr10/result//15-2-no-sg/3T/1_3T_143_nopattern_nopattern_40001_15-2-no-sg_0_0.02_0.3.png
2025-12-03 23:31:45,823 [main] INFO  c.p.b.e.r.g.ResultGraphBuilder.save - graph saved. C:/Dev/experiment/expr10/result//15-2-no-sg/3T/1_3T_145_nopattern_nopattern_40001_15-2-no-sg_0_0.0_0.0.png
2025-12-03 23:31:46,051 [main] INFO  c.p.b.e.r.g.ResultGraphBuilder.save - graph saved. C:/Dev/experiment/expr10/result//15-2-no-sg/3T/1_3T_152_nopattern_nopattern_40001_15-2-no-sg_0_0.0_0.0.png
2025-12-03 23:31:46,278 [main] INFO  c.p.b.e.r.g.ResultGraphBuilder.save - graph saved. C:/Dev/experiment/expr10/result//15-2-no-sg/3T/1_3T_153_nopattern_nopattern_40001_15-2-no-sg_-1_0.0_0.0.png
2025-12-03 23:31:46,497 [main] INFO  c.p.b.e.r.g.ResultGraphBuilder.save - graph saved. C:/Dev/experiment/expr10/result//15-2-no-sg/3T/1_3T_154_nopattern_nopattern_40001_15-2-no-sg_-1_0.0_0.0.png
2025-12-03 23:31:46,725 [main] INFO  c.p.b.e.r.g.ResultGraphBuilder.save - graph saved. C:/Dev/experiment/expr10/result//15-2-no-sg/3T/1_3T_162_nopattern_nopattern_40001_15-2-no-sg_0_0.0_0.0.png
2025-12-03 23:31:46,956 [main] INFO  c.p.b.e.r.g.ResultGraphBuilder.save - graph saved. C:/Dev/experiment/expr10/result//15-2-no-sg/3T/1_3T_163_nopattern_nopattern_40001_15-2-no-sg_2_0.0_0.0.png
2025-12-03 23:31:47,178 [main] INFO  c.p.b.e.r.g.ResultGraphBuilder.save - graph saved. C:/Dev/experiment/expr10/result//15-2-no-sg/3T/1_3T_213_nopattern_nopattern_40001_15-2-no-sg_-1_0.0_0.0.png
2025-12-03 23:31:47,393 [main] INFO  c.p.b.e.r.g.ResultGraphBuilder.save - graph saved. C:/Dev/experiment/expr10/result//15-2-no-sg/3T/1_3T_214_nopattern_nopattern_40001_15-2-no-sg_0_0.0_0.0.png
