2025-12-28 23:25:21,475 [main] ERROR c.p.b.e.MLResultGenerator.execute - experiment 321 is failed.
java.lang.ClassCastException: class com.pengkong.boatrace.exp10.result.RCDefaultRankedExp cannot be cast to class com.pengkong.boatrace.exp10.result.AbstractResultCreatorExp (com.pengkong.boatrace.exp10.result.RCDefaultRankedExp and com.pengkong.boatrace.exp10.result.AbstractResultCreatorExp are in unnamed module of loader 'app')
	at com.pengkong.boatrace.exp10.MLResultGeneratorExp.setupResultCreator(MLResultGeneratorExp.java:135)
	at com.pengkong.boatrace.exp10.MLResultGeneratorExp.executeExperiment(MLResultGeneratorExp.java:144)
	at com.pengkong.boatrace.exp10.MLResultGeneratorExp.execute(MLResultGeneratorExp.java:121)
	at com.pengkong.boatrace.exp10.MLResultGeneratorExp.main(MLResultGeneratorExp.java:453)
2025-12-28 23:27:05,505 [main] INFO  c.p.b.u.DatabaseUtil.open - open targetDb: mybatis-config.0.xml
2025-12-28 23:27:18,238 [main] INFO  c.p.b.u.DatabaseUtil.open - open targetDb: mybatis-config.0.xml
2025-12-28 23:27:20,559 [main] DEBUG c.p.b.e.MLResultGenerator.executeExperiment - db data retrieved. 20210604~20220603
2025-12-28 23:27:20,560 [main] INFO  c.p.b.u.DatabaseUtil.open - open targetDb: mybatis-config.0.xml
2025-12-28 23:27:21,899 [main] ERROR c.p.b.e.MLResultGenerator.execute - experiment 321 is failed.
java.lang.NumberFormatException: For input string: "10,10,10,10,10"
	at java.base/java.lang.NumberFormatException.forInputString(NumberFormatException.java:67)
	at java.base/java.lang.Integer.parseInt(Integer.java:668)
	at java.base/java.lang.Integer.valueOf(Integer.java:999)
	at com.pengkong.common.PropertyUtil.getInteger(PropertyUtil.java:58)
	at com.pengkong.boatrace.exp10.result.stat.ResultStatBuilder.add(ResultStatBuilder.java:84)
	at com.pengkong.boatrace.exp10.result.stat.ResultStatBuilder.addAll(ResultStatBuilder.java:116)
	at com.pengkong.boatrace.exp10.MLResultGeneratorRankedExp.executeExperiment(MLResultGeneratorRankedExp.java:225)
	at com.pengkong.boatrace.exp10.MLResultGeneratorRankedExp.execute(MLResultGeneratorRankedExp.java:123)
	at com.pengkong.boatrace.exp10.MLResultGeneratorRankedExp.main(MLResultGeneratorRankedExp.java:456)
2025-12-28 23:27:31,077 [main] DEBUG c.p.b.e.MLResultGenerator.executeExperiment - db data retrieved. 20220604~20230603
2025-12-28 23:27:31,077 [main] INFO  c.p.b.u.DatabaseUtil.open - open targetDb: mybatis-config.0.xml
2025-12-28 23:27:32,413 [main] ERROR c.p.b.e.MLResultGenerator.execute - experiment 322 is failed.
java.lang.NumberFormatException: For input string: "10,10,10,10,10"
	at java.base/java.lang.NumberFormatException.forInputString(NumberFormatException.java:67)
	at java.base/java.lang.Integer.parseInt(Integer.java:668)
	at java.base/java.lang.Integer.valueOf(Integer.java:999)
	at com.pengkong.common.PropertyUtil.getInteger(PropertyUtil.java:58)
	at com.pengkong.boatrace.exp10.result.stat.ResultStatBuilder.add(ResultStatBuilder.java:84)
	at com.pengkong.boatrace.exp10.result.stat.ResultStatBuilder.addAll(ResultStatBuilder.java:116)
	at com.pengkong.boatrace.exp10.MLResultGeneratorRankedExp.executeExperiment(MLResultGeneratorRankedExp.java:225)
	at com.pengkong.boatrace.exp10.MLResultGeneratorRankedExp.execute(MLResultGeneratorRankedExp.java:123)
	at com.pengkong.boatrace.exp10.MLResultGeneratorRankedExp.main(MLResultGeneratorRankedExp.java:456)
2025-12-28 23:31:03,971 [main] INFO  c.p.b.u.DatabaseUtil.open - open targetDb: mybatis-config.0.xml
2025-12-28 23:31:08,377 [main] INFO  c.p.b.u.DatabaseUtil.open - open targetDb: mybatis-config.0.xml
2025-12-28 23:31:09,232 [main] DEBUG c.p.b.e.MLResultGenerator.executeExperiment - db data retrieved. 20210604~20220603
2025-12-28 23:31:09,232 [main] INFO  c.p.b.u.DatabaseUtil.open - open targetDb: mybatis-config.0.xml
2025-12-28 23:31:11,476 [main] DEBUG c.p.b.e.MLResultGenerator.executeExperiment - 321 processed...7 20210604/20220603
2025-12-28 23:31:12,505 [main] DEBUG c.p.b.e.MLResultGenerator.executeExperiment - 321 processed...9 20210605/20220603
2025-12-28 23:31:12,713 [main] DEBUG c.p.b.e.MLResultGenerator.executeExperiment - db data retrieved. 20220604~20230603
2025-12-28 23:31:12,713 [main] INFO  c.p.b.u.DatabaseUtil.open - open targetDb: mybatis-config.0.xml
2025-12-28 23:31:13,530 [main] DEBUG c.p.b.e.MLResultGenerator.executeExperiment - 321 processed...7 20210606/20220603
2025-12-28 23:31:14,607 [main] DEBUG c.p.b.e.MLResultGenerator.executeExperiment - 322 processed...7 20220604/20230603
2025-12-28 23:31:14,697 [main] DEBUG c.p.b.e.MLResultGenerator.executeExperiment - 321 processed...10 20210607/20220603
2025-12-28 23:31:15,708 [main] DEBUG c.p.b.e.MLResultGenerator.executeExperiment - 322 processed...5 20220605/20230603
2025-12-28 23:31:15,788 [main] DEBUG c.p.b.e.MLResultGenerator.executeExperiment - 321 processed...9 20210608/20220603
2025-12-28 23:31:16,713 [main] DEBUG c.p.b.e.MLResultGenerator.executeExperiment - 321 processed...6 20210609/20220603
2025-12-28 23:31:16,961 [main] DEBUG c.p.b.e.MLResultGenerator.executeExperiment - 322 processed...8 20220606/20230603
2025-12-28 23:31:17,802 [main] DEBUG c.p.b.e.MLResultGenerator.executeExperiment - 322 processed...8 20220607/20230603
2025-12-28 23:31:17,848 [main] DEBUG c.p.b.e.MLResultGenerator.executeExperiment - 321 processed...3 20210610/20220603
2025-12-28 23:31:18,668 [main] DEBUG c.p.b.e.MLResultGenerator.executeExperiment - 321 processed...9 20210611/20220603
2025-12-28 23:31:18,683 [main] DEBUG c.p.b.e.MLResultGenerator.executeExperiment - 322 processed...11 20220608/20230603
2025-12-28 23:31:19,412 [main] DEBUG c.p.b.e.MLResultGenerator.executeExperiment - 322 processed...7 20220609/20230603
2025-12-28 23:31:19,797 [main] DEBUG c.p.b.e.MLResultGenerator.executeExperiment - 321 processed...3 20210612/20220603
2025-12-28 23:31:20,088 [main] DEBUG c.p.b.e.MLResultGenerator.executeExperiment - 322 processed...7 20220610/20230603
2025-12-28 23:31:20,730 [main] DEBUG c.p.b.e.MLResultGenerator.executeExperiment - 321 processed...9 20210613/20220603
2025-12-28 23:31:21,085 [main] DEBUG c.p.b.e.MLResultGenerator.executeExperiment - 322 processed...12 20220611/20230603
2025-12-28 23:31:21,447 [main] DEBUG c.p.b.e.MLResultGenerator.executeExperiment - 321 processed...6 20210614/20220603
2025-12-28 23:31:22,025 [main] DEBUG c.p.b.e.MLResultGenerator.executeExperiment - 322 processed...10 20220612/20230603
2025-12-28 23:31:22,275 [main] DEBUG c.p.b.e.MLResultGenerator.executeExperiment - 321 processed...10 20210615/20220603
2025-12-28 23:31:22,720 [main] DEBUG c.p.b.e.MLResultGenerator.executeExperiment - 322 processed...10 20220613/20230603
2025-12-28 23:31:23,094 [main] DEBUG c.p.b.e.MLResultGenerator.executeExperiment - 321 processed...4 20210616/20220603
2025-12-28 23:31:23,501 [main] DEBUG c.p.b.e.MLResultGenerator.executeExperiment - 322 processed...10 20220614/20230603
2025-12-28 23:31:23,922 [main] DEBUG c.p.b.e.MLResultGenerator.executeExperiment - 321 processed...6 20210617/20220603
2025-12-28 23:31:24,266 [main] DEBUG c.p.b.e.MLResultGenerator.executeExperiment - 322 processed...8 20220615/20230603
2025-12-28 23:31:24,895 [main] DEBUG c.p.b.e.MLResultGenerator.executeExperiment - 321 processed...12 20210618/20220603
2025-12-28 23:31:24,979 [main] DEBUG c.p.b.e.MLResultGenerator.executeExperiment - 322 processed...12 20220616/20230603
2025-12-28 23:31:25,813 [main] DEBUG c.p.b.e.MLResultGenerator.executeExperiment - 321 processed...11 20210619/20220603
2025-12-28 23:31:25,881 [main] DEBUG c.p.b.e.MLResultGenerator.executeExperiment - 322 processed...6 20220617/20230603
2025-12-28 23:31:26,501 [main] DEBUG c.p.b.e.MLResultGenerator.executeExperiment - 321 processed...11 20210620/20220603
2025-12-28 23:31:26,822 [main] DEBUG c.p.b.e.MLResultGenerator.executeExperiment - 322 processed...9 20220618/20230603
2025-12-28 23:31:27,350 [main] DEBUG c.p.b.e.MLResultGenerator.executeExperiment - 321 processed...9 20210621/20220603
2025-12-28 23:31:27,726 [main] DEBUG c.p.b.e.MLResultGenerator.executeExperiment - 322 processed...9 20220619/20230603
2025-12-28 23:31:28,216 [main] DEBUG c.p.b.e.MLResultGenerator.executeExperiment - 321 processed...7 20210622/20220603
2025-12-28 23:31:28,412 [main] DEBUG c.p.b.e.MLResultGenerator.executeExperiment - 322 processed...8 20220620/20230603
2025-12-28 23:31:28,995 [main] DEBUG c.p.b.e.MLResultGenerator.executeExperiment - 321 processed...11 20210623/20220603
2025-12-28 23:31:29,360 [main] DEBUG c.p.b.e.MLResultGenerator.executeExperiment - 322 processed...6 20220621/20230603
2025-12-28 23:31:29,799 [main] DEBUG c.p.b.e.MLResultGenerator.executeExperiment - 321 processed...8 20210624/20220603
2025-12-28 23:31:30,074 [main] DEBUG c.p.b.e.MLResultGenerator.executeExperiment - 322 processed...8 20220622/20230603
2025-12-28 23:31:30,560 [main] DEBUG c.p.b.e.MLResultGenerator.executeExperiment - 321 processed...6 20210625/20220603
2025-12-28 23:31:30,777 [main] DEBUG c.p.b.e.MLResultGenerator.executeExperiment - 322 processed...7 20220623/20230603
2025-12-28 23:31:31,224 [main] DEBUG c.p.b.e.MLResultGenerator.executeExperiment - 321 processed...7 20210626/20220603
2025-12-28 23:31:31,524 [main] DEBUG c.p.b.e.MLResultGenerator.executeExperiment - 322 processed...10 20220624/20230603
2025-12-28 23:31:32,120 [main] DEBUG c.p.b.e.MLResultGenerator.executeExperiment - 321 processed...8 20210627/20220603
2025-12-28 23:31:32,579 [main] DEBUG c.p.b.e.MLResultGenerator.executeExperiment - 322 processed...6 20220625/20230603
2025-12-28 23:31:32,648 [main] DEBUG c.p.b.e.MLResultGenerator.executeExperiment - 321 processed...14 20210628/20220603
2025-12-28 23:31:33,381 [main] DEBUG c.p.b.e.MLResultGenerator.executeExperiment - 321 processed...11 20210629/20220603
2025-12-28 23:31:33,513 [main] DEBUG c.p.b.e.MLResultGenerator.executeExperiment - 322 processed...10 20220626/20230603
2025-12-28 23:31:34,041 [main] DEBUG c.p.b.e.MLResultGenerator.executeExperiment - 321 processed...7 20210630/20220603
2025-12-28 23:31:34,339 [main] DEBUG c.p.b.e.MLResultGenerator.executeExperiment - 322 processed...8 20220627/20230603
2025-12-28 23:31:34,750 [main] DEBUG c.p.b.e.MLResultGenerator.executeExperiment - 321 processed...13 20210701/20220603
2025-12-28 23:31:35,231 [main] DEBUG c.p.b.e.MLResultGenerator.executeExperiment - 322 processed...10 20220628/20230603
2025-12-28 23:31:35,531 [main] DEBUG c.p.b.e.MLResultGenerator.executeExperiment - 321 processed...10 20210702/20220603
2025-12-28 23:31:36,092 [main] DEBUG c.p.b.e.MLResultGenerator.executeExperiment - 322 processed...5 20220629/20230603
2025-12-28 23:31:36,418 [main] DEBUG c.p.b.e.MLResultGenerator.executeExperiment - 321 processed...8 20210703/20220603
2025-12-28 23:31:36,865 [main] DEBUG c.p.b.e.MLResultGenerator.executeExperiment - 322 processed...12 20220630/20230603
2025-12-28 23:31:37,243 [main] DEBUG c.p.b.e.MLResultGenerator.executeExperiment - 321 processed...8 20210704/20220603
2025-12-28 23:31:37,631 [main] DEBUG c.p.b.e.MLResultGenerator.executeExperiment - 322 processed...9 20220701/20230603
2025-12-28 23:31:37,938 [main] DEBUG c.p.b.e.MLResultGenerator.executeExperiment - 321 processed...13 20210705/20220603
2025-12-28 23:31:38,505 [main] DEBUG c.p.b.e.MLResultGenerator.executeExperiment - 322 processed...9 20220702/20230603
2025-12-28 23:31:38,688 [main] DEBUG c.p.b.e.MLResultGenerator.executeExperiment - 321 processed...5 20210706/20220603
2025-12-28 23:31:39,457 [main] DEBUG c.p.b.e.MLResultGenerator.executeExperiment - 322 processed...7 20220703/20230603
2025-12-28 23:31:39,459 [main] DEBUG c.p.b.e.MLResultGenerator.executeExperiment - 321 processed...10 20210707/20220603
2025-12-28 23:31:40,158 [main] DEBUG c.p.b.e.MLResultGenerator.executeExperiment - 321 processed...4 20210708/20220603
2025-12-28 23:31:40,173 [main] DEBUG c.p.b.e.MLResultGenerator.executeExperiment - 322 processed...13 20220704/20230603
2025-12-28 23:31:40,883 [main] DEBUG c.p.b.e.MLResultGenerator.executeExperiment - 321 processed...11 20210709/20220603
2025-12-28 23:31:41,103 [main] DEBUG c.p.b.e.MLResultGenerator.executeExperiment - 322 processed...11 20220705/20230603
2025-12-28 23:31:41,448 [main] DEBUG c.p.b.e.MLResultGenerator.executeExperiment - 321 processed...11 20210710/20220603
2025-12-28 23:31:41,944 [main] DEBUG c.p.b.e.MLResultGenerator.executeExperiment - 322 processed...8 20220706/20230603
2025-12-28 23:31:42,034 [main] DEBUG c.p.b.e.MLResultGenerator.executeExperiment - 321 processed...9 20210711/20220603
2025-12-28 23:31:42,653 [main] DEBUG c.p.b.e.MLResultGenerator.executeExperiment - 321 processed...11 20210712/20220603
2025-12-28 23:31:42,699 [main] DEBUG c.p.b.e.MLResultGenerator.executeExperiment - 322 processed...10 20220707/20230603
2025-12-28 23:31:43,404 [main] DEBUG c.p.b.e.MLResultGenerator.executeExperiment - 321 processed...5 20210713/20220603
2025-12-28 23:31:43,493 [main] DEBUG c.p.b.e.MLResultGenerator.executeExperiment - 322 processed...8 20220708/20230603
2025-12-28 23:31:43,976 [main] DEBUG c.p.b.e.MLResultGenerator.executeExperiment - 321 processed...10 20210714/20220603
2025-12-28 23:31:44,503 [main] DEBUG c.p.b.e.MLResultGenerator.executeExperiment - 322 processed...8 20220709/20230603
2025-12-28 23:31:44,847 [main] DEBUG c.p.b.e.MLResultGenerator.executeExperiment - 321 processed...12 20210715/20220603
2025-12-28 23:31:45,320 [main] DEBUG c.p.b.e.MLResultGenerator.executeExperiment - 322 processed...9 20220710/20230603
2025-12-28 23:31:45,536 [main] DEBUG c.p.b.e.MLResultGenerator.executeExperiment - 321 processed...7 20210716/20220603
2025-12-28 23:31:46,190 [main] DEBUG c.p.b.e.MLResultGenerator.executeExperiment - 322 processed...8 20220711/20230603
2025-12-28 23:31:46,291 [main] DEBUG c.p.b.e.MLResultGenerator.executeExperiment - 321 processed...10 20210717/20220603
2025-12-28 23:31:47,137 [main] DEBUG c.p.b.e.MLResultGenerator.executeExperiment - 322 processed...9 20220712/20230603
2025-12-28 23:31:47,154 [main] DEBUG c.p.b.e.MLResultGenerator.executeExperiment - 321 processed...9 20210718/20220603
2025-12-28 23:31:47,857 [main] DEBUG c.p.b.e.MLResultGenerator.executeExperiment - 321 processed...11 20210719/20220603
2025-12-28 23:31:47,942 [main] DEBUG c.p.b.e.MLResultGenerator.executeExperiment - 322 processed...11 20220713/20230603
2025-12-28 23:31:48,479 [main] DEBUG c.p.b.e.MLResultGenerator.executeExperiment - 321 processed...11 20210720/20220603
2025-12-28 23:31:48,628 [main] DEBUG c.p.b.e.MLResultGenerator.executeExperiment - 322 processed...9 20220714/20230603
2025-12-28 23:31:49,232 [main] DEBUG c.p.b.e.MLResultGenerator.executeExperiment - 321 processed...7 20210721/20220603
2025-12-28 23:31:49,444 [main] DEBUG c.p.b.e.MLResultGenerator.executeExperiment - 322 processed...8 20220715/20230603
2025-12-28 23:31:50,015 [main] DEBUG c.p.b.e.MLResultGenerator.executeExperiment - 321 processed...5 20210722/20220603
2025-12-28 23:31:50,373 [main] DEBUG c.p.b.e.MLResultGenerator.executeExperiment - 322 processed...11 20220716/20230603
2025-12-28 23:31:50,943 [main] DEBUG c.p.b.e.MLResultGenerator.executeExperiment - 321 processed...10 20210723/20220603
2025-12-28 23:31:51,190 [main] DEBUG c.p.b.e.MLResultGenerator.executeExperiment - 322 processed...9 20220717/20230603
2025-12-28 23:31:51,792 [main] DEBUG c.p.b.e.MLResultGenerator.executeExperiment - 321 processed...13 20210724/20220603
2025-12-28 23:31:51,965 [main] DEBUG c.p.b.e.MLResultGenerator.executeExperiment - 322 processed...10 20220718/20230603
2025-12-28 23:31:52,651 [main] DEBUG c.p.b.e.MLResultGenerator.executeExperiment - 321 processed...8 20210725/20220603
2025-12-28 23:31:52,807 [main] DEBUG c.p.b.e.MLResultGenerator.executeExperiment - 322 processed...9 20220719/20230603
2025-12-28 23:31:53,407 [main] DEBUG c.p.b.e.MLResultGenerator.executeExperiment - 321 processed...11 20210726/20220603
2025-12-28 23:31:53,515 [main] DEBUG c.p.b.e.MLResultGenerator.executeExperiment - 322 processed...9 20220720/20230603
2025-12-28 23:31:54,219 [main] DEBUG c.p.b.e.MLResultGenerator.executeExperiment - 322 processed...9 20220721/20230603
2025-12-28 23:31:54,275 [main] DEBUG c.p.b.e.MLResultGenerator.executeExperiment - 321 processed...8 20210727/20220603
2025-12-28 23:31:54,809 [main] DEBUG c.p.b.e.MLResultGenerator.executeExperiment - 321 processed...9 20210728/20220603
2025-12-28 23:31:54,941 [main] DEBUG c.p.b.e.MLResultGenerator.executeExperiment - 322 processed...9 20220722/20230603
2025-12-28 23:31:55,539 [main] DEBUG c.p.b.e.MLResultGenerator.executeExperiment - 321 processed...9 20210729/20220603
2025-12-28 23:31:55,687 [main] DEBUG c.p.b.e.MLResultGenerator.executeExperiment - 322 processed...6 20220723/20230603
2025-12-28 23:31:56,264 [main] DEBUG c.p.b.e.MLResultGenerator.executeExperiment - 321 processed...5 20210730/20220603
2025-12-28 23:31:56,422 [main] DEBUG c.p.b.e.MLResultGenerator.executeExperiment - 322 processed...9 20220724/20230603
2025-12-28 23:31:57,049 [main] DEBUG c.p.b.e.MLResultGenerator.executeExperiment - 322 processed...11 20220725/20230603
2025-12-28 23:31:57,050 [main] DEBUG c.p.b.e.MLResultGenerator.executeExperiment - 321 processed...11 20210731/20220603
2025-12-28 23:31:57,944 [main] DEBUG c.p.b.e.MLResultGenerator.executeExperiment - 321 processed...5 20210801/20220603
2025-12-28 23:31:57,944 [main] DEBUG c.p.b.e.MLResultGenerator.executeExperiment - 322 processed...9 20220726/20230603
2025-12-28 23:31:58,598 [main] DEBUG c.p.b.e.MLResultGenerator.executeExperiment - 321 processed...9 20210802/20220603
2025-12-28 23:31:58,708 [main] DEBUG c.p.b.e.MLResultGenerator.executeExperiment - 322 processed...9 20220727/20230603
2025-12-28 23:31:59,357 [main] DEBUG c.p.b.e.MLResultGenerator.executeExperiment - 321 processed...9 20210803/20220603
2025-12-28 23:31:59,466 [main] DEBUG c.p.b.e.MLResultGenerator.executeExperiment - 322 processed...12 20220728/20230603
2025-12-28 23:32:00,038 [main] DEBUG c.p.b.e.MLResultGenerator.executeExperiment - 321 processed...5 20210804/20220603
2025-12-28 23:32:00,333 [main] DEBUG c.p.b.e.MLResultGenerator.executeExperiment - 322 processed...7 20220729/20230603
2025-12-28 23:32:00,772 [main] DEBUG c.p.b.e.MLResultGenerator.executeExperiment - 321 processed...9 20210805/20220603
2025-12-28 23:32:01,134 [main] DEBUG c.p.b.e.MLResultGenerator.executeExperiment - 322 processed...5 20220730/20230603
2025-12-28 23:32:01,560 [main] DEBUG c.p.b.e.MLResultGenerator.executeExperiment - 321 processed...6 20210806/20220603
2025-12-28 23:32:02,005 [main] DEBUG c.p.b.e.MLResultGenerator.executeExperiment - 322 processed...8 20220731/20230603
2025-12-28 23:32:02,295 [main] DEBUG c.p.b.e.MLResultGenerator.executeExperiment - 321 processed...5 20210807/20220603
2025-12-28 23:32:02,761 [main] DEBUG c.p.b.e.MLResultGenerator.executeExperiment - 322 processed...6 20220801/20230603
2025-12-28 23:32:03,021 [main] DEBUG c.p.b.e.MLResultGenerator.executeExperiment - 321 processed...9 20210808/20220603
2025-12-28 23:32:03,329 [main] DEBUG c.p.b.e.MLResultGenerator.executeExperiment - 322 processed...10 20220802/20230603
2025-12-28 23:32:03,790 [main] DEBUG c.p.b.e.MLResultGenerator.executeExperiment - 321 processed...13 20210809/20220603
2025-12-28 23:32:04,071 [main] DEBUG c.p.b.e.MLResultGenerator.executeExperiment - 322 processed...7 20220803/20230603
2025-12-28 23:32:04,611 [main] DEBUG c.p.b.e.MLResultGenerator.executeExperiment - 321 processed...11 20210810/20220603
2025-12-28 23:32:04,750 [main] DEBUG c.p.b.e.MLResultGenerator.executeExperiment - 322 processed...7 20220804/20230603
2025-12-28 23:32:05,307 [main] DEBUG c.p.b.e.MLResultGenerator.executeExperiment - 321 processed...12 20210811/20220603
2025-12-28 23:32:05,435 [main] DEBUG c.p.b.e.MLResultGenerator.executeExperiment - 322 processed...10 20220805/20230603
2025-12-28 23:32:06,195 [main] DEBUG c.p.b.e.MLResultGenerator.executeExperiment - 322 processed...4 20220806/20230603
2025-12-28 23:32:06,222 [main] DEBUG c.p.b.e.MLResultGenerator.executeExperiment - 321 processed...7 20210812/20220603
2025-12-28 23:32:06,780 [main] DEBUG c.p.b.e.MLResultGenerator.executeExperiment - 322 processed...12 20220807/20230603
2025-12-28 23:32:07,057 [main] DEBUG c.p.b.e.MLResultGenerator.executeExperiment - 321 processed...6 20210813/20220603
2025-12-28 23:32:07,437 [main] DEBUG c.p.b.e.MLResultGenerator.executeExperiment - 322 processed...9 20220808/20230603
2025-12-28 23:32:07,889 [main] DEBUG c.p.b.e.MLResultGenerator.executeExperiment - 321 processed...13 20210814/20220603
2025-12-28 23:32:08,124 [main] DEBUG c.p.b.e.MLResultGenerator.executeExperiment - 322 processed...7 20220809/20230603
2025-12-28 23:32:08,839 [main] DEBUG c.p.b.e.MLResultGenerator.executeExperiment - 321 processed...9 20210815/20220603
2025-12-28 23:32:08,956 [main] DEBUG c.p.b.e.MLResultGenerator.executeExperiment - 322 processed...10 20220810/20230603
2025-12-28 23:32:09,750 [main] DEBUG c.p.b.e.MLResultGenerator.executeExperiment - 321 processed...7 20210816/20220603
2025-12-28 23:32:10,073 [main] DEBUG c.p.b.e.MLResultGenerator.executeExperiment - 322 processed...10 20220811/20230603
2025-12-28 23:32:10,439 [main] DEBUG c.p.b.e.MLResultGenerator.executeExperiment - 321 processed...5 20210817/20220603
2025-12-28 23:32:11,151 [main] DEBUG c.p.b.e.MLResultGenerator.executeExperiment - 322 processed...10 20220812/20230603
2025-12-28 23:32:11,166 [main] DEBUG c.p.b.e.MLResultGenerator.executeExperiment - 321 processed...9 20210818/20220603
2025-12-28 23:32:12,040 [main] DEBUG c.p.b.e.MLResultGenerator.executeExperiment - 321 processed...7 20210819/20220603
2025-12-28 23:32:12,271 [main] DEBUG c.p.b.e.MLResultGenerator.executeExperiment - 322 processed...8 20220813/20230603
2025-12-28 23:32:12,821 [main] DEBUG c.p.b.e.MLResultGenerator.executeExperiment - 321 processed...14 20210820/20220603
2025-12-28 23:32:13,419 [main] DEBUG c.p.b.e.MLResultGenerator.executeExperiment - 322 processed...8 20220814/20230603
2025-12-28 23:32:13,631 [main] DEBUG c.p.b.e.MLResultGenerator.executeExperiment - 321 processed...9 20210821/20220603
2025-12-28 23:32:14,256 [main] DEBUG c.p.b.e.MLResultGenerator.executeExperiment - 322 processed...4 20220815/20230603
2025-12-28 23:32:14,564 [main] DEBUG c.p.b.e.MLResultGenerator.executeExperiment - 321 processed...7 20210822/20220603
2025-12-28 23:32:15,075 [main] DEBUG c.p.b.e.MLResultGenerator.executeExperiment - 322 processed...9 20220816/20230603
2025-12-28 23:32:15,281 [main] DEBUG c.p.b.e.MLResultGenerator.executeExperiment - 321 processed...10 20210823/20220603
2025-12-28 23:32:15,915 [main] DEBUG c.p.b.e.MLResultGenerator.executeExperiment - 322 processed...7 20220817/20230603
2025-12-28 23:32:16,027 [main] DEBUG c.p.b.e.MLResultGenerator.executeExperiment - 321 processed...10 20210824/20220603
2025-12-28 23:32:16,602 [main] DEBUG c.p.b.e.MLResultGenerator.executeExperiment - 322 processed...6 20220818/20230603
2025-12-28 23:32:16,618 [main] DEBUG c.p.b.e.MLResultGenerator.executeExperiment - 321 processed...6 20210825/20220603
2025-12-28 23:32:17,379 [main] DEBUG c.p.b.e.MLResultGenerator.executeExperiment - 321 processed...5 20210826/20220603
2025-12-28 23:32:17,434 [main] DEBUG c.p.b.e.MLResultGenerator.executeExperiment - 322 processed...8 20220819/20230603
2025-12-28 23:32:18,048 [main] DEBUG c.p.b.e.MLResultGenerator.executeExperiment - 321 processed...11 20210827/20220603
2025-12-28 23:32:18,366 [main] DEBUG c.p.b.e.MLResultGenerator.executeExperiment - 322 processed...11 20220820/20230603
2025-12-28 23:32:18,645 [main] DEBUG c.p.b.e.MLResultGenerator.executeExperiment - 321 processed...9 20210828/20220603
2025-12-28 23:32:19,182 [main] DEBUG c.p.b.e.MLResultGenerator.executeExperiment - 321 processed...6 20210829/20220603
2025-12-28 23:32:19,272 [main] DEBUG c.p.b.e.MLResultGenerator.executeExperiment - 322 processed...6 20220821/20230603
2025-12-28 23:32:19,856 [main] DEBUG c.p.b.e.MLResultGenerator.executeExperiment - 321 processed...6 20210830/20220603
2025-12-28 23:32:20,305 [main] DEBUG c.p.b.e.MLResultGenerator.executeExperiment - 322 processed...7 20220822/20230603
2025-12-28 23:32:20,500 [main] DEBUG c.p.b.e.MLResultGenerator.executeExperiment - 321 processed...11 20210831/20220603
2025-12-28 23:32:21,080 [main] DEBUG c.p.b.e.MLResultGenerator.executeExperiment - 321 processed...7 20210901/20220603
2025-12-28 23:32:21,199 [main] DEBUG c.p.b.e.MLResultGenerator.executeExperiment - 322 processed...3 20220823/20230603
2025-12-28 23:32:21,675 [main] DEBUG c.p.b.e.MLResultGenerator.executeExperiment - 321 processed...8 20210902/20220603
2025-12-28 23:32:22,226 [main] DEBUG c.p.b.e.MLResultGenerator.executeExperiment - 322 processed...15 20220824/20230603
2025-12-28 23:32:22,508 [main] DEBUG c.p.b.e.MLResultGenerator.executeExperiment - 321 processed...11 20210903/20220603
2025-12-28 23:32:22,860 [main] DEBUG c.p.b.e.MLResultGenerator.executeExperiment - 322 processed...10 20220825/20230603
2025-12-28 23:32:23,190 [main] DEBUG c.p.b.e.MLResultGenerator.executeExperiment - 321 processed...8 20210904/20220603
2025-12-28 23:32:23,492 [main] DEBUG c.p.b.e.MLResultGenerator.executeExperiment - 322 processed...11 20220826/20230603
2025-12-28 23:32:24,069 [main] DEBUG c.p.b.e.MLResultGenerator.executeExperiment - 321 processed...9 20210905/20220603
2025-12-28 23:32:24,330 [main] DEBUG c.p.b.e.MLResultGenerator.executeExperiment - 322 processed...9 20220827/20230603
2025-12-28 23:32:24,815 [main] DEBUG c.p.b.e.MLResultGenerator.executeExperiment - 321 processed...6 20210906/20220603
2025-12-28 23:32:25,286 [main] DEBUG c.p.b.e.MLResultGenerator.executeExperiment - 322 processed...6 20220828/20230603
2025-12-28 23:32:25,520 [main] DEBUG c.p.b.e.MLResultGenerator.executeExperiment - 321 processed...8 20210907/20220603
2025-12-28 23:32:26,034 [main] DEBUG c.p.b.e.MLResultGenerator.executeExperiment - 322 processed...8 20220829/20230603
2025-12-28 23:32:26,204 [main] DEBUG c.p.b.e.MLResultGenerator.executeExperiment - 321 processed...4 20210908/20220603
2025-12-28 23:32:26,903 [main] DEBUG c.p.b.e.MLResultGenerator.executeExperiment - 321 processed...7 20210909/20220603
2025-12-28 23:32:27,211 [main] DEBUG c.p.b.e.MLResultGenerator.executeExperiment - 322 processed...5 20220830/20230603
2025-12-28 23:32:27,698 [main] DEBUG c.p.b.e.MLResultGenerator.executeExperiment - 321 processed...9 20210910/20220603
2025-12-28 23:32:28,041 [main] DEBUG c.p.b.e.MLResultGenerator.executeExperiment - 322 processed...10 20220831/20230603
2025-12-28 23:32:28,386 [main] DEBUG c.p.b.e.MLResultGenerator.executeExperiment - 321 processed...8 20210911/20220603
2025-12-28 23:32:28,785 [main] DEBUG c.p.b.e.MLResultGenerator.executeExperiment - 322 processed...7 20220901/20230603
2025-12-28 23:32:29,238 [main] DEBUG c.p.b.e.MLResultGenerator.executeExperiment - 321 processed...10 20210912/20220603
2025-12-28 23:32:29,591 [main] DEBUG c.p.b.e.MLResultGenerator.executeExperiment - 322 processed...12 20220902/20230603
2025-12-28 23:32:29,954 [main] DEBUG c.p.b.e.MLResultGenerator.executeExperiment - 321 processed...6 20210913/20220603
2025-12-28 23:32:30,355 [main] DEBUG c.p.b.e.MLResultGenerator.executeExperiment - 322 processed...8 20220903/20230603
2025-12-28 23:32:30,577 [main] DEBUG c.p.b.e.MLResultGenerator.executeExperiment - 321 processed...9 20210914/20220603
2025-12-28 23:32:31,054 [main] DEBUG c.p.b.e.MLResultGenerator.executeExperiment - 322 processed...3 20220904/20230603
2025-12-28 23:32:31,268 [main] DEBUG c.p.b.e.MLResultGenerator.executeExperiment - 321 processed...6 20210915/20220603
2025-12-28 23:32:31,609 [main] DEBUG c.p.b.e.MLResultGenerator.executeExperiment - 322 processed...7 20220905/20230603
2025-12-28 23:32:32,068 [main] DEBUG c.p.b.e.MLResultGenerator.executeExperiment - 321 processed...9 20210916/20220603
2025-12-28 23:32:32,070 [main] DEBUG c.p.b.e.MLResultGenerator.executeExperiment - 322 processed...6 20220906/20230603
2025-12-28 23:32:32,604 [main] DEBUG c.p.b.e.MLResultGenerator.executeExperiment - 321 processed...4 20210917/20220603
2025-12-28 23:32:32,740 [main] DEBUG c.p.b.e.MLResultGenerator.executeExperiment - 322 processed...8 20220907/20230603
2025-12-28 23:32:33,251 [main] DEBUG c.p.b.e.MLResultGenerator.executeExperiment - 321 processed...12 20210918/20220603
2025-12-28 23:32:33,426 [main] DEBUG c.p.b.e.MLResultGenerator.executeExperiment - 322 processed...8 20220908/20230603
2025-12-28 23:32:34,139 [main] DEBUG c.p.b.e.MLResultGenerator.executeExperiment - 322 processed...9 20220909/20230603
2025-12-28 23:32:34,194 [main] DEBUG c.p.b.e.MLResultGenerator.executeExperiment - 321 processed...7 20210919/20220603
2025-12-28 23:32:34,962 [main] DEBUG c.p.b.e.MLResultGenerator.executeExperiment - 322 processed...10 20220910/20230603
2025-12-28 23:32:35,009 [main] DEBUG c.p.b.e.MLResultGenerator.executeExperiment - 321 processed...9 20210920/20220603
2025-12-28 23:32:35,715 [main] DEBUG c.p.b.e.MLResultGenerator.executeExperiment - 322 processed...9 20220911/20230603
2025-12-28 23:32:35,899 [main] DEBUG c.p.b.e.MLResultGenerator.executeExperiment - 321 processed...7 20210921/20220603
2025-12-28 23:32:36,547 [main] DEBUG c.p.b.e.MLResultGenerator.executeExperiment - 322 processed...10 20220912/20230603
2025-12-28 23:32:36,608 [main] DEBUG c.p.b.e.MLResultGenerator.executeExperiment - 321 processed...11 20210922/20220603
2025-12-28 23:32:37,493 [main] DEBUG c.p.b.e.MLResultGenerator.executeExperiment - 322 processed...6 20220913/20230603
2025-12-28 23:32:37,582 [main] DEBUG c.p.b.e.MLResultGenerator.executeExperiment - 321 processed...8 20210923/20220603
2025-12-28 23:32:38,254 [main] DEBUG c.p.b.e.MLResultGenerator.executeExperiment - 322 processed...7 20220914/20230603
2025-12-28 23:32:38,332 [main] DEBUG c.p.b.e.MLResultGenerator.executeExperiment - 321 processed...8 20210924/20220603
2025-12-28 23:32:38,881 [main] DEBUG c.p.b.e.MLResultGenerator.executeExperiment - 322 processed...10 20220915/20230603
2025-12-28 23:32:38,964 [main] DEBUG c.p.b.e.MLResultGenerator.executeExperiment - 321 processed...7 20210925/20220603
2025-12-28 23:32:39,798 [main] DEBUG c.p.b.e.MLResultGenerator.executeExperiment - 322 processed...7 20220916/20230603
2025-12-28 23:32:39,918 [main] DEBUG c.p.b.e.MLResultGenerator.executeExperiment - 321 processed...10 20210926/20220603
2025-12-28 23:32:40,484 [main] DEBUG c.p.b.e.MLResultGenerator.executeExperiment - 321 processed...6 20210927/20220603
2025-12-28 23:32:40,619 [main] DEBUG c.p.b.e.MLResultGenerator.executeExperiment - 322 processed...5 20220917/20230603
2025-12-28 23:32:40,999 [main] DEBUG c.p.b.e.MLResultGenerator.executeExperiment - 321 processed...7 20210928/20220603
2025-12-28 23:32:41,218 [main] DEBUG c.p.b.e.MLResultGenerator.executeExperiment - 322 processed...6 20220918/20230603
2025-12-28 23:32:41,482 [main] DEBUG c.p.b.e.MLResultGenerator.executeExperiment - 322 processed...9 20220919/20230603
2025-12-28 23:32:41,578 [main] DEBUG c.p.b.e.MLResultGenerator.executeExperiment - 321 processed...10 20210929/20220603
2025-12-28 23:32:42,314 [main] DEBUG c.p.b.e.MLResultGenerator.executeExperiment - 321 processed...7 20210930/20220603
2025-12-28 23:32:42,386 [main] DEBUG c.p.b.e.MLResultGenerator.executeExperiment - 322 processed...5 20220920/20230603
2025-12-28 23:32:42,958 [main] DEBUG c.p.b.e.MLResultGenerator.executeExperiment - 321 processed...4 20211001/20220603
2025-12-28 23:32:43,190 [main] DEBUG c.p.b.e.MLResultGenerator.executeExperiment - 322 processed...5 20220921/20230603
2025-12-28 23:32:43,712 [main] DEBUG c.p.b.e.MLResultGenerator.executeExperiment - 321 processed...9 20211002/20220603
2025-12-28 23:32:44,152 [main] DEBUG c.p.b.e.MLResultGenerator.executeExperiment - 322 processed...12 20220922/20230603
2025-12-28 23:32:44,569 [main] DEBUG c.p.b.e.MLResultGenerator.executeExperiment - 321 processed...7 20211003/20220603
2025-12-28 23:32:45,089 [main] DEBUG c.p.b.e.MLResultGenerator.executeExperiment - 322 processed...10 20220923/20230603
2025-12-28 23:32:45,312 [main] DEBUG c.p.b.e.MLResultGenerator.executeExperiment - 321 processed...9 20211004/20220603
2025-12-28 23:32:45,937 [main] DEBUG c.p.b.e.MLResultGenerator.executeExperiment - 322 processed...7 20220924/20230603
2025-12-28 23:32:46,018 [main] DEBUG c.p.b.e.MLResultGenerator.executeExperiment - 321 processed...4 20211005/20220603
2025-12-28 23:32:46,889 [main] DEBUG c.p.b.e.MLResultGenerator.executeExperiment - 321 processed...12 20211006/20220603
2025-12-28 23:32:46,992 [main] DEBUG c.p.b.e.MLResultGenerator.executeExperiment - 322 processed...9 20220925/20230603
2025-12-28 23:32:47,575 [main] DEBUG c.p.b.e.MLResultGenerator.executeExperiment - 321 processed...8 20211007/20220603
2025-12-28 23:32:47,798 [main] DEBUG c.p.b.e.MLResultGenerator.executeExperiment - 322 processed...10 20220926/20230603
2025-12-28 23:32:48,267 [main] DEBUG c.p.b.e.MLResultGenerator.executeExperiment - 321 processed...8 20211008/20220603
2025-12-28 23:32:48,432 [main] DEBUG c.p.b.e.MLResultGenerator.executeExperiment - 322 processed...9 20220927/20230603
2025-12-28 23:32:49,154 [main] DEBUG c.p.b.e.MLResultGenerator.executeExperiment - 321 processed...7 20211009/20220603
2025-12-28 23:32:49,263 [main] DEBUG c.p.b.e.MLResultGenerator.executeExperiment - 322 processed...11 20220928/20230603
2025-12-28 23:32:49,831 [main] DEBUG c.p.b.e.MLResultGenerator.executeExperiment - 321 processed...7 20211010/20220603
2025-12-28 23:32:49,866 [main] DEBUG c.p.b.e.MLResultGenerator.executeExperiment - 322 processed...7 20220929/20230603
2025-12-28 23:32:50,547 [main] DEBUG c.p.b.e.MLResultGenerator.executeExperiment - 321 processed...11 20211011/20220603
2025-12-28 23:32:50,597 [main] DEBUG c.p.b.e.MLResultGenerator.executeExperiment - 322 processed...6 20220930/20230603
2025-12-28 23:32:51,372 [main] DEBUG c.p.b.e.MLResultGenerator.executeExperiment - 321 processed...10 20211012/20220603
2025-12-28 23:32:51,525 [main] DEBUG c.p.b.e.MLResultGenerator.executeExperiment - 322 processed...5 20221001/20230603
2025-12-28 23:32:52,056 [main] DEBUG c.p.b.e.MLResultGenerator.executeExperiment - 321 processed...11 20211013/20220603
2025-12-28 23:32:52,347 [main] DEBUG c.p.b.e.MLResultGenerator.executeExperiment - 322 processed...7 20221002/20230603
2025-12-28 23:32:52,690 [main] DEBUG c.p.b.e.MLResultGenerator.executeExperiment - 321 processed...9 20211014/20220603
2025-12-28 23:32:53,088 [main] DEBUG c.p.b.e.MLResultGenerator.executeExperiment - 322 processed...10 20221003/20230603
2025-12-28 23:32:53,546 [main] DEBUG c.p.b.e.MLResultGenerator.executeExperiment - 321 processed...9 20211015/20220603
2025-12-28 23:32:53,845 [main] DEBUG c.p.b.e.MLResultGenerator.executeExperiment - 322 processed...7 20221004/20230603
2025-12-28 23:32:54,238 [main] DEBUG c.p.b.e.MLResultGenerator.executeExperiment - 321 processed...8 20211016/20220603
2025-12-28 23:32:54,437 [main] DEBUG c.p.b.e.MLResultGenerator.executeExperiment - 322 processed...3 20221005/20230603
2025-12-28 23:32:54,865 [main] DEBUG c.p.b.e.MLResultGenerator.executeExperiment - 321 processed...3 20211017/20220603
2025-12-28 23:32:55,005 [main] DEBUG c.p.b.e.MLResultGenerator.executeExperiment - 322 processed...6 20221006/20230603
2025-12-28 23:32:55,648 [main] DEBUG c.p.b.e.MLResultGenerator.executeExperiment - 321 processed...7 20211018/20220603
2025-12-28 23:32:55,779 [main] DEBUG c.p.b.e.MLResultGenerator.executeExperiment - 322 processed...11 20221007/20230603
2025-12-28 23:32:56,354 [main] DEBUG c.p.b.e.MLResultGenerator.executeExperiment - 321 processed...10 20211019/20220603
2025-12-28 23:32:56,626 [main] DEBUG c.p.b.e.MLResultGenerator.executeExperiment - 322 processed...9 20221008/20230603
2025-12-28 23:32:57,014 [main] DEBUG c.p.b.e.MLResultGenerator.executeExperiment - 321 processed...13 20211020/20220603
2025-12-28 23:32:57,605 [main] DEBUG c.p.b.e.MLResultGenerator.executeExperiment - 322 processed...12 20221009/20230603
2025-12-28 23:32:57,788 [main] DEBUG c.p.b.e.MLResultGenerator.executeExperiment - 321 processed...4 20211021/20220603
2025-12-28 23:32:58,411 [main] DEBUG c.p.b.e.MLResultGenerator.executeExperiment - 322 processed...7 20221010/20230603
2025-12-28 23:32:58,583 [main] DEBUG c.p.b.e.MLResultGenerator.executeExperiment - 321 processed...10 20211022/20220603
2025-12-28 23:32:59,206 [main] DEBUG c.p.b.e.MLResultGenerator.executeExperiment - 322 processed...10 20221011/20230603
2025-12-28 23:32:59,324 [main] DEBUG c.p.b.e.MLResultGenerator.executeExperiment - 321 processed...8 20211023/20220603
2025-12-28 23:32:59,939 [main] DEBUG c.p.b.e.MLResultGenerator.executeExperiment - 322 processed...7 20221012/20230603
2025-12-28 23:33:00,176 [main] DEBUG c.p.b.e.MLResultGenerator.executeExperiment - 321 processed...11 20211024/20220603
2025-12-28 23:33:00,766 [main] DEBUG c.p.b.e.MLResultGenerator.executeExperiment - 322 processed...7 20221013/20230603
2025-12-28 23:33:01,018 [main] DEBUG c.p.b.e.MLResultGenerator.executeExperiment - 321 processed...5 20211025/20220603
2025-12-28 23:33:01,417 [main] DEBUG c.p.b.e.MLResultGenerator.executeExperiment - 322 processed...7 20221014/20230603
2025-12-28 23:33:01,677 [main] DEBUG c.p.b.e.MLResultGenerator.executeExperiment - 321 processed...7 20211026/20220603
2025-12-28 23:33:02,082 [main] DEBUG c.p.b.e.MLResultGenerator.executeExperiment - 322 processed...8 20221015/20230603
2025-12-28 23:33:02,457 [main] DEBUG c.p.b.e.MLResultGenerator.executeExperiment - 321 processed...10 20211027/20220603
2025-12-28 23:33:02,967 [main] DEBUG c.p.b.e.MLResultGenerator.executeExperiment - 322 processed...9 20221016/20230603
2025-12-28 23:33:03,164 [main] DEBUG c.p.b.e.MLResultGenerator.executeExperiment - 321 processed...9 20211028/20220603
2025-12-28 23:33:03,653 [main] DEBUG c.p.b.e.MLResultGenerator.executeExperiment - 322 processed...9 20221017/20230603
2025-12-28 23:33:03,955 [main] DEBUG c.p.b.e.MLResultGenerator.executeExperiment - 321 processed...8 20211029/20220603
2025-12-28 23:33:04,335 [main] DEBUG c.p.b.e.MLResultGenerator.executeExperiment - 322 processed...9 20221018/20230603
2025-12-28 23:33:04,764 [main] DEBUG c.p.b.e.MLResultGenerator.executeExperiment - 321 processed...10 20211030/20220603
2025-12-28 23:33:05,090 [main] DEBUG c.p.b.e.MLResultGenerator.executeExperiment - 322 processed...7 20221019/20230603
2025-12-28 23:33:05,556 [main] DEBUG c.p.b.e.MLResultGenerator.executeExperiment - 321 processed...8 20211031/20220603
2025-12-28 23:33:05,841 [main] DEBUG c.p.b.e.MLResultGenerator.executeExperiment - 322 processed...4 20221020/20230603
2025-12-28 23:33:06,239 [main] DEBUG c.p.b.e.MLResultGenerator.executeExperiment - 321 processed...10 20211101/20220603
2025-12-28 23:33:06,566 [main] DEBUG c.p.b.e.MLResultGenerator.executeExperiment - 322 processed...6 20221021/20230603
2025-12-28 23:33:07,121 [main] DEBUG c.p.b.e.MLResultGenerator.executeExperiment - 321 processed...12 20211102/20220603
2025-12-28 23:33:07,708 [main] DEBUG c.p.b.e.MLResultGenerator.executeExperiment - 322 processed...5 20221022/20230603
2025-12-28 23:33:08,275 [main] DEBUG c.p.b.e.MLResultGenerator.executeExperiment - 321 processed...9 20211103/20220603
2025-12-28 23:33:08,439 [main] DEBUG c.p.b.e.MLResultGenerator.executeExperiment - 322 processed...3 20221023/20230603
2025-12-28 23:33:09,189 [main] DEBUG c.p.b.e.MLResultGenerator.executeExperiment - 321 processed...9 20211104/20220603
2025-12-28 23:33:09,210 [main] DEBUG c.p.b.e.MLResultGenerator.executeExperiment - 322 processed...9 20221024/20230603
2025-12-28 23:33:10,041 [main] DEBUG c.p.b.e.MLResultGenerator.executeExperiment - 321 processed...10 20211105/20220603
2025-12-28 23:33:10,217 [main] DEBUG c.p.b.e.MLResultGenerator.executeExperiment - 322 processed...12 20221025/20230603
2025-12-28 23:33:10,756 [main] DEBUG c.p.b.e.MLResultGenerator.executeExperiment - 321 processed...8 20211106/20220603
2025-12-28 23:33:10,949 [main] DEBUG c.p.b.e.MLResultGenerator.executeExperiment - 322 processed...10 20221026/20230603
2025-12-28 23:33:11,733 [main] DEBUG c.p.b.e.MLResultGenerator.executeExperiment - 322 processed...7 20221027/20230603
2025-12-28 23:33:11,858 [main] DEBUG c.p.b.e.MLResultGenerator.executeExperiment - 321 processed...10 20211107/20220603
2025-12-28 23:33:12,461 [main] DEBUG c.p.b.e.MLResultGenerator.executeExperiment - 322 processed...10 20221028/20230603
2025-12-28 23:33:12,646 [main] DEBUG c.p.b.e.MLResultGenerator.executeExperiment - 321 processed...11 20211108/20220603
2025-12-28 23:33:13,379 [main] DEBUG c.p.b.e.MLResultGenerator.executeExperiment - 322 processed...13 20221029/20230603
2025-12-28 23:33:13,527 [main] DEBUG c.p.b.e.MLResultGenerator.executeExperiment - 321 processed...4 20211109/20220603
2025-12-28 23:33:14,344 [main] DEBUG c.p.b.e.MLResultGenerator.executeExperiment - 322 processed...6 20221030/20230603
2025-12-28 23:33:14,428 [main] DEBUG c.p.b.e.MLResultGenerator.executeExperiment - 321 processed...11 20211110/20220603
2025-12-28 23:33:15,037 [main] DEBUG c.p.b.e.MLResultGenerator.executeExperiment - 322 processed...3 20221031/20230603
2025-12-28 23:33:15,236 [main] DEBUG c.p.b.e.MLResultGenerator.executeExperiment - 321 processed...7 20211111/20220603
2025-12-28 23:33:15,844 [main] DEBUG c.p.b.e.MLResultGenerator.executeExperiment - 322 processed...12 20221101/20230603
2025-12-28 23:33:16,175 [main] DEBUG c.p.b.e.MLResultGenerator.executeExperiment - 321 processed...10 20211112/20220603
2025-12-28 23:33:16,661 [main] DEBUG c.p.b.e.MLResultGenerator.executeExperiment - 322 processed...6 20221102/20230603
2025-12-28 23:33:17,144 [main] DEBUG c.p.b.e.MLResultGenerator.executeExperiment - 321 processed...8 20211113/20220603
2025-12-28 23:33:17,678 [main] DEBUG c.p.b.e.MLResultGenerator.executeExperiment - 322 processed...10 20221103/20230603
2025-12-28 23:33:18,102 [main] DEBUG c.p.b.e.MLResultGenerator.executeExperiment - 321 processed...12 20211114/20220603
2025-12-28 23:33:18,474 [main] DEBUG c.p.b.e.MLResultGenerator.executeExperiment - 322 processed...13 20221104/20230603
2025-12-28 23:33:18,881 [main] DEBUG c.p.b.e.MLResultGenerator.executeExperiment - 321 processed...6 20211115/20220603
2025-12-28 23:33:19,106 [main] DEBUG c.p.b.e.MLResultGenerator.executeExperiment - 322 processed...8 20221105/20230603
2025-12-28 23:33:19,683 [main] DEBUG c.p.b.e.MLResultGenerator.executeExperiment - 321 processed...6 20211116/20220603
2025-12-28 23:33:19,877 [main] DEBUG c.p.b.e.MLResultGenerator.executeExperiment - 322 processed...9 20221106/20230603
2025-12-28 23:33:20,352 [main] DEBUG c.p.b.e.MLResultGenerator.executeExperiment - 321 processed...13 20211117/20220603
2025-12-28 23:33:20,477 [main] DEBUG c.p.b.e.MLResultGenerator.executeExperiment - 322 processed...8 20221107/20230603
2025-12-28 23:33:21,011 [main] DEBUG c.p.b.e.MLResultGenerator.executeExperiment - 321 processed...6 20211118/20220603
2025-12-28 23:33:21,050 [main] DEBUG c.p.b.e.MLResultGenerator.executeExperiment - 322 processed...8 20221108/20230603
2025-12-28 23:33:21,668 [main] DEBUG c.p.b.e.MLResultGenerator.executeExperiment - 322 processed...5 20221109/20230603
2025-12-28 23:33:21,692 [main] DEBUG c.p.b.e.MLResultGenerator.executeExperiment - 321 processed...10 20211119/20220603
2025-12-28 23:33:22,387 [main] DEBUG c.p.b.e.MLResultGenerator.executeExperiment - 322 processed...7 20221110/20230603
2025-12-28 23:33:22,411 [main] DEBUG c.p.b.e.MLResultGenerator.executeExperiment - 321 processed...8 20211120/20220603
2025-12-28 23:33:23,205 [main] DEBUG c.p.b.e.MLResultGenerator.executeExperiment - 322 processed...6 20221111/20230603
2025-12-28 23:33:23,381 [main] DEBUG c.p.b.e.MLResultGenerator.executeExperiment - 321 processed...9 20211121/20220603
2025-12-28 23:33:23,949 [main] DEBUG c.p.b.e.MLResultGenerator.executeExperiment - 322 processed...10 20221112/20230603
2025-12-28 23:33:24,145 [main] DEBUG c.p.b.e.MLResultGenerator.executeExperiment - 321 processed...6 20211122/20220603
2025-12-28 23:33:24,754 [main] DEBUG c.p.b.e.MLResultGenerator.executeExperiment - 322 processed...9 20221113/20230603
2025-12-28 23:33:25,040 [main] DEBUG c.p.b.e.MLResultGenerator.executeExperiment - 321 processed...8 20211123/20220603
2025-12-28 23:33:25,588 [main] DEBUG c.p.b.e.MLResultGenerator.executeExperiment - 322 processed...7 20221114/20230603
2025-12-28 23:33:25,885 [main] DEBUG c.p.b.e.MLResultGenerator.executeExperiment - 321 processed...7 20211124/20220603
2025-12-28 23:33:26,325 [main] DEBUG c.p.b.e.MLResultGenerator.executeExperiment - 322 processed...7 20221115/20230603
2025-12-28 23:33:26,552 [main] DEBUG c.p.b.e.MLResultGenerator.executeExperiment - 321 processed...9 20211125/20220603
2025-12-28 23:33:27,122 [main] DEBUG c.p.b.e.MLResultGenerator.executeExperiment - 322 processed...6 20221116/20230603
2025-12-28 23:33:27,422 [main] DEBUG c.p.b.e.MLResultGenerator.executeExperiment - 321 processed...10 20211126/20220603
2025-12-28 23:33:27,924 [main] DEBUG c.p.b.e.MLResultGenerator.executeExperiment - 322 processed...11 20221117/20230603
2025-12-28 23:33:28,210 [main] DEBUG c.p.b.e.MLResultGenerator.executeExperiment - 321 processed...7 20211127/20220603
2025-12-28 23:33:28,725 [main] DEBUG c.p.b.e.MLResultGenerator.executeExperiment - 322 processed...9 20221118/20230603
2025-12-28 23:33:29,189 [main] DEBUG c.p.b.e.MLResultGenerator.executeExperiment - 321 processed...7 20211128/20220603
2025-12-28 23:33:29,743 [main] DEBUG c.p.b.e.MLResultGenerator.executeExperiment - 322 processed...9 20221119/20230603
2025-12-28 23:33:30,003 [main] DEBUG c.p.b.e.MLResultGenerator.executeExperiment - 321 processed...10 20211129/20220603
2025-12-28 23:33:30,560 [main] DEBUG c.p.b.e.MLResultGenerator.executeExperiment - 322 processed...11 20221120/20230603
2025-12-28 23:33:30,845 [main] DEBUG c.p.b.e.MLResultGenerator.executeExperiment - 321 processed...13 20211130/20220603
2025-12-28 23:33:31,196 [main] DEBUG c.p.b.e.MLResultGenerator.executeExperiment - 322 processed...10 20221121/20230603
2025-12-28 23:33:31,526 [main] DEBUG c.p.b.e.MLResultGenerator.executeExperiment - 321 processed...8 20211201/20220603
2025-12-28 23:33:31,922 [main] DEBUG c.p.b.e.MLResultGenerator.executeExperiment - 322 processed...7 20221122/20230603
2025-12-28 23:33:32,557 [main] DEBUG c.p.b.e.MLResultGenerator.executeExperiment - 321 processed...10 20211202/20220603
2025-12-28 23:33:32,639 [main] DEBUG c.p.b.e.MLResultGenerator.executeExperiment - 322 processed...9 20221123/20230603
2025-12-28 23:33:33,396 [main] DEBUG c.p.b.e.MLResultGenerator.executeExperiment - 322 processed...10 20221124/20230603
2025-12-28 23:33:33,646 [main] DEBUG c.p.b.e.MLResultGenerator.executeExperiment - 321 processed...12 20211203/20220603
2025-12-28 23:33:34,082 [main] DEBUG c.p.b.e.MLResultGenerator.executeExperiment - 322 processed...11 20221125/20230603
2025-12-28 23:33:34,577 [main] DEBUG c.p.b.e.MLResultGenerator.executeExperiment - 321 processed...9 20211204/20220603
2025-12-28 23:33:34,837 [main] DEBUG c.p.b.e.MLResultGenerator.executeExperiment - 322 processed...7 20221126/20230603
2025-12-28 23:33:35,492 [main] DEBUG c.p.b.e.MLResultGenerator.executeExperiment - 321 processed...8 20211205/20220603
2025-12-28 23:33:35,747 [main] DEBUG c.p.b.e.MLResultGenerator.executeExperiment - 322 processed...11 20221127/20230603
2025-12-28 23:33:36,270 [main] DEBUG c.p.b.e.MLResultGenerator.executeExperiment - 321 processed...7 20211206/20220603
2025-12-28 23:33:36,453 [main] DEBUG c.p.b.e.MLResultGenerator.executeExperiment - 322 processed...9 20221128/20230603
2025-12-28 23:33:37,142 [main] DEBUG c.p.b.e.MLResultGenerator.executeExperiment - 321 processed...9 20211207/20220603
2025-12-28 23:33:37,177 [main] DEBUG c.p.b.e.MLResultGenerator.executeExperiment - 322 processed...6 20221129/20230603
2025-12-28 23:33:37,815 [main] DEBUG c.p.b.e.MLResultGenerator.executeExperiment - 322 processed...7 20221130/20230603
2025-12-28 23:33:37,904 [main] DEBUG c.p.b.e.MLResultGenerator.executeExperiment - 321 processed...7 20211208/20220603
2025-12-28 23:33:38,651 [main] DEBUG c.p.b.e.MLResultGenerator.executeExperiment - 322 processed...8 20221201/20230603
2025-12-28 23:33:39,135 [main] DEBUG c.p.b.e.MLResultGenerator.executeExperiment - 321 processed...10 20211209/20220603
2025-12-28 23:33:39,531 [main] DEBUG c.p.b.e.MLResultGenerator.executeExperiment - 322 processed...8 20221202/20230603
2025-12-28 23:33:40,270 [main] DEBUG c.p.b.e.MLResultGenerator.executeExperiment - 322 processed...4 20221203/20230603
2025-12-28 23:33:40,292 [main] DEBUG c.p.b.e.MLResultGenerator.executeExperiment - 321 processed...5 20211210/20220603
2025-12-28 23:33:40,905 [main] DEBUG c.p.b.e.MLResultGenerator.executeExperiment - 322 processed...14 20221204/20230603
2025-12-28 23:33:41,285 [main] DEBUG c.p.b.e.MLResultGenerator.executeExperiment - 321 processed...8 20211211/20220603
2025-12-28 23:33:41,725 [main] DEBUG c.p.b.e.MLResultGenerator.executeExperiment - 322 processed...9 20221205/20230603
2025-12-28 23:33:42,218 [main] DEBUG c.p.b.e.MLResultGenerator.executeExperiment - 321 processed...10 20211212/20220603
2025-12-28 23:33:42,425 [main] DEBUG c.p.b.e.MLResultGenerator.executeExperiment - 322 processed...6 20221206/20230603
2025-12-28 23:33:42,831 [main] DEBUG c.p.b.e.MLResultGenerator.executeExperiment - 321 processed...10 20211213/20220603
2025-12-28 23:33:43,196 [main] DEBUG c.p.b.e.MLResultGenerator.executeExperiment - 322 processed...3 20221207/20230603
2025-12-28 23:33:43,513 [main] DEBUG c.p.b.e.MLResultGenerator.executeExperiment - 321 processed...6 20211214/20220603
2025-12-28 23:33:43,920 [main] DEBUG c.p.b.e.MLResultGenerator.executeExperiment - 322 processed...7 20221208/20230603
2025-12-28 23:33:44,053 [main] DEBUG c.p.b.e.MLResultGenerator.executeExperiment - 321 processed...11 20211215/20220603
2025-12-28 23:33:44,729 [main] DEBUG c.p.b.e.MLResultGenerator.executeExperiment - 321 processed...11 20211216/20220603
2025-12-28 23:33:45,013 [main] DEBUG c.p.b.e.MLResultGenerator.executeExperiment - 322 processed...7 20221209/20230603
2025-12-28 23:33:45,373 [main] DEBUG c.p.b.e.MLResultGenerator.executeExperiment - 321 processed...8 20211217/20220603
2025-12-28 23:33:45,959 [main] DEBUG c.p.b.e.MLResultGenerator.executeExperiment - 322 processed...6 20221210/20230603
2025-12-28 23:33:46,149 [main] DEBUG c.p.b.e.MLResultGenerator.executeExperiment - 321 processed...9 20211218/20220603
2025-12-28 23:33:47,156 [main] DEBUG c.p.b.e.MLResultGenerator.executeExperiment - 322 processed...4 20221211/20230603
2025-12-28 23:33:47,185 [main] DEBUG c.p.b.e.MLResultGenerator.executeExperiment - 321 processed...3 20211219/20220603
2025-12-28 23:33:48,098 [main] DEBUG c.p.b.e.MLResultGenerator.executeExperiment - 321 processed...6 20211220/20220603
2025-12-28 23:33:48,138 [main] DEBUG c.p.b.e.MLResultGenerator.executeExperiment - 322 processed...5 20221212/20230603
2025-12-28 23:33:49,012 [main] DEBUG c.p.b.e.MLResultGenerator.executeExperiment - 321 processed...6 20211221/20220603
2025-12-28 23:33:49,218 [main] DEBUG c.p.b.e.MLResultGenerator.executeExperiment - 322 processed...8 20221213/20230603
2025-12-28 23:33:49,920 [main] DEBUG c.p.b.e.MLResultGenerator.executeExperiment - 321 processed...7 20211222/20220603
2025-12-28 23:33:49,985 [main] DEBUG c.p.b.e.MLResultGenerator.executeExperiment - 322 processed...9 20221214/20230603
2025-12-28 23:33:50,594 [main] DEBUG c.p.b.e.MLResultGenerator.executeExperiment - 322 processed...4 20221215/20230603
2025-12-28 23:33:50,670 [main] DEBUG c.p.b.e.MLResultGenerator.executeExperiment - 321 processed...14 20211223/20220603
2025-12-28 23:33:51,241 [main] DEBUG c.p.b.e.MLResultGenerator.executeExperiment - 322 processed...5 20221216/20230603
2025-12-28 23:33:51,469 [main] DEBUG c.p.b.e.MLResultGenerator.executeExperiment - 321 processed...7 20211224/20220603
2025-12-28 23:33:52,077 [main] DEBUG c.p.b.e.MLResultGenerator.executeExperiment - 322 processed...7 20221217/20230603
2025-12-28 23:33:52,317 [main] DEBUG c.p.b.e.MLResultGenerator.executeExperiment - 321 processed...5 20211225/20220603
2025-12-28 23:33:52,766 [main] DEBUG c.p.b.e.MLResultGenerator.executeExperiment - 322 processed...8 20221218/20230603
2025-12-28 23:33:52,849 [main] DEBUG c.p.b.e.MLResultGenerator.executeExperiment - 321 processed...6 20211226/20220603
2025-12-28 23:33:53,541 [main] DEBUG c.p.b.e.MLResultGenerator.executeExperiment - 322 processed...8 20221219/20230603
2025-12-28 23:33:53,673 [main] DEBUG c.p.b.e.MLResultGenerator.executeExperiment - 321 processed...11 20211227/20220603
2025-12-28 23:33:54,530 [main] DEBUG c.p.b.e.MLResultGenerator.executeExperiment - 322 processed...10 20221220/20230603
2025-12-28 23:33:54,750 [main] DEBUG c.p.b.e.MLResultGenerator.executeExperiment - 321 processed...10 20211228/20220603
2025-12-28 23:33:55,347 [main] DEBUG c.p.b.e.MLResultGenerator.executeExperiment - 322 processed...4 20221221/20230603
2025-12-28 23:33:55,824 [main] DEBUG c.p.b.e.MLResultGenerator.executeExperiment - 321 processed...8 20211229/20220603
2025-12-28 23:33:56,102 [main] DEBUG c.p.b.e.MLResultGenerator.executeExperiment - 322 processed...10 20221222/20230603
2025-12-28 23:33:56,464 [main] DEBUG c.p.b.e.MLResultGenerator.executeExperiment - 322 processed...8 20221223/20230603
2025-12-28 23:33:56,999 [main] DEBUG c.p.b.e.MLResultGenerator.executeExperiment - 321 processed...14 20211230/20220603
2025-12-28 23:33:57,361 [main] DEBUG c.p.b.e.MLResultGenerator.executeExperiment - 322 processed...6 20221224/20230603
2025-12-28 23:33:58,084 [main] DEBUG c.p.b.e.MLResultGenerator.executeExperiment - 321 processed...13 20211231/20220603
2025-12-28 23:33:58,180 [main] DEBUG c.p.b.e.MLResultGenerator.executeExperiment - 322 processed...9 20221225/20230603
2025-12-28 23:33:58,995 [main] DEBUG c.p.b.e.MLResultGenerator.executeExperiment - 321 processed...10 20220101/20220603
2025-12-28 23:33:59,110 [main] DEBUG c.p.b.e.MLResultGenerator.executeExperiment - 322 processed...7 20221226/20230603
2025-12-28 23:33:59,928 [main] DEBUG c.p.b.e.MLResultGenerator.executeExperiment - 321 processed...5 20220102/20220603
2025-12-28 23:34:00,075 [main] DEBUG c.p.b.e.MLResultGenerator.executeExperiment - 322 processed...8 20221227/20230603
2025-12-28 23:34:00,953 [main] DEBUG c.p.b.e.MLResultGenerator.executeExperiment - 322 processed...9 20221228/20230603
2025-12-28 23:34:01,197 [main] DEBUG c.p.b.e.MLResultGenerator.executeExperiment - 321 processed...6 20220103/20220603
2025-12-28 23:34:01,947 [main] DEBUG c.p.b.e.MLResultGenerator.executeExperiment - 322 processed...11 20221229/20230603
2025-12-28 23:34:02,356 [main] DEBUG c.p.b.e.MLResultGenerator.executeExperiment - 321 processed...12 20220104/20220603
2025-12-28 23:34:02,357 [main] WARN  c.p.b.e.o.l.OddsMonitorFileLoader.load - odds monitor file does not exist. C:/boatrace/offline/data/oddsmonitor/odds_20220105.csv
2025-12-28 23:34:02,387 [main] DEBUG c.p.b.e.MLResultGenerator.executeExperiment - 321 processed...0 20220105/20220603
2025-12-28 23:34:03,187 [main] DEBUG c.p.b.e.MLResultGenerator.executeExperiment - 322 processed...9 20221230/20230603
2025-12-28 23:34:03,482 [main] DEBUG c.p.b.e.MLResultGenerator.executeExperiment - 321 processed...9 20220106/20220603
2025-12-28 23:34:04,315 [main] DEBUG c.p.b.e.MLResultGenerator.executeExperiment - 322 processed...8 20221231/20230603
2025-12-28 23:34:04,374 [main] DEBUG c.p.b.e.MLResultGenerator.executeExperiment - 321 processed...3 20220107/20220603
2025-12-28 23:34:05,123 [main] DEBUG c.p.b.e.MLResultGenerator.executeExperiment - 321 processed...10 20220108/20220603
2025-12-28 23:34:05,167 [main] DEBUG c.p.b.e.MLResultGenerator.executeExperiment - 322 processed...7 20230101/20230603
2025-12-28 23:34:05,918 [main] DEBUG c.p.b.e.MLResultGenerator.executeExperiment - 321 processed...13 20220109/20220603
2025-12-28 23:34:06,235 [main] DEBUG c.p.b.e.MLResultGenerator.executeExperiment - 322 processed...6 20230102/20230603
2025-12-28 23:34:06,596 [main] DEBUG c.p.b.e.MLResultGenerator.executeExperiment - 321 processed...9 20220110/20220603
2025-12-28 23:34:07,011 [main] DEBUG c.p.b.e.MLResultGenerator.executeExperiment - 321 processed...15 20220111/20220603
2025-12-28 23:34:07,373 [main] DEBUG c.p.b.e.MLResultGenerator.executeExperiment - 322 processed...9 20230103/20230603
2025-12-28 23:34:07,846 [main] DEBUG c.p.b.e.MLResultGenerator.executeExperiment - 321 processed...12 20220112/20220603
2025-12-28 23:34:08,631 [main] DEBUG c.p.b.e.MLResultGenerator.executeExperiment - 322 processed...8 20230104/20230603
2025-12-28 23:34:08,721 [main] DEBUG c.p.b.e.MLResultGenerator.executeExperiment - 321 processed...11 20220113/20220603
2025-12-28 23:34:09,344 [main] DEBUG c.p.b.e.MLResultGenerator.executeExperiment - 321 processed...12 20220114/20220603
2025-12-28 23:34:09,440 [main] DEBUG c.p.b.e.MLResultGenerator.executeExperiment - 322 processed...2 20230105/20230603
2025-12-28 23:34:10,103 [main] DEBUG c.p.b.e.MLResultGenerator.executeExperiment - 321 processed...11 20220115/20220603
2025-12-28 23:34:10,310 [main] DEBUG c.p.b.e.MLResultGenerator.executeExperiment - 322 processed...7 20230106/20230603
2025-12-28 23:34:10,946 [main] DEBUG c.p.b.e.MLResultGenerator.executeExperiment - 321 processed...10 20220116/20220603
2025-12-28 23:34:11,393 [main] DEBUG c.p.b.e.MLResultGenerator.executeExperiment - 322 processed...7 20230107/20230603
2025-12-28 23:34:11,645 [main] DEBUG c.p.b.e.MLResultGenerator.executeExperiment - 321 processed...7 20220117/20220603
2025-12-28 23:34:12,098 [main] DEBUG c.p.b.e.MLResultGenerator.executeExperiment - 322 processed...9 20230108/20230603
2025-12-28 23:34:12,261 [main] DEBUG c.p.b.e.MLResultGenerator.executeExperiment - 321 processed...9 20220118/20220603
2025-12-28 23:34:12,714 [main] DEBUG c.p.b.e.MLResultGenerator.executeExperiment - 322 processed...3 20230109/20230603
2025-12-28 23:34:13,099 [main] DEBUG c.p.b.e.MLResultGenerator.executeExperiment - 321 processed...13 20220119/20220603
2025-12-28 23:34:13,671 [main] DEBUG c.p.b.e.MLResultGenerator.executeExperiment - 322 processed...11 20230110/20230603
2025-12-28 23:34:13,784 [main] DEBUG c.p.b.e.MLResultGenerator.executeExperiment - 321 processed...3 20220120/20220603
2025-12-28 23:34:14,432 [main] DEBUG c.p.b.e.MLResultGenerator.executeExperiment - 322 processed...5 20230111/20230603
2025-12-28 23:34:14,563 [main] DEBUG c.p.b.e.MLResultGenerator.executeExperiment - 321 processed...1 20220121/20220603
2025-12-28 23:34:15,280 [main] DEBUG c.p.b.e.MLResultGenerator.executeExperiment - 322 processed...7 20230112/20230603
2025-12-28 23:34:15,653 [main] DEBUG c.p.b.e.MLResultGenerator.executeExperiment - 321 processed...10 20220122/20220603
2025-12-28 23:34:16,134 [main] DEBUG c.p.b.e.MLResultGenerator.executeExperiment - 322 processed...11 20230113/20230603
2025-12-28 23:34:16,684 [main] DEBUG c.p.b.e.MLResultGenerator.executeExperiment - 321 processed...13 20220123/20220603
2025-12-28 23:34:16,926 [main] DEBUG c.p.b.e.MLResultGenerator.executeExperiment - 322 processed...5 20230114/20230603
2025-12-28 23:34:17,455 [main] DEBUG c.p.b.e.MLResultGenerator.executeExperiment - 321 processed...9 20220124/20220603
2025-12-28 23:34:17,814 [main] DEBUG c.p.b.e.MLResultGenerator.executeExperiment - 322 processed...8 20230115/20230603
2025-12-28 23:34:18,372 [main] DEBUG c.p.b.e.MLResultGenerator.executeExperiment - 321 processed...8 20220125/20220603
2025-12-28 23:34:18,614 [main] DEBUG c.p.b.e.MLResultGenerator.executeExperiment - 322 processed...7 20230116/20230603
2025-12-28 23:34:19,138 [main] DEBUG c.p.b.e.MLResultGenerator.executeExperiment - 321 processed...13 20220126/20220603
2025-12-28 23:34:19,310 [main] DEBUG c.p.b.e.MLResultGenerator.executeExperiment - 322 processed...10 20230117/20230603
2025-12-28 23:34:19,897 [main] DEBUG c.p.b.e.MLResultGenerator.executeExperiment - 321 processed...10 20220127/20220603
2025-12-28 23:34:20,111 [main] DEBUG c.p.b.e.MLResultGenerator.executeExperiment - 322 processed...8 20230118/20230603
2025-12-28 23:34:20,607 [main] DEBUG c.p.b.e.MLResultGenerator.executeExperiment - 321 processed...9 20220128/20220603
2025-12-28 23:34:21,000 [main] DEBUG c.p.b.e.MLResultGenerator.executeExperiment - 322 processed...9 20230119/20230603
2025-12-28 23:34:21,442 [main] DEBUG c.p.b.e.MLResultGenerator.executeExperiment - 321 processed...10 20220129/20220603
2025-12-28 23:34:21,725 [main] DEBUG c.p.b.e.MLResultGenerator.executeExperiment - 322 processed...9 20230120/20230603
2025-12-28 23:34:22,325 [main] DEBUG c.p.b.e.MLResultGenerator.executeExperiment - 321 processed...7 20220130/20220603
2025-12-28 23:34:22,579 [main] DEBUG c.p.b.e.MLResultGenerator.executeExperiment - 322 processed...7 20230121/20230603
2025-12-28 23:34:23,229 [main] DEBUG c.p.b.e.MLResultGenerator.executeExperiment - 321 processed...13 20220131/20220603
2025-12-28 23:34:23,429 [main] DEBUG c.p.b.e.MLResultGenerator.executeExperiment - 322 processed...5 20230122/20230603
2025-12-28 23:34:23,995 [main] DEBUG c.p.b.e.MLResultGenerator.executeExperiment - 321 processed...8 20220201/20220603
2025-12-28 23:34:24,262 [main] DEBUG c.p.b.e.MLResultGenerator.executeExperiment - 322 processed...6 20230123/20230603
2025-12-28 23:34:24,609 [main] DEBUG c.p.b.e.MLResultGenerator.executeExperiment - 321 processed...5 20220202/20220603
2025-12-28 23:34:24,764 [main] DEBUG c.p.b.e.MLResultGenerator.executeExperiment - 322 processed...5 20230124/20230603
2025-12-28 23:34:25,411 [main] DEBUG c.p.b.e.MLResultGenerator.executeExperiment - 321 processed...10 20220203/20220603
2025-12-28 23:34:25,570 [main] DEBUG c.p.b.e.MLResultGenerator.executeExperiment - 322 processed...7 20230125/20230603
2025-12-28 23:34:26,278 [main] DEBUG c.p.b.e.MLResultGenerator.executeExperiment - 321 processed...7 20220204/20220603
2025-12-28 23:34:26,473 [main] DEBUG c.p.b.e.MLResultGenerator.executeExperiment - 322 processed...5 20230126/20230603
2025-12-28 23:34:26,914 [main] DEBUG c.p.b.e.MLResultGenerator.executeExperiment - 321 processed...7 20220205/20220603
2025-12-28 23:34:27,303 [main] DEBUG c.p.b.e.MLResultGenerator.executeExperiment - 322 processed...7 20230127/20230603
2025-12-28 23:34:27,813 [main] DEBUG c.p.b.e.MLResultGenerator.executeExperiment - 321 processed...9 20220206/20220603
2025-12-28 23:34:28,328 [main] DEBUG c.p.b.e.MLResultGenerator.executeExperiment - 322 processed...7 20230128/20230603
2025-12-28 23:34:28,581 [main] DEBUG c.p.b.e.MLResultGenerator.executeExperiment - 321 processed...11 20220207/20220603
2025-12-28 23:34:29,206 [main] DEBUG c.p.b.e.MLResultGenerator.executeExperiment - 322 processed...9 20230129/20230603
2025-12-28 23:34:29,374 [main] DEBUG c.p.b.e.MLResultGenerator.executeExperiment - 321 processed...8 20220208/20220603
2025-12-28 23:34:30,211 [main] DEBUG c.p.b.e.MLResultGenerator.executeExperiment - 322 processed...6 20230130/20230603
2025-12-28 23:34:30,222 [main] DEBUG c.p.b.e.MLResultGenerator.executeExperiment - 321 processed...5 20220209/20220603
2025-12-28 23:34:30,956 [main] DEBUG c.p.b.e.MLResultGenerator.executeExperiment - 321 processed...8 20220210/20220603
2025-12-28 23:34:30,966 [main] DEBUG c.p.b.e.MLResultGenerator.executeExperiment - 322 processed...6 20230131/20230603
2025-12-28 23:34:31,613 [main] DEBUG c.p.b.e.MLResultGenerator.executeExperiment - 322 processed...6 20230201/20230603
2025-12-28 23:34:31,875 [main] DEBUG c.p.b.e.MLResultGenerator.executeExperiment - 321 processed...12 20220211/20220603
2025-12-28 23:34:32,502 [main] DEBUG c.p.b.e.MLResultGenerator.executeExperiment - 322 processed...7 20230202/20230603
2025-12-28 23:34:32,758 [main] DEBUG c.p.b.e.MLResultGenerator.executeExperiment - 321 processed...9 20220212/20220603
2025-12-28 23:34:33,336 [main] DEBUG c.p.b.e.MLResultGenerator.executeExperiment - 322 processed...8 20230203/20230603
2025-12-28 23:34:33,510 [main] DEBUG c.p.b.e.MLResultGenerator.executeExperiment - 321 processed...6 20220213/20220603
2025-12-28 23:34:34,190 [main] DEBUG c.p.b.e.MLResultGenerator.executeExperiment - 322 processed...6 20230204/20230603
2025-12-28 23:34:34,288 [main] DEBUG c.p.b.e.MLResultGenerator.executeExperiment - 321 processed...8 20220214/20220603
2025-12-28 23:34:35,088 [main] DEBUG c.p.b.e.MLResultGenerator.executeExperiment - 321 processed...4 20220215/20220603
2025-12-28 23:34:35,147 [main] DEBUG c.p.b.e.MLResultGenerator.executeExperiment - 322 processed...4 20230205/20230603
2025-12-28 23:34:35,832 [main] DEBUG c.p.b.e.MLResultGenerator.executeExperiment - 321 processed...8 20220216/20220603
2025-12-28 23:34:35,884 [main] DEBUG c.p.b.e.MLResultGenerator.executeExperiment - 322 processed...8 20230206/20230603
2025-12-28 23:34:36,661 [main] DEBUG c.p.b.e.MLResultGenerator.executeExperiment - 322 processed...7 20230207/20230603
2025-12-28 23:34:36,670 [main] DEBUG c.p.b.e.MLResultGenerator.executeExperiment - 321 processed...8 20220217/20220603
2025-12-28 23:34:37,404 [main] DEBUG c.p.b.e.MLResultGenerator.executeExperiment - 322 processed...9 20230208/20230603
2025-12-28 23:34:37,531 [main] DEBUG c.p.b.e.MLResultGenerator.executeExperiment - 321 processed...9 20220218/20220603
2025-12-28 23:34:38,023 [main] DEBUG c.p.b.e.MLResultGenerator.executeExperiment - 322 processed...6 20230209/20230603
2025-12-28 23:34:38,522 [main] DEBUG c.p.b.e.MLResultGenerator.executeExperiment - 321 processed...9 20220219/20220603
2025-12-28 23:34:38,829 [main] DEBUG c.p.b.e.MLResultGenerator.executeExperiment - 322 processed...10 20230210/20230603
2025-12-28 23:34:39,367 [main] DEBUG c.p.b.e.MLResultGenerator.executeExperiment - 321 processed...10 20220220/20220603
2025-12-28 23:34:39,595 [main] DEBUG c.p.b.e.MLResultGenerator.executeExperiment - 322 processed...10 20230211/20230603
2025-12-28 23:34:40,264 [main] DEBUG c.p.b.e.MLResultGenerator.executeExperiment - 321 processed...9 20220221/20220603
2025-12-28 23:34:40,443 [main] DEBUG c.p.b.e.MLResultGenerator.executeExperiment - 322 processed...5 20230212/20230603
2025-12-28 23:34:41,071 [main] DEBUG c.p.b.e.MLResultGenerator.executeExperiment - 321 processed...9 20220222/20220603
2025-12-28 23:34:41,094 [main] DEBUG c.p.b.e.MLResultGenerator.executeExperiment - 322 processed...5 20230213/20230603
2025-12-28 23:34:41,754 [main] DEBUG c.p.b.e.MLResultGenerator.executeExperiment - 322 processed...3 20230214/20230603
2025-12-28 23:34:42,006 [main] DEBUG c.p.b.e.MLResultGenerator.executeExperiment - 321 processed...4 20220223/20220603
2025-12-28 23:34:42,530 [main] DEBUG c.p.b.e.MLResultGenerator.executeExperiment - 322 processed...8 20230215/20230603
2025-12-28 23:34:43,159 [main] DEBUG c.p.b.e.MLResultGenerator.executeExperiment - 321 processed...7 20220224/20220603
2025-12-28 23:34:43,456 [main] DEBUG c.p.b.e.MLResultGenerator.executeExperiment - 322 processed...8 20230216/20230603
2025-12-28 23:34:44,084 [main] DEBUG c.p.b.e.MLResultGenerator.executeExperiment - 321 processed...7 20220225/20220603
2025-12-28 23:34:44,326 [main] DEBUG c.p.b.e.MLResultGenerator.executeExperiment - 322 processed...7 20230217/20230603
2025-12-28 23:34:44,922 [main] DEBUG c.p.b.e.MLResultGenerator.executeExperiment - 321 processed...7 20220226/20220603
2025-12-28 23:34:45,105 [main] DEBUG c.p.b.e.MLResultGenerator.executeExperiment - 322 processed...9 20230218/20230603
2025-12-28 23:34:45,778 [main] DEBUG c.p.b.e.MLResultGenerator.executeExperiment - 321 processed...9 20220227/20220603
2025-12-28 23:34:45,824 [main] DEBUG c.p.b.e.MLResultGenerator.executeExperiment - 322 processed...6 20230219/20230603
2025-12-28 23:34:46,604 [main] DEBUG c.p.b.e.MLResultGenerator.executeExperiment - 322 processed...6 20230220/20230603
2025-12-28 23:34:46,805 [main] DEBUG c.p.b.e.MLResultGenerator.executeExperiment - 321 processed...5 20220228/20220603
2025-12-28 23:34:47,336 [main] DEBUG c.p.b.e.MLResultGenerator.executeExperiment - 322 processed...10 20230221/20230603
2025-12-28 23:34:47,735 [main] DEBUG c.p.b.e.MLResultGenerator.executeExperiment - 321 processed...9 20220301/20220603
2025-12-28 23:34:48,114 [main] DEBUG c.p.b.e.MLResultGenerator.executeExperiment - 322 processed...8 20230222/20230603
2025-12-28 23:34:48,636 [main] DEBUG c.p.b.e.MLResultGenerator.executeExperiment - 321 processed...14 20220302/20220603
2025-12-28 23:34:48,995 [main] DEBUG c.p.b.e.MLResultGenerator.executeExperiment - 322 processed...7 20230223/20230603
2025-12-28 23:34:49,371 [main] DEBUG c.p.b.e.MLResultGenerator.executeExperiment - 321 processed...9 20220303/20220603
2025-12-28 23:34:49,828 [main] DEBUG c.p.b.e.MLResultGenerator.executeExperiment - 322 processed...8 20230224/20230603
2025-12-28 23:34:50,189 [main] DEBUG c.p.b.e.MLResultGenerator.executeExperiment - 321 processed...11 20220304/20220603
2025-12-28 23:34:50,916 [main] DEBUG c.p.b.e.MLResultGenerator.executeExperiment - 322 processed...7 20230225/20230603
2025-12-28 23:34:51,158 [main] DEBUG c.p.b.e.MLResultGenerator.executeExperiment - 321 processed...9 20220305/20220603
2025-12-28 23:34:51,837 [main] DEBUG c.p.b.e.MLResultGenerator.executeExperiment - 322 processed...11 20230226/20230603
2025-12-28 23:34:52,056 [main] DEBUG c.p.b.e.MLResultGenerator.executeExperiment - 321 processed...10 20220306/20220603
2025-12-28 23:34:52,608 [main] DEBUG c.p.b.e.MLResultGenerator.executeExperiment - 322 processed...10 20230227/20230603
2025-12-28 23:34:53,003 [main] DEBUG c.p.b.e.MLResultGenerator.executeExperiment - 321 processed...5 20220307/20220603
2025-12-28 23:34:53,450 [main] DEBUG c.p.b.e.MLResultGenerator.executeExperiment - 322 processed...9 20230228/20230603
2025-12-28 23:34:53,900 [main] DEBUG c.p.b.e.MLResultGenerator.executeExperiment - 321 processed...7 20220308/20220603
2025-12-28 23:34:54,259 [main] DEBUG c.p.b.e.MLResultGenerator.executeExperiment - 322 processed...6 20230301/20230603
2025-12-28 23:34:54,646 [main] DEBUG c.p.b.e.MLResultGenerator.executeExperiment - 321 processed...5 20220309/20220603
2025-12-28 23:34:55,108 [main] DEBUG c.p.b.e.MLResultGenerator.executeExperiment - 322 processed...7 20230302/20230603
2025-12-28 23:34:55,402 [main] DEBUG c.p.b.e.MLResultGenerator.executeExperiment - 321 processed...8 20220310/20220603
2025-12-28 23:34:55,956 [main] DEBUG c.p.b.e.MLResultGenerator.executeExperiment - 322 processed...7 20230303/20230603
2025-12-28 23:34:56,205 [main] DEBUG c.p.b.e.MLResultGenerator.executeExperiment - 321 processed...6 20220311/20220603
2025-12-28 23:34:56,878 [main] DEBUG c.p.b.e.MLResultGenerator.executeExperiment - 322 processed...11 20230304/20230603
2025-12-28 23:34:57,151 [main] DEBUG c.p.b.e.MLResultGenerator.executeExperiment - 321 processed...11 20220312/20220603
2025-12-28 23:34:57,793 [main] DEBUG c.p.b.e.MLResultGenerator.executeExperiment - 322 processed...8 20230305/20230603
2025-12-28 23:34:57,932 [main] DEBUG c.p.b.e.MLResultGenerator.executeExperiment - 321 processed...12 20220313/20220603
2025-12-28 23:34:58,446 [main] DEBUG c.p.b.e.MLResultGenerator.executeExperiment - 322 processed...8 20230306/20230603
2025-12-28 23:34:58,733 [main] DEBUG c.p.b.e.MLResultGenerator.executeExperiment - 321 processed...11 20220314/20220603
2025-12-28 23:34:59,323 [main] DEBUG c.p.b.e.MLResultGenerator.executeExperiment - 322 processed...4 20230307/20230603
2025-12-28 23:34:59,579 [main] DEBUG c.p.b.e.MLResultGenerator.executeExperiment - 321 processed...3 20220315/20220603
2025-12-28 23:35:00,056 [main] DEBUG c.p.b.e.MLResultGenerator.executeExperiment - 322 processed...6 20230308/20230603
2025-12-28 23:35:00,223 [main] DEBUG c.p.b.e.MLResultGenerator.executeExperiment - 321 processed...4 20220316/20220603
2025-12-28 23:35:00,759 [main] DEBUG c.p.b.e.MLResultGenerator.executeExperiment - 322 processed...9 20230309/20230603
2025-12-28 23:35:01,065 [main] DEBUG c.p.b.e.MLResultGenerator.executeExperiment - 321 processed...6 20220317/20220603
2025-12-28 23:35:01,625 [main] DEBUG c.p.b.e.MLResultGenerator.executeExperiment - 322 processed...8 20230310/20230603
2025-12-28 23:35:01,830 [main] DEBUG c.p.b.e.MLResultGenerator.executeExperiment - 321 processed...8 20220318/20220603
2025-12-28 23:35:02,574 [main] DEBUG c.p.b.e.MLResultGenerator.executeExperiment - 322 processed...12 20230311/20230603
2025-12-28 23:35:02,708 [main] DEBUG c.p.b.e.MLResultGenerator.executeExperiment - 321 processed...10 20220319/20220603
2025-12-28 23:35:03,498 [main] DEBUG c.p.b.e.MLResultGenerator.executeExperiment - 322 processed...7 20230312/20230603
2025-12-28 23:35:03,564 [main] DEBUG c.p.b.e.MLResultGenerator.executeExperiment - 321 processed...12 20220320/20220603
2025-12-28 23:35:04,348 [main] DEBUG c.p.b.e.MLResultGenerator.executeExperiment - 322 processed...9 20230313/20230603
2025-12-28 23:35:04,407 [main] DEBUG c.p.b.e.MLResultGenerator.executeExperiment - 321 processed...11 20220321/20220603
2025-12-28 23:35:05,093 [main] DEBUG c.p.b.e.MLResultGenerator.executeExperiment - 321 processed...8 20220322/20220603
2025-12-28 23:35:05,137 [main] DEBUG c.p.b.e.MLResultGenerator.executeExperiment - 322 processed...7 20230314/20230603
2025-12-28 23:35:05,777 [main] DEBUG c.p.b.e.MLResultGenerator.executeExperiment - 322 processed...3 20230315/20230603
2025-12-28 23:35:05,919 [main] DEBUG c.p.b.e.MLResultGenerator.executeExperiment - 321 processed...15 20220323/20220603
2025-12-28 23:35:06,438 [main] DEBUG c.p.b.e.MLResultGenerator.executeExperiment - 322 processed...5 20230316/20230603
2025-12-28 23:35:06,837 [main] DEBUG c.p.b.e.MLResultGenerator.executeExperiment - 321 processed...10 20220324/20220603
2025-12-28 23:35:07,237 [main] DEBUG c.p.b.e.MLResultGenerator.executeExperiment - 322 processed...10 20230317/20230603
2025-12-28 23:35:07,806 [main] DEBUG c.p.b.e.MLResultGenerator.executeExperiment - 321 processed...7 20220325/20220603
2025-12-28 23:35:08,023 [main] DEBUG c.p.b.e.MLResultGenerator.executeExperiment - 322 processed...8 20230318/20230603
2025-12-28 23:35:08,442 [main] DEBUG c.p.b.e.MLResultGenerator.executeExperiment - 321 processed...11 20220326/20220603
2025-12-28 23:35:08,708 [main] DEBUG c.p.b.e.MLResultGenerator.executeExperiment - 322 processed...10 20230319/20230603
2025-12-28 23:35:09,336 [main] DEBUG c.p.b.e.MLResultGenerator.executeExperiment - 321 processed...10 20220327/20220603
2025-12-28 23:35:09,593 [main] DEBUG c.p.b.e.MLResultGenerator.executeExperiment - 322 processed...9 20230320/20230603
2025-12-28 23:35:10,076 [main] DEBUG c.p.b.e.MLResultGenerator.executeExperiment - 321 processed...7 20220328/20220603
2025-12-28 23:35:10,418 [main] DEBUG c.p.b.e.MLResultGenerator.executeExperiment - 322 processed...6 20230321/20230603
2025-12-28 23:35:10,990 [main] DEBUG c.p.b.e.MLResultGenerator.executeExperiment - 321 processed...5 20220329/20220603
2025-12-28 23:35:11,380 [main] DEBUG c.p.b.e.MLResultGenerator.executeExperiment - 322 processed...6 20230322/20230603
2025-12-28 23:35:11,682 [main] DEBUG c.p.b.e.MLResultGenerator.executeExperiment - 321 processed...10 20220330/20220603
2025-12-28 23:35:12,069 [main] DEBUG c.p.b.e.MLResultGenerator.executeExperiment - 322 processed...8 20230323/20230603
2025-12-28 23:35:12,232 [main] DEBUG c.p.b.e.MLResultGenerator.executeExperiment - 321 processed...4 20220331/20220603
2025-12-28 23:35:12,818 [main] DEBUG c.p.b.e.MLResultGenerator.executeExperiment - 322 processed...9 20230324/20230603
2025-12-28 23:35:12,825 [main] DEBUG c.p.b.e.MLResultGenerator.executeExperiment - 321 processed...9 20220401/20220603
2025-12-28 23:35:13,545 [main] DEBUG c.p.b.e.MLResultGenerator.executeExperiment - 321 processed...8 20220402/20220603
2025-12-28 23:35:13,722 [main] DEBUG c.p.b.e.MLResultGenerator.executeExperiment - 322 processed...8 20230325/20230603
2025-12-28 23:35:14,279 [main] DEBUG c.p.b.e.MLResultGenerator.executeExperiment - 321 processed...10 20220403/20220603
2025-12-28 23:35:14,598 [main] DEBUG c.p.b.e.MLResultGenerator.executeExperiment - 322 processed...10 20230326/20230603
2025-12-28 23:35:15,121 [main] DEBUG c.p.b.e.MLResultGenerator.executeExperiment - 321 processed...6 20220404/20220603
2025-12-28 23:35:15,383 [main] DEBUG c.p.b.e.MLResultGenerator.executeExperiment - 322 processed...9 20230327/20230603
2025-12-28 23:35:15,859 [main] DEBUG c.p.b.e.MLResultGenerator.executeExperiment - 321 processed...11 20220405/20220603
2025-12-28 23:35:16,081 [main] DEBUG c.p.b.e.MLResultGenerator.executeExperiment - 322 processed...6 20230328/20230603
2025-12-28 23:35:16,579 [main] DEBUG c.p.b.e.MLResultGenerator.executeExperiment - 321 processed...5 20220406/20220603
2025-12-28 23:35:16,794 [main] DEBUG c.p.b.e.MLResultGenerator.executeExperiment - 322 processed...11 20230329/20230603
2025-12-28 23:35:17,289 [main] DEBUG c.p.b.e.MLResultGenerator.executeExperiment - 321 processed...11 20220407/20220603
2025-12-28 23:35:17,515 [main] DEBUG c.p.b.e.MLResultGenerator.executeExperiment - 322 processed...11 20230330/20230603
2025-12-28 23:35:17,869 [main] DEBUG c.p.b.e.MLResultGenerator.executeExperiment - 321 processed...8 20220408/20220603
2025-12-28 23:35:18,073 [main] DEBUG c.p.b.e.MLResultGenerator.executeExperiment - 322 processed...6 20230331/20230603
2025-12-28 23:35:18,705 [main] DEBUG c.p.b.e.MLResultGenerator.executeExperiment - 322 processed...7 20230401/20230603
2025-12-28 23:35:18,794 [main] DEBUG c.p.b.e.MLResultGenerator.executeExperiment - 321 processed...5 20220409/20220603
2025-12-28 23:35:19,349 [main] DEBUG c.p.b.e.MLResultGenerator.executeExperiment - 322 processed...9 20230402/20230603
2025-12-28 23:35:19,435 [main] DEBUG c.p.b.e.MLResultGenerator.executeExperiment - 321 processed...9 20220410/20220603
2025-12-28 23:35:20,016 [main] DEBUG c.p.b.e.MLResultGenerator.executeExperiment - 322 processed...8 20230403/20230603
2025-12-28 23:35:20,045 [main] DEBUG c.p.b.e.MLResultGenerator.executeExperiment - 321 processed...13 20220411/20220603
2025-12-28 23:35:20,715 [main] DEBUG c.p.b.e.MLResultGenerator.executeExperiment - 321 processed...7 20220412/20220603
2025-12-28 23:35:20,827 [main] DEBUG c.p.b.e.MLResultGenerator.executeExperiment - 322 processed...11 20230404/20230603
2025-12-28 23:35:21,428 [main] DEBUG c.p.b.e.MLResultGenerator.executeExperiment - 321 processed...6 20220413/20220603
2025-12-28 23:35:21,633 [main] DEBUG c.p.b.e.MLResultGenerator.executeExperiment - 322 processed...10 20230405/20230603
2025-12-28 23:35:22,225 [main] DEBUG c.p.b.e.MLResultGenerator.executeExperiment - 321 processed...5 20220414/20220603
2025-12-28 23:35:22,363 [main] DEBUG c.p.b.e.MLResultGenerator.executeExperiment - 322 processed...8 20230406/20230603
2025-12-28 23:35:22,979 [main] DEBUG c.p.b.e.MLResultGenerator.executeExperiment - 322 processed...8 20230407/20230603
2025-12-28 23:35:22,984 [main] DEBUG c.p.b.e.MLResultGenerator.executeExperiment - 321 processed...8 20220415/20220603
2025-12-28 23:35:23,744 [main] DEBUG c.p.b.e.MLResultGenerator.executeExperiment - 322 processed...6 20230408/20230603
2025-12-28 23:35:23,923 [main] DEBUG c.p.b.e.MLResultGenerator.executeExperiment - 321 processed...7 20220416/20220603
2025-12-28 23:35:24,786 [main] DEBUG c.p.b.e.MLResultGenerator.executeExperiment - 322 processed...10 20230409/20230603
2025-12-28 23:35:24,967 [main] DEBUG c.p.b.e.MLResultGenerator.executeExperiment - 321 processed...7 20220417/20220603
2025-12-28 23:35:25,481 [main] DEBUG c.p.b.e.MLResultGenerator.executeExperiment - 322 processed...8 20230410/20230603
2025-12-28 23:35:25,814 [main] DEBUG c.p.b.e.MLResultGenerator.executeExperiment - 321 processed...9 20220418/20220603
2025-12-28 23:35:26,361 [main] DEBUG c.p.b.e.MLResultGenerator.executeExperiment - 322 processed...7 20230411/20230603
2025-12-28 23:35:26,689 [main] DEBUG c.p.b.e.MLResultGenerator.executeExperiment - 321 processed...15 20220419/20220603
2025-12-28 23:35:27,044 [main] DEBUG c.p.b.e.MLResultGenerator.executeExperiment - 322 processed...10 20230412/20230603
2025-12-28 23:35:27,577 [main] DEBUG c.p.b.e.MLResultGenerator.executeExperiment - 321 processed...14 20220420/20220603
2025-12-28 23:35:27,826 [main] DEBUG c.p.b.e.MLResultGenerator.executeExperiment - 322 processed...7 20230413/20230603
2025-12-28 23:35:28,264 [main] DEBUG c.p.b.e.MLResultGenerator.executeExperiment - 321 processed...6 20220421/20220603
2025-12-28 23:35:28,557 [main] DEBUG c.p.b.e.MLResultGenerator.executeExperiment - 322 processed...7 20230414/20230603
2025-12-28 23:35:29,088 [main] DEBUG c.p.b.e.MLResultGenerator.executeExperiment - 321 processed...10 20220422/20220603
2025-12-28 23:35:29,498 [main] DEBUG c.p.b.e.MLResultGenerator.executeExperiment - 322 processed...4 20230415/20230603
2025-12-28 23:35:29,884 [main] DEBUG c.p.b.e.MLResultGenerator.executeExperiment - 321 processed...11 20220423/20220603
2025-12-28 23:35:30,356 [main] DEBUG c.p.b.e.MLResultGenerator.executeExperiment - 322 processed...12 20230416/20230603
2025-12-28 23:35:30,998 [main] DEBUG c.p.b.e.MLResultGenerator.executeExperiment - 321 processed...8 20220424/20220603
2025-12-28 23:35:31,247 [main] DEBUG c.p.b.e.MLResultGenerator.executeExperiment - 322 processed...7 20230417/20230603
2025-12-28 23:35:31,989 [main] DEBUG c.p.b.e.MLResultGenerator.executeExperiment - 322 processed...8 20230418/20230603
2025-12-28 23:35:31,992 [main] DEBUG c.p.b.e.MLResultGenerator.executeExperiment - 321 processed...8 20220425/20220603
2025-12-28 23:35:32,877 [main] DEBUG c.p.b.e.MLResultGenerator.executeExperiment - 322 processed...8 20230419/20230603
2025-12-28 23:35:33,125 [main] DEBUG c.p.b.e.MLResultGenerator.executeExperiment - 321 processed...9 20220426/20220603
2025-12-28 23:35:33,508 [main] DEBUG c.p.b.e.MLResultGenerator.executeExperiment - 322 processed...7 20230420/20230603
2025-12-28 23:35:33,969 [main] DEBUG c.p.b.e.MLResultGenerator.executeExperiment - 321 processed...8 20220427/20220603
2025-12-28 23:35:34,114 [main] DEBUG c.p.b.e.MLResultGenerator.executeExperiment - 322 processed...3 20230421/20230603
2025-12-28 23:35:34,778 [main] DEBUG c.p.b.e.MLResultGenerator.executeExperiment - 322 processed...7 20230422/20230603
2025-12-28 23:35:34,802 [main] DEBUG c.p.b.e.MLResultGenerator.executeExperiment - 321 processed...7 20220428/20220603
2025-12-28 23:35:35,524 [main] DEBUG c.p.b.e.MLResultGenerator.executeExperiment - 322 processed...12 20230423/20230603
2025-12-28 23:35:35,560 [main] DEBUG c.p.b.e.MLResultGenerator.executeExperiment - 321 processed...9 20220429/20220603
2025-12-28 23:35:36,471 [main] DEBUG c.p.b.e.MLResultGenerator.executeExperiment - 322 processed...10 20230424/20230603
2025-12-28 23:35:36,621 [main] DEBUG c.p.b.e.MLResultGenerator.executeExperiment - 321 processed...11 20220430/20220603
2025-12-28 23:35:37,603 [main] DEBUG c.p.b.e.MLResultGenerator.executeExperiment - 322 processed...11 20230425/20230603
2025-12-28 23:35:37,739 [main] DEBUG c.p.b.e.MLResultGenerator.executeExperiment - 321 processed...5 20220501/20220603
2025-12-28 23:35:38,412 [main] DEBUG c.p.b.e.MLResultGenerator.executeExperiment - 322 processed...10 20230426/20230603
2025-12-28 23:35:38,627 [main] DEBUG c.p.b.e.MLResultGenerator.executeExperiment - 321 processed...12 20220502/20220603
2025-12-28 23:35:39,269 [main] DEBUG c.p.b.e.MLResultGenerator.executeExperiment - 322 processed...5 20230427/20230603
2025-12-28 23:35:39,749 [main] DEBUG c.p.b.e.MLResultGenerator.executeExperiment - 321 processed...11 20220503/20220603
2025-12-28 23:35:40,146 [main] DEBUG c.p.b.e.MLResultGenerator.executeExperiment - 322 processed...11 20230428/20230603
2025-12-28 23:35:40,610 [main] DEBUG c.p.b.e.MLResultGenerator.executeExperiment - 321 processed...12 20220504/20220603
2025-12-28 23:35:41,134 [main] DEBUG c.p.b.e.MLResultGenerator.executeExperiment - 322 processed...11 20230429/20230603
2025-12-28 23:35:41,481 [main] DEBUG c.p.b.e.MLResultGenerator.executeExperiment - 321 processed...7 20220505/20220603
2025-12-28 23:35:42,168 [main] DEBUG c.p.b.e.MLResultGenerator.executeExperiment - 322 processed...6 20230430/20230603
2025-12-28 23:35:42,176 [main] DEBUG c.p.b.e.MLResultGenerator.executeExperiment - 321 processed...10 20220506/20220603
2025-12-28 23:35:42,925 [main] DEBUG c.p.b.e.MLResultGenerator.executeExperiment - 321 processed...5 20220507/20220603
2025-12-28 23:35:43,321 [main] DEBUG c.p.b.e.MLResultGenerator.executeExperiment - 322 processed...11 20230501/20230603
2025-12-28 23:35:43,707 [main] DEBUG c.p.b.e.MLResultGenerator.executeExperiment - 321 processed...7 20220508/20220603
2025-12-28 23:35:44,427 [main] DEBUG c.p.b.e.MLResultGenerator.executeExperiment - 322 processed...8 20230502/20230603
2025-12-28 23:35:44,552 [main] DEBUG c.p.b.e.MLResultGenerator.executeExperiment - 321 processed...6 20220509/20220603
2025-12-28 23:35:45,382 [main] DEBUG c.p.b.e.MLResultGenerator.executeExperiment - 321 processed...10 20220510/20220603
2025-12-28 23:35:45,687 [main] DEBUG c.p.b.e.MLResultGenerator.executeExperiment - 322 processed...9 20230503/20230603
2025-12-28 23:35:46,230 [main] DEBUG c.p.b.e.MLResultGenerator.executeExperiment - 321 processed...8 20220511/20220603
2025-12-28 23:35:46,722 [main] DEBUG c.p.b.e.MLResultGenerator.executeExperiment - 322 processed...6 20230504/20230603
2025-12-28 23:35:46,919 [main] DEBUG c.p.b.e.MLResultGenerator.executeExperiment - 321 processed...5 20220512/20220603
2025-12-28 23:35:47,633 [main] DEBUG c.p.b.e.MLResultGenerator.executeExperiment - 321 processed...11 20220513/20220603
2025-12-28 23:35:47,742 [main] DEBUG c.p.b.e.MLResultGenerator.executeExperiment - 322 processed...8 20230505/20230603
2025-12-28 23:35:48,372 [main] DEBUG c.p.b.e.MLResultGenerator.executeExperiment - 321 processed...7 20220514/20220603
2025-12-28 23:35:48,529 [main] DEBUG c.p.b.e.MLResultGenerator.executeExperiment - 322 processed...13 20230506/20230603
2025-12-28 23:35:49,148 [main] DEBUG c.p.b.e.MLResultGenerator.executeExperiment - 321 processed...6 20220515/20220603
2025-12-28 23:35:49,256 [main] DEBUG c.p.b.e.MLResultGenerator.executeExperiment - 322 processed...7 20230507/20230603
2025-12-28 23:35:49,825 [main] DEBUG c.p.b.e.MLResultGenerator.executeExperiment - 321 processed...8 20220516/20220603
2025-12-28 23:35:49,893 [main] DEBUG c.p.b.e.MLResultGenerator.executeExperiment - 322 processed...9 20230508/20230603
2025-12-28 23:35:50,341 [main] DEBUG c.p.b.e.MLResultGenerator.executeExperiment - 321 processed...13 20220517/20220603
2025-12-28 23:35:50,730 [main] DEBUG c.p.b.e.MLResultGenerator.executeExperiment - 322 processed...10 20230509/20230603
2025-12-28 23:35:50,931 [main] DEBUG c.p.b.e.MLResultGenerator.executeExperiment - 321 processed...9 20220518/20220603
2025-12-28 23:35:51,452 [main] DEBUG c.p.b.e.MLResultGenerator.executeExperiment - 322 processed...7 20230510/20230603
2025-12-28 23:35:51,711 [main] DEBUG c.p.b.e.MLResultGenerator.executeExperiment - 321 processed...12 20220519/20220603
2025-12-28 23:35:52,291 [main] DEBUG c.p.b.e.MLResultGenerator.executeExperiment - 322 processed...6 20230511/20230603
2025-12-28 23:35:52,495 [main] DEBUG c.p.b.e.MLResultGenerator.executeExperiment - 321 processed...12 20220520/20220603
2025-12-28 23:35:53,164 [main] DEBUG c.p.b.e.MLResultGenerator.executeExperiment - 322 processed...13 20230512/20230603
2025-12-28 23:35:53,324 [main] DEBUG c.p.b.e.MLResultGenerator.executeExperiment - 321 processed...13 20220521/20220603
2025-12-28 23:35:54,041 [main] DEBUG c.p.b.e.MLResultGenerator.executeExperiment - 322 processed...5 20230513/20230603
2025-12-28 23:35:54,165 [main] DEBUG c.p.b.e.MLResultGenerator.executeExperiment - 321 processed...6 20220522/20220603
2025-12-28 23:35:54,805 [main] DEBUG c.p.b.e.MLResultGenerator.executeExperiment - 321 processed...11 20220523/20220603
2025-12-28 23:35:54,908 [main] DEBUG c.p.b.e.MLResultGenerator.executeExperiment - 322 processed...6 20230514/20230603
2025-12-28 23:35:55,422 [main] DEBUG c.p.b.e.MLResultGenerator.executeExperiment - 321 processed...10 20220524/20220603
2025-12-28 23:35:55,605 [main] DEBUG c.p.b.e.MLResultGenerator.executeExperiment - 322 processed...5 20230515/20230603
2025-12-28 23:35:56,102 [main] DEBUG c.p.b.e.MLResultGenerator.executeExperiment - 321 processed...8 20220525/20220603
2025-12-28 23:35:56,264 [main] DEBUG c.p.b.e.MLResultGenerator.executeExperiment - 322 processed...6 20230516/20230603
2025-12-28 23:35:56,849 [main] DEBUG c.p.b.e.MLResultGenerator.executeExperiment - 322 processed...7 20230517/20230603
2025-12-28 23:35:56,957 [main] DEBUG c.p.b.e.MLResultGenerator.executeExperiment - 321 processed...10 20220526/20220603
2025-12-28 23:35:57,584 [main] DEBUG c.p.b.e.MLResultGenerator.executeExperiment - 322 processed...7 20230518/20230603
2025-12-28 23:35:57,683 [main] DEBUG c.p.b.e.MLResultGenerator.executeExperiment - 321 processed...15 20220527/20220603
2025-12-28 23:35:58,187 [main] DEBUG c.p.b.e.MLResultGenerator.executeExperiment - 322 processed...11 20230519/20230603
2025-12-28 23:35:58,727 [main] DEBUG c.p.b.e.MLResultGenerator.executeExperiment - 321 processed...8 20220528/20220603
2025-12-28 23:35:59,033 [main] DEBUG c.p.b.e.MLResultGenerator.executeExperiment - 322 processed...5 20230520/20230603
2025-12-28 23:36:00,021 [main] DEBUG c.p.b.e.MLResultGenerator.executeExperiment - 321 processed...12 20220529/20220603
2025-12-28 23:36:00,081 [main] DEBUG c.p.b.e.MLResultGenerator.executeExperiment - 322 processed...9 20230521/20230603
2025-12-28 23:36:00,844 [main] DEBUG c.p.b.e.MLResultGenerator.executeExperiment - 321 processed...7 20220530/20220603
2025-12-28 23:36:00,865 [main] DEBUG c.p.b.e.MLResultGenerator.executeExperiment - 322 processed...10 20230522/20230603
2025-12-28 23:36:01,449 [main] DEBUG c.p.b.e.MLResultGenerator.executeExperiment - 321 processed...10 20220531/20220603
2025-12-28 23:36:01,606 [main] DEBUG c.p.b.e.MLResultGenerator.executeExperiment - 322 processed...8 20230523/20230603
2025-12-28 23:36:02,140 [main] DEBUG c.p.b.e.MLResultGenerator.executeExperiment - 321 processed...8 20220601/20220603
2025-12-28 23:36:02,271 [main] DEBUG c.p.b.e.MLResultGenerator.executeExperiment - 322 processed...9 20230524/20230603
2025-12-28 23:36:02,915 [main] DEBUG c.p.b.e.MLResultGenerator.executeExperiment - 321 processed...8 20220602/20220603
2025-12-28 23:36:02,939 [main] DEBUG c.p.b.e.MLResultGenerator.executeExperiment - 322 processed...7 20230525/20230603
2025-12-28 23:36:03,694 [main] DEBUG c.p.b.e.MLResultGenerator.executeExperiment - 322 processed...7 20230526/20230603
2025-12-28 23:36:03,745 [main] DEBUG c.p.b.e.MLResultGenerator.executeExperiment - 321 processed...3 20220603/20220603
2025-12-28 23:36:04,022 [main] DEBUG c.p.b.e.r.s.MlEvaluationCreator.create - creating MlEvaluation. 321,40001,1T,1,wk1,A1
2025-12-28 23:36:04,092 [main] DEBUG c.p.b.e.r.s.MlEvaluationCreator.create - creating MlEvaluation. 321,40001,1T,1,wk1,A2
2025-12-28 23:36:04,107 [main] DEBUG c.p.b.e.r.s.MlEvaluationCreator.create - creating MlEvaluation. 321,40001,1T,1,wk1,B1
2025-12-28 23:36:04,126 [main] DEBUG c.p.b.e.r.s.MlEvaluationCreator.create - creating MlEvaluation. 321,40001,1T,1,wk1,B2
2025-12-28 23:36:04,135 [main] DEBUG c.p.b.e.r.s.MlEvaluationCreator.create - creating MlEvaluation. 321,40001,1T,2,wk1,A1
2025-12-28 23:36:04,150 [main] DEBUG c.p.b.e.r.s.MlEvaluationCreator.create - creating MlEvaluation. 321,40001,1T,2,wk1,A2
2025-12-28 23:36:04,162 [main] DEBUG c.p.b.e.r.s.MlEvaluationCreator.create - creating MlEvaluation. 321,40001,1T,2,wk1,B1
2025-12-28 23:36:04,173 [main] DEBUG c.p.b.e.r.s.MlEvaluationCreator.create - creating MlEvaluation. 321,40001,1T,2,wk1,B2
2025-12-28 23:36:04,180 [main] DEBUG c.p.b.e.r.s.MlEvaluationCreator.create - creating MlEvaluation. 321,40001,1T,3,wk1,A1
2025-12-28 23:36:04,189 [main] DEBUG c.p.b.e.r.s.MlEvaluationCreator.create - creating MlEvaluation. 321,40001,1T,3,wk1,A2
2025-12-28 23:36:04,197 [main] DEBUG c.p.b.e.r.s.MlEvaluationCreator.create - creating MlEvaluation. 321,40001,1T,3,wk1,B1
2025-12-28 23:36:04,204 [main] DEBUG c.p.b.e.r.s.MlEvaluationCreator.create - creating MlEvaluation. 321,40001,1T,3,wk1,B2
2025-12-28 23:36:04,209 [main] DEBUG c.p.b.e.r.s.MlEvaluationCreator.create - creating MlEvaluation. 321,40001,1T,4,wk1,A1
2025-12-28 23:36:04,218 [main] DEBUG c.p.b.e.r.s.MlEvaluationCreator.create - creating MlEvaluation. 321,40001,1T,4,wk1,A2
2025-12-28 23:36:04,225 [main] DEBUG c.p.b.e.r.s.MlEvaluationCreator.create - creating MlEvaluation. 321,40001,1T,4,wk1,B1
2025-12-28 23:36:04,231 [main] DEBUG c.p.b.e.r.s.MlEvaluationCreator.create - creating MlEvaluation. 321,40001,1T,4,wk1,B2
2025-12-28 23:36:04,307 [main] DEBUG c.p.b.e.r.s.MlEvaluationCreator.create - creating MlEvaluation. 321,40001,1T,5,wk1,A1
2025-12-28 23:36:04,317 [main] DEBUG c.p.b.e.r.s.MlEvaluationCreator.create - creating MlEvaluation. 321,40001,1T,5,wk1,A2
2025-12-28 23:36:04,324 [main] DEBUG c.p.b.e.r.s.MlEvaluationCreator.create - creating MlEvaluation. 321,40001,1T,5,wk1,B1
2025-12-28 23:36:04,329 [main] DEBUG c.p.b.e.r.s.MlEvaluationCreator.create - creating MlEvaluation. 321,40001,1T,5,wk1,B2
2025-12-28 23:36:04,334 [main] DEBUG c.p.b.e.r.s.MlEvaluationCreator.create - creating MlEvaluation. 321,40001,1T,6,wk1,A1
2025-12-28 23:36:04,339 [main] DEBUG c.p.b.e.r.s.MlEvaluationCreator.create - creating MlEvaluation. 321,40001,1T,6,wk1,A2
2025-12-28 23:36:04,346 [main] DEBUG c.p.b.e.r.s.MlEvaluationCreator.create - creating MlEvaluation. 321,40001,1T,6,wk1,B1
2025-12-28 23:36:04,351 [main] DEBUG c.p.b.e.r.s.MlEvaluationCreator.create - creating MlEvaluation. 321,40001,1T,6,wk1,B2
2025-12-28 23:36:04,356 [main] DEBUG c.p.b.e.r.s.MlEvaluationCreator.create - creating MlEvaluation. 321,40001,2F,12,wk1,A1
2025-12-28 23:36:04,365 [main] DEBUG c.p.b.e.r.s.MlEvaluationCreator.create - creating MlEvaluation. 321,40001,2F,12,wk1,A2
2025-12-28 23:36:04,372 [main] DEBUG c.p.b.e.r.s.MlEvaluationCreator.create - creating MlEvaluation. 321,40001,2F,12,wk1,B1
2025-12-28 23:36:04,379 [main] DEBUG c.p.b.e.r.s.MlEvaluationCreator.create - creating MlEvaluation. 321,40001,2F,12,wk1,B2
2025-12-28 23:36:04,385 [main] DEBUG c.p.b.e.r.s.MlEvaluationCreator.create - creating MlEvaluation. 321,40001,2F,13,wk1,A1
2025-12-28 23:36:04,395 [main] DEBUG c.p.b.e.r.s.MlEvaluationCreator.create - creating MlEvaluation. 321,40001,2F,13,wk1,A2
2025-12-28 23:36:04,402 [main] DEBUG c.p.b.e.r.s.MlEvaluationCreator.create - creating MlEvaluation. 321,40001,2F,13,wk1,B1
2025-12-28 23:36:04,411 [main] DEBUG c.p.b.e.r.s.MlEvaluationCreator.create - creating MlEvaluation. 321,40001,2F,13,wk1,B2
2025-12-28 23:36:04,416 [main] DEBUG c.p.b.e.r.s.MlEvaluationCreator.create - creating MlEvaluation. 321,40001,2F,14,wk1,A1
2025-12-28 23:36:04,427 [main] DEBUG c.p.b.e.r.s.MlEvaluationCreator.create - creating MlEvaluation. 321,40001,2F,14,wk1,A2
2025-12-28 23:36:04,436 [main] DEBUG c.p.b.e.r.s.MlEvaluationCreator.create - creating MlEvaluation. 321,40001,2F,14,wk1,B1
2025-12-28 23:36:04,445 [main] DEBUG c.p.b.e.r.s.MlEvaluationCreator.create - creating MlEvaluation. 321,40001,2F,14,wk1,B2
2025-12-28 23:36:04,451 [main] DEBUG c.p.b.e.r.s.MlEvaluationCreator.create - creating MlEvaluation. 321,40001,2F,15,wk1,A1
2025-12-28 23:36:04,462 [main] DEBUG c.p.b.e.r.s.MlEvaluationCreator.create - creating MlEvaluation. 321,40001,2F,15,wk1,A2
2025-12-28 23:36:04,470 [main] DEBUG c.p.b.e.r.s.MlEvaluationCreator.create - creating MlEvaluation. 321,40001,2F,15,wk1,B1
2025-12-28 23:36:04,477 [main] DEBUG c.p.b.e.r.s.MlEvaluationCreator.create - creating MlEvaluation. 321,40001,2F,15,wk1,B2
2025-12-28 23:36:04,482 [main] DEBUG c.p.b.e.r.s.MlEvaluationCreator.create - creating MlEvaluation. 321,40001,2F,16,wk1,A1
2025-12-28 23:36:04,493 [main] DEBUG c.p.b.e.r.s.MlEvaluationCreator.create - creating MlEvaluation. 321,40001,2F,16,wk1,A2
2025-12-28 23:36:04,532 [main] DEBUG c.p.b.e.r.s.MlEvaluationCreator.create - creating MlEvaluation. 321,40001,2F,16,wk1,B1
2025-12-28 23:36:04,539 [main] DEBUG c.p.b.e.r.s.MlEvaluationCreator.create - creating MlEvaluation. 321,40001,2F,16,wk1,B2
2025-12-28 23:36:04,545 [main] DEBUG c.p.b.e.r.s.MlEvaluationCreator.create - creating MlEvaluation. 321,40001,2F,23,wk1,A1
2025-12-28 23:36:04,551 [main] DEBUG c.p.b.e.r.s.MlEvaluationCreator.create - creating MlEvaluation. 321,40001,2F,23,wk1,A2
2025-12-28 23:36:04,557 [main] DEBUG c.p.b.e.r.s.MlEvaluationCreator.create - creating MlEvaluation. 321,40001,2F,23,wk1,B1
2025-12-28 23:36:04,563 [main] DEBUG c.p.b.e.r.s.MlEvaluationCreator.create - creating MlEvaluation. 321,40001,2F,23,wk1,B2
2025-12-28 23:36:04,567 [main] DEBUG c.p.b.e.r.s.MlEvaluationCreator.create - creating MlEvaluation. 321,40001,2F,24,wk1,A1
2025-12-28 23:36:04,572 [main] DEBUG c.p.b.e.r.s.MlEvaluationCreator.create - creating MlEvaluation. 321,40001,2F,24,wk1,A2
2025-12-28 23:36:04,578 [main] DEBUG c.p.b.e.r.s.MlEvaluationCreator.create - creating MlEvaluation. 321,40001,2F,24,wk1,B1
2025-12-28 23:36:04,583 [main] DEBUG c.p.b.e.r.s.MlEvaluationCreator.create - creating MlEvaluation. 321,40001,2F,24,wk1,B2
2025-12-28 23:36:04,587 [main] DEBUG c.p.b.e.r.s.MlEvaluationCreator.create - creating MlEvaluation. 321,40001,2F,25,wk1,A1
2025-12-28 23:36:04,591 [main] DEBUG c.p.b.e.MLResultGenerator.executeExperiment - 322 processed...9 20230527/20230603
2025-12-28 23:36:04,592 [main] DEBUG c.p.b.e.r.s.MlEvaluationCreator.create - creating MlEvaluation. 321,40001,2F,25,wk1,A2
2025-12-28 23:36:04,596 [main] DEBUG c.p.b.e.r.s.MlEvaluationCreator.create - creating MlEvaluation. 321,40001,2F,25,wk1,B1
2025-12-28 23:36:04,601 [main] DEBUG c.p.b.e.r.s.MlEvaluationCreator.create - creating MlEvaluation. 321,40001,2F,25,wk1,B2
2025-12-28 23:36:04,624 [main] DEBUG c.p.b.e.r.s.MlEvaluationCreator.create - creating MlEvaluation. 321,40001,2F,26,wk1,A1
2025-12-28 23:36:04,627 [main] DEBUG c.p.b.e.r.s.MlEvaluationCreator.create - creating MlEvaluation. 321,40001,2F,26,wk1,A2
2025-12-28 23:36:04,632 [main] DEBUG c.p.b.e.r.s.MlEvaluationCreator.create - creating MlEvaluation. 321,40001,2F,26,wk1,B1
2025-12-28 23:36:04,636 [main] DEBUG c.p.b.e.r.s.MlEvaluationCreator.create - creating MlEvaluation. 321,40001,2F,26,wk1,B2
2025-12-28 23:36:04,640 [main] DEBUG c.p.b.e.r.s.MlEvaluationCreator.create - creating MlEvaluation. 321,40001,2F,34,wk1,A1
2025-12-28 23:36:04,644 [main] DEBUG c.p.b.e.r.s.MlEvaluationCreator.create - creating MlEvaluation. 321,40001,2F,34,wk1,A2
2025-12-28 23:36:04,649 [main] DEBUG c.p.b.e.r.s.MlEvaluationCreator.create - creating MlEvaluation. 321,40001,2F,34,wk1,B1
2025-12-28 23:36:04,654 [main] DEBUG c.p.b.e.r.s.MlEvaluationCreator.create - creating MlEvaluation. 321,40001,2F,34,wk1,B2
2025-12-28 23:36:04,657 [main] DEBUG c.p.b.e.r.s.MlEvaluationCreator.create - creating MlEvaluation. 321,40001,2F,35,wk1,A1
2025-12-28 23:36:04,666 [main] DEBUG c.p.b.e.r.s.MlEvaluationCreator.create - creating MlEvaluation. 321,40001,2F,35,wk1,A2
2025-12-28 23:36:04,670 [main] DEBUG c.p.b.e.r.s.MlEvaluationCreator.create - creating MlEvaluation. 321,40001,2F,35,wk1,B1
2025-12-28 23:36:04,673 [main] DEBUG c.p.b.e.r.s.MlEvaluationCreator.create - creating MlEvaluation. 321,40001,2F,35,wk1,B2
2025-12-28 23:36:04,677 [main] DEBUG c.p.b.e.r.s.MlEvaluationCreator.create - creating MlEvaluation. 321,40001,2F,36,wk1,A2
2025-12-28 23:36:04,681 [main] DEBUG c.p.b.e.r.s.MlEvaluationCreator.create - creating MlEvaluation. 321,40001,2F,36,wk1,B1
2025-12-28 23:36:04,684 [main] DEBUG c.p.b.e.r.s.MlEvaluationCreator.create - creating MlEvaluation. 321,40001,2F,36,wk1,B2
2025-12-28 23:36:04,687 [main] DEBUG c.p.b.e.r.s.MlEvaluationCreator.create - creating MlEvaluation. 321,40001,2F,45,wk1,A1
2025-12-28 23:36:04,688 [main] DEBUG c.p.b.e.r.s.MlEvaluationCreator.create - creating MlEvaluation. 321,40001,2F,45,wk1,A2
2025-12-28 23:36:04,692 [main] DEBUG c.p.b.e.r.s.MlEvaluationCreator.create - creating MlEvaluation. 321,40001,2F,45,wk1,B1
2025-12-28 23:36:04,695 [main] DEBUG c.p.b.e.r.s.MlEvaluationCreator.create - creating MlEvaluation. 321,40001,2F,45,wk1,B2
2025-12-28 23:36:04,698 [main] DEBUG c.p.b.e.r.s.MlEvaluationCreator.create - creating MlEvaluation. 321,40001,2F,46,wk1,A2
2025-12-28 23:36:04,701 [main] DEBUG c.p.b.e.r.s.MlEvaluationCreator.create - creating MlEvaluation. 321,40001,2F,46,wk1,B1
2025-12-28 23:36:04,704 [main] DEBUG c.p.b.e.r.s.MlEvaluationCreator.create - creating MlEvaluation. 321,40001,2F,46,wk1,B2
2025-12-28 23:36:04,706 [main] DEBUG c.p.b.e.r.s.MlEvaluationCreator.create - creating MlEvaluation. 321,40001,2F,56,wk1,A2
2025-12-28 23:36:04,710 [main] DEBUG c.p.b.e.r.s.MlEvaluationCreator.create - creating MlEvaluation. 321,40001,2F,56,wk1,B1
2025-12-28 23:36:04,714 [main] DEBUG c.p.b.e.r.s.MlEvaluationCreator.create - creating MlEvaluation. 321,40001,2F,56,wk1,B2
2025-12-28 23:36:04,718 [main] DEBUG c.p.b.e.r.s.MlEvaluationCreator.create - creating MlEvaluation. 321,40001,2T,12,wk1,A1
2025-12-28 23:36:04,724 [main] DEBUG c.p.b.e.r.s.MlEvaluationCreator.create - creating MlEvaluation. 321,40001,2T,12,wk1,A2
2025-12-28 23:36:04,731 [main] DEBUG c.p.b.e.r.s.MlEvaluationCreator.create - creating MlEvaluation. 321,40001,2T,12,wk1,B1
2025-12-28 23:36:04,737 [main] DEBUG c.p.b.e.r.s.MlEvaluationCreator.create - creating MlEvaluation. 321,40001,2T,12,wk1,B2
2025-12-28 23:36:04,742 [main] DEBUG c.p.b.e.r.s.MlEvaluationCreator.create - creating MlEvaluation. 321,40001,2T,13,wk1,A1
2025-12-28 23:36:04,748 [main] DEBUG c.p.b.e.r.s.MlEvaluationCreator.create - creating MlEvaluation. 321,40001,2T,13,wk1,A2
2025-12-28 23:36:04,759 [main] DEBUG c.p.b.e.r.s.MlEvaluationCreator.create - creating MlEvaluation. 321,40001,2T,13,wk1,B1
2025-12-28 23:36:04,764 [main] DEBUG c.p.b.e.r.s.MlEvaluationCreator.create - creating MlEvaluation. 321,40001,2T,13,wk1,B2
2025-12-28 23:36:04,769 [main] DEBUG c.p.b.e.r.s.MlEvaluationCreator.create - creating MlEvaluation. 321,40001,2T,14,wk1,A1
2025-12-28 23:36:04,776 [main] DEBUG c.p.b.e.r.s.MlEvaluationCreator.create - creating MlEvaluation. 321,40001,2T,14,wk1,A2
2025-12-28 23:36:04,782 [main] DEBUG c.p.b.e.r.s.MlEvaluationCreator.create - creating MlEvaluation. 321,40001,2T,14,wk1,B1
2025-12-28 23:36:04,788 [main] DEBUG c.p.b.e.r.s.MlEvaluationCreator.create - creating MlEvaluation. 321,40001,2T,14,wk1,B2
2025-12-28 23:36:04,793 [main] DEBUG c.p.b.e.r.s.MlEvaluationCreator.create - creating MlEvaluation. 321,40001,2T,15,wk1,A1
2025-12-28 23:36:04,802 [main] DEBUG c.p.b.e.r.s.MlEvaluationCreator.create - creating MlEvaluation. 321,40001,2T,15,wk1,A2
2025-12-28 23:36:04,809 [main] DEBUG c.p.b.e.r.s.MlEvaluationCreator.create - creating MlEvaluation. 321,40001,2T,15,wk1,B1
2025-12-28 23:36:04,814 [main] DEBUG c.p.b.e.r.s.MlEvaluationCreator.create - creating MlEvaluation. 321,40001,2T,15,wk1,B2
2025-12-28 23:36:04,819 [main] DEBUG c.p.b.e.r.s.MlEvaluationCreator.create - creating MlEvaluation. 321,40001,2T,16,wk1,A1
2025-12-28 23:36:04,829 [main] DEBUG c.p.b.e.r.s.MlEvaluationCreator.create - creating MlEvaluation. 321,40001,2T,16,wk1,A2
2025-12-28 23:36:04,835 [main] DEBUG c.p.b.e.r.s.MlEvaluationCreator.create - creating MlEvaluation. 321,40001,2T,16,wk1,B1
2025-12-28 23:36:04,840 [main] DEBUG c.p.b.e.r.s.MlEvaluationCreator.create - creating MlEvaluation. 321,40001,2T,16,wk1,B2
2025-12-28 23:36:04,845 [main] DEBUG c.p.b.e.r.s.MlEvaluationCreator.create - creating MlEvaluation. 321,40001,2T,21,wk1,A1
2025-12-28 23:36:04,854 [main] DEBUG c.p.b.e.r.s.MlEvaluationCreator.create - creating MlEvaluation. 321,40001,2T,21,wk1,A2
2025-12-28 23:36:04,863 [main] DEBUG c.p.b.e.r.s.MlEvaluationCreator.create - creating MlEvaluation. 321,40001,2T,21,wk1,B1
2025-12-28 23:36:04,869 [main] DEBUG c.p.b.e.r.s.MlEvaluationCreator.create - creating MlEvaluation. 321,40001,2T,21,wk1,B2
2025-12-28 23:36:04,872 [main] DEBUG c.p.b.e.r.s.MlEvaluationCreator.create - creating MlEvaluation. 321,40001,2T,23,wk1,A1
2025-12-28 23:36:04,876 [main] DEBUG c.p.b.e.r.s.MlEvaluationCreator.create - creating MlEvaluation. 321,40001,2T,23,wk1,A2
2025-12-28 23:36:04,880 [main] DEBUG c.p.b.e.r.s.MlEvaluationCreator.create - creating MlEvaluation. 321,40001,2T,23,wk1,B1
2025-12-28 23:36:04,883 [main] DEBUG c.p.b.e.r.s.MlEvaluationCreator.create - creating MlEvaluation. 321,40001,2T,23,wk1,B2
2025-12-28 23:36:04,886 [main] DEBUG c.p.b.e.r.s.MlEvaluationCreator.create - creating MlEvaluation. 321,40001,2T,24,wk1,A1
2025-12-28 23:36:04,888 [main] DEBUG c.p.b.e.r.s.MlEvaluationCreator.create - creating MlEvaluation. 321,40001,2T,24,wk1,A2
2025-12-28 23:36:04,892 [main] DEBUG c.p.b.e.r.s.MlEvaluationCreator.create - creating MlEvaluation. 321,40001,2T,24,wk1,B1
2025-12-28 23:36:04,896 [main] DEBUG c.p.b.e.r.s.MlEvaluationCreator.create - creating MlEvaluation. 321,40001,2T,24,wk1,B2
2025-12-28 23:36:04,899 [main] DEBUG c.p.b.e.r.s.MlEvaluationCreator.create - creating MlEvaluation. 321,40001,2T,25,wk1,A1
2025-12-28 23:36:04,900 [main] DEBUG c.p.b.e.r.s.MlEvaluationCreator.create - creating MlEvaluation. 321,40001,2T,25,wk1,A2
2025-12-28 23:36:04,904 [main] DEBUG c.p.b.e.r.s.MlEvaluationCreator.create - creating MlEvaluation. 321,40001,2T,25,wk1,B1
2025-12-28 23:36:04,908 [main] DEBUG c.p.b.e.r.s.MlEvaluationCreator.create - creating MlEvaluation. 321,40001,2T,25,wk1,B2
2025-12-28 23:36:04,912 [main] DEBUG c.p.b.e.r.s.MlEvaluationCreator.create - creating MlEvaluation. 321,40001,2T,26,wk1,A2
2025-12-28 23:36:04,916 [main] DEBUG c.p.b.e.r.s.MlEvaluationCreator.create - creating MlEvaluation. 321,40001,2T,26,wk1,B1
2025-12-28 23:36:04,919 [main] DEBUG c.p.b.e.r.s.MlEvaluationCreator.create - creating MlEvaluation. 321,40001,2T,26,wk1,B2
2025-12-28 23:36:04,924 [main] DEBUG c.p.b.e.r.s.MlEvaluationCreator.create - creating MlEvaluation. 321,40001,2T,31,wk1,A1
2025-12-28 23:36:04,932 [main] DEBUG c.p.b.e.r.s.MlEvaluationCreator.create - creating MlEvaluation. 321,40001,2T,31,wk1,A2
2025-12-28 23:36:04,939 [main] DEBUG c.p.b.e.r.s.MlEvaluationCreator.create - creating MlEvaluation. 321,40001,2T,31,wk1,B1
2025-12-28 23:36:04,946 [main] DEBUG c.p.b.e.r.s.MlEvaluationCreator.create - creating MlEvaluation. 321,40001,2T,31,wk1,B2
2025-12-28 23:36:04,949 [main] DEBUG c.p.b.e.r.s.MlEvaluationCreator.create - creating MlEvaluation. 321,40001,2T,32,wk1,A1
2025-12-28 23:36:04,953 [main] DEBUG c.p.b.e.r.s.MlEvaluationCreator.create - creating MlEvaluation. 321,40001,2T,32,wk1,A2
2025-12-28 23:36:04,958 [main] DEBUG c.p.b.e.r.s.MlEvaluationCreator.create - creating MlEvaluation. 321,40001,2T,32,wk1,B1
2025-12-28 23:36:04,962 [main] DEBUG c.p.b.e.r.s.MlEvaluationCreator.create - creating MlEvaluation. 321,40001,2T,32,wk1,B2
2025-12-28 23:36:04,967 [main] DEBUG c.p.b.e.r.s.MlEvaluationCreator.create - creating MlEvaluation. 321,40001,2T,34,wk1,A1
2025-12-28 23:36:04,971 [main] DEBUG c.p.b.e.r.s.MlEvaluationCreator.create - creating MlEvaluation. 321,40001,2T,34,wk1,A2
2025-12-28 23:36:04,977 [main] DEBUG c.p.b.e.r.s.MlEvaluationCreator.create - creating MlEvaluation. 321,40001,2T,34,wk1,B1
2025-12-28 23:36:04,980 [main] DEBUG c.p.b.e.r.s.MlEvaluationCreator.create - creating MlEvaluation. 321,40001,2T,34,wk1,B2
2025-12-28 23:36:04,983 [main] DEBUG c.p.b.e.r.s.MlEvaluationCreator.create - creating MlEvaluation. 321,40001,2T,35,wk1,A1
2025-12-28 23:36:04,984 [main] DEBUG c.p.b.e.r.s.MlEvaluationCreator.create - creating MlEvaluation. 321,40001,2T,35,wk1,A2
2025-12-28 23:36:04,989 [main] DEBUG c.p.b.e.r.s.MlEvaluationCreator.create - creating MlEvaluation. 321,40001,2T,35,wk1,B1
2025-12-28 23:36:04,993 [main] DEBUG c.p.b.e.r.s.MlEvaluationCreator.create - creating MlEvaluation. 321,40001,2T,35,wk1,B2
2025-12-28 23:36:04,995 [main] DEBUG c.p.b.e.r.s.MlEvaluationCreator.create - creating MlEvaluation. 321,40001,2T,36,wk1,A2
2025-12-28 23:36:04,998 [main] DEBUG c.p.b.e.r.s.MlEvaluationCreator.create - creating MlEvaluation. 321,40001,2T,36,wk1,B1
2025-12-28 23:36:05,001 [main] DEBUG c.p.b.e.r.s.MlEvaluationCreator.create - creating MlEvaluation. 321,40001,2T,36,wk1,B2
2025-12-28 23:36:05,006 [main] DEBUG c.p.b.e.r.s.MlEvaluationCreator.create - creating MlEvaluation. 321,40001,2T,41,wk1,A1
2025-12-28 23:36:05,015 [main] DEBUG c.p.b.e.r.s.MlEvaluationCreator.create - creating MlEvaluation. 321,40001,2T,41,wk1,A2
2025-12-28 23:36:05,021 [main] DEBUG c.p.b.e.r.s.MlEvaluationCreator.create - creating MlEvaluation. 321,40001,2T,41,wk1,B1
2025-12-28 23:36:05,026 [main] DEBUG c.p.b.e.r.s.MlEvaluationCreator.create - creating MlEvaluation. 321,40001,2T,41,wk1,B2
2025-12-28 23:36:05,030 [main] DEBUG c.p.b.e.r.s.MlEvaluationCreator.create - creating MlEvaluation. 321,40001,2T,42,wk1,A1
2025-12-28 23:36:05,033 [main] DEBUG c.p.b.e.r.s.MlEvaluationCreator.create - creating MlEvaluation. 321,40001,2T,42,wk1,A2
2025-12-28 23:36:05,037 [main] DEBUG c.p.b.e.r.s.MlEvaluationCreator.create - creating MlEvaluation. 321,40001,2T,42,wk1,B1
2025-12-28 23:36:05,041 [main] DEBUG c.p.b.e.r.s.MlEvaluationCreator.create - creating MlEvaluation. 321,40001,2T,42,wk1,B2
2025-12-28 23:36:05,044 [main] DEBUG c.p.b.e.r.s.MlEvaluationCreator.create - creating MlEvaluation. 321,40001,2T,43,wk1,A1
2025-12-28 23:36:05,048 [main] DEBUG c.p.b.e.r.s.MlEvaluationCreator.create - creating MlEvaluation. 321,40001,2T,43,wk1,A2
2025-12-28 23:36:05,051 [main] DEBUG c.p.b.e.r.s.MlEvaluationCreator.create - creating MlEvaluation. 321,40001,2T,43,wk1,B1
2025-12-28 23:36:05,055 [main] DEBUG c.p.b.e.r.s.MlEvaluationCreator.create - creating MlEvaluation. 321,40001,2T,43,wk1,B2
2025-12-28 23:36:05,058 [main] DEBUG c.p.b.e.r.s.MlEvaluationCreator.create - creating MlEvaluation. 321,40001,2T,45,wk1,A2
2025-12-28 23:36:05,061 [main] DEBUG c.p.b.e.r.s.MlEvaluationCreator.create - creating MlEvaluation. 321,40001,2T,45,wk1,B1
2025-12-28 23:36:05,063 [main] DEBUG c.p.b.e.r.s.MlEvaluationCreator.create - creating MlEvaluation. 321,40001,2T,45,wk1,B2
2025-12-28 23:36:05,066 [main] DEBUG c.p.b.e.r.s.MlEvaluationCreator.create - creating MlEvaluation. 321,40001,2T,46,wk1,A2
2025-12-28 23:36:05,067 [main] DEBUG c.p.b.e.r.s.MlEvaluationCreator.create - creating MlEvaluation. 321,40001,2T,46,wk1,B1
2025-12-28 23:36:05,071 [main] DEBUG c.p.b.e.r.s.MlEvaluationCreator.create - creating MlEvaluation. 321,40001,2T,46,wk1,B2
2025-12-28 23:36:05,076 [main] DEBUG c.p.b.e.r.s.MlEvaluationCreator.create - creating MlEvaluation. 321,40001,2T,51,wk1,A1
2025-12-28 23:36:05,081 [main] DEBUG c.p.b.e.r.s.MlEvaluationCreator.create - creating MlEvaluation. 321,40001,2T,51,wk1,A2
2025-12-28 23:36:05,086 [main] DEBUG c.p.b.e.r.s.MlEvaluationCreator.create - creating MlEvaluation. 321,40001,2T,51,wk1,B1
2025-12-28 23:36:05,090 [main] DEBUG c.p.b.e.r.s.MlEvaluationCreator.create - creating MlEvaluation. 321,40001,2T,51,wk1,B2
2025-12-28 23:36:05,094 [main] DEBUG c.p.b.e.r.s.MlEvaluationCreator.create - creating MlEvaluation. 321,40001,2T,52,wk1,A2
2025-12-28 23:36:05,098 [main] DEBUG c.p.b.e.r.s.MlEvaluationCreator.create - creating MlEvaluation. 321,40001,2T,52,wk1,B1
2025-12-28 23:36:05,102 [main] DEBUG c.p.b.e.r.s.MlEvaluationCreator.create - creating MlEvaluation. 321,40001,2T,52,wk1,B2
2025-12-28 23:36:05,104 [main] DEBUG c.p.b.e.r.s.MlEvaluationCreator.create - creating MlEvaluation. 321,40001,2T,53,wk1,A2
2025-12-28 23:36:05,108 [main] DEBUG c.p.b.e.r.s.MlEvaluationCreator.create - creating MlEvaluation. 321,40001,2T,53,wk1,B1
2025-12-28 23:36:05,111 [main] DEBUG c.p.b.e.r.s.MlEvaluationCreator.create - creating MlEvaluation. 321,40001,2T,53,wk1,B2
2025-12-28 23:36:05,114 [main] DEBUG c.p.b.e.r.s.MlEvaluationCreator.create - creating MlEvaluation. 321,40001,2T,54,wk1,A2
2025-12-28 23:36:05,118 [main] DEBUG c.p.b.e.r.s.MlEvaluationCreator.create - creating MlEvaluation. 321,40001,2T,54,wk1,B1
2025-12-28 23:36:05,121 [main] DEBUG c.p.b.e.r.s.MlEvaluationCreator.create - creating MlEvaluation. 321,40001,2T,54,wk1,B2
2025-12-28 23:36:05,124 [main] DEBUG c.p.b.e.r.s.MlEvaluationCreator.create - creating MlEvaluation. 321,40001,2T,56,wk1,B1
2025-12-28 23:36:05,127 [main] DEBUG c.p.b.e.r.s.MlEvaluationCreator.create - creating MlEvaluation. 321,40001,2T,61,wk1,A1
2025-12-28 23:36:05,132 [main] DEBUG c.p.b.e.r.s.MlEvaluationCreator.create - creating MlEvaluation. 321,40001,2T,61,wk1,A2
2025-12-28 23:36:05,137 [main] DEBUG c.p.b.e.r.s.MlEvaluationCreator.create - creating MlEvaluation. 321,40001,2T,61,wk1,B1
2025-12-28 23:36:05,141 [main] DEBUG c.p.b.e.r.s.MlEvaluationCreator.create - creating MlEvaluation. 321,40001,2T,61,wk1,B2
2025-12-28 23:36:05,144 [main] DEBUG c.p.b.e.r.s.MlEvaluationCreator.create - creating MlEvaluation. 321,40001,2T,62,wk1,A2
2025-12-28 23:36:05,147 [main] DEBUG c.p.b.e.r.s.MlEvaluationCreator.create - creating MlEvaluation. 321,40001,2T,62,wk1,B1
2025-12-28 23:36:05,150 [main] DEBUG c.p.b.e.r.s.MlEvaluationCreator.create - creating MlEvaluation. 321,40001,2T,62,wk1,B2
2025-12-28 23:36:05,153 [main] DEBUG c.p.b.e.r.s.MlEvaluationCreator.create - creating MlEvaluation. 321,40001,2T,63,wk1,A2
2025-12-28 23:36:05,156 [main] DEBUG c.p.b.e.r.s.MlEvaluationCreator.create - creating MlEvaluation. 321,40001,2T,63,wk1,B1
2025-12-28 23:36:05,159 [main] DEBUG c.p.b.e.r.s.MlEvaluationCreator.create - creating MlEvaluation. 321,40001,2T,63,wk1,B2
2025-12-28 23:36:05,162 [main] DEBUG c.p.b.e.r.s.MlEvaluationCreator.create - creating MlEvaluation. 321,40001,2T,64,wk1,A2
2025-12-28 23:36:05,166 [main] DEBUG c.p.b.e.r.s.MlEvaluationCreator.create - creating MlEvaluation. 321,40001,2T,64,wk1,B1
2025-12-28 23:36:05,169 [main] DEBUG c.p.b.e.r.s.MlEvaluationCreator.create - creating MlEvaluation. 321,40001,2T,64,wk1,B2
2025-12-28 23:36:05,172 [main] DEBUG c.p.b.e.r.s.MlEvaluationCreator.create - creating MlEvaluation. 321,40001,2T,65,wk1,A2
2025-12-28 23:36:05,173 [main] DEBUG c.p.b.e.r.s.MlEvaluationCreator.create - creating MlEvaluation. 321,40001,2T,65,wk1,B1
2025-12-28 23:36:05,176 [main] DEBUG c.p.b.e.r.s.MlEvaluationCreator.create - creating MlEvaluation. 321,40001,2T,65,wk1,B2
2025-12-28 23:36:05,180 [main] DEBUG c.p.b.e.r.s.MlEvaluationCreator.create - creating MlEvaluation. 321,40001,3F,123,wk1,A1
2025-12-28 23:36:05,189 [main] DEBUG c.p.b.e.r.s.MlEvaluationCreator.create - creating MlEvaluation. 321,40001,3F,123,wk1,A2
2025-12-28 23:36:05,195 [main] DEBUG c.p.b.e.r.s.MlEvaluationCreator.create - creating MlEvaluation. 321,40001,3F,123,wk1,B1
2025-12-28 23:36:05,202 [main] DEBUG c.p.b.e.r.s.MlEvaluationCreator.create - creating MlEvaluation. 321,40001,3F,123,wk1,B2
2025-12-28 23:36:05,206 [main] DEBUG c.p.b.e.r.s.MlEvaluationCreator.create - creating MlEvaluation. 321,40001,3F,124,wk1,A1
2025-12-28 23:36:05,214 [main] DEBUG c.p.b.e.r.s.MlEvaluationCreator.create - creating MlEvaluation. 321,40001,3F,124,wk1,A2
2025-12-28 23:36:05,221 [main] DEBUG c.p.b.e.r.s.MlEvaluationCreator.create - creating MlEvaluation. 321,40001,3F,124,wk1,B1
2025-12-28 23:36:05,228 [main] DEBUG c.p.b.e.r.s.MlEvaluationCreator.create - creating MlEvaluation. 321,40001,3F,124,wk1,B2
2025-12-28 23:36:05,233 [main] DEBUG c.p.b.e.r.s.MlEvaluationCreator.create - creating MlEvaluation. 321,40001,3F,125,wk1,A1
2025-12-28 23:36:05,241 [main] DEBUG c.p.b.e.r.s.MlEvaluationCreator.create - creating MlEvaluation. 321,40001,3F,125,wk1,A2
2025-12-28 23:36:05,248 [main] DEBUG c.p.b.e.r.s.MlEvaluationCreator.create - creating MlEvaluation. 321,40001,3F,125,wk1,B1
2025-12-28 23:36:05,254 [main] DEBUG c.p.b.e.r.s.MlEvaluationCreator.create - creating MlEvaluation. 321,40001,3F,125,wk1,B2
2025-12-28 23:36:05,259 [main] DEBUG c.p.b.e.r.s.MlEvaluationCreator.create - creating MlEvaluation. 321,40001,3F,126,wk1,A1
2025-12-28 23:36:05,267 [main] DEBUG c.p.b.e.r.s.MlEvaluationCreator.create - creating MlEvaluation. 321,40001,3F,126,wk1,A2
2025-12-28 23:36:05,273 [main] DEBUG c.p.b.e.r.s.MlEvaluationCreator.create - creating MlEvaluation. 321,40001,3F,126,wk1,B1
2025-12-28 23:36:05,279 [main] DEBUG c.p.b.e.r.s.MlEvaluationCreator.create - creating MlEvaluation. 321,40001,3F,126,wk1,B2
2025-12-28 23:36:05,283 [main] DEBUG c.p.b.e.r.s.MlEvaluationCreator.create - creating MlEvaluation. 321,40001,3F,134,wk1,A1
2025-12-28 23:36:05,291 [main] DEBUG c.p.b.e.r.s.MlEvaluationCreator.create - creating MlEvaluation. 321,40001,3F,134,wk1,A2
2025-12-28 23:36:05,297 [main] DEBUG c.p.b.e.r.s.MlEvaluationCreator.create - creating MlEvaluation. 321,40001,3F,134,wk1,B1
2025-12-28 23:36:05,304 [main] DEBUG c.p.b.e.r.s.MlEvaluationCreator.create - creating MlEvaluation. 321,40001,3F,134,wk1,B2
2025-12-28 23:36:05,308 [main] DEBUG c.p.b.e.r.s.MlEvaluationCreator.create - creating MlEvaluation. 321,40001,3F,135,wk1,A1
2025-12-28 23:36:05,315 [main] DEBUG c.p.b.e.r.s.MlEvaluationCreator.create - creating MlEvaluation. 321,40001,3F,135,wk1,A2
2025-12-28 23:36:05,320 [main] DEBUG c.p.b.e.r.s.MlEvaluationCreator.create - creating MlEvaluation. 321,40001,3F,135,wk1,B1
2025-12-28 23:36:05,325 [main] DEBUG c.p.b.e.r.s.MlEvaluationCreator.create - creating MlEvaluation. 321,40001,3F,135,wk1,B2
2025-12-28 23:36:05,329 [main] DEBUG c.p.b.e.r.s.MlEvaluationCreator.create - creating MlEvaluation. 321,40001,3F,136,wk1,A1
2025-12-28 23:36:05,335 [main] DEBUG c.p.b.e.r.s.MlEvaluationCreator.create - creating MlEvaluation. 321,40001,3F,136,wk1,A2
2025-12-28 23:36:05,341 [main] DEBUG c.p.b.e.r.s.MlEvaluationCreator.create - creating MlEvaluation. 321,40001,3F,136,wk1,B1
2025-12-28 23:36:05,345 [main] DEBUG c.p.b.e.r.s.MlEvaluationCreator.create - creating MlEvaluation. 321,40001,3F,136,wk1,B2
2025-12-28 23:36:05,349 [main] DEBUG c.p.b.e.r.s.MlEvaluationCreator.create - creating MlEvaluation. 321,40001,3F,145,wk1,A1
2025-12-28 23:36:05,355 [main] DEBUG c.p.b.e.r.s.MlEvaluationCreator.create - creating MlEvaluation. 321,40001,3F,145,wk1,A2
2025-12-28 23:36:05,361 [main] DEBUG c.p.b.e.r.s.MlEvaluationCreator.create - creating MlEvaluation. 321,40001,3F,145,wk1,B1
2025-12-28 23:36:05,366 [main] DEBUG c.p.b.e.r.s.MlEvaluationCreator.create - creating MlEvaluation. 321,40001,3F,145,wk1,B2
2025-12-28 23:36:05,370 [main] DEBUG c.p.b.e.r.s.MlEvaluationCreator.create - creating MlEvaluation. 321,40001,3F,146,wk1,A1
2025-12-28 23:36:05,376 [main] DEBUG c.p.b.e.r.s.MlEvaluationCreator.create - creating MlEvaluation. 321,40001,3F,146,wk1,A2
2025-12-28 23:36:05,381 [main] DEBUG c.p.b.e.r.s.MlEvaluationCreator.create - creating MlEvaluation. 321,40001,3F,146,wk1,B1
2025-12-28 23:36:05,385 [main] DEBUG c.p.b.e.r.s.MlEvaluationCreator.create - creating MlEvaluation. 321,40001,3F,146,wk1,B2
2025-12-28 23:36:05,388 [main] DEBUG c.p.b.e.r.s.MlEvaluationCreator.create - creating MlEvaluation. 321,40001,3F,156,wk1,A1
2025-12-28 23:36:05,394 [main] DEBUG c.p.b.e.r.s.MlEvaluationCreator.create - creating MlEvaluation. 321,40001,3F,156,wk1,A2
2025-12-28 23:36:05,398 [main] DEBUG c.p.b.e.r.s.MlEvaluationCreator.create - creating MlEvaluation. 321,40001,3F,156,wk1,B1
2025-12-28 23:36:05,402 [main] DEBUG c.p.b.e.r.s.MlEvaluationCreator.create - creating MlEvaluation. 321,40001,3F,156,wk1,B2
2025-12-28 23:36:05,404 [main] DEBUG c.p.b.e.r.s.MlEvaluationCreator.create - creating MlEvaluation. 321,40001,3F,234,wk1,A1
2025-12-28 23:36:05,407 [main] DEBUG c.p.b.e.r.s.MlEvaluationCreator.create - creating MlEvaluation. 321,40001,3F,234,wk1,A2
2025-12-28 23:36:05,412 [main] DEBUG c.p.b.e.r.s.MlEvaluationCreator.create - creating MlEvaluation. 321,40001,3F,234,wk1,B1
2025-12-28 23:36:05,416 [main] DEBUG c.p.b.e.r.s.MlEvaluationCreator.create - creating MlEvaluation. 321,40001,3F,234,wk1,B2
2025-12-28 23:36:05,419 [main] DEBUG c.p.b.e.r.s.MlEvaluationCreator.create - creating MlEvaluation. 321,40001,3F,235,wk1,A2
2025-12-28 23:36:05,423 [main] DEBUG c.p.b.e.r.s.MlEvaluationCreator.create - creating MlEvaluation. 321,40001,3F,235,wk1,B1
2025-12-28 23:36:05,427 [main] DEBUG c.p.b.e.r.s.MlEvaluationCreator.create - creating MlEvaluation. 321,40001,3F,235,wk1,B2
2025-12-28 23:36:05,430 [main] DEBUG c.p.b.e.r.s.MlEvaluationCreator.create - creating MlEvaluation. 321,40001,3F,236,wk1,A2
2025-12-28 23:36:05,434 [main] DEBUG c.p.b.e.r.s.MlEvaluationCreator.create - creating MlEvaluation. 321,40001,3F,236,wk1,B1
2025-12-28 23:36:05,438 [main] DEBUG c.p.b.e.r.s.MlEvaluationCreator.create - creating MlEvaluation. 321,40001,3F,236,wk1,B2
2025-12-28 23:36:05,442 [main] DEBUG c.p.b.e.r.s.MlEvaluationCreator.create - creating MlEvaluation. 321,40001,3F,245,wk1,A2
2025-12-28 23:36:05,446 [main] DEBUG c.p.b.e.r.s.MlEvaluationCreator.create - creating MlEvaluation. 321,40001,3F,245,wk1,B1
2025-12-28 23:36:05,450 [main] DEBUG c.p.b.e.r.s.MlEvaluationCreator.create - creating MlEvaluation. 321,40001,3F,245,wk1,B2
2025-12-28 23:36:05,453 [main] DEBUG c.p.b.e.r.s.MlEvaluationCreator.create - creating MlEvaluation. 321,40001,3F,246,wk1,A2
2025-12-28 23:36:05,457 [main] DEBUG c.p.b.e.r.s.MlEvaluationCreator.create - creating MlEvaluation. 321,40001,3F,246,wk1,B1
2025-12-28 23:36:05,461 [main] DEBUG c.p.b.e.r.s.MlEvaluationCreator.create - creating MlEvaluation. 321,40001,3F,246,wk1,B2
2025-12-28 23:36:05,464 [main] DEBUG c.p.b.e.r.s.MlEvaluationCreator.create - creating MlEvaluation. 321,40001,3F,256,wk1,A2
2025-12-28 23:36:05,465 [main] DEBUG c.p.b.e.r.s.MlEvaluationCreator.create - creating MlEvaluation. 321,40001,3F,256,wk1,B1
2025-12-28 23:36:05,468 [main] DEBUG c.p.b.e.r.s.MlEvaluationCreator.create - creating MlEvaluation. 321,40001,3F,256,wk1,B2
2025-12-28 23:36:05,471 [main] DEBUG c.p.b.e.r.s.MlEvaluationCreator.create - creating MlEvaluation. 321,40001,3F,345,wk1,A2
2025-12-28 23:36:05,474 [main] DEBUG c.p.b.e.r.s.MlEvaluationCreator.create - creating MlEvaluation. 321,40001,3F,345,wk1,B1
2025-12-28 23:36:05,477 [main] DEBUG c.p.b.e.r.s.MlEvaluationCreator.create - creating MlEvaluation. 321,40001,3F,345,wk1,B2
2025-12-28 23:36:05,480 [main] DEBUG c.p.b.e.r.s.MlEvaluationCreator.create - creating MlEvaluation. 321,40001,3F,346,wk1,A2
2025-12-28 23:36:05,483 [main] DEBUG c.p.b.e.r.s.MlEvaluationCreator.create - creating MlEvaluation. 321,40001,3F,346,wk1,B1
2025-12-28 23:36:05,488 [main] DEBUG c.p.b.e.r.s.MlEvaluationCreator.create - creating MlEvaluation. 321,40001,3F,346,wk1,B2
2025-12-28 23:36:05,491 [main] DEBUG c.p.b.e.r.s.MlEvaluationCreator.create - creating MlEvaluation. 321,40001,3F,356,wk1,A2
2025-12-28 23:36:05,492 [main] DEBUG c.p.b.e.r.s.MlEvaluationCreator.create - creating MlEvaluation. 321,40001,3F,356,wk1,B1
2025-12-28 23:36:05,496 [main] DEBUG c.p.b.e.r.s.MlEvaluationCreator.create - creating MlEvaluation. 321,40001,3F,356,wk1,B2
2025-12-28 23:36:05,498 [main] DEBUG c.p.b.e.r.s.MlEvaluationCreator.create - creating MlEvaluation. 321,40001,3F,456,wk1,B1
2025-12-28 23:36:05,504 [main] DEBUG c.p.b.e.r.s.MlEvaluationCreator.create - creating MlEvaluation. 321,40001,3T,123,wk1,A1
2025-12-28 23:36:05,511 [main] DEBUG c.p.b.e.r.s.MlEvaluationCreator.create - creating MlEvaluation. 321,40001,3T,123,wk1,A2
2025-12-28 23:36:05,516 [main] DEBUG c.p.b.e.r.s.MlEvaluationCreator.create - creating MlEvaluation. 321,40001,3T,123,wk1,B1
2025-12-28 23:36:05,520 [main] DEBUG c.p.b.e.r.s.MlEvaluationCreator.create - creating MlEvaluation. 321,40001,3T,123,wk1,B2
2025-12-28 23:36:05,524 [main] DEBUG c.p.b.e.MLResultGenerator.executeExperiment - 322 processed...7 20230528/20230603
2025-12-28 23:36:05,525 [main] DEBUG c.p.b.e.r.s.MlEvaluationCreator.create - creating MlEvaluation. 321,40001,3T,124,wk1,A1
2025-12-28 23:36:05,556 [main] DEBUG c.p.b.e.r.s.MlEvaluationCreator.create - creating MlEvaluation. 321,40001,3T,124,wk1,A2
2025-12-28 23:36:05,560 [main] DEBUG c.p.b.e.r.s.MlEvaluationCreator.create - creating MlEvaluation. 321,40001,3T,124,wk1,B1
2025-12-28 23:36:05,564 [main] DEBUG c.p.b.e.r.s.MlEvaluationCreator.create - creating MlEvaluation. 321,40001,3T,124,wk1,B2
2025-12-28 23:36:05,568 [main] DEBUG c.p.b.e.r.s.MlEvaluationCreator.create - creating MlEvaluation. 321,40001,3T,125,wk1,A1
2025-12-28 23:36:05,572 [main] DEBUG c.p.b.e.r.s.MlEvaluationCreator.create - creating MlEvaluation. 321,40001,3T,125,wk1,A2
2025-12-28 23:36:05,577 [main] DEBUG c.p.b.e.r.s.MlEvaluationCreator.create - creating MlEvaluation. 321,40001,3T,125,wk1,B1
2025-12-28 23:36:05,580 [main] DEBUG c.p.b.e.r.s.MlEvaluationCreator.create - creating MlEvaluation. 321,40001,3T,125,wk1,B2
2025-12-28 23:36:05,583 [main] DEBUG c.p.b.e.r.s.MlEvaluationCreator.create - creating MlEvaluation. 321,40001,3T,126,wk1,A1
2025-12-28 23:36:05,588 [main] DEBUG c.p.b.e.r.s.MlEvaluationCreator.create - creating MlEvaluation. 321,40001,3T,126,wk1,A2
2025-12-28 23:36:05,592 [main] DEBUG c.p.b.e.r.s.MlEvaluationCreator.create - creating MlEvaluation. 321,40001,3T,126,wk1,B1
2025-12-28 23:36:05,596 [main] DEBUG c.p.b.e.r.s.MlEvaluationCreator.create - creating MlEvaluation. 321,40001,3T,126,wk1,B2
2025-12-28 23:36:05,600 [main] DEBUG c.p.b.e.r.s.MlEvaluationCreator.create - creating MlEvaluation. 321,40001,3T,132,wk1,A1
2025-12-28 23:36:05,607 [main] DEBUG c.p.b.e.r.s.MlEvaluationCreator.create - creating MlEvaluation. 321,40001,3T,132,wk1,A2
2025-12-28 23:36:05,613 [main] DEBUG c.p.b.e.r.s.MlEvaluationCreator.create - creating MlEvaluation. 321,40001,3T,132,wk1,B1
2025-12-28 23:36:05,617 [main] DEBUG c.p.b.e.r.s.MlEvaluationCreator.create - creating MlEvaluation. 321,40001,3T,132,wk1,B2
2025-12-28 23:36:05,621 [main] DEBUG c.p.b.e.r.s.MlEvaluationCreator.create - creating MlEvaluation. 321,40001,3T,134,wk1,A1
2025-12-28 23:36:05,626 [main] DEBUG c.p.b.e.r.s.MlEvaluationCreator.create - creating MlEvaluation. 321,40001,3T,134,wk1,A2
2025-12-28 23:36:05,630 [main] DEBUG c.p.b.e.r.s.MlEvaluationCreator.create - creating MlEvaluation. 321,40001,3T,134,wk1,B1
2025-12-28 23:36:05,634 [main] DEBUG c.p.b.e.r.s.MlEvaluationCreator.create - creating MlEvaluation. 321,40001,3T,134,wk1,B2
2025-12-28 23:36:05,638 [main] DEBUG c.p.b.e.r.s.MlEvaluationCreator.create - creating MlEvaluation. 321,40001,3T,135,wk1,A1
2025-12-28 23:36:05,641 [main] DEBUG c.p.b.e.r.s.MlEvaluationCreator.create - creating MlEvaluation. 321,40001,3T,135,wk1,A2
2025-12-28 23:36:05,646 [main] DEBUG c.p.b.e.r.s.MlEvaluationCreator.create - creating MlEvaluation. 321,40001,3T,135,wk1,B1
2025-12-28 23:36:05,648 [main] DEBUG c.p.b.e.r.s.MlEvaluationCreator.create - creating MlEvaluation. 321,40001,3T,135,wk1,B2
2025-12-28 23:36:05,651 [main] DEBUG c.p.b.e.r.s.MlEvaluationCreator.create - creating MlEvaluation. 321,40001,3T,136,wk1,A1
2025-12-28 23:36:05,654 [main] DEBUG c.p.b.e.r.s.MlEvaluationCreator.create - creating MlEvaluation. 321,40001,3T,136,wk1,A2
2025-12-28 23:36:05,657 [main] DEBUG c.p.b.e.r.s.MlEvaluationCreator.create - creating MlEvaluation. 321,40001,3T,136,wk1,B1
2025-12-28 23:36:05,660 [main] DEBUG c.p.b.e.r.s.MlEvaluationCreator.create - creating MlEvaluation. 321,40001,3T,136,wk1,B2
2025-12-28 23:36:05,663 [main] DEBUG c.p.b.e.r.s.MlEvaluationCreator.create - creating MlEvaluation. 321,40001,3T,142,wk1,A1
2025-12-28 23:36:05,669 [main] DEBUG c.p.b.e.r.s.MlEvaluationCreator.create - creating MlEvaluation. 321,40001,3T,142,wk1,A2
2025-12-28 23:36:05,674 [main] DEBUG c.p.b.e.r.s.MlEvaluationCreator.create - creating MlEvaluation. 321,40001,3T,142,wk1,B1
2025-12-28 23:36:05,678 [main] DEBUG c.p.b.e.r.s.MlEvaluationCreator.create - creating MlEvaluation. 321,40001,3T,142,wk1,B2
2025-12-28 23:36:05,683 [main] DEBUG c.p.b.e.r.s.MlEvaluationCreator.create - creating MlEvaluation. 321,40001,3T,143,wk1,A1
2025-12-28 23:36:05,688 [main] DEBUG c.p.b.e.r.s.MlEvaluationCreator.create - creating MlEvaluation. 321,40001,3T,143,wk1,A2
2025-12-28 23:36:05,692 [main] DEBUG c.p.b.e.r.s.MlEvaluationCreator.create - creating MlEvaluation. 321,40001,3T,143,wk1,B1
2025-12-28 23:36:05,696 [main] DEBUG c.p.b.e.r.s.MlEvaluationCreator.create - creating MlEvaluation. 321,40001,3T,143,wk1,B2
2025-12-28 23:36:05,700 [main] DEBUG c.p.b.e.r.s.MlEvaluationCreator.create - creating MlEvaluation. 321,40001,3T,145,wk1,A1
2025-12-28 23:36:05,703 [main] DEBUG c.p.b.e.r.s.MlEvaluationCreator.create - creating MlEvaluation. 321,40001,3T,145,wk1,A2
2025-12-28 23:36:05,706 [main] DEBUG c.p.b.e.r.s.MlEvaluationCreator.create - creating MlEvaluation. 321,40001,3T,145,wk1,B1
2025-12-28 23:36:05,709 [main] DEBUG c.p.b.e.r.s.MlEvaluationCreator.create - creating MlEvaluation. 321,40001,3T,145,wk1,B2
2025-12-28 23:36:05,712 [main] DEBUG c.p.b.e.r.s.MlEvaluationCreator.create - creating MlEvaluation. 321,40001,3T,146,wk1,A1
2025-12-28 23:36:05,716 [main] DEBUG c.p.b.e.r.s.MlEvaluationCreator.create - creating MlEvaluation. 321,40001,3T,146,wk1,A2
2025-12-28 23:36:05,719 [main] DEBUG c.p.b.e.r.s.MlEvaluationCreator.create - creating MlEvaluation. 321,40001,3T,146,wk1,B1
2025-12-28 23:36:05,722 [main] DEBUG c.p.b.e.r.s.MlEvaluationCreator.create - creating MlEvaluation. 321,40001,3T,146,wk1,B2
2025-12-28 23:36:05,725 [main] DEBUG c.p.b.e.r.s.MlEvaluationCreator.create - creating MlEvaluation. 321,40001,3T,152,wk1,A1
2025-12-28 23:36:05,730 [main] DEBUG c.p.b.e.r.s.MlEvaluationCreator.create - creating MlEvaluation. 321,40001,3T,152,wk1,A2
2025-12-28 23:36:05,734 [main] DEBUG c.p.b.e.r.s.MlEvaluationCreator.create - creating MlEvaluation. 321,40001,3T,152,wk1,B1
2025-12-28 23:36:05,737 [main] DEBUG c.p.b.e.r.s.MlEvaluationCreator.create - creating MlEvaluation. 321,40001,3T,152,wk1,B2
2025-12-28 23:36:05,740 [main] DEBUG c.p.b.e.r.s.MlEvaluationCreator.create - creating MlEvaluation. 321,40001,3T,153,wk1,A1
2025-12-28 23:36:05,744 [main] DEBUG c.p.b.e.r.s.MlEvaluationCreator.create - creating MlEvaluation. 321,40001,3T,153,wk1,A2
2025-12-28 23:36:05,748 [main] DEBUG c.p.b.e.r.s.MlEvaluationCreator.create - creating MlEvaluation. 321,40001,3T,153,wk1,B1
2025-12-28 23:36:05,751 [main] DEBUG c.p.b.e.r.s.MlEvaluationCreator.create - creating MlEvaluation. 321,40001,3T,153,wk1,B2
2025-12-28 23:36:05,753 [main] DEBUG c.p.b.e.r.s.MlEvaluationCreator.create - creating MlEvaluation. 321,40001,3T,154,wk1,A1
2025-12-28 23:36:05,757 [main] DEBUG c.p.b.e.r.s.MlEvaluationCreator.create - creating MlEvaluation. 321,40001,3T,154,wk1,A2
2025-12-28 23:36:05,761 [main] DEBUG c.p.b.e.r.s.MlEvaluationCreator.create - creating MlEvaluation. 321,40001,3T,154,wk1,B1
2025-12-28 23:36:05,764 [main] DEBUG c.p.b.e.r.s.MlEvaluationCreator.create - creating MlEvaluation. 321,40001,3T,154,wk1,B2
2025-12-28 23:36:05,767 [main] DEBUG c.p.b.e.r.s.MlEvaluationCreator.create - creating MlEvaluation. 321,40001,3T,156,wk1,A1
2025-12-28 23:36:05,770 [main] DEBUG c.p.b.e.r.s.MlEvaluationCreator.create - creating MlEvaluation. 321,40001,3T,156,wk1,A2
2025-12-28 23:36:05,773 [main] DEBUG c.p.b.e.r.s.MlEvaluationCreator.create - creating MlEvaluation. 321,40001,3T,156,wk1,B1
2025-12-28 23:36:05,776 [main] DEBUG c.p.b.e.r.s.MlEvaluationCreator.create - creating MlEvaluation. 321,40001,3T,162,wk1,A1
2025-12-28 23:36:05,815 [main] DEBUG c.p.b.e.r.s.MlEvaluationCreator.create - creating MlEvaluation. 321,40001,3T,162,wk1,A2
2025-12-28 23:36:05,839 [main] DEBUG c.p.b.e.r.s.MlEvaluationCreator.create - creating MlEvaluation. 321,40001,3T,162,wk1,B1
2025-12-28 23:36:05,842 [main] DEBUG c.p.b.e.r.s.MlEvaluationCreator.create - creating MlEvaluation. 321,40001,3T,162,wk1,B2
2025-12-28 23:36:05,845 [main] DEBUG c.p.b.e.r.s.MlEvaluationCreator.create - creating MlEvaluation. 321,40001,3T,163,wk1,A1
2025-12-28 23:36:05,849 [main] DEBUG c.p.b.e.r.s.MlEvaluationCreator.create - creating MlEvaluation. 321,40001,3T,163,wk1,A2
2025-12-28 23:36:05,852 [main] DEBUG c.p.b.e.r.s.MlEvaluationCreator.create - creating MlEvaluation. 321,40001,3T,163,wk1,B1
2025-12-28 23:36:05,855 [main] DEBUG c.p.b.e.r.s.MlEvaluationCreator.create - creating MlEvaluation. 321,40001,3T,163,wk1,B2
2025-12-28 23:36:05,859 [main] DEBUG c.p.b.e.r.s.MlEvaluationCreator.create - creating MlEvaluation. 321,40001,3T,164,wk1,A1
2025-12-28 23:36:05,862 [main] DEBUG c.p.b.e.r.s.MlEvaluationCreator.create - creating MlEvaluation. 321,40001,3T,164,wk1,A2
2025-12-28 23:36:05,865 [main] DEBUG c.p.b.e.r.s.MlEvaluationCreator.create - creating MlEvaluation. 321,40001,3T,164,wk1,B1
2025-12-28 23:36:05,868 [main] DEBUG c.p.b.e.r.s.MlEvaluationCreator.create - creating MlEvaluation. 321,40001,3T,164,wk1,B2
2025-12-28 23:36:05,871 [main] DEBUG c.p.b.e.r.s.MlEvaluationCreator.create - creating MlEvaluation. 321,40001,3T,165,wk1,A1
2025-12-28 23:36:05,874 [main] DEBUG c.p.b.e.r.s.MlEvaluationCreator.create - creating MlEvaluation. 321,40001,3T,165,wk1,A2
2025-12-28 23:36:05,877 [main] DEBUG c.p.b.e.r.s.MlEvaluationCreator.create - creating MlEvaluation. 321,40001,3T,165,wk1,B1
2025-12-28 23:36:05,880 [main] DEBUG c.p.b.e.r.s.MlEvaluationCreator.create - creating MlEvaluation. 321,40001,3T,213,wk1,A1
2025-12-28 23:36:05,885 [main] DEBUG c.p.b.e.r.s.MlEvaluationCreator.create - creating MlEvaluation. 321,40001,3T,213,wk1,A2
2025-12-28 23:36:05,889 [main] DEBUG c.p.b.e.r.s.MlEvaluationCreator.create - creating MlEvaluation. 321,40001,3T,213,wk1,B1
2025-12-28 23:36:05,893 [main] DEBUG c.p.b.e.r.s.MlEvaluationCreator.create - creating MlEvaluation. 321,40001,3T,213,wk1,B2
2025-12-28 23:36:05,898 [main] DEBUG c.p.b.e.r.s.MlEvaluationCreator.create - creating MlEvaluation. 321,40001,3T,214,wk1,A1
2025-12-28 23:36:05,902 [main] DEBUG c.p.b.e.r.s.MlEvaluationCreator.create - creating MlEvaluation. 321,40001,3T,214,wk1,A2
2025-12-28 23:36:05,905 [main] DEBUG c.p.b.e.r.s.MlEvaluationCreator.create - creating MlEvaluation. 321,40001,3T,214,wk1,B1
2025-12-28 23:36:05,909 [main] DEBUG c.p.b.e.r.s.MlEvaluationCreator.create - creating MlEvaluation. 321,40001,3T,214,wk1,B2
2025-12-28 23:36:05,912 [main] DEBUG c.p.b.e.r.s.MlEvaluationCreator.create - creating MlEvaluation. 321,40001,3T,215,wk1,A1
2025-12-28 23:36:05,916 [main] DEBUG c.p.b.e.r.s.MlEvaluationCreator.create - creating MlEvaluation. 321,40001,3T,215,wk1,A2
2025-12-28 23:36:05,920 [main] DEBUG c.p.b.e.r.s.MlEvaluationCreator.create - creating MlEvaluation. 321,40001,3T,215,wk1,B1
2025-12-28 23:36:05,923 [main] DEBUG c.p.b.e.r.s.MlEvaluationCreator.create - creating MlEvaluation. 321,40001,3T,215,wk1,B2
2025-12-28 23:36:05,926 [main] DEBUG c.p.b.e.r.s.MlEvaluationCreator.create - creating MlEvaluation. 321,40001,3T,216,wk1,A1
2025-12-28 23:36:05,930 [main] DEBUG c.p.b.e.r.s.MlEvaluationCreator.create - creating MlEvaluation. 321,40001,3T,216,wk1,A2
2025-12-28 23:36:05,933 [main] DEBUG c.p.b.e.r.s.MlEvaluationCreator.create - creating MlEvaluation. 321,40001,3T,216,wk1,B1
2025-12-28 23:36:05,936 [main] DEBUG c.p.b.e.r.s.MlEvaluationCreator.create - creating MlEvaluation. 321,40001,3T,216,wk1,B2
2025-12-28 23:36:05,939 [main] DEBUG c.p.b.e.r.s.MlEvaluationCreator.create - creating MlEvaluation. 321,40001,3T,231,wk1,A1
2025-12-28 23:36:05,942 [main] DEBUG c.p.b.e.r.s.MlEvaluationCreator.create - creating MlEvaluation. 321,40001,3T,231,wk1,A2
2025-12-28 23:36:05,946 [main] DEBUG c.p.b.e.r.s.MlEvaluationCreator.create - creating MlEvaluation. 321,40001,3T,231,wk1,B1
2025-12-28 23:36:05,949 [main] DEBUG c.p.b.e.r.s.MlEvaluationCreator.create - creating MlEvaluation. 321,40001,3T,231,wk1,B2
2025-12-28 23:36:05,951 [main] DEBUG c.p.b.e.r.s.MlEvaluationCreator.create - creating MlEvaluation. 321,40001,3T,234,wk1,B1
2025-12-28 23:36:05,954 [main] DEBUG c.p.b.e.r.s.MlEvaluationCreator.create - creating MlEvaluation. 321,40001,3T,234,wk1,B2
2025-12-28 23:36:05,955 [main] DEBUG c.p.b.e.r.s.MlEvaluationCreator.create - creating MlEvaluation. 321,40001,3T,235,wk1,B1
2025-12-28 23:36:05,959 [main] DEBUG c.p.b.e.r.s.MlEvaluationCreator.create - creating MlEvaluation. 321,40001,3T,235,wk1,B2
2025-12-28 23:36:05,960 [main] DEBUG c.p.b.e.r.s.MlEvaluationCreator.create - creating MlEvaluation. 321,40001,3T,236,wk1,B1
2025-12-28 23:36:05,963 [main] DEBUG c.p.b.e.r.s.MlEvaluationCreator.create - creating MlEvaluation. 321,40001,3T,241,wk1,A1
2025-12-28 23:36:05,964 [main] DEBUG c.p.b.e.r.s.MlEvaluationCreator.create - creating MlEvaluation. 321,40001,3T,241,wk1,A2
2025-12-28 23:36:05,968 [main] DEBUG c.p.b.e.r.s.MlEvaluationCreator.create - creating MlEvaluation. 321,40001,3T,241,wk1,B1
2025-12-28 23:36:05,971 [main] DEBUG c.p.b.e.r.s.MlEvaluationCreator.create - creating MlEvaluation. 321,40001,3T,241,wk1,B2
2025-12-28 23:36:05,975 [main] DEBUG c.p.b.e.r.s.MlEvaluationCreator.create - creating MlEvaluation. 321,40001,3T,243,wk1,B1
2025-12-28 23:36:05,983 [main] DEBUG c.p.b.e.r.s.MlEvaluationCreator.create - creating MlEvaluation. 321,40001,3T,243,wk1,B2
2025-12-28 23:36:05,986 [main] DEBUG c.p.b.e.r.s.MlEvaluationCreator.create - creating MlEvaluation. 321,40001,3T,245,wk1,B1
2025-12-28 23:36:05,986 [main] DEBUG c.p.b.e.r.s.MlEvaluationCreator.create - creating MlEvaluation. 321,40001,3T,246,wk1,B1
2025-12-28 23:36:05,987 [main] DEBUG c.p.b.e.r.s.MlEvaluationCreator.create - creating MlEvaluation. 321,40001,3T,246,wk1,B2
2025-12-28 23:36:05,988 [main] DEBUG c.p.b.e.r.s.MlEvaluationCreator.create - creating MlEvaluation. 321,40001,3T,251,wk1,A2
2025-12-28 23:36:05,994 [main] DEBUG c.p.b.e.r.s.MlEvaluationCreator.create - creating MlEvaluation. 321,40001,3T,251,wk1,B1
2025-12-28 23:36:05,997 [main] DEBUG c.p.b.e.r.s.MlEvaluationCreator.create - creating MlEvaluation. 321,40001,3T,251,wk1,B2
2025-12-28 23:36:05,999 [main] DEBUG c.p.b.e.r.s.MlEvaluationCreator.create - creating MlEvaluation. 321,40001,3T,253,wk1,B1
2025-12-28 23:36:06,001 [main] DEBUG c.p.b.e.r.s.MlEvaluationCreator.create - creating MlEvaluation. 321,40001,3T,253,wk1,B2
2025-12-28 23:36:06,002 [main] DEBUG c.p.b.e.r.s.MlEvaluationCreator.create - creating MlEvaluation. 321,40001,3T,254,wk1,B1
2025-12-28 23:36:06,004 [main] DEBUG c.p.b.e.r.s.MlEvaluationCreator.create - creating MlEvaluation. 321,40001,3T,254,wk1,B2
2025-12-28 23:36:06,005 [main] DEBUG c.p.b.e.r.s.MlEvaluationCreator.create - creating MlEvaluation. 321,40001,3T,261,wk1,A2
2025-12-28 23:36:06,009 [main] DEBUG c.p.b.e.r.s.MlEvaluationCreator.create - creating MlEvaluation. 321,40001,3T,261,wk1,B1
2025-12-28 23:36:06,012 [main] DEBUG c.p.b.e.r.s.MlEvaluationCreator.create - creating MlEvaluation. 321,40001,3T,261,wk1,B2
2025-12-28 23:36:06,016 [main] DEBUG c.p.b.e.r.s.MlEvaluationCreator.create - creating MlEvaluation. 321,40001,3T,263,wk1,B1
2025-12-28 23:36:06,018 [main] DEBUG c.p.b.e.r.s.MlEvaluationCreator.create - creating MlEvaluation. 321,40001,3T,263,wk1,B2
2025-12-28 23:36:06,020 [main] DEBUG c.p.b.e.r.s.MlEvaluationCreator.create - creating MlEvaluation. 321,40001,3T,264,wk1,B1
2025-12-28 23:36:06,022 [main] DEBUG c.p.b.e.r.s.MlEvaluationCreator.create - creating MlEvaluation. 321,40001,3T,264,wk1,B2
2025-12-28 23:36:06,023 [main] DEBUG c.p.b.e.r.s.MlEvaluationCreator.create - creating MlEvaluation. 321,40001,3T,312,wk1,A1
2025-12-28 23:36:06,028 [main] DEBUG c.p.b.e.r.s.MlEvaluationCreator.create - creating MlEvaluation. 321,40001,3T,312,wk1,A2
2025-12-28 23:36:06,033 [main] DEBUG c.p.b.e.r.s.MlEvaluationCreator.create - creating MlEvaluation. 321,40001,3T,312,wk1,B1
2025-12-28 23:36:06,037 [main] DEBUG c.p.b.e.r.s.MlEvaluationCreator.create - creating MlEvaluation. 321,40001,3T,312,wk1,B2
2025-12-28 23:36:06,040 [main] DEBUG c.p.b.e.r.s.MlEvaluationCreator.create - creating MlEvaluation. 321,40001,3T,314,wk1,A1
2025-12-28 23:36:06,044 [main] DEBUG c.p.b.e.r.s.MlEvaluationCreator.create - creating MlEvaluation. 321,40001,3T,314,wk1,A2
2025-12-28 23:36:06,048 [main] DEBUG c.p.b.e.r.s.MlEvaluationCreator.create - creating MlEvaluation. 321,40001,3T,314,wk1,B1
2025-12-28 23:36:06,051 [main] DEBUG c.p.b.e.r.s.MlEvaluationCreator.create - creating MlEvaluation. 321,40001,3T,314,wk1,B2
2025-12-28 23:36:06,054 [main] DEBUG c.p.b.e.r.s.MlEvaluationCreator.create - creating MlEvaluation. 321,40001,3T,315,wk1,A1
2025-12-28 23:36:06,059 [main] DEBUG c.p.b.e.r.s.MlEvaluationCreator.create - creating MlEvaluation. 321,40001,3T,315,wk1,A2
2025-12-28 23:36:06,062 [main] DEBUG c.p.b.e.r.s.MlEvaluationCreator.create - creating MlEvaluation. 321,40001,3T,315,wk1,B1
2025-12-28 23:36:06,065 [main] DEBUG c.p.b.e.r.s.MlEvaluationCreator.create - creating MlEvaluation. 321,40001,3T,315,wk1,B2
2025-12-28 23:36:06,068 [main] DEBUG c.p.b.e.r.s.MlEvaluationCreator.create - creating MlEvaluation. 321,40001,3T,316,wk1,A1
2025-12-28 23:36:06,072 [main] DEBUG c.p.b.e.r.s.MlEvaluationCreator.create - creating MlEvaluation. 321,40001,3T,316,wk1,A2
2025-12-28 23:36:06,075 [main] DEBUG c.p.b.e.r.s.MlEvaluationCreator.create - creating MlEvaluation. 321,40001,3T,316,wk1,B1
2025-12-28 23:36:06,078 [main] DEBUG c.p.b.e.r.s.MlEvaluationCreator.create - creating MlEvaluation. 321,40001,3T,316,wk1,B2
2025-12-28 23:36:06,081 [main] DEBUG c.p.b.e.r.s.MlEvaluationCreator.create - creating MlEvaluation. 321,40001,3T,321,wk1,A1
2025-12-28 23:36:06,085 [main] DEBUG c.p.b.e.r.s.MlEvaluationCreator.create - creating MlEvaluation. 321,40001,3T,321,wk1,A2
2025-12-28 23:36:06,089 [main] DEBUG c.p.b.e.r.s.MlEvaluationCreator.create - creating MlEvaluation. 321,40001,3T,321,wk1,B1
2025-12-28 23:36:06,093 [main] DEBUG c.p.b.e.r.s.MlEvaluationCreator.create - creating MlEvaluation. 321,40001,3T,321,wk1,B2
2025-12-28 23:36:06,097 [main] DEBUG c.p.b.e.r.s.MlEvaluationCreator.create - creating MlEvaluation. 321,40001,3T,324,wk1,B1
2025-12-28 23:36:06,100 [main] DEBUG c.p.b.e.r.s.MlEvaluationCreator.create - creating MlEvaluation. 321,40001,3T,324,wk1,B2
2025-12-28 23:36:06,102 [main] DEBUG c.p.b.e.r.s.MlEvaluationCreator.create - creating MlEvaluation. 321,40001,3T,325,wk1,B1
2025-12-28 23:36:06,105 [main] DEBUG c.p.b.e.r.s.MlEvaluationCreator.create - creating MlEvaluation. 321,40001,3T,325,wk1,B2
2025-12-28 23:36:06,106 [main] DEBUG c.p.b.e.r.s.MlEvaluationCreator.create - creating MlEvaluation. 321,40001,3T,326,wk1,B1
2025-12-28 23:36:06,110 [main] DEBUG c.p.b.e.r.s.MlEvaluationCreator.create - creating MlEvaluation. 321,40001,3T,326,wk1,B2
2025-12-28 23:36:06,111 [main] DEBUG c.p.b.e.r.s.MlEvaluationCreator.create - creating MlEvaluation. 321,40001,3T,341,wk1,A2
2025-12-28 23:36:06,115 [main] DEBUG c.p.b.e.r.s.MlEvaluationCreator.create - creating MlEvaluation. 321,40001,3T,341,wk1,B1
2025-12-28 23:36:06,117 [main] DEBUG c.p.b.e.r.s.MlEvaluationCreator.create - creating MlEvaluation. 321,40001,3T,341,wk1,B2
2025-12-28 23:36:06,120 [main] DEBUG c.p.b.e.r.s.MlEvaluationCreator.create - creating MlEvaluation. 321,40001,3T,342,wk1,B1
2025-12-28 23:36:06,123 [main] DEBUG c.p.b.e.r.s.MlEvaluationCreator.create - creating MlEvaluation. 321,40001,3T,342,wk1,B2
2025-12-28 23:36:06,126 [main] DEBUG c.p.b.e.r.s.MlEvaluationCreator.create - creating MlEvaluation. 321,40001,3T,351,wk1,A2
2025-12-28 23:36:06,130 [main] DEBUG c.p.b.e.r.s.MlEvaluationCreator.create - creating MlEvaluation. 321,40001,3T,351,wk1,B1
2025-12-28 23:36:06,132 [main] DEBUG c.p.b.e.r.s.MlEvaluationCreator.create - creating MlEvaluation. 321,40001,3T,351,wk1,B2
2025-12-28 23:36:06,133 [main] DEBUG c.p.b.e.r.s.MlEvaluationCreator.create - creating MlEvaluation. 321,40001,3T,352,wk1,B1
2025-12-28 23:36:06,136 [main] DEBUG c.p.b.e.r.s.MlEvaluationCreator.create - creating MlEvaluation. 321,40001,3T,352,wk1,B2
2025-12-28 23:36:06,139 [main] DEBUG c.p.b.e.r.s.MlEvaluationCreator.create - creating MlEvaluation. 321,40001,3T,354,wk1,B1
2025-12-28 23:36:06,140 [main] DEBUG c.p.b.e.r.s.MlEvaluationCreator.create - creating MlEvaluation. 321,40001,3T,356,wk1,B1
2025-12-28 23:36:06,141 [main] DEBUG c.p.b.e.r.s.MlEvaluationCreator.create - creating MlEvaluation. 321,40001,3T,361,wk1,A2
2025-12-28 23:36:06,146 [main] DEBUG c.p.b.e.r.s.MlEvaluationCreator.create - creating MlEvaluation. 321,40001,3T,361,wk1,B1
2025-12-28 23:36:06,150 [main] DEBUG c.p.b.e.r.s.MlEvaluationCreator.create - creating MlEvaluation. 321,40001,3T,361,wk1,B2
2025-12-28 23:36:06,151 [main] DEBUG c.p.b.e.r.s.MlEvaluationCreator.create - creating MlEvaluation. 321,40001,3T,362,wk1,B1
2025-12-28 23:36:06,155 [main] DEBUG c.p.b.e.r.s.MlEvaluationCreator.create - creating MlEvaluation. 321,40001,3T,362,wk1,B2
2025-12-28 23:36:06,156 [main] DEBUG c.p.b.e.r.s.MlEvaluationCreator.create - creating MlEvaluation. 321,40001,3T,364,wk1,B1
2025-12-28 23:36:06,157 [main] DEBUG c.p.b.e.r.s.MlEvaluationCreator.create - creating MlEvaluation. 321,40001,3T,365,wk1,B1
2025-12-28 23:36:06,160 [main] DEBUG c.p.b.e.r.s.MlEvaluationCreator.create - creating MlEvaluation. 321,40001,3T,412,wk1,A1
2025-12-28 23:36:06,166 [main] DEBUG c.p.b.e.r.s.MlEvaluationCreator.create - creating MlEvaluation. 321,40001,3T,412,wk1,A2
2025-12-28 23:36:06,170 [main] DEBUG c.p.b.e.r.s.MlEvaluationCreator.create - creating MlEvaluation. 321,40001,3T,412,wk1,B1
2025-12-28 23:36:06,175 [main] DEBUG c.p.b.e.r.s.MlEvaluationCreator.create - creating MlEvaluation. 321,40001,3T,412,wk1,B2
2025-12-28 23:36:06,179 [main] DEBUG c.p.b.e.r.s.MlEvaluationCreator.create - creating MlEvaluation. 321,40001,3T,413,wk1,A1
2025-12-28 23:36:06,184 [main] DEBUG c.p.b.e.r.s.MlEvaluationCreator.create - creating MlEvaluation. 321,40001,3T,413,wk1,A2
2025-12-28 23:36:06,188 [main] DEBUG c.p.b.e.r.s.MlEvaluationCreator.create - creating MlEvaluation. 321,40001,3T,413,wk1,B1
2025-12-28 23:36:06,192 [main] DEBUG c.p.b.e.r.s.MlEvaluationCreator.create - creating MlEvaluation. 321,40001,3T,413,wk1,B2
2025-12-28 23:36:06,195 [main] DEBUG c.p.b.e.r.s.MlEvaluationCreator.create - creating MlEvaluation. 321,40001,3T,415,wk1,A1
2025-12-28 23:36:06,199 [main] DEBUG c.p.b.e.r.s.MlEvaluationCreator.create - creating MlEvaluation. 321,40001,3T,415,wk1,A2
2025-12-28 23:36:06,202 [main] DEBUG c.p.b.e.r.s.MlEvaluationCreator.create - creating MlEvaluation. 321,40001,3T,415,wk1,B1
2025-12-28 23:36:06,206 [main] DEBUG c.p.b.e.r.s.MlEvaluationCreator.create - creating MlEvaluation. 321,40001,3T,415,wk1,B2
2025-12-28 23:36:06,209 [main] DEBUG c.p.b.e.r.s.MlEvaluationCreator.create - creating MlEvaluation. 321,40001,3T,416,wk1,A1
2025-12-28 23:36:06,213 [main] DEBUG c.p.b.e.r.s.MlEvaluationCreator.create - creating MlEvaluation. 321,40001,3T,416,wk1,A2
2025-12-28 23:36:06,217 [main] DEBUG c.p.b.e.r.s.MlEvaluationCreator.create - creating MlEvaluation. 321,40001,3T,416,wk1,B1
2025-12-28 23:36:06,220 [main] DEBUG c.p.b.e.r.s.MlEvaluationCreator.create - creating MlEvaluation. 321,40001,3T,416,wk1,B2
2025-12-28 23:36:06,223 [main] DEBUG c.p.b.e.r.s.MlEvaluationCreator.create - creating MlEvaluation. 321,40001,3T,421,wk1,A1
2025-12-28 23:36:06,224 [main] DEBUG c.p.b.e.r.s.MlEvaluationCreator.create - creating MlEvaluation. 321,40001,3T,421,wk1,A2
2025-12-28 23:36:06,229 [main] DEBUG c.p.b.e.r.s.MlEvaluationCreator.create - creating MlEvaluation. 321,40001,3T,421,wk1,B1
2025-12-28 23:36:06,233 [main] DEBUG c.p.b.e.r.s.MlEvaluationCreator.create - creating MlEvaluation. 321,40001,3T,421,wk1,B2
2025-12-28 23:36:06,236 [main] DEBUG c.p.b.e.r.s.MlEvaluationCreator.create - creating MlEvaluation. 321,40001,3T,423,wk1,B1
2025-12-28 23:36:06,241 [main] DEBUG c.p.b.e.r.s.MlEvaluationCreator.create - creating MlEvaluation. 321,40001,3T,423,wk1,B2
2025-12-28 23:36:06,244 [main] DEBUG c.p.b.e.r.s.MlEvaluationCreator.create - creating MlEvaluation. 321,40001,3T,425,wk1,B1
2025-12-28 23:36:06,248 [main] DEBUG c.p.b.e.r.s.MlEvaluationCreator.create - creating MlEvaluation. 321,40001,3T,425,wk1,B2
2025-12-28 23:36:06,249 [main] DEBUG c.p.b.e.r.s.MlEvaluationCreator.create - creating MlEvaluation. 321,40001,3T,426,wk1,B1
2025-12-28 23:36:06,253 [main] DEBUG c.p.b.e.r.s.MlEvaluationCreator.create - creating MlEvaluation. 321,40001,3T,426,wk1,B2
2025-12-28 23:36:06,254 [main] DEBUG c.p.b.e.r.s.MlEvaluationCreator.create - creating MlEvaluation. 321,40001,3T,431,wk1,A2
2025-12-28 23:36:06,258 [main] DEBUG c.p.b.e.r.s.MlEvaluationCreator.create - creating MlEvaluation. 321,40001,3T,431,wk1,B1
2025-12-28 23:36:06,262 [main] DEBUG c.p.b.e.r.s.MlEvaluationCreator.create - creating MlEvaluation. 321,40001,3T,431,wk1,B2
2025-12-28 23:36:06,266 [main] DEBUG c.p.b.e.r.s.MlEvaluationCreator.create - creating MlEvaluation. 321,40001,3T,432,wk1,B1
2025-12-28 23:36:06,271 [main] DEBUG c.p.b.e.r.s.MlEvaluationCreator.create - creating MlEvaluation. 321,40001,3T,432,wk1,B2
2025-12-28 23:36:06,274 [main] DEBUG c.p.b.e.r.s.MlEvaluationCreator.create - creating MlEvaluation. 321,40001,3T,435,wk1,B1
2025-12-28 23:36:06,277 [main] DEBUG c.p.b.e.r.s.MlEvaluationCreator.create - creating MlEvaluation. 321,40001,3T,435,wk1,B2
2025-12-28 23:36:06,279 [main] DEBUG c.p.b.e.r.s.MlEvaluationCreator.create - creating MlEvaluation. 321,40001,3T,436,wk1,B2
2025-12-28 23:36:06,280 [main] DEBUG c.p.b.e.r.s.MlEvaluationCreator.create - creating MlEvaluation. 321,40001,3T,451,wk1,A2
2025-12-28 23:36:06,282 [main] DEBUG c.p.b.e.r.s.MlEvaluationCreator.create - creating MlEvaluation. 321,40001,3T,451,wk1,B1
2025-12-28 23:36:06,286 [main] DEBUG c.p.b.e.r.s.MlEvaluationCreator.create - creating MlEvaluation. 321,40001,3T,451,wk1,B2
2025-12-28 23:36:06,287 [main] DEBUG c.p.b.e.r.s.MlEvaluationCreator.create - creating MlEvaluation. 321,40001,3T,452,wk1,B1
2025-12-28 23:36:06,289 [main] DEBUG c.p.b.e.r.s.MlEvaluationCreator.create - creating MlEvaluation. 321,40001,3T,453,wk1,B1
2025-12-28 23:36:06,289 [main] DEBUG c.p.b.e.r.s.MlEvaluationCreator.create - creating MlEvaluation. 321,40001,3T,461,wk1,A2
2025-12-28 23:36:06,290 [main] DEBUG c.p.b.e.r.s.MlEvaluationCreator.create - creating MlEvaluation. 321,40001,3T,461,wk1,B1
2025-12-28 23:36:06,295 [main] DEBUG c.p.b.e.r.s.MlEvaluationCreator.create - creating MlEvaluation. 321,40001,3T,461,wk1,B2
2025-12-28 23:36:06,296 [main] DEBUG c.p.b.e.r.s.MlEvaluationCreator.create - creating MlEvaluation. 321,40001,3T,462,wk1,B1
2025-12-28 23:36:06,300 [main] DEBUG c.p.b.e.r.s.MlEvaluationCreator.create - creating MlEvaluation. 321,40001,3T,463,wk1,B1
2025-12-28 23:36:06,301 [main] DEBUG c.p.b.e.r.s.MlEvaluationCreator.create - creating MlEvaluation. 321,40001,3T,512,wk1,A1
2025-12-28 23:36:06,305 [main] DEBUG c.p.b.e.r.s.MlEvaluationCreator.create - creating MlEvaluation. 321,40001,3T,512,wk1,A2
2025-12-28 23:36:06,308 [main] DEBUG c.p.b.e.r.s.MlEvaluationCreator.create - creating MlEvaluation. 321,40001,3T,512,wk1,B1
2025-12-28 23:36:06,311 [main] DEBUG c.p.b.e.r.s.MlEvaluationCreator.create - creating MlEvaluation. 321,40001,3T,512,wk1,B2
2025-12-28 23:36:06,313 [main] DEBUG c.p.b.e.r.s.MlEvaluationCreator.create - creating MlEvaluation. 321,40001,3T,513,wk1,A1
2025-12-28 23:36:06,316 [main] DEBUG c.p.b.e.r.s.MlEvaluationCreator.create - creating MlEvaluation. 321,40001,3T,513,wk1,A2
2025-12-28 23:36:06,319 [main] DEBUG c.p.b.e.r.s.MlEvaluationCreator.create - creating MlEvaluation. 321,40001,3T,513,wk1,B1
2025-12-28 23:36:06,321 [main] DEBUG c.p.b.e.r.s.MlEvaluationCreator.create - creating MlEvaluation. 321,40001,3T,513,wk1,B2
2025-12-28 23:36:06,323 [main] DEBUG c.p.b.e.r.s.MlEvaluationCreator.create - creating MlEvaluation. 321,40001,3T,514,wk1,A1
2025-12-28 23:36:06,326 [main] DEBUG c.p.b.e.r.s.MlEvaluationCreator.create - creating MlEvaluation. 321,40001,3T,514,wk1,A2
2025-12-28 23:36:06,328 [main] DEBUG c.p.b.e.r.s.MlEvaluationCreator.create - creating MlEvaluation. 321,40001,3T,514,wk1,B1
2025-12-28 23:36:06,331 [main] DEBUG c.p.b.e.r.s.MlEvaluationCreator.create - creating MlEvaluation. 321,40001,3T,514,wk1,B2
2025-12-28 23:36:06,332 [main] DEBUG c.p.b.e.r.s.MlEvaluationCreator.create - creating MlEvaluation. 321,40001,3T,516,wk1,A1
2025-12-28 23:36:06,333 [main] DEBUG c.p.b.e.r.s.MlEvaluationCreator.create - creating MlEvaluation. 321,40001,3T,516,wk1,A2
2025-12-28 23:36:06,336 [main] DEBUG c.p.b.e.r.s.MlEvaluationCreator.create - creating MlEvaluation. 321,40001,3T,516,wk1,B1
2025-12-28 23:36:06,338 [main] DEBUG c.p.b.e.r.s.MlEvaluationCreator.create - creating MlEvaluation. 321,40001,3T,521,wk1,A1
2025-12-28 23:36:06,339 [main] DEBUG c.p.b.e.r.s.MlEvaluationCreator.create - creating MlEvaluation. 321,40001,3T,521,wk1,A2
2025-12-28 23:36:06,341 [main] DEBUG c.p.b.e.r.s.MlEvaluationCreator.create - creating MlEvaluation. 321,40001,3T,521,wk1,B1
2025-12-28 23:36:06,345 [main] DEBUG c.p.b.e.r.s.MlEvaluationCreator.create - creating MlEvaluation. 321,40001,3T,521,wk1,B2
2025-12-28 23:36:06,348 [main] DEBUG c.p.b.e.r.s.MlEvaluationCreator.create - creating MlEvaluation. 321,40001,3T,523,wk1,B1
2025-12-28 23:36:06,351 [main] DEBUG c.p.b.e.r.s.MlEvaluationCreator.create - creating MlEvaluation. 321,40001,3T,523,wk1,B2
2025-12-28 23:36:06,353 [main] DEBUG c.p.b.e.r.s.MlEvaluationCreator.create - creating MlEvaluation. 321,40001,3T,524,wk1,B1
2025-12-28 23:36:06,356 [main] DEBUG c.p.b.e.r.s.MlEvaluationCreator.create - creating MlEvaluation. 321,40001,3T,524,wk1,B2
2025-12-28 23:36:06,357 [main] DEBUG c.p.b.e.r.s.MlEvaluationCreator.create - creating MlEvaluation. 321,40001,3T,531,wk1,A2
2025-12-28 23:36:06,360 [main] DEBUG c.p.b.e.r.s.MlEvaluationCreator.create - creating MlEvaluation. 321,40001,3T,531,wk1,B1
2025-12-28 23:36:06,363 [main] DEBUG c.p.b.e.r.s.MlEvaluationCreator.create - creating MlEvaluation. 321,40001,3T,531,wk1,B2
2025-12-28 23:36:06,365 [main] DEBUG c.p.b.e.r.s.MlEvaluationCreator.create - creating MlEvaluation. 321,40001,3T,532,wk1,B1
2025-12-28 23:36:06,367 [main] DEBUG c.p.b.e.r.s.MlEvaluationCreator.create - creating MlEvaluation. 321,40001,3T,534,wk1,B1
2025-12-28 23:36:06,368 [main] DEBUG c.p.b.e.r.s.MlEvaluationCreator.create - creating MlEvaluation. 321,40001,3T,534,wk1,B2
2025-12-28 23:36:06,368 [main] DEBUG c.p.b.e.r.s.MlEvaluationCreator.create - creating MlEvaluation. 321,40001,3T,536,wk1,B1
2025-12-28 23:36:06,369 [main] DEBUG c.p.b.e.r.s.MlEvaluationCreator.create - creating MlEvaluation. 321,40001,3T,541,wk1,A2
2025-12-28 23:36:06,372 [main] DEBUG c.p.b.e.r.s.MlEvaluationCreator.create - creating MlEvaluation. 321,40001,3T,541,wk1,B1
2025-12-28 23:36:06,374 [main] DEBUG c.p.b.e.r.s.MlEvaluationCreator.create - creating MlEvaluation. 321,40001,3T,541,wk1,B2
2025-12-28 23:36:06,376 [main] DEBUG c.p.b.e.r.s.MlEvaluationCreator.create - creating MlEvaluation. 321,40001,3T,542,wk1,B1
2025-12-28 23:36:06,378 [main] DEBUG c.p.b.e.r.s.MlEvaluationCreator.create - creating MlEvaluation. 321,40001,3T,543,wk1,B1
2025-12-28 23:36:06,381 [main] DEBUG c.p.b.e.r.s.MlEvaluationCreator.create - creating MlEvaluation. 321,40001,3T,561,wk1,B1
2025-12-28 23:36:06,381 [main] DEBUG c.p.b.e.r.s.MlEvaluationCreator.create - creating MlEvaluation. 321,40001,3T,612,wk1,A1
2025-12-28 23:36:06,384 [main] DEBUG c.p.b.e.r.s.MlEvaluationCreator.create - creating MlEvaluation. 321,40001,3T,612,wk1,A2
2025-12-28 23:36:06,386 [main] DEBUG c.p.b.e.r.s.MlEvaluationCreator.create - creating MlEvaluation. 321,40001,3T,612,wk1,B1
2025-12-28 23:36:06,389 [main] DEBUG c.p.b.e.r.s.MlEvaluationCreator.create - creating MlEvaluation. 321,40001,3T,612,wk1,B2
2025-12-28 23:36:06,392 [main] DEBUG c.p.b.e.r.s.MlEvaluationCreator.create - creating MlEvaluation. 321,40001,3T,613,wk1,A1
2025-12-28 23:36:06,395 [main] DEBUG c.p.b.e.r.s.MlEvaluationCreator.create - creating MlEvaluation. 321,40001,3T,613,wk1,A2
2025-12-28 23:36:06,398 [main] DEBUG c.p.b.e.r.s.MlEvaluationCreator.create - creating MlEvaluation. 321,40001,3T,613,wk1,B1
2025-12-28 23:36:06,400 [main] DEBUG c.p.b.e.r.s.MlEvaluationCreator.create - creating MlEvaluation. 321,40001,3T,613,wk1,B2
2025-12-28 23:36:06,401 [main] DEBUG c.p.b.e.r.s.MlEvaluationCreator.create - creating MlEvaluation. 321,40001,3T,614,wk1,A1
2025-12-28 23:36:06,403 [main] DEBUG c.p.b.e.r.s.MlEvaluationCreator.create - creating MlEvaluation. 321,40001,3T,614,wk1,A2
2025-12-28 23:36:06,404 [main] DEBUG c.p.b.e.r.s.MlEvaluationCreator.create - creating MlEvaluation. 321,40001,3T,614,wk1,B1
2025-12-28 23:36:06,407 [main] DEBUG c.p.b.e.r.s.MlEvaluationCreator.create - creating MlEvaluation. 321,40001,3T,615,wk1,A1
2025-12-28 23:36:06,408 [main] DEBUG c.p.b.e.r.s.MlEvaluationCreator.create - creating MlEvaluation. 321,40001,3T,615,wk1,A2
2025-12-28 23:36:06,411 [main] DEBUG c.p.b.e.r.s.MlEvaluationCreator.create - creating MlEvaluation. 321,40001,3T,615,wk1,B1
2025-12-28 23:36:06,413 [main] DEBUG c.p.b.e.r.s.MlEvaluationCreator.create - creating MlEvaluation. 321,40001,3T,615,wk1,B2
2025-12-28 23:36:06,413 [main] DEBUG c.p.b.e.r.s.MlEvaluationCreator.create - creating MlEvaluation. 321,40001,3T,621,wk1,A2
2025-12-28 23:36:06,416 [main] DEBUG c.p.b.e.r.s.MlEvaluationCreator.create - creating MlEvaluation. 321,40001,3T,621,wk1,B1
2025-12-28 23:36:06,418 [main] DEBUG c.p.b.e.r.s.MlEvaluationCreator.create - creating MlEvaluation. 321,40001,3T,621,wk1,B2
2025-12-28 23:36:06,422 [main] DEBUG c.p.b.e.r.s.MlEvaluationCreator.create - creating MlEvaluation. 321,40001,3T,623,wk1,B1
2025-12-28 23:36:06,425 [main] DEBUG c.p.b.e.r.s.MlEvaluationCreator.create - creating MlEvaluation. 321,40001,3T,623,wk1,B2
2025-12-28 23:36:06,426 [main] DEBUG c.p.b.e.r.s.MlEvaluationCreator.create - creating MlEvaluation. 321,40001,3T,624,wk1,B1
2025-12-28 23:36:06,427 [main] DEBUG c.p.b.e.r.s.MlEvaluationCreator.create - creating MlEvaluation. 321,40001,3T,631,wk1,A2
2025-12-28 23:36:06,430 [main] DEBUG c.p.b.e.r.s.MlEvaluationCreator.create - creating MlEvaluation. 321,40001,3T,631,wk1,B1
2025-12-28 23:36:06,433 [main] DEBUG c.p.b.e.r.s.MlEvaluationCreator.create - creating MlEvaluation. 321,40001,3T,631,wk1,B2
2025-12-28 23:36:06,435 [main] DEBUG c.p.b.e.r.s.MlEvaluationCreator.create - creating MlEvaluation. 321,40001,3T,632,wk1,B1
2025-12-28 23:36:06,437 [main] DEBUG c.p.b.e.r.s.MlEvaluationCreator.create - creating MlEvaluation. 321,40001,3T,632,wk1,B2
2025-12-28 23:36:06,438 [main] DEBUG c.p.b.e.r.s.MlEvaluationCreator.create - creating MlEvaluation. 321,40001,3T,634,wk1,B2
2025-12-28 23:36:06,439 [main] DEBUG c.p.b.e.r.s.MlEvaluationCreator.create - creating MlEvaluation. 321,40001,3T,635,wk1,B2
2025-12-28 23:36:06,439 [main] DEBUG c.p.b.e.r.s.MlEvaluationCreator.create - creating MlEvaluation. 321,40001,3T,641,wk1,A2
2025-12-28 23:36:06,440 [main] DEBUG c.p.b.e.r.s.MlEvaluationCreator.create - creating MlEvaluation. 321,40001,3T,641,wk1,B1
2025-12-28 23:36:06,443 [main] DEBUG c.p.b.e.r.s.MlEvaluationCreator.create - creating MlEvaluation. 321,40001,3T,641,wk1,B2
2025-12-28 23:36:06,444 [main] DEBUG c.p.b.e.r.s.MlEvaluationCreator.create - creating MlEvaluation. 321,40001,3T,642,wk1,B1
2025-12-28 23:36:06,445 [main] DEBUG c.p.b.e.r.s.MlEvaluationCreator.create - creating MlEvaluation. 321,40001,3T,642,wk1,B2
2025-12-28 23:36:06,446 [main] DEBUG c.p.b.e.r.s.MlEvaluationCreator.create - creating MlEvaluation. 321,40001,3T,643,wk1,B2
2025-12-28 23:36:06,447 [main] DEBUG c.p.b.e.r.s.MlEvaluationCreator.create - creating MlEvaluation. 321,40001,3T,651,wk1,B1
2025-12-28 23:36:06,448 [main] DEBUG c.p.b.e.r.s.MlEvaluationCreator.create - creating MlEvaluation. 321,40001,3T,653,wk1,B1
2025-12-28 23:36:06,449 [main] DEBUG c.p.b.e.r.s.MlEvaluationCreator.create - creating MlEvaluation. 321,40001,3T,653,wk1,B2
2025-12-28 23:36:06,635 [main] DEBUG c.p.b.e.MLResultGenerator.executeExperiment - 322 processed...11 20230529/20230603
2025-12-28 23:36:07,476 [main] DEBUG c.p.b.e.MLResultGenerator.executeExperiment - 322 processed...13 20230530/20230603
2025-12-28 23:36:07,811 [main] INFO  c.p.b.e.r.g.ResultGraphBuilder.save - graph saved. C:/Dev/experiment/expr10/result//38-1-rnk-no-sg/1T/1_1T_1_wk1_A1_40001_38-1-rnk-no-sg_-25_1.07_2.0.png
2025-12-28 23:36:08,197 [main] INFO  c.p.b.e.r.g.ResultGraphBuilder.save - graph saved. C:/Dev/experiment/expr10/result//38-1-rnk-no-sg/1T/1_1T_1_wk1_A2_40001_38-1-rnk-no-sg_-103_2.16_5.0.png
2025-12-28 23:36:08,339 [main] DEBUG c.p.b.e.MLResultGenerator.executeExperiment - 322 processed...5 20230531/20230603
2025-12-28 23:36:08,589 [main] INFO  c.p.b.e.r.g.ResultGraphBuilder.save - graph saved. C:/Dev/experiment/expr10/result//38-1-rnk-no-sg/1T/1_1T_1_wk1_B1_40001_38-1-rnk-no-sg_-137_3.18_9.6.png
2025-12-28 23:36:08,919 [main] INFO  c.p.b.e.r.g.ResultGraphBuilder.save - graph saved. C:/Dev/experiment/expr10/result//38-1-rnk-no-sg/1T/1_1T_1_wk1_B2_40001_38-1-rnk-no-sg_-1_0.22_0.7.png
2025-12-28 23:36:09,033 [main] DEBUG c.p.b.e.MLResultGenerator.executeExperiment - 322 processed...7 20230601/20230603
2025-12-28 23:36:09,275 [main] INFO  c.p.b.e.r.g.ResultGraphBuilder.save - graph saved. C:/Dev/experiment/expr10/result//38-1-rnk-no-sg/1T/1_1T_2_wk1_A1_40001_38-1-rnk-no-sg_-498_0.88_12.9.png
2025-12-28 23:36:09,656 [main] INFO  c.p.b.e.r.g.ResultGraphBuilder.save - graph saved. C:/Dev/experiment/expr10/result//38-1-rnk-no-sg/1T/1_1T_2_wk1_A2_40001_38-1-rnk-no-sg_-282_1.05_9.7.png
2025-12-28 23:36:09,805 [main] DEBUG c.p.b.e.MLResultGenerator.executeExperiment - 322 processed...6 20230602/20230603
2025-12-28 23:36:09,985 [main] INFO  c.p.b.e.r.g.ResultGraphBuilder.save - graph saved. C:/Dev/experiment/expr10/result//38-1-rnk-no-sg/1T/1_1T_2_wk1_B1_40001_38-1-rnk-no-sg_-221_2.03_11.6.png
2025-12-28 23:36:10,288 [main] INFO  c.p.b.e.r.g.ResultGraphBuilder.save - graph saved. C:/Dev/experiment/expr10/result//38-1-rnk-no-sg/1T/1_1T_2_wk1_B2_40001_38-1-rnk-no-sg_-8_0.13_0.7.png
2025-12-28 23:36:10,502 [main] DEBUG c.p.b.e.MLResultGenerator.executeExperiment - 322 processed...9 20230603/20230603
2025-12-28 23:36:10,620 [main] INFO  c.p.b.e.r.g.ResultGraphBuilder.save - graph saved. C:/Dev/experiment/expr10/result//38-1-rnk-no-sg/1T/1_1T_3_wk1_A1_40001_38-1-rnk-no-sg_-263_0.55_7.8.png
2025-12-28 23:36:10,711 [main] DEBUG c.p.b.e.r.s.MlEvaluationCreator.create - creating MlEvaluation. 322,40001,1T,1,wk1,A1
2025-12-28 23:36:10,761 [main] DEBUG c.p.b.e.r.s.MlEvaluationCreator.create - creating MlEvaluation. 322,40001,1T,1,wk1,A2
2025-12-28 23:36:10,775 [main] DEBUG c.p.b.e.r.s.MlEvaluationCreator.create - creating MlEvaluation. 322,40001,1T,1,wk1,B1
2025-12-28 23:36:10,791 [main] DEBUG c.p.b.e.r.s.MlEvaluationCreator.create - creating MlEvaluation. 322,40001,1T,1,wk1,B2
2025-12-28 23:36:10,799 [main] DEBUG c.p.b.e.r.s.MlEvaluationCreator.create - creating MlEvaluation. 322,40001,1T,2,wk1,A1
2025-12-28 23:36:10,814 [main] DEBUG c.p.b.e.r.s.MlEvaluationCreator.create - creating MlEvaluation. 322,40001,1T,2,wk1,A2
2025-12-28 23:36:10,825 [main] DEBUG c.p.b.e.r.s.MlEvaluationCreator.create - creating MlEvaluation. 322,40001,1T,2,wk1,B1
2025-12-28 23:36:10,835 [main] DEBUG c.p.b.e.r.s.MlEvaluationCreator.create - creating MlEvaluation. 322,40001,1T,2,wk1,B2
2025-12-28 23:36:10,842 [main] DEBUG c.p.b.e.r.s.MlEvaluationCreator.create - creating MlEvaluation. 322,40001,1T,3,wk1,A1
2025-12-28 23:36:10,854 [main] DEBUG c.p.b.e.r.s.MlEvaluationCreator.create - creating MlEvaluation. 322,40001,1T,3,wk1,A2
2025-12-28 23:36:10,863 [main] DEBUG c.p.b.e.r.s.MlEvaluationCreator.create - creating MlEvaluation. 322,40001,1T,3,wk1,B1
2025-12-28 23:36:10,870 [main] DEBUG c.p.b.e.r.s.MlEvaluationCreator.create - creating MlEvaluation. 322,40001,1T,3,wk1,B2
2025-12-28 23:36:10,875 [main] DEBUG c.p.b.e.r.s.MlEvaluationCreator.create - creating MlEvaluation. 322,40001,1T,4,wk1,A1
2025-12-28 23:36:10,883 [main] DEBUG c.p.b.e.r.s.MlEvaluationCreator.create - creating MlEvaluation. 322,40001,1T,4,wk1,A2
2025-12-28 23:36:10,889 [main] DEBUG c.p.b.e.r.s.MlEvaluationCreator.create - creating MlEvaluation. 322,40001,1T,4,wk1,B1
2025-12-28 23:36:10,896 [main] DEBUG c.p.b.e.r.s.MlEvaluationCreator.create - creating MlEvaluation. 322,40001,1T,4,wk1,B2
2025-12-28 23:36:10,951 [main] INFO  c.p.b.e.r.g.ResultGraphBuilder.save - graph saved. C:/Dev/experiment/expr10/result//38-1-rnk-no-sg/1T/1_1T_3_wk1_A2_40001_38-1-rnk-no-sg_-141_0.7_6.5.png
2025-12-28 23:36:10,979 [main] DEBUG c.p.b.e.r.s.MlEvaluationCreator.create - creating MlEvaluation. 322,40001,1T,5,wk1,A1
2025-12-28 23:36:10,987 [main] DEBUG c.p.b.e.r.s.MlEvaluationCreator.create - creating MlEvaluation. 322,40001,1T,5,wk1,A2
2025-12-28 23:36:10,994 [main] DEBUG c.p.b.e.r.s.MlEvaluationCreator.create - creating MlEvaluation. 322,40001,1T,5,wk1,B1
2025-12-28 23:36:11,002 [main] DEBUG c.p.b.e.r.s.MlEvaluationCreator.create - creating MlEvaluation. 322,40001,1T,5,wk1,B2
2025-12-28 23:36:11,007 [main] DEBUG c.p.b.e.r.s.MlEvaluationCreator.create - creating MlEvaluation. 322,40001,1T,6,wk1,A1
2025-12-28 23:36:11,013 [main] DEBUG c.p.b.e.r.s.MlEvaluationCreator.create - creating MlEvaluation. 322,40001,1T,6,wk1,A2
2025-12-28 23:36:11,020 [main] DEBUG c.p.b.e.r.s.MlEvaluationCreator.create - creating MlEvaluation. 322,40001,1T,6,wk1,B1
2025-12-28 23:36:11,026 [main] DEBUG c.p.b.e.r.s.MlEvaluationCreator.create - creating MlEvaluation. 322,40001,1T,6,wk1,B2
2025-12-28 23:36:11,031 [main] DEBUG c.p.b.e.r.s.MlEvaluationCreator.create - creating MlEvaluation. 322,40001,2F,12,wk1,A1
2025-12-28 23:36:11,038 [main] DEBUG c.p.b.e.r.s.MlEvaluationCreator.create - creating MlEvaluation. 322,40001,2F,12,wk1,A2
2025-12-28 23:36:11,048 [main] DEBUG c.p.b.e.r.s.MlEvaluationCreator.create - creating MlEvaluation. 322,40001,2F,12,wk1,B1
2025-12-28 23:36:11,055 [main] DEBUG c.p.b.e.r.s.MlEvaluationCreator.create - creating MlEvaluation. 322,40001,2F,12,wk1,B2
2025-12-28 23:36:11,061 [main] DEBUG c.p.b.e.r.s.MlEvaluationCreator.create - creating MlEvaluation. 322,40001,2F,13,wk1,A1
2025-12-28 23:36:11,069 [main] DEBUG c.p.b.e.r.s.MlEvaluationCreator.create - creating MlEvaluation. 322,40001,2F,13,wk1,A2
2025-12-28 23:36:11,078 [main] DEBUG c.p.b.e.r.s.MlEvaluationCreator.create - creating MlEvaluation. 322,40001,2F,13,wk1,B1
2025-12-28 23:36:11,089 [main] DEBUG c.p.b.e.r.s.MlEvaluationCreator.create - creating MlEvaluation. 322,40001,2F,13,wk1,B2
2025-12-28 23:36:11,095 [main] DEBUG c.p.b.e.r.s.MlEvaluationCreator.create - creating MlEvaluation. 322,40001,2F,14,wk1,A1
2025-12-28 23:36:11,106 [main] DEBUG c.p.b.e.r.s.MlEvaluationCreator.create - creating MlEvaluation. 322,40001,2F,14,wk1,A2
2025-12-28 23:36:11,117 [main] DEBUG c.p.b.e.r.s.MlEvaluationCreator.create - creating MlEvaluation. 322,40001,2F,14,wk1,B1
2025-12-28 23:36:11,125 [main] DEBUG c.p.b.e.r.s.MlEvaluationCreator.create - creating MlEvaluation. 322,40001,2F,14,wk1,B2
2025-12-28 23:36:11,131 [main] DEBUG c.p.b.e.r.s.MlEvaluationCreator.create - creating MlEvaluation. 322,40001,2F,15,wk1,A1
2025-12-28 23:36:11,142 [main] DEBUG c.p.b.e.r.s.MlEvaluationCreator.create - creating MlEvaluation. 322,40001,2F,15,wk1,A2
2025-12-28 23:36:11,152 [main] DEBUG c.p.b.e.r.s.MlEvaluationCreator.create - creating MlEvaluation. 322,40001,2F,15,wk1,B1
2025-12-28 23:36:11,159 [main] DEBUG c.p.b.e.r.s.MlEvaluationCreator.create - creating MlEvaluation. 322,40001,2F,15,wk1,B2
2025-12-28 23:36:11,168 [main] DEBUG c.p.b.e.r.s.MlEvaluationCreator.create - creating MlEvaluation. 322,40001,2F,16,wk1,A1
2025-12-28 23:36:11,178 [main] DEBUG c.p.b.e.r.s.MlEvaluationCreator.create - creating MlEvaluation. 322,40001,2F,16,wk1,A2
2025-12-28 23:36:11,188 [main] DEBUG c.p.b.e.r.s.MlEvaluationCreator.create - creating MlEvaluation. 322,40001,2F,16,wk1,B1
2025-12-28 23:36:11,197 [main] DEBUG c.p.b.e.r.s.MlEvaluationCreator.create - creating MlEvaluation. 322,40001,2F,16,wk1,B2
2025-12-28 23:36:11,203 [main] DEBUG c.p.b.e.r.s.MlEvaluationCreator.create - creating MlEvaluation. 322,40001,2F,23,wk1,A1
2025-12-28 23:36:11,207 [main] DEBUG c.p.b.e.r.s.MlEvaluationCreator.create - creating MlEvaluation. 322,40001,2F,23,wk1,A2
2025-12-28 23:36:11,213 [main] DEBUG c.p.b.e.r.s.MlEvaluationCreator.create - creating MlEvaluation. 322,40001,2F,23,wk1,B1
2025-12-28 23:36:11,219 [main] DEBUG c.p.b.e.r.s.MlEvaluationCreator.create - creating MlEvaluation. 322,40001,2F,23,wk1,B2
2025-12-28 23:36:11,222 [main] DEBUG c.p.b.e.r.s.MlEvaluationCreator.create - creating MlEvaluation. 322,40001,2F,24,wk1,A1
2025-12-28 23:36:11,227 [main] DEBUG c.p.b.e.r.s.MlEvaluationCreator.create - creating MlEvaluation. 322,40001,2F,24,wk1,A2
2025-12-28 23:36:11,237 [main] DEBUG c.p.b.e.r.s.MlEvaluationCreator.create - creating MlEvaluation. 322,40001,2F,24,wk1,B1
2025-12-28 23:36:11,242 [main] DEBUG c.p.b.e.r.s.MlEvaluationCreator.create - creating MlEvaluation. 322,40001,2F,24,wk1,B2
2025-12-28 23:36:11,246 [main] DEBUG c.p.b.e.r.s.MlEvaluationCreator.create - creating MlEvaluation. 322,40001,2F,25,wk1,A1
2025-12-28 23:36:11,250 [main] DEBUG c.p.b.e.r.s.MlEvaluationCreator.create - creating MlEvaluation. 322,40001,2F,25,wk1,A2
2025-12-28 23:36:11,255 [main] DEBUG c.p.b.e.r.s.MlEvaluationCreator.create - creating MlEvaluation. 322,40001,2F,25,wk1,B1
2025-12-28 23:36:11,261 [main] DEBUG c.p.b.e.r.s.MlEvaluationCreator.create - creating MlEvaluation. 322,40001,2F,25,wk1,B2
2025-12-28 23:36:11,270 [main] DEBUG c.p.b.e.r.s.MlEvaluationCreator.create - creating MlEvaluation. 322,40001,2F,26,wk1,A1
2025-12-28 23:36:11,276 [main] DEBUG c.p.b.e.r.s.MlEvaluationCreator.create - creating MlEvaluation. 322,40001,2F,26,wk1,A2
2025-12-28 23:36:11,289 [main] DEBUG c.p.b.e.r.s.MlEvaluationCreator.create - creating MlEvaluation. 322,40001,2F,26,wk1,B1
2025-12-28 23:36:11,294 [main] DEBUG c.p.b.e.r.s.MlEvaluationCreator.create - creating MlEvaluation. 322,40001,2F,26,wk1,B2
2025-12-28 23:36:11,301 [main] DEBUG c.p.b.e.r.s.MlEvaluationCreator.create - creating MlEvaluation. 322,40001,2F,34,wk1,A1
2025-12-28 23:36:11,304 [main] DEBUG c.p.b.e.r.s.MlEvaluationCreator.create - creating MlEvaluation. 322,40001,2F,34,wk1,A2
2025-12-28 23:36:11,311 [main] DEBUG c.p.b.e.r.s.MlEvaluationCreator.create - creating MlEvaluation. 322,40001,2F,34,wk1,B1
2025-12-28 23:36:11,317 [main] DEBUG c.p.b.e.r.s.MlEvaluationCreator.create - creating MlEvaluation. 322,40001,2F,34,wk1,B2
2025-12-28 23:36:11,322 [main] DEBUG c.p.b.e.r.s.MlEvaluationCreator.create - creating MlEvaluation. 322,40001,2F,35,wk1,A1
2025-12-28 23:36:11,325 [main] DEBUG c.p.b.e.r.s.MlEvaluationCreator.create - creating MlEvaluation. 322,40001,2F,35,wk1,A2
2025-12-28 23:36:11,329 [main] DEBUG c.p.b.e.r.s.MlEvaluationCreator.create - creating MlEvaluation. 322,40001,2F,35,wk1,B1
2025-12-28 23:36:11,333 [main] DEBUG c.p.b.e.r.s.MlEvaluationCreator.create - creating MlEvaluation. 322,40001,2F,35,wk1,B2
2025-12-28 23:36:11,336 [main] DEBUG c.p.b.e.r.s.MlEvaluationCreator.create - creating MlEvaluation. 322,40001,2F,36,wk1,A1
2025-12-28 23:36:11,339 [main] DEBUG c.p.b.e.r.s.MlEvaluationCreator.create - creating MlEvaluation. 322,40001,2F,36,wk1,A2
2025-12-28 23:36:11,343 [main] DEBUG c.p.b.e.r.s.MlEvaluationCreator.create - creating MlEvaluation. 322,40001,2F,36,wk1,B1
2025-12-28 23:36:11,347 [main] DEBUG c.p.b.e.r.s.MlEvaluationCreator.create - creating MlEvaluation. 322,40001,2F,36,wk1,B2
2025-12-28 23:36:11,350 [main] DEBUG c.p.b.e.r.s.MlEvaluationCreator.create - creating MlEvaluation. 322,40001,2F,45,wk1,A1
2025-12-28 23:36:11,351 [main] DEBUG c.p.b.e.r.s.MlEvaluationCreator.create - creating MlEvaluation. 322,40001,2F,45,wk1,A2
2025-12-28 23:36:11,356 [main] DEBUG c.p.b.e.r.s.MlEvaluationCreator.create - creating MlEvaluation. 322,40001,2F,45,wk1,B1
2025-12-28 23:36:11,360 [main] DEBUG c.p.b.e.r.s.MlEvaluationCreator.create - creating MlEvaluation. 322,40001,2F,45,wk1,B2
2025-12-28 23:36:11,364 [main] DEBUG c.p.b.e.r.s.MlEvaluationCreator.create - creating MlEvaluation. 322,40001,2F,46,wk1,A1
2025-12-28 23:36:11,372 [main] DEBUG c.p.b.e.r.s.MlEvaluationCreator.create - creating MlEvaluation. 322,40001,2F,46,wk1,A2
2025-12-28 23:36:11,375 [main] DEBUG c.p.b.e.r.s.MlEvaluationCreator.create - creating MlEvaluation. 322,40001,2F,46,wk1,B1
2025-12-28 23:36:11,379 [main] DEBUG c.p.b.e.r.s.MlEvaluationCreator.create - creating MlEvaluation. 322,40001,2F,46,wk1,B2
2025-12-28 23:36:11,382 [main] DEBUG c.p.b.e.r.s.MlEvaluationCreator.create - creating MlEvaluation. 322,40001,2F,56,wk1,A1
2025-12-28 23:36:11,383 [main] DEBUG c.p.b.e.r.s.MlEvaluationCreator.create - creating MlEvaluation. 322,40001,2F,56,wk1,A2
2025-12-28 23:36:11,386 [main] DEBUG c.p.b.e.r.s.MlEvaluationCreator.create - creating MlEvaluation. 322,40001,2F,56,wk1,B1
2025-12-28 23:36:11,389 [main] DEBUG c.p.b.e.r.s.MlEvaluationCreator.create - creating MlEvaluation. 322,40001,2F,56,wk1,B2
2025-12-28 23:36:11,392 [main] DEBUG c.p.b.e.r.s.MlEvaluationCreator.create - creating MlEvaluation. 322,40001,2T,12,wk1,A1
2025-12-28 23:36:11,397 [main] DEBUG c.p.b.e.r.s.MlEvaluationCreator.create - creating MlEvaluation. 322,40001,2T,12,wk1,A2
2025-12-28 23:36:11,403 [main] DEBUG c.p.b.e.r.s.MlEvaluationCreator.create - creating MlEvaluation. 322,40001,2T,12,wk1,B1
2025-12-28 23:36:11,408 [main] INFO  c.p.b.e.r.g.ResultGraphBuilder.save - graph saved. C:/Dev/experiment/expr10/result//38-1-rnk-no-sg/1T/1_1T_3_wk1_B1_40001_38-1-rnk-no-sg_-186_1.55_10.0.png
2025-12-28 23:36:11,408 [main] DEBUG c.p.b.e.r.s.MlEvaluationCreator.create - creating MlEvaluation. 322,40001,2T,12,wk1,B2
2025-12-28 23:36:11,413 [main] DEBUG c.p.b.e.r.s.MlEvaluationCreator.create - creating MlEvaluation. 322,40001,2T,13,wk1,A1
2025-12-28 23:36:11,419 [main] DEBUG c.p.b.e.r.s.MlEvaluationCreator.create - creating MlEvaluation. 322,40001,2T,13,wk1,A2
2025-12-28 23:36:11,423 [main] DEBUG c.p.b.e.r.s.MlEvaluationCreator.create - creating MlEvaluation. 322,40001,2T,13,wk1,B1
2025-12-28 23:36:11,428 [main] DEBUG c.p.b.e.r.s.MlEvaluationCreator.create - creating MlEvaluation. 322,40001,2T,13,wk1,B2
2025-12-28 23:36:11,433 [main] DEBUG c.p.b.e.r.s.MlEvaluationCreator.create - creating MlEvaluation. 322,40001,2T,14,wk1,A1
2025-12-28 23:36:11,440 [main] DEBUG c.p.b.e.r.s.MlEvaluationCreator.create - creating MlEvaluation. 322,40001,2T,14,wk1,A2
2025-12-28 23:36:11,448 [main] DEBUG c.p.b.e.r.s.MlEvaluationCreator.create - creating MlEvaluation. 322,40001,2T,14,wk1,B1
2025-12-28 23:36:11,453 [main] DEBUG c.p.b.e.r.s.MlEvaluationCreator.create - creating MlEvaluation. 322,40001,2T,14,wk1,B2
2025-12-28 23:36:11,458 [main] DEBUG c.p.b.e.r.s.MlEvaluationCreator.create - creating MlEvaluation. 322,40001,2T,15,wk1,A1
2025-12-28 23:36:11,466 [main] DEBUG c.p.b.e.r.s.MlEvaluationCreator.create - creating MlEvaluation. 322,40001,2T,15,wk1,A2
2025-12-28 23:36:11,473 [main] DEBUG c.p.b.e.r.s.MlEvaluationCreator.create - creating MlEvaluation. 322,40001,2T,15,wk1,B1
2025-12-28 23:36:11,478 [main] DEBUG c.p.b.e.r.s.MlEvaluationCreator.create - creating MlEvaluation. 322,40001,2T,15,wk1,B2
2025-12-28 23:36:11,484 [main] DEBUG c.p.b.e.r.s.MlEvaluationCreator.create - creating MlEvaluation. 322,40001,2T,16,wk1,A1
2025-12-28 23:36:11,492 [main] DEBUG c.p.b.e.r.s.MlEvaluationCreator.create - creating MlEvaluation. 322,40001,2T,16,wk1,A2
2025-12-28 23:36:11,499 [main] DEBUG c.p.b.e.r.s.MlEvaluationCreator.create - creating MlEvaluation. 322,40001,2T,16,wk1,B1
2025-12-28 23:36:11,504 [main] DEBUG c.p.b.e.r.s.MlEvaluationCreator.create - creating MlEvaluation. 322,40001,2T,16,wk1,B2
2025-12-28 23:36:11,511 [main] DEBUG c.p.b.e.r.s.MlEvaluationCreator.create - creating MlEvaluation. 322,40001,2T,21,wk1,A1
2025-12-28 23:36:11,520 [main] DEBUG c.p.b.e.r.s.MlEvaluationCreator.create - creating MlEvaluation. 322,40001,2T,21,wk1,A2
2025-12-28 23:36:11,527 [main] DEBUG c.p.b.e.r.s.MlEvaluationCreator.create - creating MlEvaluation. 322,40001,2T,21,wk1,B1
2025-12-28 23:36:11,533 [main] DEBUG c.p.b.e.r.s.MlEvaluationCreator.create - creating MlEvaluation. 322,40001,2T,21,wk1,B2
2025-12-28 23:36:11,536 [main] DEBUG c.p.b.e.r.s.MlEvaluationCreator.create - creating MlEvaluation. 322,40001,2T,23,wk1,A1
2025-12-28 23:36:11,539 [main] DEBUG c.p.b.e.r.s.MlEvaluationCreator.create - creating MlEvaluation. 322,40001,2T,23,wk1,A2
2025-12-28 23:36:11,543 [main] DEBUG c.p.b.e.r.s.MlEvaluationCreator.create - creating MlEvaluation. 322,40001,2T,23,wk1,B1
2025-12-28 23:36:11,547 [main] DEBUG c.p.b.e.r.s.MlEvaluationCreator.create - creating MlEvaluation. 322,40001,2T,23,wk1,B2
2025-12-28 23:36:11,550 [main] DEBUG c.p.b.e.r.s.MlEvaluationCreator.create - creating MlEvaluation. 322,40001,2T,24,wk1,A1
2025-12-28 23:36:11,553 [main] DEBUG c.p.b.e.r.s.MlEvaluationCreator.create - creating MlEvaluation. 322,40001,2T,24,wk1,A2
2025-12-28 23:36:11,557 [main] DEBUG c.p.b.e.r.s.MlEvaluationCreator.create - creating MlEvaluation. 322,40001,2T,24,wk1,B1
2025-12-28 23:36:11,560 [main] DEBUG c.p.b.e.r.s.MlEvaluationCreator.create - creating MlEvaluation. 322,40001,2T,24,wk1,B2
2025-12-28 23:36:11,563 [main] DEBUG c.p.b.e.r.s.MlEvaluationCreator.create - creating MlEvaluation. 322,40001,2T,25,wk1,A1
2025-12-28 23:36:11,567 [main] DEBUG c.p.b.e.r.s.MlEvaluationCreator.create - creating MlEvaluation. 322,40001,2T,25,wk1,A2
2025-12-28 23:36:11,570 [main] DEBUG c.p.b.e.r.s.MlEvaluationCreator.create - creating MlEvaluation. 322,40001,2T,25,wk1,B1
2025-12-28 23:36:11,573 [main] DEBUG c.p.b.e.r.s.MlEvaluationCreator.create - creating MlEvaluation. 322,40001,2T,25,wk1,B2
2025-12-28 23:36:11,575 [main] DEBUG c.p.b.e.r.s.MlEvaluationCreator.create - creating MlEvaluation. 322,40001,2T,26,wk1,A1
2025-12-28 23:36:11,578 [main] DEBUG c.p.b.e.r.s.MlEvaluationCreator.create - creating MlEvaluation. 322,40001,2T,26,wk1,A2
2025-12-28 23:36:11,582 [main] DEBUG c.p.b.e.r.s.MlEvaluationCreator.create - creating MlEvaluation. 322,40001,2T,26,wk1,B1
2025-12-28 23:36:11,585 [main] DEBUG c.p.b.e.r.s.MlEvaluationCreator.create - creating MlEvaluation. 322,40001,2T,26,wk1,B2
2025-12-28 23:36:11,590 [main] DEBUG c.p.b.e.r.s.MlEvaluationCreator.create - creating MlEvaluation. 322,40001,2T,31,wk1,A1
2025-12-28 23:36:11,599 [main] DEBUG c.p.b.e.r.s.MlEvaluationCreator.create - creating MlEvaluation. 322,40001,2T,31,wk1,A2
2025-12-28 23:36:11,606 [main] DEBUG c.p.b.e.r.s.MlEvaluationCreator.create - creating MlEvaluation. 322,40001,2T,31,wk1,B1
2025-12-28 23:36:11,612 [main] DEBUG c.p.b.e.r.s.MlEvaluationCreator.create - creating MlEvaluation. 322,40001,2T,31,wk1,B2
2025-12-28 23:36:11,617 [main] DEBUG c.p.b.e.r.s.MlEvaluationCreator.create - creating MlEvaluation. 322,40001,2T,32,wk1,A1
2025-12-28 23:36:11,621 [main] DEBUG c.p.b.e.r.s.MlEvaluationCreator.create - creating MlEvaluation. 322,40001,2T,32,wk1,A2
2025-12-28 23:36:11,627 [main] DEBUG c.p.b.e.r.s.MlEvaluationCreator.create - creating MlEvaluation. 322,40001,2T,32,wk1,B1
2025-12-28 23:36:11,631 [main] DEBUG c.p.b.e.r.s.MlEvaluationCreator.create - creating MlEvaluation. 322,40001,2T,32,wk1,B2
2025-12-28 23:36:11,634 [main] DEBUG c.p.b.e.r.s.MlEvaluationCreator.create - creating MlEvaluation. 322,40001,2T,34,wk1,A1
2025-12-28 23:36:11,637 [main] DEBUG c.p.b.e.r.s.MlEvaluationCreator.create - creating MlEvaluation. 322,40001,2T,34,wk1,A2
2025-12-28 23:36:11,640 [main] DEBUG c.p.b.e.r.s.MlEvaluationCreator.create - creating MlEvaluation. 322,40001,2T,34,wk1,B1
2025-12-28 23:36:11,642 [main] DEBUG c.p.b.e.r.s.MlEvaluationCreator.create - creating MlEvaluation. 322,40001,2T,34,wk1,B2
2025-12-28 23:36:11,646 [main] DEBUG c.p.b.e.r.s.MlEvaluationCreator.create - creating MlEvaluation. 322,40001,2T,35,wk1,A1
2025-12-28 23:36:11,646 [main] DEBUG c.p.b.e.r.s.MlEvaluationCreator.create - creating MlEvaluation. 322,40001,2T,35,wk1,A2
2025-12-28 23:36:11,649 [main] DEBUG c.p.b.e.r.s.MlEvaluationCreator.create - creating MlEvaluation. 322,40001,2T,35,wk1,B1
2025-12-28 23:36:11,652 [main] DEBUG c.p.b.e.r.s.MlEvaluationCreator.create - creating MlEvaluation. 322,40001,2T,35,wk1,B2
2025-12-28 23:36:11,655 [main] DEBUG c.p.b.e.r.s.MlEvaluationCreator.create - creating MlEvaluation. 322,40001,2T,36,wk1,A2
2025-12-28 23:36:11,658 [main] DEBUG c.p.b.e.r.s.MlEvaluationCreator.create - creating MlEvaluation. 322,40001,2T,36,wk1,B1
2025-12-28 23:36:11,660 [main] DEBUG c.p.b.e.r.s.MlEvaluationCreator.create - creating MlEvaluation. 322,40001,2T,36,wk1,B2
2025-12-28 23:36:11,665 [main] DEBUG c.p.b.e.r.s.MlEvaluationCreator.create - creating MlEvaluation. 322,40001,2T,41,wk1,A1
2025-12-28 23:36:11,673 [main] DEBUG c.p.b.e.r.s.MlEvaluationCreator.create - creating MlEvaluation. 322,40001,2T,41,wk1,A2
2025-12-28 23:36:11,679 [main] DEBUG c.p.b.e.r.s.MlEvaluationCreator.create - creating MlEvaluation. 322,40001,2T,41,wk1,B1
2025-12-28 23:36:11,684 [main] DEBUG c.p.b.e.r.s.MlEvaluationCreator.create - creating MlEvaluation. 322,40001,2T,41,wk1,B2
2025-12-28 23:36:11,688 [main] DEBUG c.p.b.e.r.s.MlEvaluationCreator.create - creating MlEvaluation. 322,40001,2T,42,wk1,A1
2025-12-28 23:36:11,690 [main] DEBUG c.p.b.e.r.s.MlEvaluationCreator.create - creating MlEvaluation. 322,40001,2T,42,wk1,A2
2025-12-28 23:36:11,694 [main] DEBUG c.p.b.e.r.s.MlEvaluationCreator.create - creating MlEvaluation. 322,40001,2T,42,wk1,B1
2025-12-28 23:36:11,698 [main] DEBUG c.p.b.e.r.s.MlEvaluationCreator.create - creating MlEvaluation. 322,40001,2T,42,wk1,B2
2025-12-28 23:36:11,701 [main] DEBUG c.p.b.e.r.s.MlEvaluationCreator.create - creating MlEvaluation. 322,40001,2T,43,wk1,A1
2025-12-28 23:36:11,704 [main] DEBUG c.p.b.e.r.s.MlEvaluationCreator.create - creating MlEvaluation. 322,40001,2T,43,wk1,A2
2025-12-28 23:36:11,707 [main] DEBUG c.p.b.e.r.s.MlEvaluationCreator.create - creating MlEvaluation. 322,40001,2T,43,wk1,B1
2025-12-28 23:36:11,710 [main] DEBUG c.p.b.e.r.s.MlEvaluationCreator.create - creating MlEvaluation. 322,40001,2T,43,wk1,B2
2025-12-28 23:36:11,714 [main] DEBUG c.p.b.e.r.s.MlEvaluationCreator.create - creating MlEvaluation. 322,40001,2T,45,wk1,A2
2025-12-28 23:36:11,715 [main] DEBUG c.p.b.e.r.s.MlEvaluationCreator.create - creating MlEvaluation. 322,40001,2T,45,wk1,B1
2025-12-28 23:36:11,718 [main] DEBUG c.p.b.e.r.s.MlEvaluationCreator.create - creating MlEvaluation. 322,40001,2T,45,wk1,B2
2025-12-28 23:36:11,721 [main] DEBUG c.p.b.e.r.s.MlEvaluationCreator.create - creating MlEvaluation. 322,40001,2T,46,wk1,A2
2025-12-28 23:36:11,722 [main] DEBUG c.p.b.e.r.s.MlEvaluationCreator.create - creating MlEvaluation. 322,40001,2T,46,wk1,B1
2025-12-28 23:36:11,724 [main] DEBUG c.p.b.e.r.s.MlEvaluationCreator.create - creating MlEvaluation. 322,40001,2T,46,wk1,B2
2025-12-28 23:36:11,726 [main] DEBUG c.p.b.e.r.s.MlEvaluationCreator.create - creating MlEvaluation. 322,40001,2T,51,wk1,A1
2025-12-28 23:36:11,734 [main] DEBUG c.p.b.e.r.s.MlEvaluationCreator.create - creating MlEvaluation. 322,40001,2T,51,wk1,A2
2025-12-28 23:36:11,740 [main] DEBUG c.p.b.e.r.s.MlEvaluationCreator.create - creating MlEvaluation. 322,40001,2T,51,wk1,B1
2025-12-28 23:36:11,742 [main] INFO  c.p.b.e.r.g.ResultGraphBuilder.save - graph saved. C:/Dev/experiment/expr10/result//38-1-rnk-no-sg/1T/1_1T_3_wk1_B2_40001_38-1-rnk-no-sg_-19_0.1_0.6.png
2025-12-28 23:36:11,744 [main] DEBUG c.p.b.e.r.s.MlEvaluationCreator.create - creating MlEvaluation. 322,40001,2T,51,wk1,B2
2025-12-28 23:36:11,748 [main] DEBUG c.p.b.e.r.s.MlEvaluationCreator.create - creating MlEvaluation. 322,40001,2T,52,wk1,A1
2025-12-28 23:36:11,751 [main] DEBUG c.p.b.e.r.s.MlEvaluationCreator.create - creating MlEvaluation. 322,40001,2T,52,wk1,A2
2025-12-28 23:36:11,754 [main] DEBUG c.p.b.e.r.s.MlEvaluationCreator.create - creating MlEvaluation. 322,40001,2T,52,wk1,B1
2025-12-28 23:36:11,758 [main] DEBUG c.p.b.e.r.s.MlEvaluationCreator.create - creating MlEvaluation. 322,40001,2T,52,wk1,B2
2025-12-28 23:36:11,761 [main] DEBUG c.p.b.e.r.s.MlEvaluationCreator.create - creating MlEvaluation. 322,40001,2T,53,wk1,A1
2025-12-28 23:36:11,766 [main] DEBUG c.p.b.e.r.s.MlEvaluationCreator.create - creating MlEvaluation. 322,40001,2T,53,wk1,A2
2025-12-28 23:36:11,769 [main] DEBUG c.p.b.e.r.s.MlEvaluationCreator.create - creating MlEvaluation. 322,40001,2T,53,wk1,B1
2025-12-28 23:36:11,773 [main] DEBUG c.p.b.e.r.s.MlEvaluationCreator.create - creating MlEvaluation. 322,40001,2T,53,wk1,B2
2025-12-28 23:36:11,775 [main] DEBUG c.p.b.e.r.s.MlEvaluationCreator.create - creating MlEvaluation. 322,40001,2T,54,wk1,A2
2025-12-28 23:36:11,778 [main] DEBUG c.p.b.e.r.s.MlEvaluationCreator.create - creating MlEvaluation. 322,40001,2T,54,wk1,B1
2025-12-28 23:36:11,782 [main] DEBUG c.p.b.e.r.s.MlEvaluationCreator.create - creating MlEvaluation. 322,40001,2T,54,wk1,B2
2025-12-28 23:36:11,785 [main] DEBUG c.p.b.e.r.s.MlEvaluationCreator.create - creating MlEvaluation. 322,40001,2T,56,wk1,B1
2025-12-28 23:36:11,789 [main] DEBUG c.p.b.e.r.s.MlEvaluationCreator.create - creating MlEvaluation. 322,40001,2T,56,wk1,B2
2025-12-28 23:36:11,791 [main] DEBUG c.p.b.e.r.s.MlEvaluationCreator.create - creating MlEvaluation. 322,40001,2T,61,wk1,A1
2025-12-28 23:36:11,798 [main] DEBUG c.p.b.e.r.s.MlEvaluationCreator.create - creating MlEvaluation. 322,40001,2T,61,wk1,A2
2025-12-28 23:36:11,803 [main] DEBUG c.p.b.e.r.s.MlEvaluationCreator.create - creating MlEvaluation. 322,40001,2T,61,wk1,B1
2025-12-28 23:36:11,806 [main] DEBUG c.p.b.e.r.s.MlEvaluationCreator.create - creating MlEvaluation. 322,40001,2T,61,wk1,B2
2025-12-28 23:36:11,809 [main] DEBUG c.p.b.e.r.s.MlEvaluationCreator.create - creating MlEvaluation. 322,40001,2T,62,wk1,A1
2025-12-28 23:36:11,810 [main] DEBUG c.p.b.e.r.s.MlEvaluationCreator.create - creating MlEvaluation. 322,40001,2T,62,wk1,A2
2025-12-28 23:36:11,817 [main] DEBUG c.p.b.e.r.s.MlEvaluationCreator.create - creating MlEvaluation. 322,40001,2T,62,wk1,B1
2025-12-28 23:36:11,820 [main] DEBUG c.p.b.e.r.s.MlEvaluationCreator.create - creating MlEvaluation. 322,40001,2T,62,wk1,B2
2025-12-28 23:36:11,822 [main] DEBUG c.p.b.e.r.s.MlEvaluationCreator.create - creating MlEvaluation. 322,40001,2T,63,wk1,A2
2025-12-28 23:36:11,825 [main] DEBUG c.p.b.e.r.s.MlEvaluationCreator.create - creating MlEvaluation. 322,40001,2T,63,wk1,B1
2025-12-28 23:36:11,829 [main] DEBUG c.p.b.e.r.s.MlEvaluationCreator.create - creating MlEvaluation. 322,40001,2T,63,wk1,B2
2025-12-28 23:36:11,832 [main] DEBUG c.p.b.e.r.s.MlEvaluationCreator.create - creating MlEvaluation. 322,40001,2T,64,wk1,A2
2025-12-28 23:36:11,835 [main] DEBUG c.p.b.e.r.s.MlEvaluationCreator.create - creating MlEvaluation. 322,40001,2T,64,wk1,B1
2025-12-28 23:36:11,838 [main] DEBUG c.p.b.e.r.s.MlEvaluationCreator.create - creating MlEvaluation. 322,40001,2T,64,wk1,B2
2025-12-28 23:36:11,841 [main] DEBUG c.p.b.e.r.s.MlEvaluationCreator.create - creating MlEvaluation. 322,40001,2T,65,wk1,A2
2025-12-28 23:36:11,842 [main] DEBUG c.p.b.e.r.s.MlEvaluationCreator.create - creating MlEvaluation. 322,40001,2T,65,wk1,B1
2025-12-28 23:36:11,845 [main] DEBUG c.p.b.e.r.s.MlEvaluationCreator.create - creating MlEvaluation. 322,40001,2T,65,wk1,B2
2025-12-28 23:36:11,848 [main] DEBUG c.p.b.e.r.s.MlEvaluationCreator.create - creating MlEvaluation. 322,40001,3F,123,wk1,A1
2025-12-28 23:36:11,855 [main] DEBUG c.p.b.e.r.s.MlEvaluationCreator.create - creating MlEvaluation. 322,40001,3F,123,wk1,A2
2025-12-28 23:36:11,863 [main] DEBUG c.p.b.e.r.s.MlEvaluationCreator.create - creating MlEvaluation. 322,40001,3F,123,wk1,B1
2025-12-28 23:36:11,873 [main] DEBUG c.p.b.e.r.s.MlEvaluationCreator.create - creating MlEvaluation. 322,40001,3F,123,wk1,B2
2025-12-28 23:36:11,878 [main] DEBUG c.p.b.e.r.s.MlEvaluationCreator.create - creating MlEvaluation. 322,40001,3F,124,wk1,A1
2025-12-28 23:36:11,887 [main] DEBUG c.p.b.e.r.s.MlEvaluationCreator.create - creating MlEvaluation. 322,40001,3F,124,wk1,A2
2025-12-28 23:36:11,894 [main] DEBUG c.p.b.e.r.s.MlEvaluationCreator.create - creating MlEvaluation. 322,40001,3F,124,wk1,B1
2025-12-28 23:36:11,902 [main] DEBUG c.p.b.e.r.s.MlEvaluationCreator.create - creating MlEvaluation. 322,40001,3F,124,wk1,B2
2025-12-28 23:36:11,907 [main] DEBUG c.p.b.e.r.s.MlEvaluationCreator.create - creating MlEvaluation. 322,40001,3F,125,wk1,A1
2025-12-28 23:36:11,915 [main] DEBUG c.p.b.e.r.s.MlEvaluationCreator.create - creating MlEvaluation. 322,40001,3F,125,wk1,A2
2025-12-28 23:36:11,922 [main] DEBUG c.p.b.e.r.s.MlEvaluationCreator.create - creating MlEvaluation. 322,40001,3F,125,wk1,B1
2025-12-28 23:36:11,928 [main] DEBUG c.p.b.e.r.s.MlEvaluationCreator.create - creating MlEvaluation. 322,40001,3F,125,wk1,B2
2025-12-28 23:36:11,934 [main] DEBUG c.p.b.e.r.s.MlEvaluationCreator.create - creating MlEvaluation. 322,40001,3F,126,wk1,A1
2025-12-28 23:36:11,942 [main] DEBUG c.p.b.e.r.s.MlEvaluationCreator.create - creating MlEvaluation. 322,40001,3F,126,wk1,A2
2025-12-28 23:36:11,950 [main] DEBUG c.p.b.e.r.s.MlEvaluationCreator.create - creating MlEvaluation. 322,40001,3F,126,wk1,B1
2025-12-28 23:36:11,955 [main] DEBUG c.p.b.e.r.s.MlEvaluationCreator.create - creating MlEvaluation. 322,40001,3F,126,wk1,B2
2025-12-28 23:36:11,959 [main] DEBUG c.p.b.e.r.s.MlEvaluationCreator.create - creating MlEvaluation. 322,40001,3F,134,wk1,A1
2025-12-28 23:36:11,967 [main] DEBUG c.p.b.e.r.s.MlEvaluationCreator.create - creating MlEvaluation. 322,40001,3F,134,wk1,A2
2025-12-28 23:36:11,974 [main] DEBUG c.p.b.e.r.s.MlEvaluationCreator.create - creating MlEvaluation. 322,40001,3F,134,wk1,B1
2025-12-28 23:36:11,982 [main] DEBUG c.p.b.e.r.s.MlEvaluationCreator.create - creating MlEvaluation. 322,40001,3F,134,wk1,B2
2025-12-28 23:36:11,986 [main] DEBUG c.p.b.e.r.s.MlEvaluationCreator.create - creating MlEvaluation. 322,40001,3F,135,wk1,A1
2025-12-28 23:36:11,993 [main] DEBUG c.p.b.e.r.s.MlEvaluationCreator.create - creating MlEvaluation. 322,40001,3F,135,wk1,A2
2025-12-28 23:36:11,999 [main] DEBUG c.p.b.e.r.s.MlEvaluationCreator.create - creating MlEvaluation. 322,40001,3F,135,wk1,B1
2025-12-28 23:36:12,004 [main] DEBUG c.p.b.e.r.s.MlEvaluationCreator.create - creating MlEvaluation. 322,40001,3F,135,wk1,B2
2025-12-28 23:36:12,008 [main] DEBUG c.p.b.e.r.s.MlEvaluationCreator.create - creating MlEvaluation. 322,40001,3F,136,wk1,A1
2025-12-28 23:36:12,015 [main] DEBUG c.p.b.e.r.s.MlEvaluationCreator.create - creating MlEvaluation. 322,40001,3F,136,wk1,A2
2025-12-28 23:36:12,021 [main] DEBUG c.p.b.e.r.s.MlEvaluationCreator.create - creating MlEvaluation. 322,40001,3F,136,wk1,B1
2025-12-28 23:36:12,025 [main] DEBUG c.p.b.e.r.s.MlEvaluationCreator.create - creating MlEvaluation. 322,40001,3F,136,wk1,B2
2025-12-28 23:36:12,030 [main] DEBUG c.p.b.e.r.s.MlEvaluationCreator.create - creating MlEvaluation. 322,40001,3F,145,wk1,A1
2025-12-28 23:36:12,036 [main] DEBUG c.p.b.e.r.s.MlEvaluationCreator.create - creating MlEvaluation. 322,40001,3F,145,wk1,A2
2025-12-28 23:36:12,042 [main] DEBUG c.p.b.e.r.s.MlEvaluationCreator.create - creating MlEvaluation. 322,40001,3F,145,wk1,B1
2025-12-28 23:36:12,048 [main] DEBUG c.p.b.e.r.s.MlEvaluationCreator.create - creating MlEvaluation. 322,40001,3F,145,wk1,B2
2025-12-28 23:36:12,052 [main] DEBUG c.p.b.e.r.s.MlEvaluationCreator.create - creating MlEvaluation. 322,40001,3F,146,wk1,A1
2025-12-28 23:36:12,058 [main] DEBUG c.p.b.e.r.s.MlEvaluationCreator.create - creating MlEvaluation. 322,40001,3F,146,wk1,A2
2025-12-28 23:36:12,064 [main] DEBUG c.p.b.e.r.s.MlEvaluationCreator.create - creating MlEvaluation. 322,40001,3F,146,wk1,B1
2025-12-28 23:36:12,068 [main] DEBUG c.p.b.e.r.s.MlEvaluationCreator.create - creating MlEvaluation. 322,40001,3F,146,wk1,B2
2025-12-28 23:36:12,072 [main] DEBUG c.p.b.e.r.s.MlEvaluationCreator.create - creating MlEvaluation. 322,40001,3F,156,wk1,A1
2025-12-28 23:36:12,076 [main] DEBUG c.p.b.e.r.s.MlEvaluationCreator.create - creating MlEvaluation. 322,40001,3F,156,wk1,A2
2025-12-28 23:36:12,082 [main] DEBUG c.p.b.e.r.s.MlEvaluationCreator.create - creating MlEvaluation. 322,40001,3F,156,wk1,B1
2025-12-28 23:36:12,085 [main] DEBUG c.p.b.e.r.s.MlEvaluationCreator.create - creating MlEvaluation. 322,40001,3F,156,wk1,B2
2025-12-28 23:36:12,088 [main] DEBUG c.p.b.e.r.s.MlEvaluationCreator.create - creating MlEvaluation. 322,40001,3F,234,wk1,A1
2025-12-28 23:36:12,091 [main] DEBUG c.p.b.e.r.s.MlEvaluationCreator.create - creating MlEvaluation. 322,40001,3F,234,wk1,A2
2025-12-28 23:36:12,094 [main] DEBUG c.p.b.e.r.s.MlEvaluationCreator.create - creating MlEvaluation. 322,40001,3F,234,wk1,B1
2025-12-28 23:36:12,099 [main] DEBUG c.p.b.e.r.s.MlEvaluationCreator.create - creating MlEvaluation. 322,40001,3F,234,wk1,B2
2025-12-28 23:36:12,102 [main] DEBUG c.p.b.e.r.s.MlEvaluationCreator.create - creating MlEvaluation. 322,40001,3F,235,wk1,A1
2025-12-28 23:36:12,104 [main] DEBUG c.p.b.e.r.s.MlEvaluationCreator.create - creating MlEvaluation. 322,40001,3F,235,wk1,A2
2025-12-28 23:36:12,107 [main] INFO  c.p.b.e.r.g.ResultGraphBuilder.save - graph saved. C:/Dev/experiment/expr10/result//38-1-rnk-no-sg/1T/1_1T_4_wk1_A1_40001_38-1-rnk-no-sg_-211_0.33_5.6.png
2025-12-28 23:36:12,108 [main] DEBUG c.p.b.e.r.s.MlEvaluationCreator.create - creating MlEvaluation. 322,40001,3F,235,wk1,B1
2025-12-28 23:36:12,113 [main] DEBUG c.p.b.e.r.s.MlEvaluationCreator.create - creating MlEvaluation. 322,40001,3F,235,wk1,B2
2025-12-28 23:36:12,117 [main] DEBUG c.p.b.e.r.s.MlEvaluationCreator.create - creating MlEvaluation. 322,40001,3F,236,wk1,A2
2025-12-28 23:36:12,121 [main] DEBUG c.p.b.e.r.s.MlEvaluationCreator.create - creating MlEvaluation. 322,40001,3F,236,wk1,B1
2025-12-28 23:36:12,124 [main] DEBUG c.p.b.e.r.s.MlEvaluationCreator.create - creating MlEvaluation. 322,40001,3F,236,wk1,B2
2025-12-28 23:36:12,127 [main] DEBUG c.p.b.e.r.s.MlEvaluationCreator.create - creating MlEvaluation. 322,40001,3F,245,wk1,A1
2025-12-28 23:36:12,128 [main] DEBUG c.p.b.e.r.s.MlEvaluationCreator.create - creating MlEvaluation. 322,40001,3F,245,wk1,A2
2025-12-28 23:36:12,131 [main] DEBUG c.p.b.e.r.s.MlEvaluationCreator.create - creating MlEvaluation. 322,40001,3F,245,wk1,B1
2025-12-28 23:36:12,135 [main] DEBUG c.p.b.e.r.s.MlEvaluationCreator.create - creating MlEvaluation. 322,40001,3F,245,wk1,B2
2025-12-28 23:36:12,138 [main] DEBUG c.p.b.e.r.s.MlEvaluationCreator.create - creating MlEvaluation. 322,40001,3F,246,wk1,A2
2025-12-28 23:36:12,141 [main] DEBUG c.p.b.e.r.s.MlEvaluationCreator.create - creating MlEvaluation. 322,40001,3F,246,wk1,B1
2025-12-28 23:36:12,144 [main] DEBUG c.p.b.e.r.s.MlEvaluationCreator.create - creating MlEvaluation. 322,40001,3F,246,wk1,B2
2025-12-28 23:36:12,149 [main] DEBUG c.p.b.e.r.s.MlEvaluationCreator.create - creating MlEvaluation. 322,40001,3F,256,wk1,A2
2025-12-28 23:36:12,153 [main] DEBUG c.p.b.e.r.s.MlEvaluationCreator.create - creating MlEvaluation. 322,40001,3F,256,wk1,B1
2025-12-28 23:36:12,156 [main] DEBUG c.p.b.e.r.s.MlEvaluationCreator.create - creating MlEvaluation. 322,40001,3F,256,wk1,B2
2025-12-28 23:36:12,159 [main] DEBUG c.p.b.e.r.s.MlEvaluationCreator.create - creating MlEvaluation. 322,40001,3F,345,wk1,A2
2025-12-28 23:36:12,163 [main] DEBUG c.p.b.e.r.s.MlEvaluationCreator.create - creating MlEvaluation. 322,40001,3F,345,wk1,B1
2025-12-28 23:36:12,168 [main] DEBUG c.p.b.e.r.s.MlEvaluationCreator.create - creating MlEvaluation. 322,40001,3F,345,wk1,B2
2025-12-28 23:36:12,171 [main] DEBUG c.p.b.e.r.s.MlEvaluationCreator.create - creating MlEvaluation. 322,40001,3F,346,wk1,A2
2025-12-28 23:36:12,174 [main] DEBUG c.p.b.e.r.s.MlEvaluationCreator.create - creating MlEvaluation. 322,40001,3F,346,wk1,B1
2025-12-28 23:36:12,178 [main] DEBUG c.p.b.e.r.s.MlEvaluationCreator.create - creating MlEvaluation. 322,40001,3F,346,wk1,B2
2025-12-28 23:36:12,183 [main] DEBUG c.p.b.e.r.s.MlEvaluationCreator.create - creating MlEvaluation. 322,40001,3F,356,wk1,A2
2025-12-28 23:36:12,184 [main] DEBUG c.p.b.e.r.s.MlEvaluationCreator.create - creating MlEvaluation. 322,40001,3F,356,wk1,B1
2025-12-28 23:36:12,187 [main] DEBUG c.p.b.e.r.s.MlEvaluationCreator.create - creating MlEvaluation. 322,40001,3F,356,wk1,B2
2025-12-28 23:36:12,188 [main] DEBUG c.p.b.e.r.s.MlEvaluationCreator.create - creating MlEvaluation. 322,40001,3F,456,wk1,A2
2025-12-28 23:36:12,189 [main] DEBUG c.p.b.e.r.s.MlEvaluationCreator.create - creating MlEvaluation. 322,40001,3F,456,wk1,B1
2025-12-28 23:36:12,191 [main] DEBUG c.p.b.e.r.s.MlEvaluationCreator.create - creating MlEvaluation. 322,40001,3F,456,wk1,B2
2025-12-28 23:36:12,193 [main] DEBUG c.p.b.e.r.s.MlEvaluationCreator.create - creating MlEvaluation. 322,40001,3T,123,wk1,A1
2025-12-28 23:36:12,198 [main] DEBUG c.p.b.e.r.s.MlEvaluationCreator.create - creating MlEvaluation. 322,40001,3T,123,wk1,A2
2025-12-28 23:36:12,203 [main] DEBUG c.p.b.e.r.s.MlEvaluationCreator.create - creating MlEvaluation. 322,40001,3T,123,wk1,B1
2025-12-28 23:36:12,207 [main] DEBUG c.p.b.e.r.s.MlEvaluationCreator.create - creating MlEvaluation. 322,40001,3T,123,wk1,B2
2025-12-28 23:36:12,211 [main] DEBUG c.p.b.e.r.s.MlEvaluationCreator.create - creating MlEvaluation. 322,40001,3T,124,wk1,A1
2025-12-28 23:36:12,215 [main] DEBUG c.p.b.e.r.s.MlEvaluationCreator.create - creating MlEvaluation. 322,40001,3T,124,wk1,A2
2025-12-28 23:36:12,220 [main] DEBUG c.p.b.e.r.s.MlEvaluationCreator.create - creating MlEvaluation. 322,40001,3T,124,wk1,B1
2025-12-28 23:36:12,223 [main] DEBUG c.p.b.e.r.s.MlEvaluationCreator.create - creating MlEvaluation. 322,40001,3T,124,wk1,B2
2025-12-28 23:36:12,226 [main] DEBUG c.p.b.e.r.s.MlEvaluationCreator.create - creating MlEvaluation. 322,40001,3T,125,wk1,A1
2025-12-28 23:36:12,231 [main] DEBUG c.p.b.e.r.s.MlEvaluationCreator.create - creating MlEvaluation. 322,40001,3T,125,wk1,A2
2025-12-28 23:36:12,233 [main] DEBUG c.p.b.e.r.s.MlEvaluationCreator.create - creating MlEvaluation. 322,40001,3T,125,wk1,B1
2025-12-28 23:36:12,236 [main] DEBUG c.p.b.e.r.s.MlEvaluationCreator.create - creating MlEvaluation. 322,40001,3T,125,wk1,B2
2025-12-28 23:36:12,239 [main] DEBUG c.p.b.e.r.s.MlEvaluationCreator.create - creating MlEvaluation. 322,40001,3T,126,wk1,A1
2025-12-28 23:36:12,242 [main] DEBUG c.p.b.e.r.s.MlEvaluationCreator.create - creating MlEvaluation. 322,40001,3T,126,wk1,A2
2025-12-28 23:36:12,246 [main] DEBUG c.p.b.e.r.s.MlEvaluationCreator.create - creating MlEvaluation. 322,40001,3T,126,wk1,B1
2025-12-28 23:36:12,249 [main] DEBUG c.p.b.e.r.s.MlEvaluationCreator.create - creating MlEvaluation. 322,40001,3T,126,wk1,B2
2025-12-28 23:36:12,253 [main] DEBUG c.p.b.e.r.s.MlEvaluationCreator.create - creating MlEvaluation. 322,40001,3T,132,wk1,A1
2025-12-28 23:36:12,257 [main] DEBUG c.p.b.e.r.s.MlEvaluationCreator.create - creating MlEvaluation. 322,40001,3T,132,wk1,A2
2025-12-28 23:36:12,262 [main] DEBUG c.p.b.e.r.s.MlEvaluationCreator.create - creating MlEvaluation. 322,40001,3T,132,wk1,B1
2025-12-28 23:36:12,266 [main] DEBUG c.p.b.e.r.s.MlEvaluationCreator.create - creating MlEvaluation. 322,40001,3T,132,wk1,B2
2025-12-28 23:36:12,270 [main] DEBUG c.p.b.e.r.s.MlEvaluationCreator.create - creating MlEvaluation. 322,40001,3T,134,wk1,A1
2025-12-28 23:36:12,274 [main] DEBUG c.p.b.e.r.s.MlEvaluationCreator.create - creating MlEvaluation. 322,40001,3T,134,wk1,A2
2025-12-28 23:36:12,278 [main] DEBUG c.p.b.e.r.s.MlEvaluationCreator.create - creating MlEvaluation. 322,40001,3T,134,wk1,B1
2025-12-28 23:36:12,281 [main] DEBUG c.p.b.e.r.s.MlEvaluationCreator.create - creating MlEvaluation. 322,40001,3T,134,wk1,B2
2025-12-28 23:36:12,283 [main] DEBUG c.p.b.e.r.s.MlEvaluationCreator.create - creating MlEvaluation. 322,40001,3T,135,wk1,A1
2025-12-28 23:36:12,286 [main] DEBUG c.p.b.e.r.s.MlEvaluationCreator.create - creating MlEvaluation. 322,40001,3T,135,wk1,A2
2025-12-28 23:36:12,289 [main] DEBUG c.p.b.e.r.s.MlEvaluationCreator.create - creating MlEvaluation. 322,40001,3T,135,wk1,B1
2025-12-28 23:36:12,292 [main] DEBUG c.p.b.e.r.s.MlEvaluationCreator.create - creating MlEvaluation. 322,40001,3T,135,wk1,B2
2025-12-28 23:36:12,294 [main] DEBUG c.p.b.e.r.s.MlEvaluationCreator.create - creating MlEvaluation. 322,40001,3T,136,wk1,A1
2025-12-28 23:36:12,297 [main] DEBUG c.p.b.e.r.s.MlEvaluationCreator.create - creating MlEvaluation. 322,40001,3T,136,wk1,A2
2025-12-28 23:36:12,300 [main] DEBUG c.p.b.e.r.s.MlEvaluationCreator.create - creating MlEvaluation. 322,40001,3T,136,wk1,B1
2025-12-28 23:36:12,302 [main] DEBUG c.p.b.e.r.s.MlEvaluationCreator.create - creating MlEvaluation. 322,40001,3T,136,wk1,B2
2025-12-28 23:36:12,304 [main] DEBUG c.p.b.e.r.s.MlEvaluationCreator.create - creating MlEvaluation. 322,40001,3T,142,wk1,A1
2025-12-28 23:36:12,308 [main] DEBUG c.p.b.e.r.s.MlEvaluationCreator.create - creating MlEvaluation. 322,40001,3T,142,wk1,A2
2025-12-28 23:36:12,312 [main] DEBUG c.p.b.e.r.s.MlEvaluationCreator.create - creating MlEvaluation. 322,40001,3T,142,wk1,B1
2025-12-28 23:36:12,316 [main] DEBUG c.p.b.e.r.s.MlEvaluationCreator.create - creating MlEvaluation. 322,40001,3T,142,wk1,B2
2025-12-28 23:36:12,319 [main] DEBUG c.p.b.e.r.s.MlEvaluationCreator.create - creating MlEvaluation. 322,40001,3T,143,wk1,A1
2025-12-28 23:36:12,324 [main] DEBUG c.p.b.e.r.s.MlEvaluationCreator.create - creating MlEvaluation. 322,40001,3T,143,wk1,A2
2025-12-28 23:36:12,327 [main] DEBUG c.p.b.e.r.s.MlEvaluationCreator.create - creating MlEvaluation. 322,40001,3T,143,wk1,B1
2025-12-28 23:36:12,330 [main] DEBUG c.p.b.e.r.s.MlEvaluationCreator.create - creating MlEvaluation. 322,40001,3T,143,wk1,B2
2025-12-28 23:36:12,332 [main] DEBUG c.p.b.e.r.s.MlEvaluationCreator.create - creating MlEvaluation. 322,40001,3T,145,wk1,A1
2025-12-28 23:36:12,335 [main] DEBUG c.p.b.e.r.s.MlEvaluationCreator.create - creating MlEvaluation. 322,40001,3T,145,wk1,A2
2025-12-28 23:36:12,338 [main] DEBUG c.p.b.e.r.s.MlEvaluationCreator.create - creating MlEvaluation. 322,40001,3T,145,wk1,B1
2025-12-28 23:36:12,340 [main] DEBUG c.p.b.e.r.s.MlEvaluationCreator.create - creating MlEvaluation. 322,40001,3T,145,wk1,B2
2025-12-28 23:36:12,342 [main] DEBUG c.p.b.e.r.s.MlEvaluationCreator.create - creating MlEvaluation. 322,40001,3T,146,wk1,A1
2025-12-28 23:36:12,345 [main] DEBUG c.p.b.e.r.s.MlEvaluationCreator.create - creating MlEvaluation. 322,40001,3T,146,wk1,A2
2025-12-28 23:36:12,348 [main] DEBUG c.p.b.e.r.s.MlEvaluationCreator.create - creating MlEvaluation. 322,40001,3T,146,wk1,B1
2025-12-28 23:36:12,351 [main] DEBUG c.p.b.e.r.s.MlEvaluationCreator.create - creating MlEvaluation. 322,40001,3T,146,wk1,B2
2025-12-28 23:36:12,354 [main] DEBUG c.p.b.e.r.s.MlEvaluationCreator.create - creating MlEvaluation. 322,40001,3T,152,wk1,A1
2025-12-28 23:36:12,357 [main] DEBUG c.p.b.e.r.s.MlEvaluationCreator.create - creating MlEvaluation. 322,40001,3T,152,wk1,A2
2025-12-28 23:36:12,360 [main] DEBUG c.p.b.e.r.s.MlEvaluationCreator.create - creating MlEvaluation. 322,40001,3T,152,wk1,B1
2025-12-28 23:36:12,363 [main] DEBUG c.p.b.e.r.s.MlEvaluationCreator.create - creating MlEvaluation. 322,40001,3T,152,wk1,B2
2025-12-28 23:36:12,366 [main] DEBUG c.p.b.e.r.s.MlEvaluationCreator.create - creating MlEvaluation. 322,40001,3T,153,wk1,A1
2025-12-28 23:36:12,370 [main] DEBUG c.p.b.e.r.s.MlEvaluationCreator.create - creating MlEvaluation. 322,40001,3T,153,wk1,A2
2025-12-28 23:36:12,372 [main] DEBUG c.p.b.e.r.s.MlEvaluationCreator.create - creating MlEvaluation. 322,40001,3T,153,wk1,B1
2025-12-28 23:36:12,375 [main] DEBUG c.p.b.e.r.s.MlEvaluationCreator.create - creating MlEvaluation. 322,40001,3T,153,wk1,B2
2025-12-28 23:36:12,377 [main] DEBUG c.p.b.e.r.s.MlEvaluationCreator.create - creating MlEvaluation. 322,40001,3T,154,wk1,A1
2025-12-28 23:36:12,381 [main] DEBUG c.p.b.e.r.s.MlEvaluationCreator.create - creating MlEvaluation. 322,40001,3T,154,wk1,A2
2025-12-28 23:36:12,383 [main] DEBUG c.p.b.e.r.s.MlEvaluationCreator.create - creating MlEvaluation. 322,40001,3T,154,wk1,B1
2025-12-28 23:36:12,386 [main] DEBUG c.p.b.e.r.s.MlEvaluationCreator.create - creating MlEvaluation. 322,40001,3T,154,wk1,B2
2025-12-28 23:36:12,388 [main] DEBUG c.p.b.e.r.s.MlEvaluationCreator.create - creating MlEvaluation. 322,40001,3T,156,wk1,A1
2025-12-28 23:36:12,390 [main] DEBUG c.p.b.e.r.s.MlEvaluationCreator.create - creating MlEvaluation. 322,40001,3T,156,wk1,A2
2025-12-28 23:36:12,392 [main] DEBUG c.p.b.e.r.s.MlEvaluationCreator.create - creating MlEvaluation. 322,40001,3T,156,wk1,B1
2025-12-28 23:36:12,394 [main] DEBUG c.p.b.e.r.s.MlEvaluationCreator.create - creating MlEvaluation. 322,40001,3T,156,wk1,B2
2025-12-28 23:36:12,395 [main] DEBUG c.p.b.e.r.s.MlEvaluationCreator.create - creating MlEvaluation. 322,40001,3T,162,wk1,A1
2025-12-28 23:36:12,398 [main] DEBUG c.p.b.e.r.s.MlEvaluationCreator.create - creating MlEvaluation. 322,40001,3T,162,wk1,A2
2025-12-28 23:36:12,401 [main] DEBUG c.p.b.e.r.s.MlEvaluationCreator.create - creating MlEvaluation. 322,40001,3T,162,wk1,B1
2025-12-28 23:36:12,404 [main] DEBUG c.p.b.e.r.s.MlEvaluationCreator.create - creating MlEvaluation. 322,40001,3T,162,wk1,B2
2025-12-28 23:36:12,406 [main] DEBUG c.p.b.e.r.s.MlEvaluationCreator.create - creating MlEvaluation. 322,40001,3T,163,wk1,A1
2025-12-28 23:36:12,409 [main] DEBUG c.p.b.e.r.s.MlEvaluationCreator.create - creating MlEvaluation. 322,40001,3T,163,wk1,A2
2025-12-28 23:36:12,412 [main] DEBUG c.p.b.e.r.s.MlEvaluationCreator.create - creating MlEvaluation. 322,40001,3T,163,wk1,B1
2025-12-28 23:36:12,415 [main] DEBUG c.p.b.e.r.s.MlEvaluationCreator.create - creating MlEvaluation. 322,40001,3T,163,wk1,B2
2025-12-28 23:36:12,418 [main] DEBUG c.p.b.e.r.s.MlEvaluationCreator.create - creating MlEvaluation. 322,40001,3T,164,wk1,A1
2025-12-28 23:36:12,420 [main] DEBUG c.p.b.e.r.s.MlEvaluationCreator.create - creating MlEvaluation. 322,40001,3T,164,wk1,A2
2025-12-28 23:36:12,423 [main] DEBUG c.p.b.e.r.s.MlEvaluationCreator.create - creating MlEvaluation. 322,40001,3T,164,wk1,B1
2025-12-28 23:36:12,425 [main] DEBUG c.p.b.e.r.s.MlEvaluationCreator.create - creating MlEvaluation. 322,40001,3T,164,wk1,B2
2025-12-28 23:36:12,427 [main] DEBUG c.p.b.e.r.s.MlEvaluationCreator.create - creating MlEvaluation. 322,40001,3T,165,wk1,A1
2025-12-28 23:36:12,429 [main] DEBUG c.p.b.e.r.s.MlEvaluationCreator.create - creating MlEvaluation. 322,40001,3T,165,wk1,A2
2025-12-28 23:36:12,432 [main] DEBUG c.p.b.e.r.s.MlEvaluationCreator.create - creating MlEvaluation. 322,40001,3T,165,wk1,B1
2025-12-28 23:36:12,435 [main] DEBUG c.p.b.e.r.s.MlEvaluationCreator.create - creating MlEvaluation. 322,40001,3T,213,wk1,A1
2025-12-28 23:36:12,437 [main] INFO  c.p.b.e.r.g.ResultGraphBuilder.save - graph saved. C:/Dev/experiment/expr10/result//38-1-rnk-no-sg/1T/1_1T_4_wk1_A2_40001_38-1-rnk-no-sg_-119_0.55_5.1.png
2025-12-28 23:36:12,439 [main] DEBUG c.p.b.e.r.s.MlEvaluationCreator.create - creating MlEvaluation. 322,40001,3T,213,wk1,A2
2025-12-28 23:36:12,443 [main] DEBUG c.p.b.e.r.s.MlEvaluationCreator.create - creating MlEvaluation. 322,40001,3T,213,wk1,B1
2025-12-28 23:36:12,446 [main] DEBUG c.p.b.e.r.s.MlEvaluationCreator.create - creating MlEvaluation. 322,40001,3T,213,wk1,B2
2025-12-28 23:36:12,449 [main] DEBUG c.p.b.e.r.s.MlEvaluationCreator.create - creating MlEvaluation. 322,40001,3T,214,wk1,A1
2025-12-28 23:36:12,453 [main] DEBUG c.p.b.e.r.s.MlEvaluationCreator.create - creating MlEvaluation. 322,40001,3T,214,wk1,A2
2025-12-28 23:36:12,456 [main] DEBUG c.p.b.e.r.s.MlEvaluationCreator.create - creating MlEvaluation. 322,40001,3T,214,wk1,B1
2025-12-28 23:36:12,459 [main] DEBUG c.p.b.e.r.s.MlEvaluationCreator.create - creating MlEvaluation. 322,40001,3T,214,wk1,B2
2025-12-28 23:36:12,463 [main] DEBUG c.p.b.e.r.s.MlEvaluationCreator.create - creating MlEvaluation. 322,40001,3T,215,wk1,A1
2025-12-28 23:36:12,466 [main] DEBUG c.p.b.e.r.s.MlEvaluationCreator.create - creating MlEvaluation. 322,40001,3T,215,wk1,A2
2025-12-28 23:36:12,469 [main] DEBUG c.p.b.e.r.s.MlEvaluationCreator.create - creating MlEvaluation. 322,40001,3T,215,wk1,B1
2025-12-28 23:36:12,473 [main] DEBUG c.p.b.e.r.s.MlEvaluationCreator.create - creating MlEvaluation. 322,40001,3T,215,wk1,B2
2025-12-28 23:36:12,475 [main] DEBUG c.p.b.e.r.s.MlEvaluationCreator.create - creating MlEvaluation. 322,40001,3T,216,wk1,A1
2025-12-28 23:36:12,478 [main] DEBUG c.p.b.e.r.s.MlEvaluationCreator.create - creating MlEvaluation. 322,40001,3T,216,wk1,A2
2025-12-28 23:36:12,481 [main] DEBUG c.p.b.e.r.s.MlEvaluationCreator.create - creating MlEvaluation. 322,40001,3T,216,wk1,B1
2025-12-28 23:36:12,483 [main] DEBUG c.p.b.e.r.s.MlEvaluationCreator.create - creating MlEvaluation. 322,40001,3T,216,wk1,B2
2025-12-28 23:36:12,487 [main] DEBUG c.p.b.e.r.s.MlEvaluationCreator.create - creating MlEvaluation. 322,40001,3T,231,wk1,A1
2025-12-28 23:36:12,489 [main] DEBUG c.p.b.e.r.s.MlEvaluationCreator.create - creating MlEvaluation. 322,40001,3T,231,wk1,A2
2025-12-28 23:36:12,492 [main] DEBUG c.p.b.e.r.s.MlEvaluationCreator.create - creating MlEvaluation. 322,40001,3T,231,wk1,B1
2025-12-28 23:36:12,495 [main] DEBUG c.p.b.e.r.s.MlEvaluationCreator.create - creating MlEvaluation. 322,40001,3T,231,wk1,B2
2025-12-28 23:36:12,497 [main] DEBUG c.p.b.e.r.s.MlEvaluationCreator.create - creating MlEvaluation. 322,40001,3T,234,wk1,B1
2025-12-28 23:36:12,500 [main] DEBUG c.p.b.e.r.s.MlEvaluationCreator.create - creating MlEvaluation. 322,40001,3T,234,wk1,B2
2025-12-28 23:36:12,501 [main] DEBUG c.p.b.e.r.s.MlEvaluationCreator.create - creating MlEvaluation. 322,40001,3T,236,wk1,B2
2025-12-28 23:36:12,501 [main] DEBUG c.p.b.e.r.s.MlEvaluationCreator.create - creating MlEvaluation. 322,40001,3T,241,wk1,A1
2025-12-28 23:36:12,502 [main] DEBUG c.p.b.e.r.s.MlEvaluationCreator.create - creating MlEvaluation. 322,40001,3T,241,wk1,A2
2025-12-28 23:36:12,505 [main] DEBUG c.p.b.e.r.s.MlEvaluationCreator.create - creating MlEvaluation. 322,40001,3T,241,wk1,B1
2025-12-28 23:36:12,508 [main] DEBUG c.p.b.e.r.s.MlEvaluationCreator.create - creating MlEvaluation. 322,40001,3T,241,wk1,B2
2025-12-28 23:36:12,510 [main] DEBUG c.p.b.e.r.s.MlEvaluationCreator.create - creating MlEvaluation. 322,40001,3T,243,wk1,B1
2025-12-28 23:36:12,513 [main] DEBUG c.p.b.e.r.s.MlEvaluationCreator.create - creating MlEvaluation. 322,40001,3T,243,wk1,B2
2025-12-28 23:36:12,514 [main] DEBUG c.p.b.e.r.s.MlEvaluationCreator.create - creating MlEvaluation. 322,40001,3T,245,wk1,B1
2025-12-28 23:36:12,517 [main] DEBUG c.p.b.e.r.s.MlEvaluationCreator.create - creating MlEvaluation. 322,40001,3T,246,wk1,B1
2025-12-28 23:36:12,519 [main] DEBUG c.p.b.e.r.s.MlEvaluationCreator.create - creating MlEvaluation. 322,40001,3T,251,wk1,A2
2025-12-28 23:36:12,522 [main] DEBUG c.p.b.e.r.s.MlEvaluationCreator.create - creating MlEvaluation. 322,40001,3T,251,wk1,B1
2025-12-28 23:36:12,525 [main] DEBUG c.p.b.e.r.s.MlEvaluationCreator.create - creating MlEvaluation. 322,40001,3T,251,wk1,B2
2025-12-28 23:36:12,527 [main] DEBUG c.p.b.e.r.s.MlEvaluationCreator.create - creating MlEvaluation. 322,40001,3T,253,wk1,B1
2025-12-28 23:36:12,531 [main] DEBUG c.p.b.e.r.s.MlEvaluationCreator.create - creating MlEvaluation. 322,40001,3T,254,wk1,B1
2025-12-28 23:36:12,534 [main] DEBUG c.p.b.e.r.s.MlEvaluationCreator.create - creating MlEvaluation. 322,40001,3T,261,wk1,A2
2025-12-28 23:36:12,537 [main] DEBUG c.p.b.e.r.s.MlEvaluationCreator.create - creating MlEvaluation. 322,40001,3T,261,wk1,B1
2025-12-28 23:36:12,540 [main] DEBUG c.p.b.e.r.s.MlEvaluationCreator.create - creating MlEvaluation. 322,40001,3T,261,wk1,B2
2025-12-28 23:36:12,543 [main] DEBUG c.p.b.e.r.s.MlEvaluationCreator.create - creating MlEvaluation. 322,40001,3T,265,wk1,B1
2025-12-28 23:36:12,544 [main] DEBUG c.p.b.e.r.s.MlEvaluationCreator.create - creating MlEvaluation. 322,40001,3T,312,wk1,A1
2025-12-28 23:36:12,548 [main] DEBUG c.p.b.e.r.s.MlEvaluationCreator.create - creating MlEvaluation. 322,40001,3T,312,wk1,A2
2025-12-28 23:36:12,553 [main] DEBUG c.p.b.e.r.s.MlEvaluationCreator.create - creating MlEvaluation. 322,40001,3T,312,wk1,B1
2025-12-28 23:36:12,557 [main] DEBUG c.p.b.e.r.s.MlEvaluationCreator.create - creating MlEvaluation. 322,40001,3T,312,wk1,B2
2025-12-28 23:36:12,560 [main] DEBUG c.p.b.e.r.s.MlEvaluationCreator.create - creating MlEvaluation. 322,40001,3T,314,wk1,A1
2025-12-28 23:36:12,564 [main] DEBUG c.p.b.e.r.s.MlEvaluationCreator.create - creating MlEvaluation. 322,40001,3T,314,wk1,A2
2025-12-28 23:36:12,567 [main] DEBUG c.p.b.e.r.s.MlEvaluationCreator.create - creating MlEvaluation. 322,40001,3T,314,wk1,B1
2025-12-28 23:36:12,569 [main] DEBUG c.p.b.e.r.s.MlEvaluationCreator.create - creating MlEvaluation. 322,40001,3T,314,wk1,B2
2025-12-28 23:36:12,571 [main] DEBUG c.p.b.e.r.s.MlEvaluationCreator.create - creating MlEvaluation. 322,40001,3T,315,wk1,A1
2025-12-28 23:36:12,574 [main] DEBUG c.p.b.e.r.s.MlEvaluationCreator.create - creating MlEvaluation. 322,40001,3T,315,wk1,A2
2025-12-28 23:36:12,577 [main] DEBUG c.p.b.e.r.s.MlEvaluationCreator.create - creating MlEvaluation. 322,40001,3T,315,wk1,B1
2025-12-28 23:36:12,579 [main] DEBUG c.p.b.e.r.s.MlEvaluationCreator.create - creating MlEvaluation. 322,40001,3T,315,wk1,B2
2025-12-28 23:36:12,582 [main] DEBUG c.p.b.e.r.s.MlEvaluationCreator.create - creating MlEvaluation. 322,40001,3T,316,wk1,A1
2025-12-28 23:36:12,585 [main] DEBUG c.p.b.e.r.s.MlEvaluationCreator.create - creating MlEvaluation. 322,40001,3T,316,wk1,A2
2025-12-28 23:36:12,587 [main] DEBUG c.p.b.e.r.s.MlEvaluationCreator.create - creating MlEvaluation. 322,40001,3T,316,wk1,B1
2025-12-28 23:36:12,589 [main] DEBUG c.p.b.e.r.s.MlEvaluationCreator.create - creating MlEvaluation. 322,40001,3T,316,wk1,B2
2025-12-28 23:36:12,590 [main] DEBUG c.p.b.e.r.s.MlEvaluationCreator.create - creating MlEvaluation. 322,40001,3T,321,wk1,A1
2025-12-28 23:36:12,593 [main] DEBUG c.p.b.e.r.s.MlEvaluationCreator.create - creating MlEvaluation. 322,40001,3T,321,wk1,A2
2025-12-28 23:36:12,595 [main] DEBUG c.p.b.e.r.s.MlEvaluationCreator.create - creating MlEvaluation. 322,40001,3T,321,wk1,B1
2025-12-28 23:36:12,598 [main] DEBUG c.p.b.e.r.s.MlEvaluationCreator.create - creating MlEvaluation. 322,40001,3T,321,wk1,B2
2025-12-28 23:36:12,601 [main] DEBUG c.p.b.e.r.s.MlEvaluationCreator.create - creating MlEvaluation. 322,40001,3T,324,wk1,B1
2025-12-28 23:36:12,603 [main] DEBUG c.p.b.e.r.s.MlEvaluationCreator.create - creating MlEvaluation. 322,40001,3T,324,wk1,B2
2025-12-28 23:36:12,603 [main] DEBUG c.p.b.e.r.s.MlEvaluationCreator.create - creating MlEvaluation. 322,40001,3T,325,wk1,B1
2025-12-28 23:36:12,605 [main] DEBUG c.p.b.e.r.s.MlEvaluationCreator.create - creating MlEvaluation. 322,40001,3T,325,wk1,B2
2025-12-28 23:36:12,606 [main] DEBUG c.p.b.e.r.s.MlEvaluationCreator.create - creating MlEvaluation. 322,40001,3T,326,wk1,B2
2025-12-28 23:36:12,607 [main] DEBUG c.p.b.e.r.s.MlEvaluationCreator.create - creating MlEvaluation. 322,40001,3T,341,wk1,A2
2025-12-28 23:36:12,609 [main] DEBUG c.p.b.e.r.s.MlEvaluationCreator.create - creating MlEvaluation. 322,40001,3T,341,wk1,B1
2025-12-28 23:36:12,611 [main] DEBUG c.p.b.e.r.s.MlEvaluationCreator.create - creating MlEvaluation. 322,40001,3T,341,wk1,B2
2025-12-28 23:36:12,614 [main] DEBUG c.p.b.e.r.s.MlEvaluationCreator.create - creating MlEvaluation. 322,40001,3T,342,wk1,B1
2025-12-28 23:36:12,616 [main] DEBUG c.p.b.e.r.s.MlEvaluationCreator.create - creating MlEvaluation. 322,40001,3T,342,wk1,B2
2025-12-28 23:36:12,617 [main] DEBUG c.p.b.e.r.s.MlEvaluationCreator.create - creating MlEvaluation. 322,40001,3T,345,wk1,B1
2025-12-28 23:36:12,617 [main] DEBUG c.p.b.e.r.s.MlEvaluationCreator.create - creating MlEvaluation. 322,40001,3T,351,wk1,B1
2025-12-28 23:36:12,619 [main] DEBUG c.p.b.e.r.s.MlEvaluationCreator.create - creating MlEvaluation. 322,40001,3T,351,wk1,B2
2025-12-28 23:36:12,621 [main] DEBUG c.p.b.e.r.s.MlEvaluationCreator.create - creating MlEvaluation. 322,40001,3T,352,wk1,B2
2025-12-28 23:36:12,622 [main] DEBUG c.p.b.e.r.s.MlEvaluationCreator.create - creating MlEvaluation. 322,40001,3T,361,wk1,A2
2025-12-28 23:36:12,623 [main] DEBUG c.p.b.e.r.s.MlEvaluationCreator.create - creating MlEvaluation. 322,40001,3T,361,wk1,B1
2025-12-28 23:36:12,624 [main] DEBUG c.p.b.e.r.s.MlEvaluationCreator.create - creating MlEvaluation. 322,40001,3T,361,wk1,B2
2025-12-28 23:36:12,626 [main] DEBUG c.p.b.e.r.s.MlEvaluationCreator.create - creating MlEvaluation. 322,40001,3T,362,wk1,B1
2025-12-28 23:36:12,627 [main] DEBUG c.p.b.e.r.s.MlEvaluationCreator.create - creating MlEvaluation. 322,40001,3T,364,wk1,B1
2025-12-28 23:36:12,628 [main] DEBUG c.p.b.e.r.s.MlEvaluationCreator.create - creating MlEvaluation. 322,40001,3T,412,wk1,A1
2025-12-28 23:36:12,631 [main] DEBUG c.p.b.e.r.s.MlEvaluationCreator.create - creating MlEvaluation. 322,40001,3T,412,wk1,A2
2025-12-28 23:36:12,634 [main] DEBUG c.p.b.e.r.s.MlEvaluationCreator.create - creating MlEvaluation. 322,40001,3T,412,wk1,B1
2025-12-28 23:36:12,637 [main] DEBUG c.p.b.e.r.s.MlEvaluationCreator.create - creating MlEvaluation. 322,40001,3T,412,wk1,B2
2025-12-28 23:36:12,640 [main] DEBUG c.p.b.e.r.s.MlEvaluationCreator.create - creating MlEvaluation. 322,40001,3T,413,wk1,A1
2025-12-28 23:36:12,642 [main] DEBUG c.p.b.e.r.s.MlEvaluationCreator.create - creating MlEvaluation. 322,40001,3T,413,wk1,A2
2025-12-28 23:36:12,645 [main] DEBUG c.p.b.e.r.s.MlEvaluationCreator.create - creating MlEvaluation. 322,40001,3T,413,wk1,B1
2025-12-28 23:36:12,647 [main] DEBUG c.p.b.e.r.s.MlEvaluationCreator.create - creating MlEvaluation. 322,40001,3T,413,wk1,B2
2025-12-28 23:36:12,650 [main] DEBUG c.p.b.e.r.s.MlEvaluationCreator.create - creating MlEvaluation. 322,40001,3T,415,wk1,A1
2025-12-28 23:36:12,652 [main] DEBUG c.p.b.e.r.s.MlEvaluationCreator.create - creating MlEvaluation. 322,40001,3T,415,wk1,A2
2025-12-28 23:36:12,655 [main] DEBUG c.p.b.e.r.s.MlEvaluationCreator.create - creating MlEvaluation. 322,40001,3T,415,wk1,B1
2025-12-28 23:36:12,657 [main] DEBUG c.p.b.e.r.s.MlEvaluationCreator.create - creating MlEvaluation. 322,40001,3T,415,wk1,B2
2025-12-28 23:36:12,658 [main] DEBUG c.p.b.e.r.s.MlEvaluationCreator.create - creating MlEvaluation. 322,40001,3T,416,wk1,A1
2025-12-28 23:36:12,660 [main] DEBUG c.p.b.e.r.s.MlEvaluationCreator.create - creating MlEvaluation. 322,40001,3T,416,wk1,A2
2025-12-28 23:36:12,662 [main] DEBUG c.p.b.e.r.s.MlEvaluationCreator.create - creating MlEvaluation. 322,40001,3T,416,wk1,B1
2025-12-28 23:36:12,664 [main] DEBUG c.p.b.e.r.s.MlEvaluationCreator.create - creating MlEvaluation. 322,40001,3T,416,wk1,B2
2025-12-28 23:36:12,665 [main] DEBUG c.p.b.e.r.s.MlEvaluationCreator.create - creating MlEvaluation. 322,40001,3T,421,wk1,A1
2025-12-28 23:36:12,667 [main] DEBUG c.p.b.e.r.s.MlEvaluationCreator.create - creating MlEvaluation. 322,40001,3T,421,wk1,A2
2025-12-28 23:36:12,669 [main] DEBUG c.p.b.e.r.s.MlEvaluationCreator.create - creating MlEvaluation. 322,40001,3T,421,wk1,B1
2025-12-28 23:36:12,672 [main] DEBUG c.p.b.e.r.s.MlEvaluationCreator.create - creating MlEvaluation. 322,40001,3T,421,wk1,B2
2025-12-28 23:36:12,673 [main] DEBUG c.p.b.e.r.s.MlEvaluationCreator.create - creating MlEvaluation. 322,40001,3T,423,wk1,B1
2025-12-28 23:36:12,675 [main] DEBUG c.p.b.e.r.s.MlEvaluationCreator.create - creating MlEvaluation. 322,40001,3T,423,wk1,B2
2025-12-28 23:36:12,677 [main] DEBUG c.p.b.e.r.s.MlEvaluationCreator.create - creating MlEvaluation. 322,40001,3T,425,wk1,B1
2025-12-28 23:36:12,678 [main] DEBUG c.p.b.e.r.s.MlEvaluationCreator.create - creating MlEvaluation. 322,40001,3T,431,wk1,A2
2025-12-28 23:36:12,681 [main] DEBUG c.p.b.e.r.s.MlEvaluationCreator.create - creating MlEvaluation. 322,40001,3T,431,wk1,B1
2025-12-28 23:36:12,684 [main] DEBUG c.p.b.e.r.s.MlEvaluationCreator.create - creating MlEvaluation. 322,40001,3T,431,wk1,B2
2025-12-28 23:36:12,686 [main] DEBUG c.p.b.e.r.s.MlEvaluationCreator.create - creating MlEvaluation. 322,40001,3T,432,wk1,B1
2025-12-28 23:36:12,688 [main] DEBUG c.p.b.e.r.s.MlEvaluationCreator.create - creating MlEvaluation. 322,40001,3T,432,wk1,B2
2025-12-28 23:36:12,690 [main] DEBUG c.p.b.e.r.s.MlEvaluationCreator.create - creating MlEvaluation. 322,40001,3T,435,wk1,B1
2025-12-28 23:36:12,690 [main] DEBUG c.p.b.e.r.s.MlEvaluationCreator.create - creating MlEvaluation. 322,40001,3T,451,wk1,B1
2025-12-28 23:36:12,692 [main] DEBUG c.p.b.e.r.s.MlEvaluationCreator.create - creating MlEvaluation. 322,40001,3T,451,wk1,B2
2025-12-28 23:36:12,693 [main] DEBUG c.p.b.e.r.s.MlEvaluationCreator.create - creating MlEvaluation. 322,40001,3T,452,wk1,B1
2025-12-28 23:36:12,693 [main] DEBUG c.p.b.e.r.s.MlEvaluationCreator.create - creating MlEvaluation. 322,40001,3T,461,wk1,B1
2025-12-28 23:36:12,695 [main] DEBUG c.p.b.e.r.s.MlEvaluationCreator.create - creating MlEvaluation. 322,40001,3T,461,wk1,B2
2025-12-28 23:36:12,697 [main] DEBUG c.p.b.e.r.s.MlEvaluationCreator.create - creating MlEvaluation. 322,40001,3T,512,wk1,A1
2025-12-28 23:36:12,699 [main] DEBUG c.p.b.e.r.s.MlEvaluationCreator.create - creating MlEvaluation. 322,40001,3T,512,wk1,A2
2025-12-28 23:36:12,701 [main] DEBUG c.p.b.e.r.s.MlEvaluationCreator.create - creating MlEvaluation. 322,40001,3T,512,wk1,B1
2025-12-28 23:36:12,703 [main] DEBUG c.p.b.e.r.s.MlEvaluationCreator.create - creating MlEvaluation. 322,40001,3T,512,wk1,B2
2025-12-28 23:36:12,705 [main] DEBUG c.p.b.e.r.s.MlEvaluationCreator.create - creating MlEvaluation. 322,40001,3T,513,wk1,A1
2025-12-28 23:36:12,706 [main] DEBUG c.p.b.e.r.s.MlEvaluationCreator.create - creating MlEvaluation. 322,40001,3T,513,wk1,A2
2025-12-28 23:36:12,708 [main] DEBUG c.p.b.e.r.s.MlEvaluationCreator.create - creating MlEvaluation. 322,40001,3T,513,wk1,B1
2025-12-28 23:36:12,710 [main] DEBUG c.p.b.e.r.s.MlEvaluationCreator.create - creating MlEvaluation. 322,40001,3T,513,wk1,B2
2025-12-28 23:36:12,711 [main] DEBUG c.p.b.e.r.s.MlEvaluationCreator.create - creating MlEvaluation. 322,40001,3T,514,wk1,A1
2025-12-28 23:36:12,713 [main] DEBUG c.p.b.e.r.s.MlEvaluationCreator.create - creating MlEvaluation. 322,40001,3T,514,wk1,A2
2025-12-28 23:36:12,716 [main] DEBUG c.p.b.e.r.s.MlEvaluationCreator.create - creating MlEvaluation. 322,40001,3T,514,wk1,B1
2025-12-28 23:36:12,718 [main] DEBUG c.p.b.e.r.s.MlEvaluationCreator.create - creating MlEvaluation. 322,40001,3T,516,wk1,A1
2025-12-28 23:36:12,718 [main] DEBUG c.p.b.e.r.s.MlEvaluationCreator.create - creating MlEvaluation. 322,40001,3T,516,wk1,A2
2025-12-28 23:36:12,719 [main] DEBUG c.p.b.e.r.s.MlEvaluationCreator.create - creating MlEvaluation. 322,40001,3T,516,wk1,B1
2025-12-28 23:36:12,721 [main] DEBUG c.p.b.e.r.s.MlEvaluationCreator.create - creating MlEvaluation. 322,40001,3T,521,wk1,A2
2025-12-28 23:36:12,722 [main] DEBUG c.p.b.e.r.s.MlEvaluationCreator.create - creating MlEvaluation. 322,40001,3T,521,wk1,B1
2025-12-28 23:36:12,724 [main] DEBUG c.p.b.e.r.s.MlEvaluationCreator.create - creating MlEvaluation. 322,40001,3T,521,wk1,B2
2025-12-28 23:36:12,727 [main] DEBUG c.p.b.e.r.s.MlEvaluationCreator.create - creating MlEvaluation. 322,40001,3T,523,wk1,B1
2025-12-28 23:36:12,728 [main] DEBUG c.p.b.e.r.s.MlEvaluationCreator.create - creating MlEvaluation. 322,40001,3T,523,wk1,B2
2025-12-28 23:36:12,729 [main] DEBUG c.p.b.e.r.s.MlEvaluationCreator.create - creating MlEvaluation. 322,40001,3T,524,wk1,B1
2025-12-28 23:36:12,730 [main] DEBUG c.p.b.e.r.s.MlEvaluationCreator.create - creating MlEvaluation. 322,40001,3T,524,wk1,B2
2025-12-28 23:36:12,731 [main] DEBUG c.p.b.e.r.s.MlEvaluationCreator.create - creating MlEvaluation. 322,40001,3T,526,wk1,B1
2025-12-28 23:36:12,731 [main] DEBUG c.p.b.e.r.s.MlEvaluationCreator.create - creating MlEvaluation. 322,40001,3T,531,wk1,A2
2025-12-28 23:36:12,733 [main] DEBUG c.p.b.e.r.s.MlEvaluationCreator.create - creating MlEvaluation. 322,40001,3T,531,wk1,B1
2025-12-28 23:36:12,735 [main] DEBUG c.p.b.e.r.s.MlEvaluationCreator.create - creating MlEvaluation. 322,40001,3T,531,wk1,B2
2025-12-28 23:36:12,736 [main] DEBUG c.p.b.e.r.s.MlEvaluationCreator.create - creating MlEvaluation. 322,40001,3T,532,wk1,B1
2025-12-28 23:36:12,737 [main] DEBUG c.p.b.e.r.s.MlEvaluationCreator.create - creating MlEvaluation. 322,40001,3T,532,wk1,B2
2025-12-28 23:36:12,738 [main] DEBUG c.p.b.e.r.s.MlEvaluationCreator.create - creating MlEvaluation. 322,40001,3T,541,wk1,A2
2025-12-28 23:36:12,739 [main] DEBUG c.p.b.e.r.s.MlEvaluationCreator.create - creating MlEvaluation. 322,40001,3T,541,wk1,B1
2025-12-28 23:36:12,742 [main] DEBUG c.p.b.e.r.s.MlEvaluationCreator.create - creating MlEvaluation. 322,40001,3T,542,wk1,B1
2025-12-28 23:36:12,742 [main] DEBUG c.p.b.e.r.s.MlEvaluationCreator.create - creating MlEvaluation. 322,40001,3T,561,wk1,B1
2025-12-28 23:36:12,743 [main] DEBUG c.p.b.e.r.s.MlEvaluationCreator.create - creating MlEvaluation. 322,40001,3T,612,wk1,A1
2025-12-28 23:36:12,745 [main] DEBUG c.p.b.e.r.s.MlEvaluationCreator.create - creating MlEvaluation. 322,40001,3T,612,wk1,A2
2025-12-28 23:36:12,747 [main] DEBUG c.p.b.e.r.s.MlEvaluationCreator.create - creating MlEvaluation. 322,40001,3T,612,wk1,B1
2025-12-28 23:36:12,749 [main] DEBUG c.p.b.e.r.s.MlEvaluationCreator.create - creating MlEvaluation. 322,40001,3T,612,wk1,B2
2025-12-28 23:36:12,750 [main] DEBUG c.p.b.e.r.s.MlEvaluationCreator.create - creating MlEvaluation. 322,40001,3T,613,wk1,A1
2025-12-28 23:36:12,752 [main] DEBUG c.p.b.e.r.s.MlEvaluationCreator.create - creating MlEvaluation. 322,40001,3T,613,wk1,A2
2025-12-28 23:36:12,754 [main] DEBUG c.p.b.e.r.s.MlEvaluationCreator.create - creating MlEvaluation. 322,40001,3T,613,wk1,B1
2025-12-28 23:36:12,758 [main] DEBUG c.p.b.e.r.s.MlEvaluationCreator.create - creating MlEvaluation. 322,40001,3T,613,wk1,B2
2025-12-28 23:36:12,758 [main] DEBUG c.p.b.e.r.s.MlEvaluationCreator.create - creating MlEvaluation. 322,40001,3T,614,wk1,A1
2025-12-28 23:36:12,760 [main] DEBUG c.p.b.e.r.s.MlEvaluationCreator.create - creating MlEvaluation. 322,40001,3T,614,wk1,A2
2025-12-28 23:36:12,762 [main] INFO  c.p.b.e.r.g.ResultGraphBuilder.save - graph saved. C:/Dev/experiment/expr10/result//38-1-rnk-no-sg/1T/1_1T_4_wk1_B1_40001_38-1-rnk-no-sg_-119_1.04_7.9.png
2025-12-28 23:36:12,762 [main] DEBUG c.p.b.e.r.s.MlEvaluationCreator.create - creating MlEvaluation. 322,40001,3T,614,wk1,B1
2025-12-28 23:36:12,764 [main] DEBUG c.p.b.e.r.s.MlEvaluationCreator.create - creating MlEvaluation. 322,40001,3T,615,wk1,A2
2025-12-28 23:36:12,767 [main] DEBUG c.p.b.e.r.s.MlEvaluationCreator.create - creating MlEvaluation. 322,40001,3T,615,wk1,B1
2025-12-28 23:36:12,769 [main] DEBUG c.p.b.e.r.s.MlEvaluationCreator.create - creating MlEvaluation. 322,40001,3T,621,wk1,A2
2025-12-28 23:36:12,772 [main] DEBUG c.p.b.e.r.s.MlEvaluationCreator.create - creating MlEvaluation. 322,40001,3T,621,wk1,B1
2025-12-28 23:36:12,774 [main] DEBUG c.p.b.e.r.s.MlEvaluationCreator.create - creating MlEvaluation. 322,40001,3T,621,wk1,B2
2025-12-28 23:36:12,775 [main] DEBUG c.p.b.e.r.s.MlEvaluationCreator.create - creating MlEvaluation. 322,40001,3T,623,wk1,B1
2025-12-28 23:36:12,776 [main] DEBUG c.p.b.e.r.s.MlEvaluationCreator.create - creating MlEvaluation. 322,40001,3T,623,wk1,B2
2025-12-28 23:36:12,776 [main] DEBUG c.p.b.e.r.s.MlEvaluationCreator.create - creating MlEvaluation. 322,40001,3T,624,wk1,B1
2025-12-28 23:36:12,777 [main] DEBUG c.p.b.e.r.s.MlEvaluationCreator.create - creating MlEvaluation. 322,40001,3T,625,wk1,B1
2025-12-28 23:36:12,777 [main] DEBUG c.p.b.e.r.s.MlEvaluationCreator.create - creating MlEvaluation. 322,40001,3T,631,wk1,A2
2025-12-28 23:36:12,779 [main] DEBUG c.p.b.e.r.s.MlEvaluationCreator.create - creating MlEvaluation. 322,40001,3T,631,wk1,B1
2025-12-28 23:36:12,782 [main] DEBUG c.p.b.e.r.s.MlEvaluationCreator.create - creating MlEvaluation. 322,40001,3T,632,wk1,B1
2025-12-28 23:36:12,782 [main] DEBUG c.p.b.e.r.s.MlEvaluationCreator.create - creating MlEvaluation. 322,40001,3T,632,wk1,B2
2025-12-28 23:36:12,783 [main] DEBUG c.p.b.e.r.s.MlEvaluationCreator.create - creating MlEvaluation. 322,40001,3T,641,wk1,B1
2025-12-28 23:36:12,785 [main] DEBUG c.p.b.e.r.s.MlEvaluationCreator.create - creating MlEvaluation. 322,40001,3T,641,wk1,B2
2025-12-28 23:36:12,785 [main] DEBUG c.p.b.e.r.s.MlEvaluationCreator.create - creating MlEvaluation. 322,40001,3T,651,wk1,A2
2025-12-28 23:36:12,786 [main] DEBUG c.p.b.e.r.s.MlEvaluationCreator.create - creating MlEvaluation. 322,40001,3T,652,wk1,B1
2025-12-28 23:36:13,069 [main] INFO  c.p.b.e.r.g.ResultGraphBuilder.save - graph saved. C:/Dev/experiment/expr10/result//38-1-rnk-no-sg/1T/1_1T_4_wk1_B2_40001_38-1-rnk-no-sg_-20_0.07_0.5.png
2025-12-28 23:36:13,455 [main] INFO  c.p.b.e.r.g.ResultGraphBuilder.save - graph saved. C:/Dev/experiment/expr10/result//38-1-rnk-no-sg/1T/1_1T_5_wk1_A1_40001_38-1-rnk-no-sg_-164_0.09_3.1.png
2025-12-28 23:36:13,622 [main] INFO  c.p.b.e.r.g.ResultGraphBuilder.save - graph saved. C:/Dev/experiment/expr10/result//38-2-rnk-no-sg/1T/1_1T_1_wk1_A1_40001_38-2-rnk-no-sg_-33_1.13_2.1.png
2025-12-28 23:36:13,772 [main] INFO  c.p.b.e.r.g.ResultGraphBuilder.save - graph saved. C:/Dev/experiment/expr10/result//38-1-rnk-no-sg/1T/1_1T_5_wk1_A2_40001_38-1-rnk-no-sg_-134_0.18_3.1.png
2025-12-28 23:36:14,070 [main] INFO  c.p.b.e.r.g.ResultGraphBuilder.save - graph saved. C:/Dev/experiment/expr10/result//38-2-rnk-no-sg/1T/1_1T_1_wk1_A2_40001_38-2-rnk-no-sg_-116_2.03_4.7.png
2025-12-28 23:36:14,082 [main] INFO  c.p.b.e.r.g.ResultGraphBuilder.save - graph saved. C:/Dev/experiment/expr10/result//38-1-rnk-no-sg/1T/1_1T_5_wk1_B1_40001_38-1-rnk-no-sg_-37_0.58_5.8.png
2025-12-28 23:36:14,379 [main] INFO  c.p.b.e.r.g.ResultGraphBuilder.save - graph saved. C:/Dev/experiment/expr10/result//38-1-rnk-no-sg/1T/1_1T_5_wk1_B2_40001_38-1-rnk-no-sg_-21_0.03_0.4.png
2025-12-28 23:36:14,483 [main] INFO  c.p.b.e.r.g.ResultGraphBuilder.save - graph saved. C:/Dev/experiment/expr10/result//38-2-rnk-no-sg/1T/1_1T_1_wk1_B1_40001_38-2-rnk-no-sg_-138_2.9_9.3.png
2025-12-28 23:36:14,694 [main] INFO  c.p.b.e.r.g.ResultGraphBuilder.save - graph saved. C:/Dev/experiment/expr10/result//38-1-rnk-no-sg/1T/1_1T_6_wk1_A1_40001_38-1-rnk-no-sg_-134_0.07_2.4.png
2025-12-28 23:36:14,795 [main] INFO  c.p.b.e.r.g.ResultGraphBuilder.save - graph saved. C:/Dev/experiment/expr10/result//38-2-rnk-no-sg/1T/1_1T_1_wk1_B2_40001_38-2-rnk-no-sg_-15_0.14_0.6.png
2025-12-28 23:36:14,984 [main] INFO  c.p.b.e.r.g.ResultGraphBuilder.save - graph saved. C:/Dev/experiment/expr10/result//38-1-rnk-no-sg/1T/1_1T_6_wk1_A2_40001_38-1-rnk-no-sg_-149_0.1_2.4.png
2025-12-28 23:36:15,126 [main] INFO  c.p.b.e.r.g.ResultGraphBuilder.save - graph saved. C:/Dev/experiment/expr10/result//38-2-rnk-no-sg/1T/1_1T_2_wk1_A1_40001_38-2-rnk-no-sg_-552_0.85_13.6.png
2025-12-28 23:36:15,329 [main] INFO  c.p.b.e.r.g.ResultGraphBuilder.save - graph saved. C:/Dev/experiment/expr10/result//38-1-rnk-no-sg/1T/1_1T_6_wk1_B1_40001_38-1-rnk-no-sg_-138_0.34_4.6.png
2025-12-28 23:36:15,445 [main] INFO  c.p.b.e.r.g.ResultGraphBuilder.save - graph saved. C:/Dev/experiment/expr10/result//38-2-rnk-no-sg/1T/1_1T_2_wk1_A2_40001_38-2-rnk-no-sg_-300_1.05_10.0.png
2025-12-28 23:36:15,606 [main] INFO  c.p.b.e.r.g.ResultGraphBuilder.save - graph saved. C:/Dev/experiment/expr10/result//38-1-rnk-no-sg/1T/1_1T_6_wk1_B2_40001_38-1-rnk-no-sg_-15_0.02_0.3.png
2025-12-28 23:36:15,745 [main] INFO  c.p.b.e.r.g.ResultGraphBuilder.save - graph saved. C:/Dev/experiment/expr10/result//38-2-rnk-no-sg/1T/1_1T_2_wk1_B1_40001_38-2-rnk-no-sg_-256_1.75_11.0.png
2025-12-28 23:36:15,908 [main] INFO  c.p.b.e.r.g.ResultGraphBuilder.save - graph saved. C:/Dev/experiment/expr10/result//38-1-rnk-no-sg/2F/1_2F_12_wk1_A1_40001_38-1-rnk-no-sg_-136_2.13_10.6.png
2025-12-28 23:36:16,054 [main] INFO  c.p.b.e.r.g.ResultGraphBuilder.save - graph saved. C:/Dev/experiment/expr10/result//38-2-rnk-no-sg/1T/1_1T_2_wk1_B2_40001_38-2-rnk-no-sg_-17_0.09_0.5.png
2025-12-28 23:36:16,221 [main] INFO  c.p.b.e.r.g.ResultGraphBuilder.save - graph saved. C:/Dev/experiment/expr10/result//38-1-rnk-no-sg/2F/1_2F_12_wk1_A2_40001_38-1-rnk-no-sg_-161_1.82_10.7.png
2025-12-28 23:36:16,364 [main] INFO  c.p.b.e.r.g.ResultGraphBuilder.save - graph saved. C:/Dev/experiment/expr10/result//38-2-rnk-no-sg/1T/1_1T_3_wk1_A1_40001_38-2-rnk-no-sg_-285_0.64_9.3.png
2025-12-28 23:36:16,509 [main] INFO  c.p.b.e.r.g.ResultGraphBuilder.save - graph saved. C:/Dev/experiment/expr10/result//38-1-rnk-no-sg/2F/1_2F_12_wk1_B1_40001_38-1-rnk-no-sg_-48_2.19_12.0.png
2025-12-28 23:36:16,671 [main] INFO  c.p.b.e.r.g.ResultGraphBuilder.save - graph saved. C:/Dev/experiment/expr10/result//38-2-rnk-no-sg/1T/1_1T_3_wk1_A2_40001_38-2-rnk-no-sg_-231_0.75_7.3.png
2025-12-28 23:36:16,808 [main] INFO  c.p.b.e.r.g.ResultGraphBuilder.save - graph saved. C:/Dev/experiment/expr10/result//38-1-rnk-no-sg/2F/1_2F_12_wk1_B2_40001_38-1-rnk-no-sg_3_0.18_0.9.png
2025-12-28 23:36:16,975 [main] INFO  c.p.b.e.r.g.ResultGraphBuilder.save - graph saved. C:/Dev/experiment/expr10/result//38-2-rnk-no-sg/1T/1_1T_3_wk1_B1_40001_38-2-rnk-no-sg_-224_1.61_10.9.png
2025-12-28 23:36:17,128 [main] INFO  c.p.b.e.r.g.ResultGraphBuilder.save - graph saved. C:/Dev/experiment/expr10/result//38-1-rnk-no-sg/2F/1_2F_13_wk1_A1_40001_38-1-rnk-no-sg_-226_2.5_14.7.png
2025-12-28 23:36:17,289 [main] INFO  c.p.b.e.r.g.ResultGraphBuilder.save - graph saved. C:/Dev/experiment/expr10/result//38-2-rnk-no-sg/1T/1_1T_3_wk1_B2_40001_38-2-rnk-no-sg_-6_0.07_0.5.png
2025-12-28 23:36:17,420 [main] INFO  c.p.b.e.r.g.ResultGraphBuilder.save - graph saved. C:/Dev/experiment/expr10/result//38-1-rnk-no-sg/2F/1_2F_13_wk1_A2_40001_38-1-rnk-no-sg_-97_1.78_11.6.png
2025-12-28 23:36:17,582 [main] INFO  c.p.b.e.r.g.ResultGraphBuilder.save - graph saved. C:/Dev/experiment/expr10/result//38-2-rnk-no-sg/1T/1_1T_4_wk1_A1_40001_38-2-rnk-no-sg_-293_0.35_6.7.png
2025-12-28 23:36:17,708 [main] INFO  c.p.b.e.r.g.ResultGraphBuilder.save - graph saved. C:/Dev/experiment/expr10/result//38-1-rnk-no-sg/2F/1_2F_13_wk1_B1_40001_38-1-rnk-no-sg_-136_1.78_13.4.png
2025-12-28 23:36:17,870 [main] INFO  c.p.b.e.r.g.ResultGraphBuilder.save - graph saved. C:/Dev/experiment/expr10/result//38-2-rnk-no-sg/1T/1_1T_4_wk1_A2_40001_38-2-rnk-no-sg_-214_0.46_5.5.png
2025-12-28 23:36:18,007 [main] INFO  c.p.b.e.r.g.ResultGraphBuilder.save - graph saved. C:/Dev/experiment/expr10/result//38-1-rnk-no-sg/2F/1_2F_13_wk1_B2_40001_38-1-rnk-no-sg_0_0.13_0.9.png
2025-12-28 23:36:18,165 [main] INFO  c.p.b.e.r.g.ResultGraphBuilder.save - graph saved. C:/Dev/experiment/expr10/result//38-2-rnk-no-sg/1T/1_1T_4_wk1_B1_40001_38-2-rnk-no-sg_-236_1.0_9.2.png
2025-12-28 23:36:18,310 [main] INFO  c.p.b.e.r.g.ResultGraphBuilder.save - graph saved. C:/Dev/experiment/expr10/result//38-1-rnk-no-sg/2F/1_2F_14_wk1_A1_40001_38-1-rnk-no-sg_-583_2.62_21.5.png
2025-12-28 23:36:18,499 [main] INFO  c.p.b.e.r.g.ResultGraphBuilder.save - graph saved. C:/Dev/experiment/expr10/result//38-2-rnk-no-sg/1T/1_1T_4_wk1_B2_40001_38-2-rnk-no-sg_-10_0.06_0.6.png
2025-12-28 23:36:18,648 [main] INFO  c.p.b.e.r.g.ResultGraphBuilder.save - graph saved. C:/Dev/experiment/expr10/result//38-1-rnk-no-sg/2F/1_2F_14_wk1_A2_40001_38-1-rnk-no-sg_-297_1.9_16.1.png
2025-12-28 23:36:18,798 [main] INFO  c.p.b.e.r.g.ResultGraphBuilder.save - graph saved. C:/Dev/experiment/expr10/result//38-2-rnk-no-sg/1T/1_1T_5_wk1_A1_40001_38-2-rnk-no-sg_-107_0.15_3.7.png
2025-12-28 23:36:18,936 [main] INFO  c.p.b.e.r.g.ResultGraphBuilder.save - graph saved. C:/Dev/experiment/expr10/result//38-1-rnk-no-sg/2F/1_2F_14_wk1_B1_40001_38-1-rnk-no-sg_-307_1.81_17.8.png
2025-12-28 23:36:19,080 [main] INFO  c.p.b.e.r.g.ResultGraphBuilder.save - graph saved. C:/Dev/experiment/expr10/result//38-2-rnk-no-sg/1T/1_1T_5_wk1_A2_40001_38-2-rnk-no-sg_-125_0.21_3.4.png
2025-12-28 23:36:19,221 [main] INFO  c.p.b.e.r.g.ResultGraphBuilder.save - graph saved. C:/Dev/experiment/expr10/result//38-1-rnk-no-sg/2F/1_2F_14_wk1_B2_40001_38-1-rnk-no-sg_-27_0.12_1.2.png
2025-12-28 23:36:19,370 [main] INFO  c.p.b.e.r.g.ResultGraphBuilder.save - graph saved. C:/Dev/experiment/expr10/result//38-2-rnk-no-sg/1T/1_1T_5_wk1_B1_40001_38-2-rnk-no-sg_-144_0.6_6.5.png
2025-12-28 23:36:19,508 [main] INFO  c.p.b.e.r.g.ResultGraphBuilder.save - graph saved. C:/Dev/experiment/expr10/result//38-1-rnk-no-sg/2F/1_2F_15_wk1_A1_40001_38-1-rnk-no-sg_-208_1.65_19.9.png
2025-12-28 23:36:19,649 [main] INFO  c.p.b.e.r.g.ResultGraphBuilder.save - graph saved. C:/Dev/experiment/expr10/result//38-2-rnk-no-sg/1T/1_1T_5_wk1_B2_40001_38-2-rnk-no-sg_-8_0.03_0.3.png
2025-12-28 23:36:19,797 [main] INFO  c.p.b.e.r.g.ResultGraphBuilder.save - graph saved. C:/Dev/experiment/expr10/result//38-1-rnk-no-sg/2F/1_2F_15_wk1_A2_40001_38-1-rnk-no-sg_-172_1.3_15.4.png
2025-12-28 23:36:19,933 [main] INFO  c.p.b.e.r.g.ResultGraphBuilder.save - graph saved. C:/Dev/experiment/expr10/result//38-2-rnk-no-sg/1T/1_1T_6_wk1_A1_40001_38-2-rnk-no-sg_-191_0.05_2.7.png
2025-12-28 23:36:20,086 [main] INFO  c.p.b.e.r.g.ResultGraphBuilder.save - graph saved. C:/Dev/experiment/expr10/result//38-1-rnk-no-sg/2F/1_2F_15_wk1_B1_40001_38-1-rnk-no-sg_-216_1.05_13.4.png
2025-12-28 23:36:20,227 [main] INFO  c.p.b.e.r.g.ResultGraphBuilder.save - graph saved. C:/Dev/experiment/expr10/result//38-2-rnk-no-sg/1T/1_1T_6_wk1_A2_40001_38-2-rnk-no-sg_-182_0.09_2.8.png
2025-12-28 23:36:20,459 [main] INFO  c.p.b.e.r.g.ResultGraphBuilder.save - graph saved. C:/Dev/experiment/expr10/result//38-1-rnk-no-sg/2F/1_2F_15_wk1_B2_40001_38-1-rnk-no-sg_-35_0.05_0.7.png
2025-12-28 23:36:20,669 [main] INFO  c.p.b.e.r.g.ResultGraphBuilder.save - graph saved. C:/Dev/experiment/expr10/result//38-2-rnk-no-sg/1T/1_1T_6_wk1_B1_40001_38-2-rnk-no-sg_-222_0.32_5.5.png
2025-12-28 23:36:20,850 [main] INFO  c.p.b.e.r.g.ResultGraphBuilder.save - graph saved. C:/Dev/experiment/expr10/result//38-1-rnk-no-sg/2F/1_2F_16_wk1_A1_40001_38-1-rnk-no-sg_-649_0.88_19.5.png
2025-12-28 23:36:20,976 [main] INFO  c.p.b.e.r.g.ResultGraphBuilder.save - graph saved. C:/Dev/experiment/expr10/result//38-2-rnk-no-sg/1T/1_1T_6_wk1_B2_40001_38-2-rnk-no-sg_-27_0.01_0.3.png
2025-12-28 23:36:21,150 [main] INFO  c.p.b.e.r.g.ResultGraphBuilder.save - graph saved. C:/Dev/experiment/expr10/result//38-1-rnk-no-sg/2F/1_2F_16_wk1_A2_40001_38-1-rnk-no-sg_-300_0.77_13.3.png
2025-12-28 23:36:21,284 [main] INFO  c.p.b.e.r.g.ResultGraphBuilder.save - graph saved. C:/Dev/experiment/expr10/result//38-2-rnk-no-sg/2F/1_2F_12_wk1_A1_40001_38-2-rnk-no-sg_-159_2.0_10.4.png
2025-12-28 23:36:21,450 [main] INFO  c.p.b.e.r.g.ResultGraphBuilder.save - graph saved. C:/Dev/experiment/expr10/result//38-1-rnk-no-sg/2F/1_2F_16_wk1_B1_40001_38-1-rnk-no-sg_-91_0.73_10.5.png
2025-12-28 23:36:21,574 [main] INFO  c.p.b.e.r.g.ResultGraphBuilder.save - graph saved. C:/Dev/experiment/expr10/result//38-2-rnk-no-sg/2F/1_2F_12_wk1_A2_40001_38-2-rnk-no-sg_-200_1.68_10.4.png
2025-12-28 23:36:21,733 [main] INFO  c.p.b.e.r.g.ResultGraphBuilder.save - graph saved. C:/Dev/experiment/expr10/result//38-1-rnk-no-sg/2F/1_2F_16_wk1_B2_40001_38-1-rnk-no-sg_-17_0.04_0.6.png
2025-12-28 23:36:21,862 [main] INFO  c.p.b.e.r.g.ResultGraphBuilder.save - graph saved. C:/Dev/experiment/expr10/result//38-2-rnk-no-sg/2F/1_2F_12_wk1_B1_40001_38-2-rnk-no-sg_-123_1.99_12.4.png
2025-12-28 23:36:22,007 [main] INFO  c.p.b.e.r.g.ResultGraphBuilder.save - graph saved. C:/Dev/experiment/expr10/result//38-1-rnk-no-sg/2F/1_2F_23_wk1_A1_40001_38-1-rnk-no-sg_8_0.01_0.3.png
2025-12-28 23:36:22,160 [main] INFO  c.p.b.e.r.g.ResultGraphBuilder.save - graph saved. C:/Dev/experiment/expr10/result//38-2-rnk-no-sg/2F/1_2F_12_wk1_B2_40001_38-2-rnk-no-sg_-33_0.09_0.9.png
2025-12-28 23:36:22,328 [main] INFO  c.p.b.e.r.g.ResultGraphBuilder.save - graph saved. C:/Dev/experiment/expr10/result//38-1-rnk-no-sg/2F/1_2F_23_wk1_A2_40001_38-1-rnk-no-sg_-58_0.07_1.5.png
2025-12-28 23:36:22,450 [main] INFO  c.p.b.e.r.g.ResultGraphBuilder.save - graph saved. C:/Dev/experiment/expr10/result//38-2-rnk-no-sg/2F/1_2F_13_wk1_A1_40001_38-2-rnk-no-sg_-273_2.2_14.3.png
2025-12-28 23:36:22,614 [main] INFO  c.p.b.e.r.g.ResultGraphBuilder.save - graph saved. C:/Dev/experiment/expr10/result//38-1-rnk-no-sg/2F/1_2F_23_wk1_B1_40001_38-1-rnk-no-sg_-2_0.76_8.0.png
2025-12-28 23:36:22,739 [main] INFO  c.p.b.e.r.g.ResultGraphBuilder.save - graph saved. C:/Dev/experiment/expr10/result//38-2-rnk-no-sg/2F/1_2F_13_wk1_A2_40001_38-2-rnk-no-sg_-215_1.57_11.9.png
2025-12-28 23:36:22,893 [main] INFO  c.p.b.e.r.g.ResultGraphBuilder.save - graph saved. C:/Dev/experiment/expr10/result//38-1-rnk-no-sg/2F/1_2F_23_wk1_B2_40001_38-1-rnk-no-sg_-2_0.06_0.4.png
2025-12-28 23:36:23,024 [main] INFO  c.p.b.e.r.g.ResultGraphBuilder.save - graph saved. C:/Dev/experiment/expr10/result//38-2-rnk-no-sg/2F/1_2F_13_wk1_B1_40001_38-2-rnk-no-sg_-153_1.79_14.3.png
2025-12-28 23:36:23,157 [main] INFO  c.p.b.e.r.g.ResultGraphBuilder.save - graph saved. C:/Dev/experiment/expr10/result//38-1-rnk-no-sg/2F/1_2F_24_wk1_A1_40001_38-1-rnk-no-sg_-10_0.0_0.1.png
2025-12-28 23:36:23,309 [main] INFO  c.p.b.e.r.g.ResultGraphBuilder.save - graph saved. C:/Dev/experiment/expr10/result//38-2-rnk-no-sg/2F/1_2F_13_wk1_B2_40001_38-2-rnk-no-sg_-9_0.11_0.9.png
2025-12-28 23:36:23,441 [main] INFO  c.p.b.e.r.g.ResultGraphBuilder.save - graph saved. C:/Dev/experiment/expr10/result//38-1-rnk-no-sg/2F/1_2F_24_wk1_A2_40001_38-1-rnk-no-sg_-15_0.06_1.1.png
2025-12-28 23:36:23,602 [main] INFO  c.p.b.e.r.g.ResultGraphBuilder.save - graph saved. C:/Dev/experiment/expr10/result//38-2-rnk-no-sg/2F/1_2F_14_wk1_A1_40001_38-2-rnk-no-sg_-514_2.55_21.7.png
2025-12-28 23:36:23,743 [main] INFO  c.p.b.e.r.g.ResultGraphBuilder.save - graph saved. C:/Dev/experiment/expr10/result//38-1-rnk-no-sg/2F/1_2F_24_wk1_B1_40001_38-1-rnk-no-sg_-57_0.5_6.8.png
2025-12-28 23:36:23,906 [main] INFO  c.p.b.e.r.g.ResultGraphBuilder.save - graph saved. C:/Dev/experiment/expr10/result//38-2-rnk-no-sg/2F/1_2F_14_wk1_A2_40001_38-2-rnk-no-sg_-317_1.74_16.3.png
2025-12-28 23:36:24,034 [main] INFO  c.p.b.e.r.g.ResultGraphBuilder.save - graph saved. C:/Dev/experiment/expr10/result//38-1-rnk-no-sg/2F/1_2F_24_wk1_B2_40001_38-1-rnk-no-sg_-12_0.04_0.5.png
2025-12-28 23:36:24,192 [main] INFO  c.p.b.e.r.g.ResultGraphBuilder.save - graph saved. C:/Dev/experiment/expr10/result//38-2-rnk-no-sg/2F/1_2F_14_wk1_B1_40001_38-2-rnk-no-sg_-384_1.74_19.0.png
2025-12-28 23:36:24,403 [main] INFO  c.p.b.e.r.g.ResultGraphBuilder.save - graph saved. C:/Dev/experiment/expr10/result//38-1-rnk-no-sg/2F/1_2F_25_wk1_A1_40001_38-1-rnk-no-sg_-6_0.0_0.0.png
2025-12-28 23:36:24,732 [main] INFO  c.p.b.e.r.g.ResultGraphBuilder.save - graph saved. C:/Dev/experiment/expr10/result//38-2-rnk-no-sg/2F/1_2F_14_wk1_B2_40001_38-2-rnk-no-sg_6_0.13_1.1.png
2025-12-28 23:36:24,936 [main] INFO  c.p.b.e.r.g.ResultGraphBuilder.save - graph saved. C:/Dev/experiment/expr10/result//38-1-rnk-no-sg/2F/1_2F_25_wk1_A2_40001_38-1-rnk-no-sg_22_0.01_0.4.png
2025-12-28 23:36:25,072 [main] INFO  c.p.b.e.r.g.ResultGraphBuilder.save - graph saved. C:/Dev/experiment/expr10/result//38-2-rnk-no-sg/2F/1_2F_15_wk1_A1_40001_38-2-rnk-no-sg_-459_1.43_20.0.png
2025-12-28 23:36:25,249 [main] INFO  c.p.b.e.r.g.ResultGraphBuilder.save - graph saved. C:/Dev/experiment/expr10/result//38-1-rnk-no-sg/2F/1_2F_25_wk1_B1_40001_38-1-rnk-no-sg_7_0.22_3.4.png
2025-12-28 23:36:25,374 [main] INFO  c.p.b.e.r.g.ResultGraphBuilder.save - graph saved. C:/Dev/experiment/expr10/result//38-2-rnk-no-sg/2F/1_2F_15_wk1_A2_40001_38-2-rnk-no-sg_-276_1.16_15.1.png
2025-12-28 23:36:25,527 [main] INFO  c.p.b.e.r.g.ResultGraphBuilder.save - graph saved. C:/Dev/experiment/expr10/result//38-1-rnk-no-sg/2F/1_2F_25_wk1_B2_40001_38-1-rnk-no-sg_-9_0.01_0.2.png
2025-12-28 23:36:25,766 [main] INFO  c.p.b.e.r.g.ResultGraphBuilder.save - graph saved. C:/Dev/experiment/expr10/result//38-2-rnk-no-sg/2F/1_2F_15_wk1_B1_40001_38-2-rnk-no-sg_-202_1.02_14.1.png
2025-12-28 23:36:25,851 [main] INFO  c.p.b.e.r.g.ResultGraphBuilder.save - graph saved. C:/Dev/experiment/expr10/result//38-1-rnk-no-sg/2F/1_2F_26_wk1_A1_40001_38-1-rnk-no-sg_8_0.0_0.0.png
2025-12-28 23:36:26,078 [main] INFO  c.p.b.e.r.g.ResultGraphBuilder.save - graph saved. C:/Dev/experiment/expr10/result//38-2-rnk-no-sg/2F/1_2F_15_wk1_B2_40001_38-2-rnk-no-sg_-9_0.05_0.7.png
2025-12-28 23:36:26,170 [main] INFO  c.p.b.e.r.g.ResultGraphBuilder.save - graph saved. C:/Dev/experiment/expr10/result//38-1-rnk-no-sg/2F/1_2F_26_wk1_A2_40001_38-1-rnk-no-sg_-3_0.01_0.2.png
2025-12-28 23:36:26,382 [main] INFO  c.p.b.e.r.g.ResultGraphBuilder.save - graph saved. C:/Dev/experiment/expr10/result//38-2-rnk-no-sg/2F/1_2F_16_wk1_A1_40001_38-2-rnk-no-sg_-722_0.9_21.5.png
2025-12-28 23:36:26,475 [main] INFO  c.p.b.e.r.g.ResultGraphBuilder.save - graph saved. C:/Dev/experiment/expr10/result//38-1-rnk-no-sg/2F/1_2F_26_wk1_B1_40001_38-1-rnk-no-sg_-34_0.15_2.7.png
2025-12-28 23:36:26,664 [main] INFO  c.p.b.e.r.g.ResultGraphBuilder.save - graph saved. C:/Dev/experiment/expr10/result//38-2-rnk-no-sg/2F/1_2F_16_wk1_A2_40001_38-2-rnk-no-sg_-436_0.65_13.5.png
2025-12-28 23:36:26,749 [main] INFO  c.p.b.e.r.g.ResultGraphBuilder.save - graph saved. C:/Dev/experiment/expr10/result//38-1-rnk-no-sg/2F/1_2F_26_wk1_B2_40001_38-1-rnk-no-sg_-7_0.01_0.2.png
2025-12-28 23:36:26,955 [main] INFO  c.p.b.e.r.g.ResultGraphBuilder.save - graph saved. C:/Dev/experiment/expr10/result//38-2-rnk-no-sg/2F/1_2F_16_wk1_B1_40001_38-2-rnk-no-sg_-201_0.7_11.7.png
2025-12-28 23:36:27,021 [main] INFO  c.p.b.e.r.g.ResultGraphBuilder.save - graph saved. C:/Dev/experiment/expr10/result//38-1-rnk-no-sg/2F/1_2F_34_wk1_A1_40001_38-1-rnk-no-sg_11_0.0_0.0.png
2025-12-28 23:36:27,244 [main] INFO  c.p.b.e.r.g.ResultGraphBuilder.save - graph saved. C:/Dev/experiment/expr10/result//38-2-rnk-no-sg/2F/1_2F_16_wk1_B2_40001_38-2-rnk-no-sg_-8_0.04_0.5.png
2025-12-28 23:36:27,305 [main] INFO  c.p.b.e.r.g.ResultGraphBuilder.save - graph saved. C:/Dev/experiment/expr10/result//38-1-rnk-no-sg/2F/1_2F_34_wk1_A2_40001_38-1-rnk-no-sg_-2_0.02_0.4.png
2025-12-28 23:36:27,556 [main] INFO  c.p.b.e.r.g.ResultGraphBuilder.save - graph saved. C:/Dev/experiment/expr10/result//38-2-rnk-no-sg/2F/1_2F_23_wk1_A1_40001_38-2-rnk-no-sg_-21_0.01_0.5.png
2025-12-28 23:36:27,629 [main] INFO  c.p.b.e.r.g.ResultGraphBuilder.save - graph saved. C:/Dev/experiment/expr10/result//38-1-rnk-no-sg/2F/1_2F_34_wk1_B1_40001_38-1-rnk-no-sg_-71_0.25_3.6.png
2025-12-28 23:36:27,868 [main] INFO  c.p.b.e.r.g.ResultGraphBuilder.save - graph saved. C:/Dev/experiment/expr10/result//38-2-rnk-no-sg/2F/1_2F_23_wk1_A2_40001_38-2-rnk-no-sg_-27_0.11_1.8.png
2025-12-28 23:36:27,931 [main] INFO  c.p.b.e.r.g.ResultGraphBuilder.save - graph saved. C:/Dev/experiment/expr10/result//38-1-rnk-no-sg/2F/1_2F_34_wk1_B2_40001_38-1-rnk-no-sg_-12_0.01_0.2.png
2025-12-28 23:36:28,170 [main] INFO  c.p.b.e.r.g.ResultGraphBuilder.save - graph saved. C:/Dev/experiment/expr10/result//38-1-rnk-no-sg/2F/1_2F_35_wk1_A1_40001_38-1-rnk-no-sg_-1_0.0_0.0.png
2025-12-28 23:36:28,186 [main] INFO  c.p.b.e.r.g.ResultGraphBuilder.save - graph saved. C:/Dev/experiment/expr10/result//38-2-rnk-no-sg/2F/1_2F_23_wk1_B1_40001_38-2-rnk-no-sg_-193_0.55_8.2.png
2025-12-28 23:36:28,440 [main] INFO  c.p.b.e.r.g.ResultGraphBuilder.save - graph saved. C:/Dev/experiment/expr10/result//38-1-rnk-no-sg/2F/1_2F_35_wk1_A2_40001_38-1-rnk-no-sg_-7_0.0_0.1.png
2025-12-28 23:36:28,473 [main] INFO  c.p.b.e.r.g.ResultGraphBuilder.save - graph saved. C:/Dev/experiment/expr10/result//38-2-rnk-no-sg/2F/1_2F_23_wk1_B2_40001_38-2-rnk-no-sg_-10_0.03_0.3.png
2025-12-28 23:36:28,721 [main] INFO  c.p.b.e.r.g.ResultGraphBuilder.save - graph saved. C:/Dev/experiment/expr10/result//38-1-rnk-no-sg/2F/1_2F_35_wk1_B1_40001_38-1-rnk-no-sg_-46_0.1_1.7.png
2025-12-28 23:36:28,749 [main] INFO  c.p.b.e.r.g.ResultGraphBuilder.save - graph saved. C:/Dev/experiment/expr10/result//38-2-rnk-no-sg/2F/1_2F_24_wk1_A1_40001_38-2-rnk-no-sg_3_0.01_0.3.png
2025-12-28 23:36:28,995 [main] INFO  c.p.b.e.r.g.ResultGraphBuilder.save - graph saved. C:/Dev/experiment/expr10/result//38-1-rnk-no-sg/2F/1_2F_35_wk1_B2_40001_38-1-rnk-no-sg_-2_0.01_0.1.png
2025-12-28 23:36:29,028 [main] INFO  c.p.b.e.r.g.ResultGraphBuilder.save - graph saved. C:/Dev/experiment/expr10/result//38-2-rnk-no-sg/2F/1_2F_24_wk1_A2_40001_38-2-rnk-no-sg_-23_0.05_1.3.png
2025-12-28 23:36:29,299 [main] INFO  c.p.b.e.r.g.ResultGraphBuilder.save - graph saved. C:/Dev/experiment/expr10/result//38-1-rnk-no-sg/2F/1_2F_36_wk1_A2_40001_38-1-rnk-no-sg_10_0.01_0.1.png
2025-12-28 23:36:29,351 [main] INFO  c.p.b.e.r.g.ResultGraphBuilder.save - graph saved. C:/Dev/experiment/expr10/result//38-2-rnk-no-sg/2F/1_2F_24_wk1_B1_40001_38-2-rnk-no-sg_-118_0.4_6.7.png
2025-12-28 23:36:29,583 [main] INFO  c.p.b.e.r.g.ResultGraphBuilder.save - graph saved. C:/Dev/experiment/expr10/result//38-1-rnk-no-sg/2F/1_2F_36_wk1_B1_40001_38-1-rnk-no-sg_-18_0.07_1.2.png
2025-12-28 23:36:29,634 [main] INFO  c.p.b.e.r.g.ResultGraphBuilder.save - graph saved. C:/Dev/experiment/expr10/result//38-2-rnk-no-sg/2F/1_2F_24_wk1_B2_40001_38-2-rnk-no-sg_1_0.02_0.3.png
2025-12-28 23:36:29,864 [main] INFO  c.p.b.e.r.g.ResultGraphBuilder.save - graph saved. C:/Dev/experiment/expr10/result//38-1-rnk-no-sg/2F/1_2F_36_wk1_B2_40001_38-1-rnk-no-sg_12_0.01_0.1.png
2025-12-28 23:36:29,902 [main] INFO  c.p.b.e.r.g.ResultGraphBuilder.save - graph saved. C:/Dev/experiment/expr10/result//38-2-rnk-no-sg/2F/1_2F_25_wk1_A1_40001_38-2-rnk-no-sg_-12_0.0_0.1.png
2025-12-28 23:36:30,119 [main] INFO  c.p.b.e.r.g.ResultGraphBuilder.save - graph saved. C:/Dev/experiment/expr10/result//38-1-rnk-no-sg/2F/1_2F_45_wk1_A2_40001_38-1-rnk-no-sg_-6_0.0_0.0.png
2025-12-28 23:36:30,178 [main] INFO  c.p.b.e.r.g.ResultGraphBuilder.save - graph saved. C:/Dev/experiment/expr10/result//38-2-rnk-no-sg/2F/1_2F_25_wk1_A2_40001_38-2-rnk-no-sg_9_0.01_0.5.png
2025-12-28 23:36:30,400 [main] INFO  c.p.b.e.r.g.ResultGraphBuilder.save - graph saved. C:/Dev/experiment/expr10/result//38-1-rnk-no-sg/2F/1_2F_45_wk1_B1_40001_38-1-rnk-no-sg_-1_0.04_0.7.png
2025-12-28 23:36:30,466 [main] INFO  c.p.b.e.r.g.ResultGraphBuilder.save - graph saved. C:/Dev/experiment/expr10/result//38-2-rnk-no-sg/2F/1_2F_25_wk1_B1_40001_38-2-rnk-no-sg_-101_0.17_3.5.png
2025-12-28 23:36:30,686 [main] INFO  c.p.b.e.r.g.ResultGraphBuilder.save - graph saved. C:/Dev/experiment/expr10/result//38-1-rnk-no-sg/2F/1_2F_45_wk1_B2_40001_38-1-rnk-no-sg_0_0.01_0.1.png
2025-12-28 23:36:30,752 [main] INFO  c.p.b.e.r.g.ResultGraphBuilder.save - graph saved. C:/Dev/experiment/expr10/result//38-2-rnk-no-sg/2F/1_2F_25_wk1_B2_40001_38-2-rnk-no-sg_-14_0.0_0.1.png
2025-12-28 23:36:30,945 [main] INFO  c.p.b.e.r.g.ResultGraphBuilder.save - graph saved. C:/Dev/experiment/expr10/result//38-1-rnk-no-sg/2F/1_2F_46_wk1_A2_40001_38-1-rnk-no-sg_-4_0.0_0.0.png
2025-12-28 23:36:30,999 [main] INFO  c.p.b.e.r.g.ResultGraphBuilder.save - graph saved. C:/Dev/experiment/expr10/result//38-2-rnk-no-sg/2F/1_2F_26_wk1_A1_40001_38-2-rnk-no-sg_-3_0.0_0.0.png
2025-12-28 23:36:31,255 [main] INFO  c.p.b.e.r.g.ResultGraphBuilder.save - graph saved. C:/Dev/experiment/expr10/result//38-1-rnk-no-sg/2F/1_2F_46_wk1_B1_40001_38-1-rnk-no-sg_3_0.03_0.5.png
2025-12-28 23:36:31,305 [main] INFO  c.p.b.e.r.g.ResultGraphBuilder.save - graph saved. C:/Dev/experiment/expr10/result//38-2-rnk-no-sg/2F/1_2F_26_wk1_A2_40001_38-2-rnk-no-sg_-20_0.0_0.2.png
2025-12-28 23:36:31,647 [main] INFO  c.p.b.e.r.g.ResultGraphBuilder.save - graph saved. C:/Dev/experiment/expr10/result//38-1-rnk-no-sg/2F/1_2F_46_wk1_B2_40001_38-1-rnk-no-sg_4_0.0_0.0.png
2025-12-28 23:36:31,859 [main] INFO  c.p.b.e.r.g.ResultGraphBuilder.save - graph saved. C:/Dev/experiment/expr10/result//38-2-rnk-no-sg/2F/1_2F_26_wk1_B1_40001_38-2-rnk-no-sg_-97_0.1_2.5.png
2025-12-28 23:36:32,016 [main] INFO  c.p.b.e.r.g.ResultGraphBuilder.save - graph saved. C:/Dev/experiment/expr10/result//38-1-rnk-no-sg/2F/1_2F_56_wk1_A2_40001_38-1-rnk-no-sg_-1_0.0_0.0.png
2025-12-28 23:36:32,151 [main] INFO  c.p.b.e.r.g.ResultGraphBuilder.save - graph saved. C:/Dev/experiment/expr10/result//38-2-rnk-no-sg/2F/1_2F_26_wk1_B2_40001_38-2-rnk-no-sg_8_0.0_0.1.png
2025-12-28 23:36:32,329 [main] INFO  c.p.b.e.r.g.ResultGraphBuilder.save - graph saved. C:/Dev/experiment/expr10/result//38-1-rnk-no-sg/2F/1_2F_56_wk1_B1_40001_38-1-rnk-no-sg_-2_0.01_0.2.png
2025-12-28 23:36:32,425 [main] INFO  c.p.b.e.r.g.ResultGraphBuilder.save - graph saved. C:/Dev/experiment/expr10/result//38-2-rnk-no-sg/2F/1_2F_34_wk1_A1_40001_38-2-rnk-no-sg_-16_0.0_0.1.png
2025-12-28 23:36:32,575 [main] INFO  c.p.b.e.r.g.ResultGraphBuilder.save - graph saved. C:/Dev/experiment/expr10/result//38-1-rnk-no-sg/2F/1_2F_56_wk1_B2_40001_38-1-rnk-no-sg_0_0.0_0.0.png
2025-12-28 23:36:32,709 [main] INFO  c.p.b.e.r.g.ResultGraphBuilder.save - graph saved. C:/Dev/experiment/expr10/result//38-2-rnk-no-sg/2F/1_2F_34_wk1_A2_40001_38-2-rnk-no-sg_-48_0.01_0.6.png
2025-12-28 23:36:32,860 [main] INFO  c.p.b.e.r.g.ResultGraphBuilder.save - graph saved. C:/Dev/experiment/expr10/result//38-1-rnk-no-sg/2T/1_2T_12_wk1_A1_40001_38-1-rnk-no-sg_-106_0.94_6.7.png
2025-12-28 23:36:32,991 [main] INFO  c.p.b.e.r.g.ResultGraphBuilder.save - graph saved. C:/Dev/experiment/expr10/result//38-2-rnk-no-sg/2F/1_2F_34_wk1_B1_40001_38-2-rnk-no-sg_-44_0.25_4.1.png
2025-12-28 23:36:33,145 [main] INFO  c.p.b.e.r.g.ResultGraphBuilder.save - graph saved. C:/Dev/experiment/expr10/result//38-1-rnk-no-sg/2T/1_2T_12_wk1_A2_40001_38-1-rnk-no-sg_-131_0.84_7.3.png
2025-12-28 23:36:33,269 [main] INFO  c.p.b.e.r.g.ResultGraphBuilder.save - graph saved. C:/Dev/experiment/expr10/result//38-2-rnk-no-sg/2F/1_2F_34_wk1_B2_40001_38-2-rnk-no-sg_-5_0.01_0.2.png
2025-12-28 23:36:33,519 [main] INFO  c.p.b.e.r.g.ResultGraphBuilder.save - graph saved. C:/Dev/experiment/expr10/result//38-1-rnk-no-sg/2T/1_2T_12_wk1_B1_40001_38-1-rnk-no-sg_-52_0.92_8.3.png
2025-12-28 23:36:33,576 [main] INFO  c.p.b.e.r.g.ResultGraphBuilder.save - graph saved. C:/Dev/experiment/expr10/result//38-2-rnk-no-sg/2F/1_2F_35_wk1_A1_40001_38-2-rnk-no-sg_-4_0.0_0.0.png
2025-12-28 23:36:33,803 [main] INFO  c.p.b.e.r.g.ResultGraphBuilder.save - graph saved. C:/Dev/experiment/expr10/result//38-1-rnk-no-sg/2T/1_2T_12_wk1_B2_40001_38-1-rnk-no-sg_-7_0.06_0.6.png
2025-12-28 23:36:33,853 [main] INFO  c.p.b.e.r.g.ResultGraphBuilder.save - graph saved. C:/Dev/experiment/expr10/result//38-2-rnk-no-sg/2F/1_2F_35_wk1_A2_40001_38-2-rnk-no-sg_0_0.0_0.2.png
2025-12-28 23:36:34,099 [main] INFO  c.p.b.e.r.g.ResultGraphBuilder.save - graph saved. C:/Dev/experiment/expr10/result//38-1-rnk-no-sg/2T/1_2T_13_wk1_A1_40001_38-1-rnk-no-sg_-111_1.16_9.3.png
2025-12-28 23:36:34,150 [main] INFO  c.p.b.e.r.g.ResultGraphBuilder.save - graph saved. C:/Dev/experiment/expr10/result//38-2-rnk-no-sg/2F/1_2F_35_wk1_B1_40001_38-2-rnk-no-sg_-42_0.07_1.7.png
2025-12-28 23:36:34,389 [main] INFO  c.p.b.e.r.g.ResultGraphBuilder.save - graph saved. C:/Dev/experiment/expr10/result//38-1-rnk-no-sg/2T/1_2T_13_wk1_A2_40001_38-1-rnk-no-sg_-106_0.86_8.2.png
2025-12-28 23:36:34,432 [main] INFO  c.p.b.e.r.g.ResultGraphBuilder.save - graph saved. C:/Dev/experiment/expr10/result//38-2-rnk-no-sg/2F/1_2F_35_wk1_B2_40001_38-2-rnk-no-sg_-5_0.0_0.1.png
2025-12-28 23:36:34,684 [main] INFO  c.p.b.e.r.g.ResultGraphBuilder.save - graph saved. C:/Dev/experiment/expr10/result//38-1-rnk-no-sg/2T/1_2T_13_wk1_B1_40001_38-1-rnk-no-sg_-81_0.79_8.1.png
2025-12-28 23:36:34,692 [main] INFO  c.p.b.e.r.g.ResultGraphBuilder.save - graph saved. C:/Dev/experiment/expr10/result//38-2-rnk-no-sg/2F/1_2F_36_wk1_A1_40001_38-2-rnk-no-sg_5_0.0_0.0.png
2025-12-28 23:36:34,961 [main] INFO  c.p.b.e.r.g.ResultGraphBuilder.save - graph saved. C:/Dev/experiment/expr10/result//38-1-rnk-no-sg/2T/1_2T_13_wk1_B2_40001_38-1-rnk-no-sg_-25_0.03_0.5.png
2025-12-28 23:36:34,965 [main] INFO  c.p.b.e.r.g.ResultGraphBuilder.save - graph saved. C:/Dev/experiment/expr10/result//38-2-rnk-no-sg/2F/1_2F_36_wk1_A2_40001_38-2-rnk-no-sg_-12_0.0_0.1.png
2025-12-28 23:36:35,278 [main] INFO  c.p.b.e.r.g.ResultGraphBuilder.save - graph saved. C:/Dev/experiment/expr10/result//38-1-rnk-no-sg/2T/1_2T_14_wk1_A1_40001_38-1-rnk-no-sg_-477_1.39_16.4.png
2025-12-28 23:36:35,280 [main] INFO  c.p.b.e.r.g.ResultGraphBuilder.save - graph saved. C:/Dev/experiment/expr10/result//38-2-rnk-no-sg/2F/1_2F_36_wk1_B1_40001_38-2-rnk-no-sg_-32_0.06_1.3.png
2025-12-28 23:36:35,546 [main] INFO  c.p.b.e.r.g.ResultGraphBuilder.save - graph saved. C:/Dev/experiment/expr10/result//38-2-rnk-no-sg/2F/1_2F_36_wk1_B2_40001_38-2-rnk-no-sg_-5_0.0_0.1.png
2025-12-28 23:36:35,563 [main] INFO  c.p.b.e.r.g.ResultGraphBuilder.save - graph saved. C:/Dev/experiment/expr10/result//38-1-rnk-no-sg/2T/1_2T_14_wk1_A2_40001_38-1-rnk-no-sg_-196_1.05_12.5.png
2025-12-28 23:36:35,809 [main] INFO  c.p.b.e.r.g.ResultGraphBuilder.save - graph saved. C:/Dev/experiment/expr10/result//38-2-rnk-no-sg/2F/1_2F_45_wk1_A2_40001_38-2-rnk-no-sg_5_0.0_0.0.png
2025-12-28 23:36:35,846 [main] INFO  c.p.b.e.r.g.ResultGraphBuilder.save - graph saved. C:/Dev/experiment/expr10/result//38-1-rnk-no-sg/2T/1_2T_14_wk1_B1_40001_38-1-rnk-no-sg_-94_0.83_10.3.png
2025-12-28 23:36:36,093 [main] INFO  c.p.b.e.r.g.ResultGraphBuilder.save - graph saved. C:/Dev/experiment/expr10/result//38-2-rnk-no-sg/2F/1_2F_45_wk1_B1_40001_38-2-rnk-no-sg_0_0.06_0.8.png
2025-12-28 23:36:36,138 [main] INFO  c.p.b.e.r.g.ResultGraphBuilder.save - graph saved. C:/Dev/experiment/expr10/result//38-1-rnk-no-sg/2T/1_2T_14_wk1_B2_40001_38-1-rnk-no-sg_-19_0.04_0.6.png
2025-12-28 23:36:36,381 [main] INFO  c.p.b.e.r.g.ResultGraphBuilder.save - graph saved. C:/Dev/experiment/expr10/result//38-2-rnk-no-sg/2F/1_2F_45_wk1_B2_40001_38-2-rnk-no-sg_5_0.0_0.0.png
2025-12-28 23:36:36,455 [main] INFO  c.p.b.e.r.g.ResultGraphBuilder.save - graph saved. C:/Dev/experiment/expr10/result//38-1-rnk-no-sg/2T/1_2T_15_wk1_A1_40001_38-1-rnk-no-sg_-395_1.28_21.4.png
2025-12-28 23:36:36,625 [main] INFO  c.p.b.e.r.g.ResultGraphBuilder.save - graph saved. C:/Dev/experiment/expr10/result//38-2-rnk-no-sg/2F/1_2F_46_wk1_A1_40001_38-2-rnk-no-sg_-1_0.0_0.0.png
2025-12-28 23:36:36,752 [main] INFO  c.p.b.e.r.g.ResultGraphBuilder.save - graph saved. C:/Dev/experiment/expr10/result//38-1-rnk-no-sg/2T/1_2T_15_wk1_A2_40001_38-1-rnk-no-sg_-99_0.89_13.6.png
2025-12-28 23:36:36,901 [main] INFO  c.p.b.e.r.g.ResultGraphBuilder.save - graph saved. C:/Dev/experiment/expr10/result//38-2-rnk-no-sg/2F/1_2F_46_wk1_A2_40001_38-2-rnk-no-sg_-7_0.0_0.0.png
2025-12-28 23:36:37,132 [main] INFO  c.p.b.e.r.g.ResultGraphBuilder.save - graph saved. C:/Dev/experiment/expr10/result//38-1-rnk-no-sg/2T/1_2T_15_wk1_B1_40001_38-1-rnk-no-sg_-142_0.47_7.1.png
2025-12-28 23:36:37,339 [main] INFO  c.p.b.e.r.g.ResultGraphBuilder.save - graph saved. C:/Dev/experiment/expr10/result//38-2-rnk-no-sg/2F/1_2F_46_wk1_B1_40001_38-2-rnk-no-sg_-17_0.02_0.6.png
2025-12-28 23:36:37,526 [main] INFO  c.p.b.e.r.g.ResultGraphBuilder.save - graph saved. C:/Dev/experiment/expr10/result//38-1-rnk-no-sg/2T/1_2T_15_wk1_B2_40001_38-1-rnk-no-sg_-27_0.01_0.5.png
2025-12-28 23:36:37,753 [main] INFO  c.p.b.e.r.g.ResultGraphBuilder.save - graph saved. C:/Dev/experiment/expr10/result//38-2-rnk-no-sg/2F/1_2F_46_wk1_B2_40001_38-2-rnk-no-sg_4_0.0_0.0.png
2025-12-28 23:36:37,814 [main] INFO  c.p.b.e.r.g.ResultGraphBuilder.save - graph saved. C:/Dev/experiment/expr10/result//38-1-rnk-no-sg/2T/1_2T_16_wk1_A1_40001_38-1-rnk-no-sg_-461_0.93_22.8.png
2025-12-28 23:36:38,019 [main] INFO  c.p.b.e.r.g.ResultGraphBuilder.save - graph saved. C:/Dev/experiment/expr10/result//38-2-rnk-no-sg/2F/1_2F_56_wk1_A2_40001_38-2-rnk-no-sg_-2_0.0_0.0.png
2025-12-28 23:36:38,111 [main] INFO  c.p.b.e.r.g.ResultGraphBuilder.save - graph saved. C:/Dev/experiment/expr10/result//38-1-rnk-no-sg/2T/1_2T_16_wk1_A2_40001_38-1-rnk-no-sg_-89_0.68_11.2.png
2025-12-28 23:36:38,321 [main] INFO  c.p.b.e.r.g.ResultGraphBuilder.save - graph saved. C:/Dev/experiment/expr10/result//38-2-rnk-no-sg/2F/1_2F_56_wk1_B1_40001_38-2-rnk-no-sg_-15_0.0_0.1.png
2025-12-28 23:36:38,436 [main] INFO  c.p.b.e.r.g.ResultGraphBuilder.save - graph saved. C:/Dev/experiment/expr10/result//38-1-rnk-no-sg/2T/1_2T_16_wk1_B1_40001_38-1-rnk-no-sg_-8_0.35_5.7.png
2025-12-28 23:36:38,547 [main] INFO  c.p.b.e.r.g.ResultGraphBuilder.save - graph saved. C:/Dev/experiment/expr10/result//38-2-rnk-no-sg/2F/1_2F_56_wk1_B2_40001_38-2-rnk-no-sg_-1_0.0_0.0.png
2025-12-28 23:36:38,721 [main] INFO  c.p.b.e.r.g.ResultGraphBuilder.save - graph saved. C:/Dev/experiment/expr10/result//38-1-rnk-no-sg/2T/1_2T_16_wk1_B2_40001_38-1-rnk-no-sg_10_0.03_0.3.png
2025-12-28 23:36:38,838 [main] INFO  c.p.b.e.r.g.ResultGraphBuilder.save - graph saved. C:/Dev/experiment/expr10/result//38-2-rnk-no-sg/2T/1_2T_12_wk1_A1_40001_38-2-rnk-no-sg_-93_0.78_6.0.png
2025-12-28 23:36:39,009 [main] INFO  c.p.b.e.r.g.ResultGraphBuilder.save - graph saved. C:/Dev/experiment/expr10/result//38-1-rnk-no-sg/2T/1_2T_21_wk1_A1_40001_38-1-rnk-no-sg_-803_0.98_25.7.png
2025-12-28 23:36:39,126 [main] INFO  c.p.b.e.r.g.ResultGraphBuilder.save - graph saved. C:/Dev/experiment/expr10/result//38-2-rnk-no-sg/2T/1_2T_12_wk1_A2_40001_38-2-rnk-no-sg_-121_0.75_6.9.png
2025-12-28 23:36:39,297 [main] INFO  c.p.b.e.r.g.ResultGraphBuilder.save - graph saved. C:/Dev/experiment/expr10/result//38-1-rnk-no-sg/2T/1_2T_21_wk1_A2_40001_38-1-rnk-no-sg_-332_0.85_17.0.png
2025-12-28 23:36:39,413 [main] INFO  c.p.b.e.r.g.ResultGraphBuilder.save - graph saved. C:/Dev/experiment/expr10/result//38-2-rnk-no-sg/2T/1_2T_12_wk1_B1_40001_38-2-rnk-no-sg_-86_0.85_8.3.png
2025-12-28 23:36:39,588 [main] INFO  c.p.b.e.r.g.ResultGraphBuilder.save - graph saved. C:/Dev/experiment/expr10/result//38-1-rnk-no-sg/2T/1_2T_21_wk1_B1_40001_38-1-rnk-no-sg_-177_1.17_15.7.png
2025-12-28 23:36:39,697 [main] INFO  c.p.b.e.r.g.ResultGraphBuilder.save - graph saved. C:/Dev/experiment/expr10/result//38-2-rnk-no-sg/2T/1_2T_12_wk1_B2_40001_38-2-rnk-no-sg_-27_0.04_0.6.png
2025-12-28 23:36:39,868 [main] INFO  c.p.b.e.r.g.ResultGraphBuilder.save - graph saved. C:/Dev/experiment/expr10/result//38-1-rnk-no-sg/2T/1_2T_21_wk1_B2_40001_38-1-rnk-no-sg_-24_0.06_1.1.png
2025-12-28 23:36:39,983 [main] INFO  c.p.b.e.r.g.ResultGraphBuilder.save - graph saved. C:/Dev/experiment/expr10/result//38-2-rnk-no-sg/2T/1_2T_13_wk1_A1_40001_38-2-rnk-no-sg_-182_0.9_8.5.png
2025-12-28 23:36:40,140 [main] INFO  c.p.b.e.r.g.ResultGraphBuilder.save - graph saved. C:/Dev/experiment/expr10/result//38-1-rnk-no-sg/2T/1_2T_23_wk1_A1_40001_38-1-rnk-no-sg_-10_0.0_0.1.png
2025-12-28 23:36:40,274 [main] INFO  c.p.b.e.r.g.ResultGraphBuilder.save - graph saved. C:/Dev/experiment/expr10/result//38-2-rnk-no-sg/2T/1_2T_13_wk1_A2_40001_38-2-rnk-no-sg_-217_0.7_8.4.png
2025-12-28 23:36:40,416 [main] INFO  c.p.b.e.r.g.ResultGraphBuilder.save - graph saved. C:/Dev/experiment/expr10/result//38-1-rnk-no-sg/2T/1_2T_23_wk1_A2_40001_38-1-rnk-no-sg_2_0.02_0.6.png
2025-12-28 23:36:40,559 [main] INFO  c.p.b.e.r.g.ResultGraphBuilder.save - graph saved. C:/Dev/experiment/expr10/result//38-2-rnk-no-sg/2T/1_2T_13_wk1_B1_40001_38-2-rnk-no-sg_-124_0.68_8.1.png
2025-12-28 23:36:40,701 [main] INFO  c.p.b.e.r.g.ResultGraphBuilder.save - graph saved. C:/Dev/experiment/expr10/result//38-1-rnk-no-sg/2T/1_2T_23_wk1_B1_40001_38-1-rnk-no-sg_18_0.22_3.6.png
2025-12-28 23:36:40,847 [main] INFO  c.p.b.e.r.g.ResultGraphBuilder.save - graph saved. C:/Dev/experiment/expr10/result//38-2-rnk-no-sg/2T/1_2T_13_wk1_B2_40001_38-2-rnk-no-sg_1_0.04_0.5.png
2025-12-28 23:36:41,001 [main] INFO  c.p.b.e.r.g.ResultGraphBuilder.save - graph saved. C:/Dev/experiment/expr10/result//38-1-rnk-no-sg/2T/1_2T_23_wk1_B2_40001_38-1-rnk-no-sg_2_0.01_0.2.png
2025-12-28 23:36:41,214 [main] INFO  c.p.b.e.r.g.ResultGraphBuilder.save - graph saved. C:/Dev/experiment/expr10/result//38-2-rnk-no-sg/2T/1_2T_14_wk1_A1_40001_38-2-rnk-no-sg_-392_1.32_16.0.png
2025-12-28 23:36:41,323 [main] INFO  c.p.b.e.r.g.ResultGraphBuilder.save - graph saved. C:/Dev/experiment/expr10/result//38-1-rnk-no-sg/2T/1_2T_24_wk1_A1_40001_38-1-rnk-no-sg_-5_0.0_0.0.png
2025-12-28 23:36:41,524 [main] INFO  c.p.b.e.r.g.ResultGraphBuilder.save - graph saved. C:/Dev/experiment/expr10/result//38-2-rnk-no-sg/2T/1_2T_14_wk1_A2_40001_38-2-rnk-no-sg_-250_0.98_12.6.png
2025-12-28 23:36:41,614 [main] INFO  c.p.b.e.r.g.ResultGraphBuilder.save - graph saved. C:/Dev/experiment/expr10/result//38-1-rnk-no-sg/2T/1_2T_24_wk1_A2_40001_38-1-rnk-no-sg_-5_0.01_0.4.png
2025-12-28 23:36:41,813 [main] INFO  c.p.b.e.r.g.ResultGraphBuilder.save - graph saved. C:/Dev/experiment/expr10/result//38-2-rnk-no-sg/2T/1_2T_14_wk1_B1_40001_38-2-rnk-no-sg_-170_0.71_10.4.png
2025-12-28 23:36:41,904 [main] INFO  c.p.b.e.r.g.ResultGraphBuilder.save - graph saved. C:/Dev/experiment/expr10/result//38-1-rnk-no-sg/2T/1_2T_24_wk1_B1_40001_38-1-rnk-no-sg_-21_0.1_2.2.png
2025-12-28 23:36:42,096 [main] INFO  c.p.b.e.r.g.ResultGraphBuilder.save - graph saved. C:/Dev/experiment/expr10/result//38-2-rnk-no-sg/2T/1_2T_14_wk1_B2_40001_38-2-rnk-no-sg_14_0.06_0.5.png
2025-12-28 23:36:42,196 [main] INFO  c.p.b.e.r.g.ResultGraphBuilder.save - graph saved. C:/Dev/experiment/expr10/result//38-1-rnk-no-sg/2T/1_2T_24_wk1_B2_40001_38-1-rnk-no-sg_1_0.01_0.1.png
2025-12-28 23:36:42,417 [main] INFO  c.p.b.e.r.g.ResultGraphBuilder.save - graph saved. C:/Dev/experiment/expr10/result//38-2-rnk-no-sg/2T/1_2T_15_wk1_A1_40001_38-2-rnk-no-sg_-503_1.11_20.7.png
2025-12-28 23:36:42,490 [main] INFO  c.p.b.e.r.g.ResultGraphBuilder.save - graph saved. C:/Dev/experiment/expr10/result//38-1-rnk-no-sg/2T/1_2T_25_wk1_A2_40001_38-1-rnk-no-sg_2_0.0_0.1.png
2025-12-28 23:36:42,734 [main] INFO  c.p.b.e.r.g.ResultGraphBuilder.save - graph saved. C:/Dev/experiment/expr10/result//38-2-rnk-no-sg/2T/1_2T_15_wk1_A2_40001_38-2-rnk-no-sg_-133_0.8_12.8.png
2025-12-28 23:36:42,790 [main] INFO  c.p.b.e.r.g.ResultGraphBuilder.save - graph saved. C:/Dev/experiment/expr10/result//38-1-rnk-no-sg/2T/1_2T_25_wk1_B1_40001_38-1-rnk-no-sg_-18_0.04_0.9.png
2025-12-28 23:36:43,025 [main] INFO  c.p.b.e.r.g.ResultGraphBuilder.save - graph saved. C:/Dev/experiment/expr10/result//38-2-rnk-no-sg/2T/1_2T_15_wk1_B1_40001_38-2-rnk-no-sg_-25_0.46_6.9.png
2025-12-28 23:36:43,048 [main] INFO  c.p.b.e.r.g.ResultGraphBuilder.save - graph saved. C:/Dev/experiment/expr10/result//38-1-rnk-no-sg/2T/1_2T_25_wk1_B2_40001_38-1-rnk-no-sg_-1_0.0_0.0.png
2025-12-28 23:36:43,306 [main] INFO  c.p.b.e.r.g.ResultGraphBuilder.save - graph saved. C:/Dev/experiment/expr10/result//38-2-rnk-no-sg/2T/1_2T_15_wk1_B2_40001_38-2-rnk-no-sg_1_0.02_0.3.png
2025-12-28 23:36:43,308 [main] INFO  c.p.b.e.r.g.ResultGraphBuilder.save - graph saved. C:/Dev/experiment/expr10/result//38-1-rnk-no-sg/2T/1_2T_26_wk1_A2_40001_38-1-rnk-no-sg_-6_0.0_0.0.png
2025-12-28 23:36:43,583 [main] INFO  c.p.b.e.r.g.ResultGraphBuilder.save - graph saved. C:/Dev/experiment/expr10/result//38-1-rnk-no-sg/2T/1_2T_26_wk1_B1_40001_38-1-rnk-no-sg_-11_0.02_0.7.png
2025-12-28 23:36:43,587 [main] INFO  c.p.b.e.r.g.ResultGraphBuilder.save - graph saved. C:/Dev/experiment/expr10/result//38-2-rnk-no-sg/2T/1_2T_16_wk1_A1_40001_38-2-rnk-no-sg_-584_0.84_22.7.png
2025-12-28 23:36:43,835 [main] INFO  c.p.b.e.r.g.ResultGraphBuilder.save - graph saved. C:/Dev/experiment/expr10/result//38-1-rnk-no-sg/2T/1_2T_26_wk1_B2_40001_38-1-rnk-no-sg_0_0.0_0.0.png
2025-12-28 23:36:43,876 [main] INFO  c.p.b.e.r.g.ResultGraphBuilder.save - graph saved. C:/Dev/experiment/expr10/result//38-2-rnk-no-sg/2T/1_2T_16_wk1_A2_40001_38-2-rnk-no-sg_-342_0.48_10.6.png
2025-12-28 23:36:44,157 [main] INFO  c.p.b.e.r.g.ResultGraphBuilder.save - graph saved. C:/Dev/experiment/expr10/result//38-1-rnk-no-sg/2T/1_2T_31_wk1_A1_40001_38-1-rnk-no-sg_-814_0.61_21.4.png
2025-12-28 23:36:44,195 [main] INFO  c.p.b.e.r.g.ResultGraphBuilder.save - graph saved. C:/Dev/experiment/expr10/result//38-2-rnk-no-sg/2T/1_2T_16_wk1_B1_40001_38-2-rnk-no-sg_-26_0.3_5.4.png
2025-12-28 23:36:44,472 [main] INFO  c.p.b.e.r.g.ResultGraphBuilder.save - graph saved. C:/Dev/experiment/expr10/result//38-1-rnk-no-sg/2T/1_2T_31_wk1_A2_40001_38-1-rnk-no-sg_-363_0.56_13.3.png
2025-12-28 23:36:44,498 [main] INFO  c.p.b.e.r.g.ResultGraphBuilder.save - graph saved. C:/Dev/experiment/expr10/result//38-2-rnk-no-sg/2T/1_2T_16_wk1_B2_40001_38-2-rnk-no-sg_-5_0.01_0.2.png
2025-12-28 23:36:44,768 [main] INFO  c.p.b.e.r.g.ResultGraphBuilder.save - graph saved. C:/Dev/experiment/expr10/result//38-1-rnk-no-sg/2T/1_2T_31_wk1_B1_40001_38-1-rnk-no-sg_-326_0.64_12.1.png
2025-12-28 23:36:44,794 [main] INFO  c.p.b.e.r.g.ResultGraphBuilder.save - graph saved. C:/Dev/experiment/expr10/result//38-2-rnk-no-sg/2T/1_2T_21_wk1_A1_40001_38-2-rnk-no-sg_-963_0.89_26.7.png
2025-12-28 23:36:45,048 [main] INFO  c.p.b.e.r.g.ResultGraphBuilder.save - graph saved. C:/Dev/experiment/expr10/result//38-1-rnk-no-sg/2T/1_2T_31_wk1_B2_40001_38-1-rnk-no-sg_5_0.06_0.8.png
2025-12-28 23:36:45,082 [main] INFO  c.p.b.e.r.g.ResultGraphBuilder.save - graph saved. C:/Dev/experiment/expr10/result//38-2-rnk-no-sg/2T/1_2T_21_wk1_A2_40001_38-2-rnk-no-sg_-478_0.74_16.4.png
2025-12-28 23:36:45,307 [main] INFO  c.p.b.e.r.g.ResultGraphBuilder.save - graph saved. C:/Dev/experiment/expr10/result//38-1-rnk-no-sg/2T/1_2T_32_wk1_A1_40001_38-1-rnk-no-sg_-12_0.0_0.1.png
2025-12-28 23:36:45,368 [main] INFO  c.p.b.e.r.g.ResultGraphBuilder.save - graph saved. C:/Dev/experiment/expr10/result//38-2-rnk-no-sg/2T/1_2T_21_wk1_B1_40001_38-2-rnk-no-sg_-240_0.91_14.3.png
2025-12-28 23:36:45,585 [main] INFO  c.p.b.e.r.g.ResultGraphBuilder.save - graph saved. C:/Dev/experiment/expr10/result//38-1-rnk-no-sg/2T/1_2T_32_wk1_A2_40001_38-1-rnk-no-sg_-4_0.03_0.8.png
2025-12-28 23:36:45,642 [main] INFO  c.p.b.e.r.g.ResultGraphBuilder.save - graph saved. C:/Dev/experiment/expr10/result//38-2-rnk-no-sg/2T/1_2T_21_wk1_B2_40001_38-2-rnk-no-sg_-35_0.05_0.9.png
2025-12-28 23:36:45,871 [main] INFO  c.p.b.e.r.g.ResultGraphBuilder.save - graph saved. C:/Dev/experiment/expr10/result//38-1-rnk-no-sg/2T/1_2T_32_wk1_B1_40001_38-1-rnk-no-sg_-19_0.32_5.4.png
2025-12-28 23:36:45,912 [main] INFO  c.p.b.e.r.g.ResultGraphBuilder.save - graph saved. C:/Dev/experiment/expr10/result//38-2-rnk-no-sg/2T/1_2T_23_wk1_A1_40001_38-2-rnk-no-sg_6_0.0_0.1.png
2025-12-28 23:36:46,152 [main] INFO  c.p.b.e.r.g.ResultGraphBuilder.save - graph saved. C:/Dev/experiment/expr10/result//38-1-rnk-no-sg/2T/1_2T_32_wk1_B2_40001_38-1-rnk-no-sg_10_0.03_0.3.png
2025-12-28 23:36:46,209 [main] INFO  c.p.b.e.r.g.ResultGraphBuilder.save - graph saved. C:/Dev/experiment/expr10/result//38-2-rnk-no-sg/2T/1_2T_23_wk1_A2_40001_38-2-rnk-no-sg_73_0.04_0.7.png
2025-12-28 23:36:46,403 [main] INFO  c.p.b.e.r.g.ResultGraphBuilder.save - graph saved. C:/Dev/experiment/expr10/result//38-1-rnk-no-sg/2T/1_2T_34_wk1_A1_40001_38-1-rnk-no-sg_0_0.0_0.0.png
2025-12-28 23:36:46,519 [main] INFO  c.p.b.e.r.g.ResultGraphBuilder.save - graph saved. C:/Dev/experiment/expr10/result//38-2-rnk-no-sg/2T/1_2T_23_wk1_B1_40001_38-2-rnk-no-sg_-103_0.13_3.1.png
2025-12-28 23:36:46,670 [main] INFO  c.p.b.e.r.g.ResultGraphBuilder.save - graph saved. C:/Dev/experiment/expr10/result//38-1-rnk-no-sg/2T/1_2T_34_wk1_A2_40001_38-1-rnk-no-sg_19_0.01_0.1.png
2025-12-28 23:36:46,816 [main] INFO  c.p.b.e.r.g.ResultGraphBuilder.save - graph saved. C:/Dev/experiment/expr10/result//38-2-rnk-no-sg/2T/1_2T_23_wk1_B2_40001_38-2-rnk-no-sg_-4_0.0_0.1.png
2025-12-28 23:36:46,993 [main] INFO  c.p.b.e.r.g.ResultGraphBuilder.save - graph saved. C:/Dev/experiment/expr10/result//38-1-rnk-no-sg/2T/1_2T_34_wk1_B1_40001_38-1-rnk-no-sg_-29_0.03_0.9.png
2025-12-28 23:36:47,082 [main] INFO  c.p.b.e.r.g.ResultGraphBuilder.save - graph saved. C:/Dev/experiment/expr10/result//38-2-rnk-no-sg/2T/1_2T_24_wk1_A1_40001_38-2-rnk-no-sg_3_0.0_0.0.png
2025-12-28 23:36:47,269 [main] INFO  c.p.b.e.r.g.ResultGraphBuilder.save - graph saved. C:/Dev/experiment/expr10/result//38-1-rnk-no-sg/2T/1_2T_34_wk1_B2_40001_38-1-rnk-no-sg_-2_0.0_0.0.png
2025-12-28 23:36:47,354 [main] INFO  c.p.b.e.r.g.ResultGraphBuilder.save - graph saved. C:/Dev/experiment/expr10/result//38-2-rnk-no-sg/2T/1_2T_24_wk1_A2_40001_38-2-rnk-no-sg_-15_0.01_0.4.png
2025-12-28 23:36:47,523 [main] INFO  c.p.b.e.r.g.ResultGraphBuilder.save - graph saved. C:/Dev/experiment/expr10/result//38-1-rnk-no-sg/2T/1_2T_35_wk1_A2_40001_38-1-rnk-no-sg_-3_0.0_0.0.png
2025-12-28 23:36:47,691 [main] INFO  c.p.b.e.r.g.ResultGraphBuilder.save - graph saved. C:/Dev/experiment/expr10/result//38-2-rnk-no-sg/2T/1_2T_24_wk1_B1_40001_38-2-rnk-no-sg_-81_0.07_2.0.png
2025-12-28 23:36:47,963 [main] INFO  c.p.b.e.r.g.ResultGraphBuilder.save - graph saved. C:/Dev/experiment/expr10/result//38-1-rnk-no-sg/2T/1_2T_35_wk1_B1_40001_38-1-rnk-no-sg_-12_0.01_0.3.png
2025-12-28 23:36:48,077 [main] INFO  c.p.b.e.r.g.ResultGraphBuilder.save - graph saved. C:/Dev/experiment/expr10/result//38-2-rnk-no-sg/2T/1_2T_24_wk1_B2_40001_38-2-rnk-no-sg_0_0.0_0.1.png
2025-12-28 23:36:48,214 [main] INFO  c.p.b.e.r.g.ResultGraphBuilder.save - graph saved. C:/Dev/experiment/expr10/result//38-1-rnk-no-sg/2T/1_2T_35_wk1_B2_40001_38-1-rnk-no-sg_10_0.0_0.0.png
2025-12-28 23:36:48,306 [main] INFO  c.p.b.e.r.g.ResultGraphBuilder.save - graph saved. C:/Dev/experiment/expr10/result//38-2-rnk-no-sg/2T/1_2T_25_wk1_A1_40001_38-2-rnk-no-sg_-1_0.0_0.0.png
2025-12-28 23:36:48,449 [main] INFO  c.p.b.e.r.g.ResultGraphBuilder.save - graph saved. C:/Dev/experiment/expr10/result//38-1-rnk-no-sg/2T/1_2T_36_wk1_A2_40001_38-1-rnk-no-sg_-2_0.0_0.0.png
2025-12-28 23:36:48,571 [main] INFO  c.p.b.e.r.g.ResultGraphBuilder.save - graph saved. C:/Dev/experiment/expr10/result//38-2-rnk-no-sg/2T/1_2T_25_wk1_A2_40001_38-2-rnk-no-sg_-7_0.0_0.1.png
2025-12-28 23:36:48,723 [main] INFO  c.p.b.e.r.g.ResultGraphBuilder.save - graph saved. C:/Dev/experiment/expr10/result//38-1-rnk-no-sg/2T/1_2T_36_wk1_B1_40001_38-1-rnk-no-sg_13_0.02_0.2.png
2025-12-28 23:36:48,852 [main] INFO  c.p.b.e.r.g.ResultGraphBuilder.save - graph saved. C:/Dev/experiment/expr10/result//38-2-rnk-no-sg/2T/1_2T_25_wk1_B1_40001_38-2-rnk-no-sg_0_0.04_0.8.png
2025-12-28 23:36:48,974 [main] INFO  c.p.b.e.r.g.ResultGraphBuilder.save - graph saved. C:/Dev/experiment/expr10/result//38-1-rnk-no-sg/2T/1_2T_36_wk1_B2_40001_38-1-rnk-no-sg_2_0.0_0.0.png
2025-12-28 23:36:49,100 [main] INFO  c.p.b.e.r.g.ResultGraphBuilder.save - graph saved. C:/Dev/experiment/expr10/result//38-2-rnk-no-sg/2T/1_2T_25_wk1_B2_40001_38-2-rnk-no-sg_6_0.0_0.0.png
2025-12-28 23:36:49,260 [main] INFO  c.p.b.e.r.g.ResultGraphBuilder.save - graph saved. C:/Dev/experiment/expr10/result//38-1-rnk-no-sg/2T/1_2T_41_wk1_A1_40001_38-1-rnk-no-sg_-658_0.43_17.7.png
2025-12-28 23:36:49,332 [main] INFO  c.p.b.e.r.g.ResultGraphBuilder.save - graph saved. C:/Dev/experiment/expr10/result//38-2-rnk-no-sg/2T/1_2T_26_wk1_A1_40001_38-2-rnk-no-sg_-1_0.0_0.0.png
2025-12-28 23:36:49,576 [main] INFO  c.p.b.e.r.g.ResultGraphBuilder.save - graph saved. C:/Dev/experiment/expr10/result//38-1-rnk-no-sg/2T/1_2T_41_wk1_A2_40001_38-1-rnk-no-sg_-271_0.43_11.1.png
2025-12-28 23:36:49,620 [main] INFO  c.p.b.e.r.g.ResultGraphBuilder.save - graph saved. C:/Dev/experiment/expr10/result//38-2-rnk-no-sg/2T/1_2T_26_wk1_A2_40001_38-2-rnk-no-sg_5_0.0_0.0.png
2025-12-28 23:36:49,865 [main] INFO  c.p.b.e.r.g.ResultGraphBuilder.save - graph saved. C:/Dev/experiment/expr10/result//38-1-rnk-no-sg/2T/1_2T_41_wk1_B1_40001_38-1-rnk-no-sg_-259_0.45_9.9.png
2025-12-28 23:36:49,902 [main] INFO  c.p.b.e.r.g.ResultGraphBuilder.save - graph saved. C:/Dev/experiment/expr10/result//38-2-rnk-no-sg/2T/1_2T_26_wk1_B1_40001_38-2-rnk-no-sg_-15_0.01_0.6.png
2025-12-28 23:36:50,145 [main] INFO  c.p.b.e.r.g.ResultGraphBuilder.save - graph saved. C:/Dev/experiment/expr10/result//38-1-rnk-no-sg/2T/1_2T_41_wk1_B2_40001_38-1-rnk-no-sg_-14_0.03_0.6.png
2025-12-28 23:36:50,151 [main] INFO  c.p.b.e.r.g.ResultGraphBuilder.save - graph saved. C:/Dev/experiment/expr10/result//38-2-rnk-no-sg/2T/1_2T_26_wk1_B2_40001_38-2-rnk-no-sg_-3_0.0_0.0.png
2025-12-28 23:36:50,389 [main] INFO  c.p.b.e.r.g.ResultGraphBuilder.save - graph saved. C:/Dev/experiment/expr10/result//38-1-rnk-no-sg/2T/1_2T_42_wk1_A1_40001_38-1-rnk-no-sg_9_0.0_0.0.png
2025-12-28 23:36:50,441 [main] INFO  c.p.b.e.r.g.ResultGraphBuilder.save - graph saved. C:/Dev/experiment/expr10/result//38-2-rnk-no-sg/2T/1_2T_31_wk1_A1_40001_38-2-rnk-no-sg_-656_0.81_23.8.png
2025-12-28 23:36:50,691 [main] INFO  c.p.b.e.r.g.ResultGraphBuilder.save - graph saved. C:/Dev/experiment/expr10/result//38-1-rnk-no-sg/2T/1_2T_42_wk1_A2_40001_38-1-rnk-no-sg_4_0.02_0.4.png
2025-12-28 23:36:50,759 [main] INFO  c.p.b.e.r.g.ResultGraphBuilder.save - graph saved. C:/Dev/experiment/expr10/result//38-2-rnk-no-sg/2T/1_2T_31_wk1_A2_40001_38-2-rnk-no-sg_-434_0.51_13.8.png
2025-12-28 23:36:50,979 [main] INFO  c.p.b.e.r.g.ResultGraphBuilder.save - graph saved. C:/Dev/experiment/expr10/result//38-1-rnk-no-sg/2T/1_2T_42_wk1_B1_40001_38-1-rnk-no-sg_-16_0.18_3.3.png
2025-12-28 23:36:51,052 [main] INFO  c.p.b.e.r.g.ResultGraphBuilder.save - graph saved. C:/Dev/experiment/expr10/result//38-2-rnk-no-sg/2T/1_2T_31_wk1_B1_40001_38-2-rnk-no-sg_-217_0.62_11.9.png
2025-12-28 23:36:51,269 [main] INFO  c.p.b.e.r.g.ResultGraphBuilder.save - graph saved. C:/Dev/experiment/expr10/result//38-1-rnk-no-sg/2T/1_2T_42_wk1_B2_40001_38-1-rnk-no-sg_-8_0.01_0.3.png
2025-12-28 23:36:51,373 [main] INFO  c.p.b.e.r.g.ResultGraphBuilder.save - graph saved. C:/Dev/experiment/expr10/result//38-2-rnk-no-sg/2T/1_2T_31_wk1_B2_40001_38-2-rnk-no-sg_-33_0.02_0.7.png
2025-12-28 23:36:51,527 [main] INFO  c.p.b.e.r.g.ResultGraphBuilder.save - graph saved. C:/Dev/experiment/expr10/result//38-1-rnk-no-sg/2T/1_2T_43_wk1_A1_40001_38-1-rnk-no-sg_-1_0.0_0.0.png
2025-12-28 23:36:51,650 [main] INFO  c.p.b.e.r.g.ResultGraphBuilder.save - graph saved. C:/Dev/experiment/expr10/result//38-2-rnk-no-sg/2T/1_2T_32_wk1_A1_40001_38-2-rnk-no-sg_-14_0.0_0.1.png
2025-12-28 23:36:51,805 [main] INFO  c.p.b.e.r.g.ResultGraphBuilder.save - graph saved. C:/Dev/experiment/expr10/result//38-1-rnk-no-sg/2T/1_2T_43_wk1_A2_40001_38-1-rnk-no-sg_-5_0.01_0.3.png
2025-12-28 23:36:51,930 [main] INFO  c.p.b.e.r.g.ResultGraphBuilder.save - graph saved. C:/Dev/experiment/expr10/result//38-2-rnk-no-sg/2T/1_2T_32_wk1_A2_40001_38-2-rnk-no-sg_-25_0.02_0.8.png
2025-12-28 23:36:52,086 [main] INFO  c.p.b.e.r.g.ResultGraphBuilder.save - graph saved. C:/Dev/experiment/expr10/result//38-1-rnk-no-sg/2T/1_2T_43_wk1_B1_40001_38-1-rnk-no-sg_15_0.1_2.0.png
2025-12-28 23:36:52,247 [main] INFO  c.p.b.e.r.g.ResultGraphBuilder.save - graph saved. C:/Dev/experiment/expr10/result//38-2-rnk-no-sg/2T/1_2T_32_wk1_B1_40001_38-2-rnk-no-sg_-79_0.21_4.5.png
2025-12-28 23:36:52,391 [main] INFO  c.p.b.e.r.g.ResultGraphBuilder.save - graph saved. C:/Dev/experiment/expr10/result//38-1-rnk-no-sg/2T/1_2T_43_wk1_B2_40001_38-1-rnk-no-sg_-9_0.0_0.2.png
2025-12-28 23:36:52,551 [main] INFO  c.p.b.e.r.g.ResultGraphBuilder.save - graph saved. C:/Dev/experiment/expr10/result//38-2-rnk-no-sg/2T/1_2T_32_wk1_B2_40001_38-2-rnk-no-sg_0_0.01_0.2.png
2025-12-28 23:36:52,621 [main] INFO  c.p.b.e.r.g.ResultGraphBuilder.save - graph saved. C:/Dev/experiment/expr10/result//38-1-rnk-no-sg/2T/1_2T_45_wk1_A2_40001_38-1-rnk-no-sg_-1_0.0_0.0.png
2025-12-28 23:36:52,774 [main] INFO  c.p.b.e.r.g.ResultGraphBuilder.save - graph saved. C:/Dev/experiment/expr10/result//38-2-rnk-no-sg/2T/1_2T_34_wk1_A1_40001_38-2-rnk-no-sg_-1_0.0_0.0.png
2025-12-28 23:36:52,887 [main] INFO  c.p.b.e.r.g.ResultGraphBuilder.save - graph saved. C:/Dev/experiment/expr10/result//38-1-rnk-no-sg/2T/1_2T_45_wk1_B1_40001_38-1-rnk-no-sg_-7_0.0_0.1.png
2025-12-28 23:36:53,044 [main] INFO  c.p.b.e.r.g.ResultGraphBuilder.save - graph saved. C:/Dev/experiment/expr10/result//38-2-rnk-no-sg/2T/1_2T_34_wk1_A2_40001_38-2-rnk-no-sg_13_0.01_0.1.png
2025-12-28 23:36:53,118 [main] INFO  c.p.b.e.r.g.ResultGraphBuilder.save - graph saved. C:/Dev/experiment/expr10/result//38-1-rnk-no-sg/2T/1_2T_45_wk1_B2_40001_38-1-rnk-no-sg_10_0.0_0.0.png
2025-12-28 23:36:53,456 [main] INFO  c.p.b.e.r.g.ResultGraphBuilder.save - graph saved. C:/Dev/experiment/expr10/result//38-2-rnk-no-sg/2T/1_2T_34_wk1_B1_40001_38-2-rnk-no-sg_-9_0.04_0.8.png
2025-12-28 23:36:53,510 [main] INFO  c.p.b.e.r.g.ResultGraphBuilder.save - graph saved. C:/Dev/experiment/expr10/result//38-1-rnk-no-sg/2T/1_2T_46_wk1_B1_40001_38-1-rnk-no-sg_0_0.0_0.0.png
2025-12-28 23:36:53,725 [main] INFO  c.p.b.e.r.g.ResultGraphBuilder.save - graph saved. C:/Dev/experiment/expr10/result//38-2-rnk-no-sg/2T/1_2T_34_wk1_B2_40001_38-2-rnk-no-sg_5_0.0_0.0.png
2025-12-28 23:36:53,728 [main] INFO  c.p.b.e.r.g.ResultGraphBuilder.save - graph saved. C:/Dev/experiment/expr10/result//38-1-rnk-no-sg/2T/1_2T_46_wk1_B2_40001_38-1-rnk-no-sg_0_0.0_0.0.png
2025-12-28 23:36:53,983 [main] INFO  c.p.b.e.r.g.ResultGraphBuilder.save - graph saved. C:/Dev/experiment/expr10/result//38-2-rnk-no-sg/2T/1_2T_35_wk1_A2_40001_38-2-rnk-no-sg_3_0.0_0.0.png
2025-12-28 23:36:54,026 [main] INFO  c.p.b.e.r.g.ResultGraphBuilder.save - graph saved. C:/Dev/experiment/expr10/result//38-1-rnk-no-sg/2T/1_2T_51_wk1_A1_40001_38-1-rnk-no-sg_-253_0.13_6.9.png
2025-12-28 23:36:54,257 [main] INFO  c.p.b.e.r.g.ResultGraphBuilder.save - graph saved. C:/Dev/experiment/expr10/result//38-2-rnk-no-sg/2T/1_2T_35_wk1_B1_40001_38-2-rnk-no-sg_-9_0.01_0.2.png
2025-12-28 23:36:54,311 [main] INFO  c.p.b.e.r.g.ResultGraphBuilder.save - graph saved. C:/Dev/experiment/expr10/result//38-1-rnk-no-sg/2T/1_2T_51_wk1_A2_40001_38-1-rnk-no-sg_29_0.23_5.1.png
2025-12-28 23:36:54,493 [main] INFO  c.p.b.e.r.g.ResultGraphBuilder.save - graph saved. C:/Dev/experiment/expr10/result//38-2-rnk-no-sg/2T/1_2T_35_wk1_B2_40001_38-2-rnk-no-sg_3_0.0_0.0.png
2025-12-28 23:36:54,591 [main] INFO  c.p.b.e.r.g.ResultGraphBuilder.save - graph saved. C:/Dev/experiment/expr10/result//38-1-rnk-no-sg/2T/1_2T_51_wk1_B1_40001_38-1-rnk-no-sg_-120_0.18_4.4.png
2025-12-28 23:36:54,742 [main] INFO  c.p.b.e.r.g.ResultGraphBuilder.save - graph saved. C:/Dev/experiment/expr10/result//38-2-rnk-no-sg/2T/1_2T_36_wk1_A2_40001_38-2-rnk-no-sg_-2_0.0_0.0.png
2025-12-28 23:36:54,881 [main] INFO  c.p.b.e.r.g.ResultGraphBuilder.save - graph saved. C:/Dev/experiment/expr10/result//38-1-rnk-no-sg/2T/1_2T_51_wk1_B2_40001_38-1-rnk-no-sg_-5_0.01_0.2.png
2025-12-28 23:36:55,056 [main] INFO  c.p.b.e.r.g.ResultGraphBuilder.save - graph saved. C:/Dev/experiment/expr10/result//38-2-rnk-no-sg/2T/1_2T_36_wk1_B1_40001_38-2-rnk-no-sg_8_0.01_0.2.png
2025-12-28 23:36:55,195 [main] INFO  c.p.b.e.r.g.ResultGraphBuilder.save - graph saved. C:/Dev/experiment/expr10/result//38-1-rnk-no-sg/2T/1_2T_52_wk1_A2_40001_38-1-rnk-no-sg_11_0.0_0.1.png
2025-12-28 23:36:55,309 [main] INFO  c.p.b.e.r.g.ResultGraphBuilder.save - graph saved. C:/Dev/experiment/expr10/result//38-2-rnk-no-sg/2T/1_2T_36_wk1_B2_40001_38-2-rnk-no-sg_-2_0.0_0.0.png
2025-12-28 23:36:55,481 [main] INFO  c.p.b.e.r.g.ResultGraphBuilder.save - graph saved. C:/Dev/experiment/expr10/result//38-1-rnk-no-sg/2T/1_2T_52_wk1_B1_40001_38-1-rnk-no-sg_-7_0.08_1.6.png
2025-12-28 23:36:55,595 [main] INFO  c.p.b.e.r.g.ResultGraphBuilder.save - graph saved. C:/Dev/experiment/expr10/result//38-2-rnk-no-sg/2T/1_2T_41_wk1_A1_40001_38-2-rnk-no-sg_-783_0.46_19.8.png
2025-12-28 23:36:55,754 [main] INFO  c.p.b.e.r.g.ResultGraphBuilder.save - graph saved. C:/Dev/experiment/expr10/result//38-1-rnk-no-sg/2T/1_2T_52_wk1_B2_40001_38-1-rnk-no-sg_-13_0.0_0.1.png
2025-12-28 23:36:55,881 [main] INFO  c.p.b.e.r.g.ResultGraphBuilder.save - graph saved. C:/Dev/experiment/expr10/result//38-2-rnk-no-sg/2T/1_2T_41_wk1_A2_40001_38-2-rnk-no-sg_-404_0.39_11.5.png
2025-12-28 23:36:56,023 [main] INFO  c.p.b.e.r.g.ResultGraphBuilder.save - graph saved. C:/Dev/experiment/expr10/result//38-1-rnk-no-sg/2T/1_2T_53_wk1_A2_40001_38-1-rnk-no-sg_-9_0.0_0.0.png
2025-12-28 23:36:56,167 [main] INFO  c.p.b.e.r.g.ResultGraphBuilder.save - graph saved. C:/Dev/experiment/expr10/result//38-2-rnk-no-sg/2T/1_2T_41_wk1_B1_40001_38-2-rnk-no-sg_-308_0.41_9.8.png
2025-12-28 23:36:56,314 [main] INFO  c.p.b.e.r.g.ResultGraphBuilder.save - graph saved. C:/Dev/experiment/expr10/result//38-1-rnk-no-sg/2T/1_2T_53_wk1_B1_40001_38-1-rnk-no-sg_-45_0.01_0.7.png
2025-12-28 23:36:56,482 [main] INFO  c.p.b.e.r.g.ResultGraphBuilder.save - graph saved. C:/Dev/experiment/expr10/result//38-2-rnk-no-sg/2T/1_2T_41_wk1_B2_40001_38-2-rnk-no-sg_-20_0.02_0.5.png
2025-12-28 23:36:56,577 [main] INFO  c.p.b.e.r.g.ResultGraphBuilder.save - graph saved. C:/Dev/experiment/expr10/result//38-1-rnk-no-sg/2T/1_2T_53_wk1_B2_40001_38-1-rnk-no-sg_-1_0.0_0.0.png
2025-12-28 23:36:56,741 [main] INFO  c.p.b.e.r.g.ResultGraphBuilder.save - graph saved. C:/Dev/experiment/expr10/result//38-2-rnk-no-sg/2T/1_2T_42_wk1_A1_40001_38-2-rnk-no-sg_-5_0.0_0.0.png
2025-12-28 23:36:56,838 [main] INFO  c.p.b.e.r.g.ResultGraphBuilder.save - graph saved. C:/Dev/experiment/expr10/result//38-1-rnk-no-sg/2T/1_2T_54_wk1_A2_40001_38-1-rnk-no-sg_-4_0.0_0.0.png
2025-12-28 23:36:57,037 [main] INFO  c.p.b.e.r.g.ResultGraphBuilder.save - graph saved. C:/Dev/experiment/expr10/result//38-2-rnk-no-sg/2T/1_2T_42_wk1_A2_40001_38-2-rnk-no-sg_-38_0.0_0.4.png
2025-12-28 23:36:57,110 [main] INFO  c.p.b.e.r.g.ResultGraphBuilder.save - graph saved. C:/Dev/experiment/expr10/result//38-1-rnk-no-sg/2T/1_2T_54_wk1_B1_40001_38-1-rnk-no-sg_-1_0.01_0.3.png
2025-12-28 23:36:57,327 [main] INFO  c.p.b.e.r.g.ResultGraphBuilder.save - graph saved. C:/Dev/experiment/expr10/result//38-2-rnk-no-sg/2T/1_2T_42_wk1_B1_40001_38-2-rnk-no-sg_-7_0.14_2.8.png
2025-12-28 23:36:57,350 [main] INFO  c.p.b.e.r.g.ResultGraphBuilder.save - graph saved. C:/Dev/experiment/expr10/result//38-1-rnk-no-sg/2T/1_2T_54_wk1_B2_40001_38-1-rnk-no-sg_-3_0.0_0.0.png
2025-12-28 23:36:57,593 [main] INFO  c.p.b.e.r.g.ResultGraphBuilder.save - graph saved. C:/Dev/experiment/expr10/result//38-1-rnk-no-sg/2T/1_2T_56_wk1_B1_40001_38-1-rnk-no-sg_-3_0.0_0.0.png
2025-12-28 23:36:57,603 [main] INFO  c.p.b.e.r.g.ResultGraphBuilder.save - graph saved. C:/Dev/experiment/expr10/result//38-2-rnk-no-sg/2T/1_2T_42_wk1_B2_40001_38-2-rnk-no-sg_-10_0.01_0.2.png
2025-12-28 23:36:57,856 [main] INFO  c.p.b.e.r.g.ResultGraphBuilder.save - graph saved. C:/Dev/experiment/expr10/result//38-2-rnk-no-sg/2T/1_2T_43_wk1_A1_40001_38-2-rnk-no-sg_-1_0.0_0.0.png
2025-12-28 23:36:57,906 [main] INFO  c.p.b.e.r.g.ResultGraphBuilder.save - graph saved. C:/Dev/experiment/expr10/result//38-1-rnk-no-sg/2T/1_2T_61_wk1_A1_40001_38-1-rnk-no-sg_-109_0.05_2.3.png
2025-12-28 23:36:58,136 [main] INFO  c.p.b.e.r.g.ResultGraphBuilder.save - graph saved. C:/Dev/experiment/expr10/result//38-2-rnk-no-sg/2T/1_2T_43_wk1_A2_40001_38-2-rnk-no-sg_11_0.02_0.3.png
2025-12-28 23:36:58,193 [main] INFO  c.p.b.e.r.g.ResultGraphBuilder.save - graph saved. C:/Dev/experiment/expr10/result//38-1-rnk-no-sg/2T/1_2T_61_wk1_A2_40001_38-1-rnk-no-sg_-102_0.07_2.6.png
2025-12-28 23:36:58,429 [main] INFO  c.p.b.e.r.g.ResultGraphBuilder.save - graph saved. C:/Dev/experiment/expr10/result//38-2-rnk-no-sg/2T/1_2T_43_wk1_B1_40001_38-2-rnk-no-sg_-28_0.1_2.0.png
2025-12-28 23:36:58,486 [main] INFO  c.p.b.e.r.g.ResultGraphBuilder.save - graph saved. C:/Dev/experiment/expr10/result//38-1-rnk-no-sg/2T/1_2T_61_wk1_B1_40001_38-1-rnk-no-sg_-133_0.07_2.6.png
2025-12-28 23:36:58,703 [main] INFO  c.p.b.e.r.g.ResultGraphBuilder.save - graph saved. C:/Dev/experiment/expr10/result//38-2-rnk-no-sg/2T/1_2T_43_wk1_B2_40001_38-2-rnk-no-sg_7_0.0_0.1.png
2025-12-28 23:36:58,752 [main] INFO  c.p.b.e.r.g.ResultGraphBuilder.save - graph saved. C:/Dev/experiment/expr10/result//38-1-rnk-no-sg/2T/1_2T_61_wk1_B2_40001_38-1-rnk-no-sg_-6_0.0_0.1.png
2025-12-28 23:36:58,971 [main] INFO  c.p.b.e.r.g.ResultGraphBuilder.save - graph saved. C:/Dev/experiment/expr10/result//38-2-rnk-no-sg/2T/1_2T_45_wk1_B1_40001_38-2-rnk-no-sg_1_0.0_0.0.png
2025-12-28 23:36:59,006 [main] INFO  c.p.b.e.r.g.ResultGraphBuilder.save - graph saved. C:/Dev/experiment/expr10/result//38-1-rnk-no-sg/2T/1_2T_62_wk1_A2_40001_38-1-rnk-no-sg_5_0.0_0.0.png
2025-12-28 23:36:59,197 [main] INFO  c.p.b.e.r.g.ResultGraphBuilder.save - graph saved. C:/Dev/experiment/expr10/result//38-2-rnk-no-sg/2T/1_2T_45_wk1_B2_40001_38-2-rnk-no-sg_-1_0.0_0.0.png
2025-12-28 23:36:59,281 [main] INFO  c.p.b.e.r.g.ResultGraphBuilder.save - graph saved. C:/Dev/experiment/expr10/result//38-1-rnk-no-sg/2T/1_2T_62_wk1_B1_40001_38-1-rnk-no-sg_-21_0.03_0.9.png
2025-12-28 23:36:59,465 [main] INFO  c.p.b.e.r.g.ResultGraphBuilder.save - graph saved. C:/Dev/experiment/expr10/result//38-2-rnk-no-sg/2T/1_2T_46_wk1_B1_40001_38-2-rnk-no-sg_-9_0.0_0.0.png
2025-12-28 23:36:59,546 [main] INFO  c.p.b.e.r.g.ResultGraphBuilder.save - graph saved. C:/Dev/experiment/expr10/result//38-1-rnk-no-sg/2T/1_2T_62_wk1_B2_40001_38-1-rnk-no-sg_2_0.0_0.0.png
2025-12-28 23:36:59,755 [main] INFO  c.p.b.e.r.g.ResultGraphBuilder.save - graph saved. C:/Dev/experiment/expr10/result//38-2-rnk-no-sg/2T/1_2T_51_wk1_A1_40001_38-2-rnk-no-sg_-157_0.2_8.0.png
2025-12-28 23:36:59,784 [main] INFO  c.p.b.e.r.g.ResultGraphBuilder.save - graph saved. C:/Dev/experiment/expr10/result//38-1-rnk-no-sg/2T/1_2T_63_wk1_A2_40001_38-1-rnk-no-sg_-2_0.0_0.0.png
2025-12-28 23:37:00,068 [main] INFO  c.p.b.e.r.g.ResultGraphBuilder.save - graph saved. C:/Dev/experiment/expr10/result//38-2-rnk-no-sg/2T/1_2T_51_wk1_A2_40001_38-2-rnk-no-sg_-74_0.17_5.2.png
2025-12-28 23:37:00,075 [main] INFO  c.p.b.e.r.g.ResultGraphBuilder.save - graph saved. C:/Dev/experiment/expr10/result//38-1-rnk-no-sg/2T/1_2T_63_wk1_B1_40001_38-1-rnk-no-sg_-2_0.03_0.5.png
2025-12-28 23:37:00,341 [main] INFO  c.p.b.e.r.g.ResultGraphBuilder.save - graph saved. C:/Dev/experiment/expr10/result//38-1-rnk-no-sg/2T/1_2T_63_wk1_B2_40001_38-1-rnk-no-sg_-3_0.0_0.0.png
2025-12-28 23:37:00,361 [main] INFO  c.p.b.e.r.g.ResultGraphBuilder.save - graph saved. C:/Dev/experiment/expr10/result//38-2-rnk-no-sg/2T/1_2T_51_wk1_B1_40001_38-2-rnk-no-sg_-93_0.18_4.3.png
2025-12-28 23:37:00,586 [main] INFO  c.p.b.e.r.g.ResultGraphBuilder.save - graph saved. C:/Dev/experiment/expr10/result//38-1-rnk-no-sg/2T/1_2T_64_wk1_A2_40001_38-1-rnk-no-sg_3_0.0_0.0.png
2025-12-28 23:37:00,642 [main] INFO  c.p.b.e.r.g.ResultGraphBuilder.save - graph saved. C:/Dev/experiment/expr10/result//38-2-rnk-no-sg/2T/1_2T_51_wk1_B2_40001_38-2-rnk-no-sg_0_0.0_0.1.png
2025-12-28 23:37:00,863 [main] INFO  c.p.b.e.r.g.ResultGraphBuilder.save - graph saved. C:/Dev/experiment/expr10/result//38-1-rnk-no-sg/2T/1_2T_64_wk1_B1_40001_38-1-rnk-no-sg_-12_0.0_0.2.png
2025-12-28 23:37:00,882 [main] INFO  c.p.b.e.r.g.ResultGraphBuilder.save - graph saved. C:/Dev/experiment/expr10/result//38-2-rnk-no-sg/2T/1_2T_52_wk1_A1_40001_38-2-rnk-no-sg_-1_0.0_0.0.png
2025-12-28 23:37:01,093 [main] INFO  c.p.b.e.r.g.ResultGraphBuilder.save - graph saved. C:/Dev/experiment/expr10/result//38-1-rnk-no-sg/2T/1_2T_64_wk1_B2_40001_38-1-rnk-no-sg_-1_0.0_0.0.png
2025-12-28 23:37:01,155 [main] INFO  c.p.b.e.r.g.ResultGraphBuilder.save - graph saved. C:/Dev/experiment/expr10/result//38-2-rnk-no-sg/2T/1_2T_52_wk1_A2_40001_38-2-rnk-no-sg_-4_0.0_0.1.png
2025-12-28 23:37:01,363 [main] INFO  c.p.b.e.r.g.ResultGraphBuilder.save - graph saved. C:/Dev/experiment/expr10/result//38-1-rnk-no-sg/2T/1_2T_65_wk1_B1_40001_38-1-rnk-no-sg_1_0.0_0.0.png
2025-12-28 23:37:01,447 [main] INFO  c.p.b.e.r.g.ResultGraphBuilder.save - graph saved. C:/Dev/experiment/expr10/result//38-2-rnk-no-sg/2T/1_2T_52_wk1_B1_40001_38-2-rnk-no-sg_-63_0.03_1.2.png
2025-12-28 23:37:01,584 [main] INFO  c.p.b.e.r.g.ResultGraphBuilder.save - graph saved. C:/Dev/experiment/expr10/result//38-1-rnk-no-sg/2T/1_2T_65_wk1_B2_40001_38-1-rnk-no-sg_3_0.0_0.0.png
2025-12-28 23:37:01,723 [main] INFO  c.p.b.e.r.g.ResultGraphBuilder.save - graph saved. C:/Dev/experiment/expr10/result//38-2-rnk-no-sg/2T/1_2T_52_wk1_B2_40001_38-2-rnk-no-sg_-2_0.0_0.0.png
2025-12-28 23:37:01,881 [main] INFO  c.p.b.e.r.g.ResultGraphBuilder.save - graph saved. C:/Dev/experiment/expr10/result//38-1-rnk-no-sg/3F/1_3F_123_wk1_A1_40001_38-1-rnk-no-sg_-267_2.08_15.4.png
2025-12-28 23:37:01,958 [main] INFO  c.p.b.e.r.g.ResultGraphBuilder.save - graph saved. C:/Dev/experiment/expr10/result//38-2-rnk-no-sg/2T/1_2T_53_wk1_A1_40001_38-2-rnk-no-sg_-1_0.0_0.0.png
2025-12-28 23:37:02,190 [main] INFO  c.p.b.e.r.g.ResultGraphBuilder.save - graph saved. C:/Dev/experiment/expr10/result//38-1-rnk-no-sg/3F/1_3F_123_wk1_A2_40001_38-1-rnk-no-sg_-242_1.83_13.9.png
2025-12-28 23:37:02,232 [main] INFO  c.p.b.e.r.g.ResultGraphBuilder.save - graph saved. C:/Dev/experiment/expr10/result//38-2-rnk-no-sg/2T/1_2T_53_wk1_A2_40001_38-2-rnk-no-sg_-8_0.0_0.0.png
2025-12-28 23:37:02,485 [main] INFO  c.p.b.e.r.g.ResultGraphBuilder.save - graph saved. C:/Dev/experiment/expr10/result//38-1-rnk-no-sg/3F/1_3F_123_wk1_B1_40001_38-1-rnk-no-sg_-240_2.52_19.4.png
2025-12-28 23:37:02,511 [main] INFO  c.p.b.e.r.g.ResultGraphBuilder.save - graph saved. C:/Dev/experiment/expr10/result//38-2-rnk-no-sg/2T/1_2T_53_wk1_B1_40001_38-2-rnk-no-sg_-17_0.02_0.6.png
2025-12-28 23:37:02,762 [main] INFO  c.p.b.e.r.g.ResultGraphBuilder.save - graph saved. C:/Dev/experiment/expr10/result//38-2-rnk-no-sg/2T/1_2T_53_wk1_B2_40001_38-2-rnk-no-sg_0_0.0_0.0.png
2025-12-28 23:37:02,780 [main] INFO  c.p.b.e.r.g.ResultGraphBuilder.save - graph saved. C:/Dev/experiment/expr10/result//38-1-rnk-no-sg/3F/1_3F_123_wk1_B2_40001_38-1-rnk-no-sg_-29_0.16_1.4.png
2025-12-28 23:37:03,026 [main] INFO  c.p.b.e.r.g.ResultGraphBuilder.save - graph saved. C:/Dev/experiment/expr10/result//38-2-rnk-no-sg/2T/1_2T_54_wk1_A2_40001_38-2-rnk-no-sg_-3_0.0_0.0.png
2025-12-28 23:37:03,087 [main] INFO  c.p.b.e.r.g.ResultGraphBuilder.save - graph saved. C:/Dev/experiment/expr10/result//38-1-rnk-no-sg/3F/1_3F_124_wk1_A1_40001_38-1-rnk-no-sg_-436_1.93_18.8.png
2025-12-28 23:37:03,309 [main] INFO  c.p.b.e.r.g.ResultGraphBuilder.save - graph saved. C:/Dev/experiment/expr10/result//38-2-rnk-no-sg/2T/1_2T_54_wk1_B1_40001_38-2-rnk-no-sg_-22_0.0_0.2.png
2025-12-28 23:37:03,400 [main] INFO  c.p.b.e.r.g.ResultGraphBuilder.save - graph saved. C:/Dev/experiment/expr10/result//38-1-rnk-no-sg/3F/1_3F_124_wk1_A2_40001_38-1-rnk-no-sg_-342_1.6_16.0.png
2025-12-28 23:37:03,545 [main] INFO  c.p.b.e.r.g.ResultGraphBuilder.save - graph saved. C:/Dev/experiment/expr10/result//38-2-rnk-no-sg/2T/1_2T_54_wk1_B2_40001_38-2-rnk-no-sg_2_0.0_0.0.png
2025-12-28 23:37:03,699 [main] INFO  c.p.b.e.r.g.ResultGraphBuilder.save - graph saved. C:/Dev/experiment/expr10/result//38-1-rnk-no-sg/3F/1_3F_124_wk1_B1_40001_38-1-rnk-no-sg_-351_2.08_21.4.png
2025-12-28 23:37:03,774 [main] INFO  c.p.b.e.r.g.ResultGraphBuilder.save - graph saved. C:/Dev/experiment/expr10/result//38-2-rnk-no-sg/2T/1_2T_56_wk1_B1_40001_38-2-rnk-no-sg_-1_0.0_0.0.png
2025-12-28 23:37:04,072 [main] INFO  c.p.b.e.r.g.ResultGraphBuilder.save - graph saved. C:/Dev/experiment/expr10/result//38-1-rnk-no-sg/3F/1_3F_124_wk1_B2_40001_38-1-rnk-no-sg_-24_0.16_1.6.png
2025-12-28 23:37:04,163 [main] INFO  c.p.b.e.r.g.ResultGraphBuilder.save - graph saved. C:/Dev/experiment/expr10/result//38-2-rnk-no-sg/2T/1_2T_61_wk1_A1_40001_38-2-rnk-no-sg_-124_0.04_2.6.png
2025-12-28 23:37:04,372 [main] INFO  c.p.b.e.r.g.ResultGraphBuilder.save - graph saved. C:/Dev/experiment/expr10/result//38-1-rnk-no-sg/3F/1_3F_125_wk1_A1_40001_38-1-rnk-no-sg_-232_1.5_19.4.png
2025-12-28 23:37:04,444 [main] INFO  c.p.b.e.r.g.ResultGraphBuilder.save - graph saved. C:/Dev/experiment/expr10/result//38-2-rnk-no-sg/2T/1_2T_61_wk1_A2_40001_38-2-rnk-no-sg_-155_0.04_2.7.png
2025-12-28 23:37:04,667 [main] INFO  c.p.b.e.r.g.ResultGraphBuilder.save - graph saved. C:/Dev/experiment/expr10/result//38-1-rnk-no-sg/3F/1_3F_125_wk1_A2_40001_38-1-rnk-no-sg_-200_1.1_14.1.png
2025-12-28 23:37:04,723 [main] INFO  c.p.b.e.r.g.ResultGraphBuilder.save - graph saved. C:/Dev/experiment/expr10/result//38-2-rnk-no-sg/2T/1_2T_61_wk1_B1_40001_38-2-rnk-no-sg_-131_0.06_2.3.png
2025-12-28 23:37:04,962 [main] INFO  c.p.b.e.r.g.ResultGraphBuilder.save - graph saved. C:/Dev/experiment/expr10/result//38-1-rnk-no-sg/3F/1_3F_125_wk1_B1_40001_38-1-rnk-no-sg_-151_1.38_15.6.png
2025-12-28 23:37:04,982 [main] INFO  c.p.b.e.r.g.ResultGraphBuilder.save - graph saved. C:/Dev/experiment/expr10/result//38-2-rnk-no-sg/2T/1_2T_61_wk1_B2_40001_38-2-rnk-no-sg_8_0.0_0.0.png
2025-12-28 23:37:05,247 [main] INFO  c.p.b.e.r.g.ResultGraphBuilder.save - graph saved. C:/Dev/experiment/expr10/result//38-2-rnk-no-sg/2T/1_2T_62_wk1_A2_40001_38-2-rnk-no-sg_-6_0.0_0.0.png
2025-12-28 23:37:05,264 [main] INFO  c.p.b.e.r.g.ResultGraphBuilder.save - graph saved. C:/Dev/experiment/expr10/result//38-1-rnk-no-sg/3F/1_3F_125_wk1_B2_40001_38-1-rnk-no-sg_-17_0.07_1.1.png
2025-12-28 23:37:05,536 [main] INFO  c.p.b.e.r.g.ResultGraphBuilder.save - graph saved. C:/Dev/experiment/expr10/result//38-2-rnk-no-sg/2T/1_2T_62_wk1_B1_40001_38-2-rnk-no-sg_-19_0.02_0.7.png
2025-12-28 23:37:05,571 [main] INFO  c.p.b.e.r.g.ResultGraphBuilder.save - graph saved. C:/Dev/experiment/expr10/result//38-1-rnk-no-sg/3F/1_3F_126_wk1_A1_40001_38-1-rnk-no-sg_-304_1.04_19.2.png
2025-12-28 23:37:05,791 [main] INFO  c.p.b.e.r.g.ResultGraphBuilder.save - graph saved. C:/Dev/experiment/expr10/result//38-2-rnk-no-sg/2T/1_2T_62_wk1_B2_40001_38-2-rnk-no-sg_-5_0.0_0.0.png
2025-12-28 23:37:05,884 [main] INFO  c.p.b.e.r.g.ResultGraphBuilder.save - graph saved. C:/Dev/experiment/expr10/result//38-1-rnk-no-sg/3F/1_3F_126_wk1_A2_40001_38-1-rnk-no-sg_-213_0.78_11.9.png
2025-12-28 23:37:06,056 [main] INFO  c.p.b.e.r.g.ResultGraphBuilder.save - graph saved. C:/Dev/experiment/expr10/result//38-2-rnk-no-sg/2T/1_2T_63_wk1_A2_40001_38-2-rnk-no-sg_-3_0.0_0.0.png
2025-12-28 23:37:06,194 [main] INFO  c.p.b.e.r.g.ResultGraphBuilder.save - graph saved. C:/Dev/experiment/expr10/result//38-1-rnk-no-sg/3F/1_3F_126_wk1_B1_40001_38-1-rnk-no-sg_-216_0.88_12.6.png
2025-12-28 23:37:06,372 [main] INFO  c.p.b.e.r.g.ResultGraphBuilder.save - graph saved. C:/Dev/experiment/expr10/result//38-2-rnk-no-sg/2T/1_2T_63_wk1_B1_40001_38-2-rnk-no-sg_-31_0.0_0.4.png
2025-12-28 23:37:06,529 [main] INFO  c.p.b.e.r.g.ResultGraphBuilder.save - graph saved. C:/Dev/experiment/expr10/result//38-1-rnk-no-sg/3F/1_3F_126_wk1_B2_40001_38-1-rnk-no-sg_15_0.06_0.8.png
2025-12-28 23:37:06,620 [main] INFO  c.p.b.e.r.g.ResultGraphBuilder.save - graph saved. C:/Dev/experiment/expr10/result//38-2-rnk-no-sg/2T/1_2T_63_wk1_B2_40001_38-2-rnk-no-sg_0_0.0_0.0.png
2025-12-28 23:37:06,836 [main] INFO  c.p.b.e.r.g.ResultGraphBuilder.save - graph saved. C:/Dev/experiment/expr10/result//38-1-rnk-no-sg/3F/1_3F_134_wk1_A1_40001_38-1-rnk-no-sg_-300_1.73_18.2.png
2025-12-28 23:37:06,846 [main] INFO  c.p.b.e.r.g.ResultGraphBuilder.save - graph saved. C:/Dev/experiment/expr10/result//38-2-rnk-no-sg/2T/1_2T_64_wk1_A2_40001_38-2-rnk-no-sg_-1_0.0_0.0.png
2025-12-28 23:37:07,120 [main] INFO  c.p.b.e.r.g.ResultGraphBuilder.save - graph saved. C:/Dev/experiment/expr10/result//38-2-rnk-no-sg/2T/1_2T_64_wk1_B1_40001_38-2-rnk-no-sg_-12_0.0_0.2.png
2025-12-28 23:37:07,135 [main] INFO  c.p.b.e.r.g.ResultGraphBuilder.save - graph saved. C:/Dev/experiment/expr10/result//38-1-rnk-no-sg/3F/1_3F_134_wk1_A2_40001_38-1-rnk-no-sg_-276_1.24_13.6.png
2025-12-28 23:37:07,342 [main] INFO  c.p.b.e.r.g.ResultGraphBuilder.save - graph saved. C:/Dev/experiment/expr10/result//38-2-rnk-no-sg/2T/1_2T_64_wk1_B2_40001_38-2-rnk-no-sg_-1_0.0_0.0.png
2025-12-28 23:37:07,430 [main] INFO  c.p.b.e.r.g.ResultGraphBuilder.save - graph saved. C:/Dev/experiment/expr10/result//38-1-rnk-no-sg/3F/1_3F_134_wk1_B1_40001_38-1-rnk-no-sg_-262_1.44_16.6.png
2025-12-28 23:37:07,588 [main] INFO  c.p.b.e.r.g.ResultGraphBuilder.save - graph saved. C:/Dev/experiment/expr10/result//38-2-rnk-no-sg/2T/1_2T_65_wk1_B1_40001_38-2-rnk-no-sg_-2_0.0_0.0.png
2025-12-28 23:37:07,720 [main] INFO  c.p.b.e.r.g.ResultGraphBuilder.save - graph saved. C:/Dev/experiment/expr10/result//38-1-rnk-no-sg/3F/1_3F_134_wk1_B2_40001_38-1-rnk-no-sg_-37_0.09_1.2.png
2025-12-28 23:37:07,871 [main] INFO  c.p.b.e.r.g.ResultGraphBuilder.save - graph saved. C:/Dev/experiment/expr10/result//38-2-rnk-no-sg/3F/1_3F_123_wk1_A1_40001_38-2-rnk-no-sg_-201_1.99_14.7.png
2025-12-28 23:37:08,023 [main] INFO  c.p.b.e.r.g.ResultGraphBuilder.save - graph saved. C:/Dev/experiment/expr10/result//38-1-rnk-no-sg/3F/1_3F_135_wk1_A1_40001_38-1-rnk-no-sg_-230_0.76_12.4.png
2025-12-28 23:37:08,161 [main] INFO  c.p.b.e.r.g.ResultGraphBuilder.save - graph saved. C:/Dev/experiment/expr10/result//38-2-rnk-no-sg/3F/1_3F_123_wk1_A2_40001_38-2-rnk-no-sg_-228_1.71_14.0.png
2025-12-28 23:37:08,318 [main] INFO  c.p.b.e.r.g.ResultGraphBuilder.save - graph saved. C:/Dev/experiment/expr10/result//38-1-rnk-no-sg/3F/1_3F_135_wk1_A2_40001_38-1-rnk-no-sg_-182_0.61_9.2.png
2025-12-28 23:37:08,444 [main] INFO  c.p.b.e.r.g.ResultGraphBuilder.save - graph saved. C:/Dev/experiment/expr10/result//38-2-rnk-no-sg/3F/1_3F_123_wk1_B1_40001_38-2-rnk-no-sg_-257_2.37_19.8.png
2025-12-28 23:37:08,616 [main] INFO  c.p.b.e.r.g.ResultGraphBuilder.save - graph saved. C:/Dev/experiment/expr10/result//38-1-rnk-no-sg/3F/1_3F_135_wk1_B1_40001_38-1-rnk-no-sg_-301_0.54_9.1.png
2025-12-28 23:37:08,728 [main] INFO  c.p.b.e.r.g.ResultGraphBuilder.save - graph saved. C:/Dev/experiment/expr10/result//38-2-rnk-no-sg/3F/1_3F_123_wk1_B2_40001_38-2-rnk-no-sg_-22_0.15_1.4.png
2025-12-28 23:37:08,925 [main] INFO  c.p.b.e.r.g.ResultGraphBuilder.save - graph saved. C:/Dev/experiment/expr10/result//38-1-rnk-no-sg/3F/1_3F_135_wk1_B2_40001_38-1-rnk-no-sg_-35_0.03_0.7.png
2025-12-28 23:37:09,032 [main] INFO  c.p.b.e.r.g.ResultGraphBuilder.save - graph saved. C:/Dev/experiment/expr10/result//38-2-rnk-no-sg/3F/1_3F_124_wk1_A1_40001_38-2-rnk-no-sg_-402_1.88_18.8.png
2025-12-28 23:37:09,233 [main] INFO  c.p.b.e.r.g.ResultGraphBuilder.save - graph saved. C:/Dev/experiment/expr10/result//38-1-rnk-no-sg/3F/1_3F_136_wk1_A1_40001_38-1-rnk-no-sg_-144_0.64_12.6.png
2025-12-28 23:37:09,329 [main] INFO  c.p.b.e.r.g.ResultGraphBuilder.save - graph saved. C:/Dev/experiment/expr10/result//38-2-rnk-no-sg/3F/1_3F_124_wk1_A2_40001_38-2-rnk-no-sg_-327_1.51_15.6.png
2025-12-28 23:37:09,698 [main] INFO  c.p.b.e.r.g.ResultGraphBuilder.save - graph saved. C:/Dev/experiment/expr10/result//38-2-rnk-no-sg/3F/1_3F_124_wk1_B1_40001_38-2-rnk-no-sg_-532_1.93_22.3.png
2025-12-28 23:37:09,712 [main] INFO  c.p.b.e.r.g.ResultGraphBuilder.save - graph saved. C:/Dev/experiment/expr10/result//38-1-rnk-no-sg/3F/1_3F_136_wk1_A2_40001_38-1-rnk-no-sg_-131_0.45_8.2.png
2025-12-28 23:37:09,980 [main] INFO  c.p.b.e.r.g.ResultGraphBuilder.save - graph saved. C:/Dev/experiment/expr10/result//38-2-rnk-no-sg/3F/1_3F_124_wk1_B2_40001_38-2-rnk-no-sg_-24_0.14_1.5.png
2025-12-28 23:37:10,017 [main] INFO  c.p.b.e.r.g.ResultGraphBuilder.save - graph saved. C:/Dev/experiment/expr10/result//38-1-rnk-no-sg/3F/1_3F_136_wk1_B1_40001_38-1-rnk-no-sg_-96_0.5_7.7.png
2025-12-28 23:37:10,265 [main] INFO  c.p.b.e.r.g.ResultGraphBuilder.save - graph saved. C:/Dev/experiment/expr10/result//38-2-rnk-no-sg/3F/1_3F_125_wk1_A1_40001_38-2-rnk-no-sg_-411_1.29_19.4.png
2025-12-28 23:37:10,297 [main] INFO  c.p.b.e.r.g.ResultGraphBuilder.save - graph saved. C:/Dev/experiment/expr10/result//38-1-rnk-no-sg/3F/1_3F_136_wk1_B2_40001_38-1-rnk-no-sg_-27_0.01_0.5.png
2025-12-28 23:37:10,550 [main] INFO  c.p.b.e.r.g.ResultGraphBuilder.save - graph saved. C:/Dev/experiment/expr10/result//38-2-rnk-no-sg/3F/1_3F_125_wk1_A2_40001_38-2-rnk-no-sg_-352_0.91_14.0.png
2025-12-28 23:37:10,591 [main] INFO  c.p.b.e.r.g.ResultGraphBuilder.save - graph saved. C:/Dev/experiment/expr10/result//38-1-rnk-no-sg/3F/1_3F_145_wk1_A1_40001_38-1-rnk-no-sg_-255_0.72_12.7.png
2025-12-28 23:37:10,832 [main] INFO  c.p.b.e.r.g.ResultGraphBuilder.save - graph saved. C:/Dev/experiment/expr10/result//38-2-rnk-no-sg/3F/1_3F_125_wk1_B1_40001_38-2-rnk-no-sg_-328_1.12_16.1.png
2025-12-28 23:37:10,885 [main] INFO  c.p.b.e.r.g.ResultGraphBuilder.save - graph saved. C:/Dev/experiment/expr10/result//38-1-rnk-no-sg/3F/1_3F_145_wk1_A2_40001_38-1-rnk-no-sg_-236_0.55_9.1.png
2025-12-28 23:37:11,115 [main] INFO  c.p.b.e.r.g.ResultGraphBuilder.save - graph saved. C:/Dev/experiment/expr10/result//38-2-rnk-no-sg/3F/1_3F_125_wk1_B2_40001_38-2-rnk-no-sg_-8_0.06_0.9.png
2025-12-28 23:37:11,186 [main] INFO  c.p.b.e.r.g.ResultGraphBuilder.save - graph saved. C:/Dev/experiment/expr10/result//38-1-rnk-no-sg/3F/1_3F_145_wk1_B1_40001_38-1-rnk-no-sg_-191_0.45_8.3.png
2025-12-28 23:37:11,416 [main] INFO  c.p.b.e.r.g.ResultGraphBuilder.save - graph saved. C:/Dev/experiment/expr10/result//38-2-rnk-no-sg/3F/1_3F_126_wk1_A1_40001_38-2-rnk-no-sg_-449_0.96_19.9.png
2025-12-28 23:37:11,491 [main] INFO  c.p.b.e.r.g.ResultGraphBuilder.save - graph saved. C:/Dev/experiment/expr10/result//38-1-rnk-no-sg/3F/1_3F_145_wk1_B2_40001_38-1-rnk-no-sg_2_0.04_0.5.png
2025-12-28 23:37:11,705 [main] INFO  c.p.b.e.r.g.ResultGraphBuilder.save - graph saved. C:/Dev/experiment/expr10/result//38-2-rnk-no-sg/3F/1_3F_126_wk1_A2_40001_38-2-rnk-no-sg_-309_0.68_12.3.png
2025-12-28 23:37:11,791 [main] INFO  c.p.b.e.r.g.ResultGraphBuilder.save - graph saved. C:/Dev/experiment/expr10/result//38-1-rnk-no-sg/3F/1_3F_146_wk1_A1_40001_38-1-rnk-no-sg_-178_0.34_8.2.png
2025-12-28 23:37:11,990 [main] INFO  c.p.b.e.r.g.ResultGraphBuilder.save - graph saved. C:/Dev/experiment/expr10/result//38-2-rnk-no-sg/3F/1_3F_126_wk1_B1_40001_38-2-rnk-no-sg_-67_0.92_12.8.png
2025-12-28 23:37:12,106 [main] INFO  c.p.b.e.r.g.ResultGraphBuilder.save - graph saved. C:/Dev/experiment/expr10/result//38-1-rnk-no-sg/3F/1_3F_146_wk1_A2_40001_38-1-rnk-no-sg_-106_0.34_6.2.png
2025-12-28 23:37:12,300 [main] INFO  c.p.b.e.r.g.ResultGraphBuilder.save - graph saved. C:/Dev/experiment/expr10/result//38-2-rnk-no-sg/3F/1_3F_126_wk1_B2_40001_38-2-rnk-no-sg_15_0.05_0.7.png
2025-12-28 23:37:12,417 [main] INFO  c.p.b.e.r.g.ResultGraphBuilder.save - graph saved. C:/Dev/experiment/expr10/result//38-1-rnk-no-sg/3F/1_3F_146_wk1_B1_40001_38-1-rnk-no-sg_-118_0.3_5.1.png
2025-12-28 23:37:12,600 [main] INFO  c.p.b.e.r.g.ResultGraphBuilder.save - graph saved. C:/Dev/experiment/expr10/result//38-2-rnk-no-sg/3F/1_3F_134_wk1_A1_40001_38-2-rnk-no-sg_-418_1.67_19.1.png
2025-12-28 23:37:12,722 [main] INFO  c.p.b.e.r.g.ResultGraphBuilder.save - graph saved. C:/Dev/experiment/expr10/result//38-1-rnk-no-sg/3F/1_3F_146_wk1_B2_40001_38-1-rnk-no-sg_-15_0.01_0.3.png
2025-12-28 23:37:12,886 [main] INFO  c.p.b.e.r.g.ResultGraphBuilder.save - graph saved. C:/Dev/experiment/expr10/result//38-2-rnk-no-sg/3F/1_3F_134_wk1_A2_40001_38-2-rnk-no-sg_-307_1.27_14.5.png
2025-12-28 23:37:13,001 [main] INFO  c.p.b.e.r.g.ResultGraphBuilder.save - graph saved. C:/Dev/experiment/expr10/result//38-1-rnk-no-sg/3F/1_3F_156_wk1_A1_40001_38-1-rnk-no-sg_-87_0.09_2.4.png
2025-12-28 23:37:13,174 [main] INFO  c.p.b.e.r.g.ResultGraphBuilder.save - graph saved. C:/Dev/experiment/expr10/result//38-2-rnk-no-sg/3F/1_3F_134_wk1_B1_40001_38-2-rnk-no-sg_-453_1.44_18.7.png
2025-12-28 23:37:13,281 [main] INFO  c.p.b.e.r.g.ResultGraphBuilder.save - graph saved. C:/Dev/experiment/expr10/result//38-1-rnk-no-sg/3F/1_3F_156_wk1_A2_40001_38-1-rnk-no-sg_-56_0.1_2.5.png
2025-12-28 23:37:13,452 [main] INFO  c.p.b.e.r.g.ResultGraphBuilder.save - graph saved. C:/Dev/experiment/expr10/result//38-2-rnk-no-sg/3F/1_3F_134_wk1_B2_40001_38-2-rnk-no-sg_-30_0.09_1.1.png
2025-12-28 23:37:13,562 [main] INFO  c.p.b.e.r.g.ResultGraphBuilder.save - graph saved. C:/Dev/experiment/expr10/result//38-1-rnk-no-sg/3F/1_3F_156_wk1_B1_40001_38-1-rnk-no-sg_23_0.16_2.2.png
2025-12-28 23:37:13,738 [main] INFO  c.p.b.e.r.g.ResultGraphBuilder.save - graph saved. C:/Dev/experiment/expr10/result//38-2-rnk-no-sg/3F/1_3F_135_wk1_A1_40001_38-2-rnk-no-sg_-446_0.73_14.1.png
2025-12-28 23:37:13,835 [main] INFO  c.p.b.e.r.g.ResultGraphBuilder.save - graph saved. C:/Dev/experiment/expr10/result//38-1-rnk-no-sg/3F/1_3F_156_wk1_B2_40001_38-1-rnk-no-sg_6_0.01_0.1.png
2025-12-28 23:37:14,022 [main] INFO  c.p.b.e.r.g.ResultGraphBuilder.save - graph saved. C:/Dev/experiment/expr10/result//38-2-rnk-no-sg/3F/1_3F_135_wk1_A2_40001_38-2-rnk-no-sg_-262_0.58_9.9.png
2025-12-28 23:37:14,065 [main] INFO  c.p.b.e.r.g.ResultGraphBuilder.save - graph saved. C:/Dev/experiment/expr10/result//38-1-rnk-no-sg/3F/1_3F_234_wk1_A1_40001_38-1-rnk-no-sg_-1_0.0_0.0.png
2025-12-28 23:37:14,306 [main] INFO  c.p.b.e.r.g.ResultGraphBuilder.save - graph saved. C:/Dev/experiment/expr10/result//38-2-rnk-no-sg/3F/1_3F_135_wk1_B1_40001_38-2-rnk-no-sg_-203_0.62_10.1.png
2025-12-28 23:37:14,340 [main] INFO  c.p.b.e.r.g.ResultGraphBuilder.save - graph saved. C:/Dev/experiment/expr10/result//38-1-rnk-no-sg/3F/1_3F_234_wk1_A2_40001_38-1-rnk-no-sg_0_0.01_0.3.png
2025-12-28 23:37:14,588 [main] INFO  c.p.b.e.r.g.ResultGraphBuilder.save - graph saved. C:/Dev/experiment/expr10/result//38-2-rnk-no-sg/3F/1_3F_135_wk1_B2_40001_38-2-rnk-no-sg_-30_0.02_0.6.png
2025-12-28 23:37:14,619 [main] INFO  c.p.b.e.r.g.ResultGraphBuilder.save - graph saved. C:/Dev/experiment/expr10/result//38-1-rnk-no-sg/3F/1_3F_234_wk1_B1_40001_38-1-rnk-no-sg_-150_0.32_5.3.png
2025-12-28 23:37:14,875 [main] INFO  c.p.b.e.r.g.ResultGraphBuilder.save - graph saved. C:/Dev/experiment/expr10/result//38-2-rnk-no-sg/3F/1_3F_136_wk1_A1_40001_38-2-rnk-no-sg_-299_0.68_14.5.png
2025-12-28 23:37:14,894 [main] INFO  c.p.b.e.r.g.ResultGraphBuilder.save - graph saved. C:/Dev/experiment/expr10/result//38-1-rnk-no-sg/3F/1_3F_234_wk1_B2_40001_38-1-rnk-no-sg_-9_0.02_0.3.png
2025-12-28 23:37:15,275 [main] INFO  c.p.b.e.r.g.ResultGraphBuilder.save - graph saved. C:/Dev/experiment/expr10/result//38-1-rnk-no-sg/3F/1_3F_235_wk1_A2_40001_38-1-rnk-no-sg_10_0.01_0.0.png
2025-12-28 23:37:15,286 [main] INFO  c.p.b.e.r.g.ResultGraphBuilder.save - graph saved. C:/Dev/experiment/expr10/result//38-2-rnk-no-sg/3F/1_3F_136_wk1_A2_40001_38-2-rnk-no-sg_-226_0.42_8.8.png
2025-12-28 23:37:15,565 [main] INFO  c.p.b.e.r.g.ResultGraphBuilder.save - graph saved. C:/Dev/experiment/expr10/result//38-1-rnk-no-sg/3F/1_3F_235_wk1_B1_40001_38-1-rnk-no-sg_-35_0.13_2.2.png
2025-12-28 23:37:15,588 [main] INFO  c.p.b.e.r.g.ResultGraphBuilder.save - graph saved. C:/Dev/experiment/expr10/result//38-2-rnk-no-sg/3F/1_3F_136_wk1_B1_40001_38-2-rnk-no-sg_-170_0.5_8.6.png
2025-12-28 23:37:15,866 [main] INFO  c.p.b.e.r.g.ResultGraphBuilder.save - graph saved. C:/Dev/experiment/expr10/result//38-1-rnk-no-sg/3F/1_3F_235_wk1_B2_40001_38-1-rnk-no-sg_11_0.01_0.1.png
2025-12-28 23:37:15,898 [main] INFO  c.p.b.e.r.g.ResultGraphBuilder.save - graph saved. C:/Dev/experiment/expr10/result//38-2-rnk-no-sg/3F/1_3F_136_wk1_B2_40001_38-2-rnk-no-sg_-10_0.02_0.5.png
2025-12-28 23:37:16,134 [main] INFO  c.p.b.e.r.g.ResultGraphBuilder.save - graph saved. C:/Dev/experiment/expr10/result//38-1-rnk-no-sg/3F/1_3F_236_wk1_A2_40001_38-1-rnk-no-sg_-6_0.0_0.0.png
2025-12-28 23:37:16,195 [main] INFO  c.p.b.e.r.g.ResultGraphBuilder.save - graph saved. C:/Dev/experiment/expr10/result//38-2-rnk-no-sg/3F/1_3F_145_wk1_A1_40001_38-2-rnk-no-sg_-228_0.78_14.3.png
2025-12-28 23:37:16,429 [main] INFO  c.p.b.e.r.g.ResultGraphBuilder.save - graph saved. C:/Dev/experiment/expr10/result//38-1-rnk-no-sg/3F/1_3F_236_wk1_B1_40001_38-1-rnk-no-sg_18_0.1_1.6.png
2025-12-28 23:37:16,485 [main] INFO  c.p.b.e.r.g.ResultGraphBuilder.save - graph saved. C:/Dev/experiment/expr10/result//38-2-rnk-no-sg/3F/1_3F_145_wk1_A2_40001_38-2-rnk-no-sg_-309_0.48_9.5.png
2025-12-28 23:37:16,696 [main] INFO  c.p.b.e.r.g.ResultGraphBuilder.save - graph saved. C:/Dev/experiment/expr10/result//38-1-rnk-no-sg/3F/1_3F_236_wk1_B2_40001_38-1-rnk-no-sg_-9_0.0_0.1.png
2025-12-28 23:37:16,765 [main] INFO  c.p.b.e.r.g.ResultGraphBuilder.save - graph saved. C:/Dev/experiment/expr10/result//38-2-rnk-no-sg/3F/1_3F_145_wk1_B1_40001_38-2-rnk-no-sg_-271_0.45_9.3.png
2025-12-28 23:37:16,943 [main] INFO  c.p.b.e.r.g.ResultGraphBuilder.save - graph saved. C:/Dev/experiment/expr10/result//38-1-rnk-no-sg/3F/1_3F_245_wk1_A2_40001_38-1-rnk-no-sg_-4_0.0_0.0.png
2025-12-28 23:37:17,047 [main] INFO  c.p.b.e.r.g.ResultGraphBuilder.save - graph saved. C:/Dev/experiment/expr10/result//38-2-rnk-no-sg/3F/1_3F_145_wk1_B2_40001_38-2-rnk-no-sg_12_0.04_0.4.png
2025-12-28 23:37:17,223 [main] INFO  c.p.b.e.r.g.ResultGraphBuilder.save - graph saved. C:/Dev/experiment/expr10/result//38-1-rnk-no-sg/3F/1_3F_245_wk1_B1_40001_38-1-rnk-no-sg_0_0.07_1.4.png
2025-12-28 23:37:17,332 [main] INFO  c.p.b.e.r.g.ResultGraphBuilder.save - graph saved. C:/Dev/experiment/expr10/result//38-2-rnk-no-sg/3F/1_3F_146_wk1_A1_40001_38-2-rnk-no-sg_-241_0.4_9.8.png
2025-12-28 23:37:17,495 [main] INFO  c.p.b.e.r.g.ResultGraphBuilder.save - graph saved. C:/Dev/experiment/expr10/result//38-1-rnk-no-sg/3F/1_3F_245_wk1_B2_40001_38-1-rnk-no-sg_21_0.02_0.1.png
2025-12-28 23:37:17,620 [main] INFO  c.p.b.e.r.g.ResultGraphBuilder.save - graph saved. C:/Dev/experiment/expr10/result//38-2-rnk-no-sg/3F/1_3F_146_wk1_A2_40001_38-2-rnk-no-sg_-188_0.32_7.1.png
2025-12-28 23:37:17,726 [main] INFO  c.p.b.e.r.g.ResultGraphBuilder.save - graph saved. C:/Dev/experiment/expr10/result//38-1-rnk-no-sg/3F/1_3F_246_wk1_A2_40001_38-1-rnk-no-sg_0_0.0_0.0.png
2025-12-28 23:37:17,902 [main] INFO  c.p.b.e.r.g.ResultGraphBuilder.save - graph saved. C:/Dev/experiment/expr10/result//38-2-rnk-no-sg/3F/1_3F_146_wk1_B1_40001_38-2-rnk-no-sg_-110_0.34_6.0.png
2025-12-28 23:37:17,999 [main] INFO  c.p.b.e.r.g.ResultGraphBuilder.save - graph saved. C:/Dev/experiment/expr10/result//38-1-rnk-no-sg/3F/1_3F_246_wk1_B1_40001_38-1-rnk-no-sg_-16_0.03_0.6.png
2025-12-28 23:37:18,176 [main] INFO  c.p.b.e.r.g.ResultGraphBuilder.save - graph saved. C:/Dev/experiment/expr10/result//38-2-rnk-no-sg/3F/1_3F_146_wk1_B2_40001_38-2-rnk-no-sg_-19_0.01_0.3.png
2025-12-28 23:37:18,269 [main] INFO  c.p.b.e.r.g.ResultGraphBuilder.save - graph saved. C:/Dev/experiment/expr10/result//38-1-rnk-no-sg/3F/1_3F_246_wk1_B2_40001_38-1-rnk-no-sg_1_0.01_0.0.png
2025-12-28 23:37:18,463 [main] INFO  c.p.b.e.r.g.ResultGraphBuilder.save - graph saved. C:/Dev/experiment/expr10/result//38-2-rnk-no-sg/3F/1_3F_156_wk1_A1_40001_38-2-rnk-no-sg_-78_0.1_3.0.png
2025-12-28 23:37:18,546 [main] INFO  c.p.b.e.r.g.ResultGraphBuilder.save - graph saved. C:/Dev/experiment/expr10/result//38-1-rnk-no-sg/3F/1_3F_256_wk1_B1_40001_38-1-rnk-no-sg_1_0.01_0.2.png
2025-12-28 23:37:18,763 [main] INFO  c.p.b.e.r.g.ResultGraphBuilder.save - graph saved. C:/Dev/experiment/expr10/result//38-2-rnk-no-sg/3F/1_3F_156_wk1_A2_40001_38-2-rnk-no-sg_-102_0.09_2.8.png
2025-12-28 23:37:18,812 [main] INFO  c.p.b.e.r.g.ResultGraphBuilder.save - graph saved. C:/Dev/experiment/expr10/result//38-1-rnk-no-sg/3F/1_3F_256_wk1_B2_40001_38-1-rnk-no-sg_-4_0.0_0.0.png
2025-12-28 23:37:19,059 [main] INFO  c.p.b.e.r.g.ResultGraphBuilder.save - graph saved. C:/Dev/experiment/expr10/result//38-2-rnk-no-sg/3F/1_3F_156_wk1_B1_40001_38-2-rnk-no-sg_-35_0.12_2.3.png
2025-12-28 23:37:19,064 [main] INFO  c.p.b.e.r.g.ResultGraphBuilder.save - graph saved. C:/Dev/experiment/expr10/result//38-1-rnk-no-sg/3F/1_3F_345_wk1_A2_40001_38-1-rnk-no-sg_-2_0.0_0.0.png
2025-12-28 23:37:19,351 [main] INFO  c.p.b.e.r.g.ResultGraphBuilder.save - graph saved. C:/Dev/experiment/expr10/result//38-2-rnk-no-sg/3F/1_3F_156_wk1_B2_40001_38-2-rnk-no-sg_-11_0.0_0.1.png
2025-12-28 23:37:19,356 [main] INFO  c.p.b.e.r.g.ResultGraphBuilder.save - graph saved. C:/Dev/experiment/expr10/result//38-1-rnk-no-sg/3F/1_3F_345_wk1_B1_40001_38-1-rnk-no-sg_0_0.04_0.5.png
2025-12-28 23:37:19,590 [main] INFO  c.p.b.e.r.g.ResultGraphBuilder.save - graph saved. C:/Dev/experiment/expr10/result//38-2-rnk-no-sg/3F/1_3F_234_wk1_A1_40001_38-2-rnk-no-sg_-1_0.0_0.0.png
2025-12-28 23:37:19,619 [main] INFO  c.p.b.e.r.g.ResultGraphBuilder.save - graph saved. C:/Dev/experiment/expr10/result//38-1-rnk-no-sg/3F/1_3F_345_wk1_B2_40001_38-1-rnk-no-sg_-6_0.0_0.0.png
2025-12-28 23:37:19,843 [main] INFO  c.p.b.e.r.g.ResultGraphBuilder.save - graph saved. C:/Dev/experiment/expr10/result//38-1-rnk-no-sg/3F/1_3F_346_wk1_A2_40001_38-1-rnk-no-sg_-1_0.0_0.0.png
2025-12-28 23:37:19,874 [main] INFO  c.p.b.e.r.g.ResultGraphBuilder.save - graph saved. C:/Dev/experiment/expr10/result//38-2-rnk-no-sg/3F/1_3F_234_wk1_A2_40001_38-2-rnk-no-sg_-23_0.01_0.5.png
2025-12-28 23:37:20,309 [main] INFO  c.p.b.e.r.g.ResultGraphBuilder.save - graph saved. C:/Dev/experiment/expr10/result//38-2-rnk-no-sg/3F/1_3F_234_wk1_B1_40001_38-2-rnk-no-sg_-129_0.28_5.6.png
2025-12-28 23:37:20,311 [main] INFO  c.p.b.e.r.g.ResultGraphBuilder.save - graph saved. C:/Dev/experiment/expr10/result//38-1-rnk-no-sg/3F/1_3F_346_wk1_B1_40001_38-1-rnk-no-sg_-3_0.01_0.3.png
2025-12-28 23:37:20,556 [main] INFO  c.p.b.e.r.g.ResultGraphBuilder.save - graph saved. C:/Dev/experiment/expr10/result//38-1-rnk-no-sg/3F/1_3F_346_wk1_B2_40001_38-1-rnk-no-sg_3_0.0_0.0.png
2025-12-28 23:37:20,590 [main] INFO  c.p.b.e.r.g.ResultGraphBuilder.save - graph saved. C:/Dev/experiment/expr10/result//38-2-rnk-no-sg/3F/1_3F_234_wk1_B2_40001_38-2-rnk-no-sg_0_0.02_0.2.png
2025-12-28 23:37:20,831 [main] INFO  c.p.b.e.r.g.ResultGraphBuilder.save - graph saved. C:/Dev/experiment/expr10/result//38-1-rnk-no-sg/3F/1_3F_356_wk1_B1_40001_38-1-rnk-no-sg_-8_0.0_0.0.png
2025-12-28 23:37:20,862 [main] INFO  c.p.b.e.r.g.ResultGraphBuilder.save - graph saved. C:/Dev/experiment/expr10/result//38-2-rnk-no-sg/3F/1_3F_235_wk1_A2_40001_38-2-rnk-no-sg_12_0.01_0.1.png
2025-12-28 23:37:21,070 [main] INFO  c.p.b.e.r.g.ResultGraphBuilder.save - graph saved. C:/Dev/experiment/expr10/result//38-1-rnk-no-sg/3F/1_3F_356_wk1_B2_40001_38-1-rnk-no-sg_-2_0.0_0.0.png
2025-12-28 23:37:21,151 [main] INFO  c.p.b.e.r.g.ResultGraphBuilder.save - graph saved. C:/Dev/experiment/expr10/result//38-2-rnk-no-sg/3F/1_3F_235_wk1_B1_40001_38-2-rnk-no-sg_-83_0.07_2.2.png
2025-12-28 23:37:21,308 [main] INFO  c.p.b.e.r.g.ResultGraphBuilder.save - graph saved. C:/Dev/experiment/expr10/result//38-1-rnk-no-sg/3F/1_3F_456_wk1_B1_40001_38-1-rnk-no-sg_-1_0.0_0.0.png
2025-12-28 23:37:21,438 [main] INFO  c.p.b.e.r.g.ResultGraphBuilder.save - graph saved. C:/Dev/experiment/expr10/result//38-2-rnk-no-sg/3F/1_3F_235_wk1_B2_40001_38-2-rnk-no-sg_18_0.01_0.1.png
2025-12-28 23:37:21,603 [main] INFO  c.p.b.e.r.g.ResultGraphBuilder.save - graph saved. C:/Dev/experiment/expr10/result//38-1-rnk-no-sg/3T/1_3T_123_wk1_A1_40001_38-1-rnk-no-sg_-3_0.37_5.8.png
2025-12-28 23:37:21,705 [main] INFO  c.p.b.e.r.g.ResultGraphBuilder.save - graph saved. C:/Dev/experiment/expr10/result//38-2-rnk-no-sg/3F/1_3F_236_wk1_A2_40001_38-2-rnk-no-sg_-6_0.0_0.0.png
2025-12-28 23:37:21,901 [main] INFO  c.p.b.e.r.g.ResultGraphBuilder.save - graph saved. C:/Dev/experiment/expr10/result//38-1-rnk-no-sg/3T/1_3T_123_wk1_A2_40001_38-1-rnk-no-sg_-19_0.28_4.2.png
2025-12-28 23:37:21,995 [main] INFO  c.p.b.e.r.g.ResultGraphBuilder.save - graph saved. C:/Dev/experiment/expr10/result//38-2-rnk-no-sg/3F/1_3F_236_wk1_B1_40001_38-2-rnk-no-sg_-19_0.08_1.5.png
2025-12-28 23:37:22,190 [main] INFO  c.p.b.e.r.g.ResultGraphBuilder.save - graph saved. C:/Dev/experiment/expr10/result//38-1-rnk-no-sg/3T/1_3T_123_wk1_B1_40001_38-1-rnk-no-sg_-23_0.2_3.4.png
2025-12-28 23:37:22,265 [main] INFO  c.p.b.e.r.g.ResultGraphBuilder.save - graph saved. C:/Dev/experiment/expr10/result//38-2-rnk-no-sg/3F/1_3F_236_wk1_B2_40001_38-2-rnk-no-sg_-2_0.0_0.0.png
2025-12-28 23:37:22,472 [main] INFO  c.p.b.e.r.g.ResultGraphBuilder.save - graph saved. C:/Dev/experiment/expr10/result//38-1-rnk-no-sg/3T/1_3T_123_wk1_B2_40001_38-1-rnk-no-sg_-11_0.0_0.2.png
2025-12-28 23:37:22,546 [main] INFO  c.p.b.e.r.g.ResultGraphBuilder.save - graph saved. C:/Dev/experiment/expr10/result//38-2-rnk-no-sg/3F/1_3F_245_wk1_A2_40001_38-2-rnk-no-sg_0_0.0_0.0.png
2025-12-28 23:37:22,767 [main] INFO  c.p.b.e.r.g.ResultGraphBuilder.save - graph saved. C:/Dev/experiment/expr10/result//38-1-rnk-no-sg/3T/1_3T_124_wk1_A1_40001_38-1-rnk-no-sg_-59_0.24_4.7.png
2025-12-28 23:37:22,837 [main] INFO  c.p.b.e.r.g.ResultGraphBuilder.save - graph saved. C:/Dev/experiment/expr10/result//38-2-rnk-no-sg/3F/1_3F_245_wk1_B1_40001_38-2-rnk-no-sg_-25_0.04_1.3.png
2025-12-28 23:37:23,048 [main] INFO  c.p.b.e.r.g.ResultGraphBuilder.save - graph saved. C:/Dev/experiment/expr10/result//38-1-rnk-no-sg/3T/1_3T_124_wk1_A2_40001_38-1-rnk-no-sg_-104_0.17_3.7.png
2025-12-28 23:37:23,106 [main] INFO  c.p.b.e.r.g.ResultGraphBuilder.save - graph saved. C:/Dev/experiment/expr10/result//38-2-rnk-no-sg/3F/1_3F_245_wk1_B2_40001_38-2-rnk-no-sg_-8_0.0_0.0.png
2025-12-28 23:37:23,329 [main] INFO  c.p.b.e.r.g.ResultGraphBuilder.save - graph saved. C:/Dev/experiment/expr10/result//38-1-rnk-no-sg/3T/1_3T_124_wk1_B1_40001_38-1-rnk-no-sg_9_0.16_2.7.png
2025-12-28 23:37:23,349 [main] INFO  c.p.b.e.r.g.ResultGraphBuilder.save - graph saved. C:/Dev/experiment/expr10/result//38-2-rnk-no-sg/3F/1_3F_246_wk1_A2_40001_38-2-rnk-no-sg_-3_0.0_0.0.png
2025-12-28 23:37:23,601 [main] INFO  c.p.b.e.r.g.ResultGraphBuilder.save - graph saved. C:/Dev/experiment/expr10/result//38-1-rnk-no-sg/3T/1_3T_124_wk1_B2_40001_38-1-rnk-no-sg_-10_0.0_0.2.png
2025-12-28 23:37:23,623 [main] INFO  c.p.b.e.r.g.ResultGraphBuilder.save - graph saved. C:/Dev/experiment/expr10/result//38-2-rnk-no-sg/3F/1_3F_246_wk1_B1_40001_38-2-rnk-no-sg_-26_0.02_0.7.png
2025-12-28 23:37:23,880 [main] INFO  c.p.b.e.r.g.ResultGraphBuilder.save - graph saved. C:/Dev/experiment/expr10/result//38-1-rnk-no-sg/3T/1_3T_125_wk1_A1_40001_38-1-rnk-no-sg_-22_0.12_2.6.png
2025-12-28 23:37:23,888 [main] INFO  c.p.b.e.r.g.ResultGraphBuilder.save - graph saved. C:/Dev/experiment/expr10/result//38-2-rnk-no-sg/3F/1_3F_246_wk1_B2_40001_38-2-rnk-no-sg_0_0.0_0.0.png
2025-12-28 23:37:24,112 [main] INFO  c.p.b.e.r.g.ResultGraphBuilder.save - graph saved. C:/Dev/experiment/expr10/result//38-2-rnk-no-sg/3F/1_3F_256_wk1_A2_40001_38-2-rnk-no-sg_-1_0.0_0.0.png
2025-12-28 23:37:24,160 [main] INFO  c.p.b.e.r.g.ResultGraphBuilder.save - graph saved. C:/Dev/experiment/expr10/result//38-1-rnk-no-sg/3T/1_3T_125_wk1_A2_40001_38-1-rnk-no-sg_-24_0.09_1.8.png
2025-12-28 23:37:24,389 [main] INFO  c.p.b.e.r.g.ResultGraphBuilder.save - graph saved. C:/Dev/experiment/expr10/result//38-2-rnk-no-sg/3F/1_3F_256_wk1_B1_40001_38-2-rnk-no-sg_-4_0.01_0.2.png
2025-12-28 23:37:24,438 [main] INFO  c.p.b.e.r.g.ResultGraphBuilder.save - graph saved. C:/Dev/experiment/expr10/result//38-1-rnk-no-sg/3T/1_3T_125_wk1_B1_40001_38-1-rnk-no-sg_45_0.08_1.2.png
2025-12-28 23:37:24,612 [main] INFO  c.p.b.e.r.g.ResultGraphBuilder.save - graph saved. C:/Dev/experiment/expr10/result//38-2-rnk-no-sg/3F/1_3F_256_wk1_B2_40001_38-2-rnk-no-sg_0_0.0_0.0.png
2025-12-28 23:37:24,712 [main] INFO  c.p.b.e.r.g.ResultGraphBuilder.save - graph saved. C:/Dev/experiment/expr10/result//38-1-rnk-no-sg/3T/1_3T_125_wk1_B2_40001_38-1-rnk-no-sg_10_0.0_0.0.png
2025-12-28 23:37:24,870 [main] INFO  c.p.b.e.r.g.ResultGraphBuilder.save - graph saved. C:/Dev/experiment/expr10/result//38-2-rnk-no-sg/3F/1_3F_345_wk1_A2_40001_38-2-rnk-no-sg_-2_0.0_0.0.png
2025-12-28 23:37:25,002 [main] INFO  c.p.b.e.r.g.ResultGraphBuilder.save - graph saved. C:/Dev/experiment/expr10/result//38-1-rnk-no-sg/3T/1_3T_126_wk1_A1_40001_38-1-rnk-no-sg_-18_0.09_1.9.png
2025-12-28 23:37:25,145 [main] INFO  c.p.b.e.r.g.ResultGraphBuilder.save - graph saved. C:/Dev/experiment/expr10/result//38-2-rnk-no-sg/3F/1_3F_345_wk1_B1_40001_38-2-rnk-no-sg_-10_0.02_0.6.png
2025-12-28 23:37:25,288 [main] INFO  c.p.b.e.r.g.ResultGraphBuilder.save - graph saved. C:/Dev/experiment/expr10/result//38-1-rnk-no-sg/3T/1_3T_126_wk1_A2_40001_38-1-rnk-no-sg_-70_0.04_1.4.png
2025-12-28 23:37:25,405 [main] INFO  c.p.b.e.r.g.ResultGraphBuilder.save - graph saved. C:/Dev/experiment/expr10/result//38-2-rnk-no-sg/3F/1_3F_345_wk1_B2_40001_38-2-rnk-no-sg_-4_0.0_0.0.png
2025-12-28 23:37:25,568 [main] INFO  c.p.b.e.r.g.ResultGraphBuilder.save - graph saved. C:/Dev/experiment/expr10/result//38-1-rnk-no-sg/3T/1_3T_126_wk1_B1_40001_38-1-rnk-no-sg_3_0.05_0.9.png
2025-12-28 23:37:25,625 [main] INFO  c.p.b.e.r.g.ResultGraphBuilder.save - graph saved. C:/Dev/experiment/expr10/result//38-2-rnk-no-sg/3F/1_3F_346_wk1_A2_40001_38-2-rnk-no-sg_0_0.0_0.0.png
2025-12-28 23:37:25,824 [main] INFO  c.p.b.e.r.g.ResultGraphBuilder.save - graph saved. C:/Dev/experiment/expr10/result//38-1-rnk-no-sg/3T/1_3T_126_wk1_B2_40001_38-1-rnk-no-sg_2_0.0_0.0.png
2025-12-28 23:37:25,903 [main] INFO  c.p.b.e.r.g.ResultGraphBuilder.save - graph saved. C:/Dev/experiment/expr10/result//38-2-rnk-no-sg/3F/1_3F_346_wk1_B1_40001_38-2-rnk-no-sg_-10_0.01_0.3.png
2025-12-28 23:37:26,115 [main] INFO  c.p.b.e.r.g.ResultGraphBuilder.save - graph saved. C:/Dev/experiment/expr10/result//38-1-rnk-no-sg/3T/1_3T_132_wk1_A1_40001_38-1-rnk-no-sg_-184_0.64_11.1.png
2025-12-28 23:37:26,152 [main] INFO  c.p.b.e.r.g.ResultGraphBuilder.save - graph saved. C:/Dev/experiment/expr10/result//38-2-rnk-no-sg/3F/1_3F_346_wk1_B2_40001_38-2-rnk-no-sg_9_0.0_0.0.png
2025-12-28 23:37:26,430 [main] INFO  c.p.b.e.r.g.ResultGraphBuilder.save - graph saved. C:/Dev/experiment/expr10/result//38-1-rnk-no-sg/3T/1_3T_132_wk1_A2_40001_38-1-rnk-no-sg_-98_0.39_6.9.png
2025-12-28 23:37:26,455 [main] INFO  c.p.b.e.r.g.ResultGraphBuilder.save - graph saved. C:/Dev/experiment/expr10/result//38-2-rnk-no-sg/3F/1_3F_356_wk1_B1_40001_38-2-rnk-no-sg_21_0.01_0.1.png
2025-12-28 23:37:26,681 [main] INFO  c.p.b.e.r.g.ResultGraphBuilder.save - graph saved. C:/Dev/experiment/expr10/result//38-2-rnk-no-sg/3F/1_3F_456_wk1_B1_40001_38-2-rnk-no-sg_-1_0.0_0.0.png
2025-12-28 23:37:26,711 [main] INFO  c.p.b.e.r.g.ResultGraphBuilder.save - graph saved. C:/Dev/experiment/expr10/result//38-1-rnk-no-sg/3T/1_3T_132_wk1_B1_40001_38-1-rnk-no-sg_-35_0.24_4.5.png
2025-12-28 23:37:26,966 [main] INFO  c.p.b.e.r.g.ResultGraphBuilder.save - graph saved. C:/Dev/experiment/expr10/result//38-2-rnk-no-sg/3T/1_3T_123_wk1_A1_40001_38-2-rnk-no-sg_-169_0.2_4.6.png
2025-12-28 23:37:26,983 [main] INFO  c.p.b.e.r.g.ResultGraphBuilder.save - graph saved. C:/Dev/experiment/expr10/result//38-1-rnk-no-sg/3T/1_3T_132_wk1_B2_40001_38-1-rnk-no-sg_16_0.03_0.3.png
2025-12-28 23:37:27,250 [main] INFO  c.p.b.e.r.g.ResultGraphBuilder.save - graph saved. C:/Dev/experiment/expr10/result//38-2-rnk-no-sg/3T/1_3T_123_wk1_A2_40001_38-2-rnk-no-sg_-49_0.2_3.5.png
2025-12-28 23:37:27,267 [main] INFO  c.p.b.e.r.g.ResultGraphBuilder.save - graph saved. C:/Dev/experiment/expr10/result//38-1-rnk-no-sg/3T/1_3T_134_wk1_A1_40001_38-1-rnk-no-sg_9_0.16_3.1.png
2025-12-28 23:37:27,531 [main] INFO  c.p.b.e.r.g.ResultGraphBuilder.save - graph saved. C:/Dev/experiment/expr10/result//38-2-rnk-no-sg/3T/1_3T_123_wk1_B1_40001_38-2-rnk-no-sg_-15_0.13_2.4.png
2025-12-28 23:37:27,545 [main] INFO  c.p.b.e.r.g.ResultGraphBuilder.save - graph saved. C:/Dev/experiment/expr10/result//38-1-rnk-no-sg/3T/1_3T_134_wk1_A2_40001_38-1-rnk-no-sg_-30_0.12_2.4.png
2025-12-28 23:37:27,813 [main] INFO  c.p.b.e.r.g.ResultGraphBuilder.save - graph saved. C:/Dev/experiment/expr10/result//38-2-rnk-no-sg/3T/1_3T_123_wk1_B2_40001_38-2-rnk-no-sg_-7_0.0_0.1.png
2025-12-28 23:37:27,828 [main] INFO  c.p.b.e.r.g.ResultGraphBuilder.save - graph saved. C:/Dev/experiment/expr10/result//38-1-rnk-no-sg/3T/1_3T_134_wk1_B1_40001_38-1-rnk-no-sg_0_0.06_1.3.png
2025-12-28 23:37:28,096 [main] INFO  c.p.b.e.r.g.ResultGraphBuilder.save - graph saved. C:/Dev/experiment/expr10/result//38-2-rnk-no-sg/3T/1_3T_124_wk1_A1_40001_38-2-rnk-no-sg_-15_0.21_3.6.png
2025-12-28 23:37:28,110 [main] INFO  c.p.b.e.r.g.ResultGraphBuilder.save - graph saved. C:/Dev/experiment/expr10/result//38-1-rnk-no-sg/3T/1_3T_134_wk1_B2_40001_38-1-rnk-no-sg_-11_0.0_0.1.png
2025-12-28 23:37:28,379 [main] INFO  c.p.b.e.r.g.ResultGraphBuilder.save - graph saved. C:/Dev/experiment/expr10/result//38-2-rnk-no-sg/3T/1_3T_124_wk1_A2_40001_38-2-rnk-no-sg_-74_0.12_2.8.png
2025-12-28 23:37:28,385 [main] INFO  c.p.b.e.r.g.ResultGraphBuilder.save - graph saved. C:/Dev/experiment/expr10/result//38-1-rnk-no-sg/3T/1_3T_135_wk1_A1_40001_38-1-rnk-no-sg_-42_0.01_0.7.png
2025-12-28 23:37:28,659 [main] INFO  c.p.b.e.r.g.ResultGraphBuilder.save - graph saved. C:/Dev/experiment/expr10/result//38-1-rnk-no-sg/3T/1_3T_135_wk1_A2_40001_38-1-rnk-no-sg_-25_0.03_0.7.png
2025-12-28 23:37:28,663 [main] INFO  c.p.b.e.r.g.ResultGraphBuilder.save - graph saved. C:/Dev/experiment/expr10/result//38-2-rnk-no-sg/3T/1_3T_124_wk1_B1_40001_38-2-rnk-no-sg_0_0.1_1.8.png
2025-12-28 23:37:28,929 [main] INFO  c.p.b.e.r.g.ResultGraphBuilder.save - graph saved. C:/Dev/experiment/expr10/result//38-2-rnk-no-sg/3T/1_3T_124_wk1_B2_40001_38-2-rnk-no-sg_-4_0.0_0.1.png
2025-12-28 23:37:28,934 [main] INFO  c.p.b.e.r.g.ResultGraphBuilder.save - graph saved. C:/Dev/experiment/expr10/result//38-1-rnk-no-sg/3T/1_3T_135_wk1_B1_40001_38-1-rnk-no-sg_10_0.02_0.4.png
2025-12-28 23:37:29,177 [main] INFO  c.p.b.e.r.g.ResultGraphBuilder.save - graph saved. C:/Dev/experiment/expr10/result//38-1-rnk-no-sg/3T/1_3T_135_wk1_B2_40001_38-1-rnk-no-sg_-3_0.0_0.0.png
2025-12-28 23:37:29,207 [main] INFO  c.p.b.e.r.g.ResultGraphBuilder.save - graph saved. C:/Dev/experiment/expr10/result//38-2-rnk-no-sg/3T/1_3T_125_wk1_A1_40001_38-2-rnk-no-sg_-34_0.07_1.7.png
2025-12-28 23:37:29,463 [main] INFO  c.p.b.e.r.g.ResultGraphBuilder.save - graph saved. C:/Dev/experiment/expr10/result//38-1-rnk-no-sg/3T/1_3T_136_wk1_A1_40001_38-1-rnk-no-sg_-5_0.03_0.6.png
2025-12-28 23:37:29,494 [main] INFO  c.p.b.e.r.g.ResultGraphBuilder.save - graph saved. C:/Dev/experiment/expr10/result//38-2-rnk-no-sg/3T/1_3T_125_wk1_A2_40001_38-2-rnk-no-sg_-10_0.05_1.2.png
2025-12-28 23:37:29,746 [main] INFO  c.p.b.e.r.g.ResultGraphBuilder.save - graph saved. C:/Dev/experiment/expr10/result//38-1-rnk-no-sg/3T/1_3T_136_wk1_A2_40001_38-1-rnk-no-sg_22_0.04_0.6.png
2025-12-28 23:37:29,781 [main] INFO  c.p.b.e.r.g.ResultGraphBuilder.save - graph saved. C:/Dev/experiment/expr10/result//38-2-rnk-no-sg/3T/1_3T_125_wk1_B1_40001_38-2-rnk-no-sg_-17_0.03_0.7.png
2025-12-28 23:37:30,021 [main] INFO  c.p.b.e.r.g.ResultGraphBuilder.save - graph saved. C:/Dev/experiment/expr10/result//38-1-rnk-no-sg/3T/1_3T_136_wk1_B1_40001_38-1-rnk-no-sg_-1_0.01_0.3.png
2025-12-28 23:37:30,028 [main] INFO  c.p.b.e.r.g.ResultGraphBuilder.save - graph saved. C:/Dev/experiment/expr10/result//38-2-rnk-no-sg/3T/1_3T_125_wk1_B2_40001_38-2-rnk-no-sg_-4_0.0_0.0.png
2025-12-28 23:37:30,265 [main] INFO  c.p.b.e.r.g.ResultGraphBuilder.save - graph saved. C:/Dev/experiment/expr10/result//38-1-rnk-no-sg/3T/1_3T_136_wk1_B2_40001_38-1-rnk-no-sg_-3_0.0_0.0.png
2025-12-28 23:37:30,307 [main] INFO  c.p.b.e.r.g.ResultGraphBuilder.save - graph saved. C:/Dev/experiment/expr10/result//38-2-rnk-no-sg/3T/1_3T_126_wk1_A1_40001_38-2-rnk-no-sg_-21_0.04_1.0.png
2025-12-28 23:37:30,546 [main] INFO  c.p.b.e.r.g.ResultGraphBuilder.save - graph saved. C:/Dev/experiment/expr10/result//38-1-rnk-no-sg/3T/1_3T_142_wk1_A1_40001_38-1-rnk-no-sg_-347_0.39_10.0.png
2025-12-28 23:37:30,589 [main] INFO  c.p.b.e.r.g.ResultGraphBuilder.save - graph saved. C:/Dev/experiment/expr10/result//38-2-rnk-no-sg/3T/1_3T_126_wk1_A2_40001_38-2-rnk-no-sg_6_0.04_0.9.png
2025-12-28 23:37:30,846 [main] INFO  c.p.b.e.r.g.ResultGraphBuilder.save - graph saved. C:/Dev/experiment/expr10/result//38-1-rnk-no-sg/3T/1_3T_142_wk1_A2_40001_38-1-rnk-no-sg_-149_0.3_6.1.png
2025-12-28 23:37:30,884 [main] INFO  c.p.b.e.r.g.ResultGraphBuilder.save - graph saved. C:/Dev/experiment/expr10/result//38-2-rnk-no-sg/3T/1_3T_126_wk1_B1_40001_38-2-rnk-no-sg_-8_0.01_0.4.png
2025-12-28 23:37:31,148 [main] INFO  c.p.b.e.r.g.ResultGraphBuilder.save - graph saved. C:/Dev/experiment/expr10/result//38-2-rnk-no-sg/3T/1_3T_126_wk1_B2_40001_38-2-rnk-no-sg_8_0.0_0.0.png
2025-12-28 23:37:31,151 [main] INFO  c.p.b.e.r.g.ResultGraphBuilder.save - graph saved. C:/Dev/experiment/expr10/result//38-1-rnk-no-sg/3T/1_3T_142_wk1_B1_40001_38-1-rnk-no-sg_-35_0.16_3.5.png
2025-12-28 23:37:31,453 [main] INFO  c.p.b.e.r.g.ResultGraphBuilder.save - graph saved. C:/Dev/experiment/expr10/result//38-1-rnk-no-sg/3T/1_3T_142_wk1_B2_40001_38-1-rnk-no-sg_-9_0.0_0.2.png
2025-12-28 23:37:31,455 [main] INFO  c.p.b.e.r.g.ResultGraphBuilder.save - graph saved. C:/Dev/experiment/expr10/result//38-2-rnk-no-sg/3T/1_3T_132_wk1_A1_40001_38-2-rnk-no-sg_-155_0.45_8.3.png
2025-12-28 23:37:31,741 [main] INFO  c.p.b.e.r.g.ResultGraphBuilder.save - graph saved. C:/Dev/experiment/expr10/result//38-1-rnk-no-sg/3T/1_3T_143_wk1_A1_40001_38-1-rnk-no-sg_-269_0.29_7.7.png
2025-12-28 23:37:31,745 [main] INFO  c.p.b.e.r.g.ResultGraphBuilder.save - graph saved. C:/Dev/experiment/expr10/result//38-2-rnk-no-sg/3T/1_3T_132_wk1_A2_40001_38-2-rnk-no-sg_-133_0.26_5.3.png
2025-12-28 23:37:32,026 [main] INFO  c.p.b.e.r.g.ResultGraphBuilder.save - graph saved. C:/Dev/experiment/expr10/result//38-1-rnk-no-sg/3T/1_3T_143_wk1_A2_40001_38-1-rnk-no-sg_-103_0.24_4.9.png
2025-12-28 23:37:32,032 [main] INFO  c.p.b.e.r.g.ResultGraphBuilder.save - graph saved. C:/Dev/experiment/expr10/result//38-2-rnk-no-sg/3T/1_3T_132_wk1_B1_40001_38-2-rnk-no-sg_-21_0.17_3.4.png
2025-12-28 23:37:32,314 [main] INFO  c.p.b.e.r.g.ResultGraphBuilder.save - graph saved. C:/Dev/experiment/expr10/result//38-1-rnk-no-sg/3T/1_3T_143_wk1_B1_40001_38-1-rnk-no-sg_-10_0.11_2.2.png
2025-12-28 23:37:32,318 [main] INFO  c.p.b.e.r.g.ResultGraphBuilder.save - graph saved. C:/Dev/experiment/expr10/result//38-2-rnk-no-sg/3T/1_3T_132_wk1_B2_40001_38-2-rnk-no-sg_18_0.01_0.2.png
2025-12-28 23:37:32,586 [main] INFO  c.p.b.e.r.g.ResultGraphBuilder.save - graph saved. C:/Dev/experiment/expr10/result//38-1-rnk-no-sg/3T/1_3T_143_wk1_B2_40001_38-1-rnk-no-sg_-2_0.0_0.1.png
2025-12-28 23:37:32,601 [main] INFO  c.p.b.e.r.g.ResultGraphBuilder.save - graph saved. C:/Dev/experiment/expr10/result//38-2-rnk-no-sg/3T/1_3T_134_wk1_A1_40001_38-2-rnk-no-sg_-31_0.11_2.4.png
2025-12-28 23:37:32,860 [main] INFO  c.p.b.e.r.g.ResultGraphBuilder.save - graph saved. C:/Dev/experiment/expr10/result//38-1-rnk-no-sg/3T/1_3T_145_wk1_A1_40001_38-1-rnk-no-sg_-21_0.02_0.7.png
2025-12-28 23:37:32,883 [main] INFO  c.p.b.e.r.g.ResultGraphBuilder.save - graph saved. C:/Dev/experiment/expr10/result//38-2-rnk-no-sg/3T/1_3T_134_wk1_A2_40001_38-2-rnk-no-sg_-39_0.09_1.8.png
2025-12-28 23:37:33,147 [main] INFO  c.p.b.e.r.g.ResultGraphBuilder.save - graph saved. C:/Dev/experiment/expr10/result//38-1-rnk-no-sg/3T/1_3T_145_wk1_A2_40001_38-1-rnk-no-sg_-14_0.03_0.8.png
2025-12-28 23:37:33,173 [main] INFO  c.p.b.e.r.g.ResultGraphBuilder.save - graph saved. C:/Dev/experiment/expr10/result//38-2-rnk-no-sg/3T/1_3T_134_wk1_B1_40001_38-2-rnk-no-sg_-15_0.03_0.9.png
2025-12-28 23:37:33,425 [main] INFO  c.p.b.e.r.g.ResultGraphBuilder.save - graph saved. C:/Dev/experiment/expr10/result//38-1-rnk-no-sg/3T/1_3T_145_wk1_B1_40001_38-1-rnk-no-sg_23_0.02_0.3.png
2025-12-28 23:37:33,441 [main] INFO  c.p.b.e.r.g.ResultGraphBuilder.save - graph saved. C:/Dev/experiment/expr10/result//38-2-rnk-no-sg/3T/1_3T_134_wk1_B2_40001_38-2-rnk-no-sg_-7_0.0_0.0.png
2025-12-28 23:37:33,661 [main] INFO  c.p.b.e.r.g.ResultGraphBuilder.save - graph saved. C:/Dev/experiment/expr10/result//38-1-rnk-no-sg/3T/1_3T_145_wk1_B2_40001_38-1-rnk-no-sg_0_0.0_0.0.png
2025-12-28 23:37:33,711 [main] INFO  c.p.b.e.r.g.ResultGraphBuilder.save - graph saved. C:/Dev/experiment/expr10/result//38-2-rnk-no-sg/3T/1_3T_135_wk1_A1_40001_38-2-rnk-no-sg_-33_0.01_0.5.png
2025-12-28 23:37:33,936 [main] INFO  c.p.b.e.r.g.ResultGraphBuilder.save - graph saved. C:/Dev/experiment/expr10/result//38-1-rnk-no-sg/3T/1_3T_146_wk1_A1_40001_38-1-rnk-no-sg_-14_0.01_0.3.png
2025-12-28 23:37:33,992 [main] INFO  c.p.b.e.r.g.ResultGraphBuilder.save - graph saved. C:/Dev/experiment/expr10/result//38-2-rnk-no-sg/3T/1_3T_135_wk1_A2_40001_38-2-rnk-no-sg_16_0.04_0.5.png
2025-12-28 23:37:34,224 [main] INFO  c.p.b.e.r.g.ResultGraphBuilder.save - graph saved. C:/Dev/experiment/expr10/result//38-1-rnk-no-sg/3T/1_3T_146_wk1_A2_40001_38-1-rnk-no-sg_-3_0.01_0.4.png
2025-12-28 23:37:34,278 [main] INFO  c.p.b.e.r.g.ResultGraphBuilder.save - graph saved. C:/Dev/experiment/expr10/result//38-2-rnk-no-sg/3T/1_3T_135_wk1_B1_40001_38-2-rnk-no-sg_-12_0.0_0.2.png
2025-12-28 23:37:34,499 [main] INFO  c.p.b.e.r.g.ResultGraphBuilder.save - graph saved. C:/Dev/experiment/expr10/result//38-1-rnk-no-sg/3T/1_3T_146_wk1_B1_40001_38-1-rnk-no-sg_-3_0.01_0.2.png
2025-12-28 23:37:34,516 [main] INFO  c.p.b.e.r.g.ResultGraphBuilder.save - graph saved. C:/Dev/experiment/expr10/result//38-2-rnk-no-sg/3T/1_3T_135_wk1_B2_40001_38-2-rnk-no-sg_2_0.0_0.0.png
2025-12-28 23:37:34,721 [main] INFO  c.p.b.e.r.g.ResultGraphBuilder.save - graph saved. C:/Dev/experiment/expr10/result//38-1-rnk-no-sg/3T/1_3T_146_wk1_B2_40001_38-1-rnk-no-sg_-1_0.0_0.0.png
2025-12-28 23:37:34,792 [main] INFO  c.p.b.e.r.g.ResultGraphBuilder.save - graph saved. C:/Dev/experiment/expr10/result//38-2-rnk-no-sg/3T/1_3T_136_wk1_A1_40001_38-2-rnk-no-sg_-15_0.01_0.3.png
2025-12-28 23:37:35,004 [main] INFO  c.p.b.e.r.g.ResultGraphBuilder.save - graph saved. C:/Dev/experiment/expr10/result//38-1-rnk-no-sg/3T/1_3T_152_wk1_A1_40001_38-1-rnk-no-sg_-97_0.13_3.6.png
2025-12-28 23:37:35,065 [main] INFO  c.p.b.e.r.g.ResultGraphBuilder.save - graph saved. C:/Dev/experiment/expr10/result//38-2-rnk-no-sg/3T/1_3T_136_wk1_A2_40001_38-2-rnk-no-sg_-13_0.01_0.5.png
2025-12-28 23:37:35,288 [main] INFO  c.p.b.e.r.g.ResultGraphBuilder.save - graph saved. C:/Dev/experiment/expr10/result//38-1-rnk-no-sg/3T/1_3T_152_wk1_A2_40001_38-1-rnk-no-sg_-52_0.1_2.4.png
2025-12-28 23:37:35,338 [main] INFO  c.p.b.e.r.g.ResultGraphBuilder.save - graph saved. C:/Dev/experiment/expr10/result//38-2-rnk-no-sg/3T/1_3T_136_wk1_B1_40001_38-2-rnk-no-sg_-1_0.0_0.1.png
2025-12-28 23:37:35,564 [main] INFO  c.p.b.e.r.g.ResultGraphBuilder.save - graph saved. C:/Dev/experiment/expr10/result//38-1-rnk-no-sg/3T/1_3T_152_wk1_B1_40001_38-1-rnk-no-sg_-33_0.05_1.3.png
2025-12-28 23:37:35,616 [main] INFO  c.p.b.e.r.g.ResultGraphBuilder.save - graph saved. C:/Dev/experiment/expr10/result//38-2-rnk-no-sg/3T/1_3T_142_wk1_A1_40001_38-2-rnk-no-sg_-120_0.34_7.5.png
2025-12-28 23:37:35,993 [main] INFO  c.p.b.e.r.g.ResultGraphBuilder.save - graph saved. C:/Dev/experiment/expr10/result//38-1-rnk-no-sg/3T/1_3T_152_wk1_B2_40001_38-1-rnk-no-sg_1_0.0_0.0.png
2025-12-28 23:37:36,003 [main] INFO  c.p.b.e.r.g.ResultGraphBuilder.save - graph saved. C:/Dev/experiment/expr10/result//38-2-rnk-no-sg/3T/1_3T_142_wk1_A2_40001_38-2-rnk-no-sg_-35_0.23_4.4.png
2025-12-28 23:37:36,279 [main] INFO  c.p.b.e.r.g.ResultGraphBuilder.save - graph saved. C:/Dev/experiment/expr10/result//38-1-rnk-no-sg/3T/1_3T_153_wk1_A1_40001_38-1-rnk-no-sg_-76_0.06_1.9.png
2025-12-28 23:37:36,301 [main] INFO  c.p.b.e.r.g.ResultGraphBuilder.save - graph saved. C:/Dev/experiment/expr10/result//38-2-rnk-no-sg/3T/1_3T_142_wk1_B1_40001_38-2-rnk-no-sg_-71_0.1_2.6.png
2025-12-28 23:37:36,599 [main] INFO  c.p.b.e.r.g.ResultGraphBuilder.save - graph saved. C:/Dev/experiment/expr10/result//38-1-rnk-no-sg/3T/1_3T_153_wk1_A2_40001_38-1-rnk-no-sg_-45_0.07_1.7.png
2025-12-28 23:37:36,604 [main] INFO  c.p.b.e.r.g.ResultGraphBuilder.save - graph saved. C:/Dev/experiment/expr10/result//38-2-rnk-no-sg/3T/1_3T_142_wk1_B2_40001_38-2-rnk-no-sg_23_0.01_0.1.png
2025-12-28 23:37:36,874 [main] INFO  c.p.b.e.r.g.ResultGraphBuilder.save - graph saved. C:/Dev/experiment/expr10/result//38-1-rnk-no-sg/3T/1_3T_153_wk1_B1_40001_38-1-rnk-no-sg_-29_0.02_0.8.png
2025-12-28 23:37:36,889 [main] INFO  c.p.b.e.r.g.ResultGraphBuilder.save - graph saved. C:/Dev/experiment/expr10/result//38-2-rnk-no-sg/3T/1_3T_143_wk1_A1_40001_38-2-rnk-no-sg_-93_0.25_5.9.png
2025-12-28 23:37:37,128 [main] INFO  c.p.b.e.r.g.ResultGraphBuilder.save - graph saved. C:/Dev/experiment/expr10/result//38-1-rnk-no-sg/3T/1_3T_153_wk1_B2_40001_38-1-rnk-no-sg_-5_0.0_0.0.png
2025-12-28 23:37:37,169 [main] INFO  c.p.b.e.r.g.ResultGraphBuilder.save - graph saved. C:/Dev/experiment/expr10/result//38-2-rnk-no-sg/3T/1_3T_143_wk1_A2_40001_38-2-rnk-no-sg_-47_0.18_3.7.png
2025-12-28 23:37:37,426 [main] INFO  c.p.b.e.r.g.ResultGraphBuilder.save - graph saved. C:/Dev/experiment/expr10/result//38-1-rnk-no-sg/3T/1_3T_154_wk1_A1_40001_38-1-rnk-no-sg_17_0.08_1.4.png
2025-12-28 23:37:37,469 [main] INFO  c.p.b.e.r.g.ResultGraphBuilder.save - graph saved. C:/Dev/experiment/expr10/result//38-2-rnk-no-sg/3T/1_3T_143_wk1_B1_40001_38-2-rnk-no-sg_-24_0.07_1.6.png
2025-12-28 23:37:37,711 [main] INFO  c.p.b.e.r.g.ResultGraphBuilder.save - graph saved. C:/Dev/experiment/expr10/result//38-1-rnk-no-sg/3T/1_3T_154_wk1_A2_40001_38-1-rnk-no-sg_-42_0.06_1.5.png
2025-12-28 23:37:37,737 [main] INFO  c.p.b.e.r.g.ResultGraphBuilder.save - graph saved. C:/Dev/experiment/expr10/result//38-2-rnk-no-sg/3T/1_3T_143_wk1_B2_40001_38-2-rnk-no-sg_-10_0.0_0.1.png
2025-12-28 23:37:38,006 [main] INFO  c.p.b.e.r.g.ResultGraphBuilder.save - graph saved. C:/Dev/experiment/expr10/result//38-1-rnk-no-sg/3T/1_3T_154_wk1_B1_40001_38-1-rnk-no-sg_-1_0.02_0.5.png
2025-12-28 23:37:38,029 [main] INFO  c.p.b.e.r.g.ResultGraphBuilder.save - graph saved. C:/Dev/experiment/expr10/result//38-2-rnk-no-sg/3T/1_3T_145_wk1_A1_40001_38-2-rnk-no-sg_-25_0.01_0.5.png
2025-12-28 23:37:38,274 [main] INFO  c.p.b.e.r.g.ResultGraphBuilder.save - graph saved. C:/Dev/experiment/expr10/result//38-1-rnk-no-sg/3T/1_3T_154_wk1_B2_40001_38-1-rnk-no-sg_1_0.0_0.0.png
2025-12-28 23:37:38,325 [main] INFO  c.p.b.e.r.g.ResultGraphBuilder.save - graph saved. C:/Dev/experiment/expr10/result//38-2-rnk-no-sg/3T/1_3T_145_wk1_A2_40001_38-2-rnk-no-sg_-20_0.01_0.5.png
2025-12-28 23:37:38,550 [main] INFO  c.p.b.e.r.g.ResultGraphBuilder.save - graph saved. C:/Dev/experiment/expr10/result//38-1-rnk-no-sg/3T/1_3T_156_wk1_A1_40001_38-1-rnk-no-sg_16_0.01_0.0.png
2025-12-28 23:37:38,611 [main] INFO  c.p.b.e.r.g.ResultGraphBuilder.save - graph saved. C:/Dev/experiment/expr10/result//38-2-rnk-no-sg/3T/1_3T_145_wk1_B1_40001_38-2-rnk-no-sg_-6_0.01_0.2.png
2025-12-28 23:37:38,821 [main] INFO  c.p.b.e.r.g.ResultGraphBuilder.save - graph saved. C:/Dev/experiment/expr10/result//38-1-rnk-no-sg/3T/1_3T_156_wk1_A2_40001_38-1-rnk-no-sg_3_0.0_0.1.png
2025-12-28 23:37:38,844 [main] INFO  c.p.b.e.r.g.ResultGraphBuilder.save - graph saved. C:/Dev/experiment/expr10/result//38-2-rnk-no-sg/3T/1_3T_145_wk1_B2_40001_38-2-rnk-no-sg_-1_0.0_0.0.png
2025-12-28 23:37:39,090 [main] INFO  c.p.b.e.r.g.ResultGraphBuilder.save - graph saved. C:/Dev/experiment/expr10/result//38-1-rnk-no-sg/3T/1_3T_156_wk1_B1_40001_38-1-rnk-no-sg_-6_0.0_0.0.png
2025-12-28 23:37:39,127 [main] INFO  c.p.b.e.r.g.ResultGraphBuilder.save - graph saved. C:/Dev/experiment/expr10/result//38-2-rnk-no-sg/3T/1_3T_146_wk1_A1_40001_38-2-rnk-no-sg_-3_0.01_0.1.png
2025-12-28 23:37:39,372 [main] INFO  c.p.b.e.r.g.ResultGraphBuilder.save - graph saved. C:/Dev/experiment/expr10/result//38-1-rnk-no-sg/3T/1_3T_162_wk1_A1_40001_38-1-rnk-no-sg_-48_0.04_1.3.png
2025-12-28 23:37:39,406 [main] INFO  c.p.b.e.r.g.ResultGraphBuilder.save - graph saved. C:/Dev/experiment/expr10/result//38-2-rnk-no-sg/3T/1_3T_146_wk1_A2_40001_38-2-rnk-no-sg_16_0.02_0.2.png
2025-12-28 23:37:39,661 [main] INFO  c.p.b.e.r.g.ResultGraphBuilder.save - graph saved. C:/Dev/experiment/expr10/result//38-1-rnk-no-sg/3T/1_3T_162_wk1_A2_40001_38-1-rnk-no-sg_-12_0.06_1.3.png
2025-12-28 23:37:39,682 [main] INFO  c.p.b.e.r.g.ResultGraphBuilder.save - graph saved. C:/Dev/experiment/expr10/result//38-2-rnk-no-sg/3T/1_3T_146_wk1_B1_40001_38-2-rnk-no-sg_-3_0.0_0.1.png
2025-12-28 23:37:39,926 [main] INFO  c.p.b.e.r.g.ResultGraphBuilder.save - graph saved. C:/Dev/experiment/expr10/result//38-2-rnk-no-sg/3T/1_3T_146_wk1_B2_40001_38-2-rnk-no-sg_-1_0.0_0.0.png
2025-12-28 23:37:39,959 [main] INFO  c.p.b.e.r.g.ResultGraphBuilder.save - graph saved. C:/Dev/experiment/expr10/result//38-1-rnk-no-sg/3T/1_3T_162_wk1_B1_40001_38-1-rnk-no-sg_-18_0.02_0.8.png
2025-12-28 23:37:40,235 [main] INFO  c.p.b.e.r.g.ResultGraphBuilder.save - graph saved. C:/Dev/experiment/expr10/result//38-1-rnk-no-sg/3T/1_3T_162_wk1_B2_40001_38-1-rnk-no-sg_-5_0.0_0.0.png
2025-12-28 23:37:40,242 [main] INFO  c.p.b.e.r.g.ResultGraphBuilder.save - graph saved. C:/Dev/experiment/expr10/result//38-2-rnk-no-sg/3T/1_3T_152_wk1_A1_40001_38-2-rnk-no-sg_-67_0.07_2.3.png
2025-12-28 23:37:40,523 [main] INFO  c.p.b.e.r.g.ResultGraphBuilder.save - graph saved. C:/Dev/experiment/expr10/result//38-1-rnk-no-sg/3T/1_3T_163_wk1_A1_40001_38-1-rnk-no-sg_-19_0.03_0.8.png
2025-12-28 23:37:40,532 [main] INFO  c.p.b.e.r.g.ResultGraphBuilder.save - graph saved. C:/Dev/experiment/expr10/result//38-2-rnk-no-sg/3T/1_3T_152_wk1_A2_40001_38-2-rnk-no-sg_-64_0.04_1.6.png
2025-12-28 23:37:40,829 [main] INFO  c.p.b.e.r.g.ResultGraphBuilder.save - graph saved. C:/Dev/experiment/expr10/result//38-1-rnk-no-sg/3T/1_3T_163_wk1_A2_40001_38-1-rnk-no-sg_-11_0.04_0.9.png
2025-12-28 23:37:40,837 [main] INFO  c.p.b.e.r.g.ResultGraphBuilder.save - graph saved. C:/Dev/experiment/expr10/result//38-2-rnk-no-sg/3T/1_3T_152_wk1_B1_40001_38-2-rnk-no-sg_-19_0.03_0.8.png
2025-12-28 23:37:41,084 [main] INFO  c.p.b.e.r.g.ResultGraphBuilder.save - graph saved. C:/Dev/experiment/expr10/result//38-2-rnk-no-sg/3T/1_3T_152_wk1_B2_40001_38-2-rnk-no-sg_2_0.0_0.0.png
2025-12-28 23:37:41,116 [main] INFO  c.p.b.e.r.g.ResultGraphBuilder.save - graph saved. C:/Dev/experiment/expr10/result//38-1-rnk-no-sg/3T/1_3T_163_wk1_B1_40001_38-1-rnk-no-sg_-4_0.02_0.5.png
2025-12-28 23:37:41,506 [main] INFO  c.p.b.e.r.g.ResultGraphBuilder.save - graph saved. C:/Dev/experiment/expr10/result//38-1-rnk-no-sg/3T/1_3T_163_wk1_B2_40001_38-1-rnk-no-sg_13_0.0_0.0.png
2025-12-28 23:37:41,535 [main] INFO  c.p.b.e.r.g.ResultGraphBuilder.save - graph saved. C:/Dev/experiment/expr10/result//38-2-rnk-no-sg/3T/1_3T_153_wk1_A1_40001_38-2-rnk-no-sg_-52_0.04_1.5.png
2025-12-28 23:37:41,924 [main] INFO  c.p.b.e.r.g.ResultGraphBuilder.save - graph saved. C:/Dev/experiment/expr10/result//38-1-rnk-no-sg/3T/1_3T_164_wk1_A1_40001_38-1-rnk-no-sg_-4_0.02_0.5.png
2025-12-28 23:37:42,024 [main] INFO  c.p.b.e.r.g.ResultGraphBuilder.save - graph saved. C:/Dev/experiment/expr10/result//38-2-rnk-no-sg/3T/1_3T_153_wk1_A2_40001_38-2-rnk-no-sg_-20_0.04_1.1.png
2025-12-28 23:37:42,201 [main] INFO  c.p.b.e.r.g.ResultGraphBuilder.save - graph saved. C:/Dev/experiment/expr10/result//38-1-rnk-no-sg/3T/1_3T_164_wk1_A2_40001_38-1-rnk-no-sg_-31_0.02_0.7.png
2025-12-28 23:37:42,299 [main] INFO  c.p.b.e.r.g.ResultGraphBuilder.save - graph saved. C:/Dev/experiment/expr10/result//38-2-rnk-no-sg/3T/1_3T_153_wk1_B1_40001_38-2-rnk-no-sg_1_0.02_0.5.png
2025-12-28 23:37:42,480 [main] INFO  c.p.b.e.r.g.ResultGraphBuilder.save - graph saved. C:/Dev/experiment/expr10/result//38-1-rnk-no-sg/3T/1_3T_164_wk1_B1_40001_38-1-rnk-no-sg_-13_0.01_0.3.png
2025-12-28 23:37:42,537 [main] INFO  c.p.b.e.r.g.ResultGraphBuilder.save - graph saved. C:/Dev/experiment/expr10/result//38-2-rnk-no-sg/3T/1_3T_153_wk1_B2_40001_38-2-rnk-no-sg_6_0.0_0.0.png
2025-12-28 23:37:42,727 [main] INFO  c.p.b.e.r.g.ResultGraphBuilder.save - graph saved. C:/Dev/experiment/expr10/result//38-1-rnk-no-sg/3T/1_3T_164_wk1_B2_40001_38-1-rnk-no-sg_-2_0.0_0.0.png
2025-12-28 23:37:42,824 [main] INFO  c.p.b.e.r.g.ResultGraphBuilder.save - graph saved. C:/Dev/experiment/expr10/result//38-2-rnk-no-sg/3T/1_3T_154_wk1_A1_40001_38-2-rnk-no-sg_-11_0.04_0.9.png
2025-12-28 23:37:43,009 [main] INFO  c.p.b.e.r.g.ResultGraphBuilder.save - graph saved. C:/Dev/experiment/expr10/result//38-1-rnk-no-sg/3T/1_3T_165_wk1_A1_40001_38-1-rnk-no-sg_4_0.01_0.1.png
2025-12-28 23:37:43,115 [main] INFO  c.p.b.e.r.g.ResultGraphBuilder.save - graph saved. C:/Dev/experiment/expr10/result//38-2-rnk-no-sg/3T/1_3T_154_wk1_A2_40001_38-2-rnk-no-sg_27_0.06_0.9.png
2025-12-28 23:37:43,301 [main] INFO  c.p.b.e.r.g.ResultGraphBuilder.save - graph saved. C:/Dev/experiment/expr10/result//38-1-rnk-no-sg/3T/1_3T_165_wk1_A2_40001_38-1-rnk-no-sg_-25_0.0_0.2.png
2025-12-28 23:37:43,428 [main] INFO  c.p.b.e.r.g.ResultGraphBuilder.save - graph saved. C:/Dev/experiment/expr10/result//38-2-rnk-no-sg/3T/1_3T_154_wk1_B1_40001_38-2-rnk-no-sg_0_0.01_0.3.png
2025-12-28 23:37:43,595 [main] INFO  c.p.b.e.r.g.ResultGraphBuilder.save - graph saved. C:/Dev/experiment/expr10/result//38-1-rnk-no-sg/3T/1_3T_165_wk1_B1_40001_38-1-rnk-no-sg_-11_0.0_0.1.png
2025-12-28 23:37:43,674 [main] INFO  c.p.b.e.r.g.ResultGraphBuilder.save - graph saved. C:/Dev/experiment/expr10/result//38-2-rnk-no-sg/3T/1_3T_154_wk1_B2_40001_38-2-rnk-no-sg_9_0.0_0.0.png
2025-12-28 23:37:43,897 [main] INFO  c.p.b.e.r.g.ResultGraphBuilder.save - graph saved. C:/Dev/experiment/expr10/result//38-1-rnk-no-sg/3T/1_3T_213_wk1_A1_40001_38-1-rnk-no-sg_-96_0.08_2.9.png
2025-12-28 23:37:43,931 [main] INFO  c.p.b.e.r.g.ResultGraphBuilder.save - graph saved. C:/Dev/experiment/expr10/result//38-2-rnk-no-sg/3T/1_3T_156_wk1_A1_40001_38-2-rnk-no-sg_-4_0.0_0.0.png
2025-12-28 23:37:44,179 [main] INFO  c.p.b.e.r.g.ResultGraphBuilder.save - graph saved. C:/Dev/experiment/expr10/result//38-1-rnk-no-sg/3T/1_3T_213_wk1_A2_40001_38-1-rnk-no-sg_-22_0.12_3.0.png
2025-12-28 23:37:44,184 [main] INFO  c.p.b.e.r.g.ResultGraphBuilder.save - graph saved. C:/Dev/experiment/expr10/result//38-2-rnk-no-sg/3T/1_3T_156_wk1_A2_40001_38-2-rnk-no-sg_2_0.0_0.0.png
2025-12-28 23:37:44,452 [main] INFO  c.p.b.e.r.g.ResultGraphBuilder.save - graph saved. C:/Dev/experiment/expr10/result//38-2-rnk-no-sg/3T/1_3T_156_wk1_B1_40001_38-2-rnk-no-sg_-2_0.0_0.0.png
2025-12-28 23:37:44,495 [main] INFO  c.p.b.e.r.g.ResultGraphBuilder.save - graph saved. C:/Dev/experiment/expr10/result//38-1-rnk-no-sg/3T/1_3T_213_wk1_B1_40001_38-1-rnk-no-sg_-32_0.22_4.3.png
2025-12-28 23:37:44,737 [main] INFO  c.p.b.e.r.g.ResultGraphBuilder.save - graph saved. C:/Dev/experiment/expr10/result//38-2-rnk-no-sg/3T/1_3T_162_wk1_A1_40001_38-2-rnk-no-sg_-16_0.03_0.8.png
2025-12-28 23:37:44,774 [main] INFO  c.p.b.e.r.g.ResultGraphBuilder.save - graph saved. C:/Dev/experiment/expr10/result//38-1-rnk-no-sg/3T/1_3T_213_wk1_B2_40001_38-1-rnk-no-sg_0_0.01_0.3.png
2025-12-28 23:37:45,020 [main] INFO  c.p.b.e.r.g.ResultGraphBuilder.save - graph saved. C:/Dev/experiment/expr10/result//38-2-rnk-no-sg/3T/1_3T_162_wk1_A2_40001_38-2-rnk-no-sg_-7_0.04_0.8.png
2025-12-28 23:37:45,052 [main] INFO  c.p.b.e.r.g.ResultGraphBuilder.save - graph saved. C:/Dev/experiment/expr10/result//38-1-rnk-no-sg/3T/1_3T_214_wk1_A1_40001_38-1-rnk-no-sg_-57_0.05_1.8.png
2025-12-28 23:37:45,299 [main] INFO  c.p.b.e.r.g.ResultGraphBuilder.save - graph saved. C:/Dev/experiment/expr10/result//38-2-rnk-no-sg/3T/1_3T_162_wk1_B1_40001_38-2-rnk-no-sg_5_0.02_0.5.png
2025-12-28 23:37:45,329 [main] INFO  c.p.b.e.r.g.ResultGraphBuilder.save - graph saved. C:/Dev/experiment/expr10/result//38-1-rnk-no-sg/3T/1_3T_214_wk1_A2_40001_38-1-rnk-no-sg_-49_0.07_2.1.png
2025-12-28 23:37:45,531 [main] INFO  c.p.b.e.r.g.ResultGraphBuilder.save - graph saved. C:/Dev/experiment/expr10/result//38-2-rnk-no-sg/3T/1_3T_162_wk1_B2_40001_38-2-rnk-no-sg_-1_0.0_0.0.png
2025-12-28 23:37:45,610 [main] INFO  c.p.b.e.r.g.ResultGraphBuilder.save - graph saved. C:/Dev/experiment/expr10/result//38-1-rnk-no-sg/3T/1_3T_214_wk1_B1_40001_38-1-rnk-no-sg_-18_0.13_2.7.png
2025-12-28 23:37:45,812 [main] INFO  c.p.b.e.r.g.ResultGraphBuilder.save - graph saved. C:/Dev/experiment/expr10/result//38-2-rnk-no-sg/3T/1_3T_163_wk1_A1_40001_38-2-rnk-no-sg_-5_0.02_0.5.png
2025-12-28 23:37:45,884 [main] INFO  c.p.b.e.r.g.ResultGraphBuilder.save - graph saved. C:/Dev/experiment/expr10/result//38-1-rnk-no-sg/3T/1_3T_214_wk1_B2_40001_38-1-rnk-no-sg_-9_0.0_0.2.png
2025-12-28 23:37:46,092 [main] INFO  c.p.b.e.r.g.ResultGraphBuilder.save - graph saved. C:/Dev/experiment/expr10/result//38-2-rnk-no-sg/3T/1_3T_163_wk1_A2_40001_38-2-rnk-no-sg_5_0.03_0.7.png
2025-12-28 23:37:46,157 [main] INFO  c.p.b.e.r.g.ResultGraphBuilder.save - graph saved. C:/Dev/experiment/expr10/result//38-1-rnk-no-sg/3T/1_3T_215_wk1_A1_40001_38-1-rnk-no-sg_11_0.01_0.3.png
2025-12-28 23:37:46,511 [main] INFO  c.p.b.e.r.g.ResultGraphBuilder.save - graph saved. C:/Dev/experiment/expr10/result//38-2-rnk-no-sg/3T/1_3T_163_wk1_B1_40001_38-2-rnk-no-sg_1_0.01_0.3.png
2025-12-28 23:37:46,597 [main] INFO  c.p.b.e.r.g.ResultGraphBuilder.save - graph saved. C:/Dev/experiment/expr10/result//38-1-rnk-no-sg/3T/1_3T_215_wk1_A2_40001_38-1-rnk-no-sg_4_0.03_0.6.png
2025-12-28 23:37:46,729 [main] INFO  c.p.b.e.r.g.ResultGraphBuilder.save - graph saved. C:/Dev/experiment/expr10/result//38-2-rnk-no-sg/3T/1_3T_163_wk1_B2_40001_38-2-rnk-no-sg_2_0.0_0.0.png
2025-12-28 23:37:46,875 [main] INFO  c.p.b.e.r.g.ResultGraphBuilder.save - graph saved. C:/Dev/experiment/expr10/result//38-1-rnk-no-sg/3T/1_3T_215_wk1_B1_40001_38-1-rnk-no-sg_-7_0.04_1.0.png
2025-12-28 23:37:47,014 [main] INFO  c.p.b.e.r.g.ResultGraphBuilder.save - graph saved. C:/Dev/experiment/expr10/result//38-2-rnk-no-sg/3T/1_3T_164_wk1_A1_40001_38-2-rnk-no-sg_-12_0.0_0.3.png
2025-12-28 23:37:47,156 [main] INFO  c.p.b.e.r.g.ResultGraphBuilder.save - graph saved. C:/Dev/experiment/expr10/result//38-1-rnk-no-sg/3T/1_3T_215_wk1_B2_40001_38-1-rnk-no-sg_-7_0.0_0.0.png
2025-12-28 23:37:47,300 [main] INFO  c.p.b.e.r.g.ResultGraphBuilder.save - graph saved. C:/Dev/experiment/expr10/result//38-2-rnk-no-sg/3T/1_3T_164_wk1_A2_40001_38-2-rnk-no-sg_-27_0.0_0.4.png
2025-12-28 23:37:47,433 [main] INFO  c.p.b.e.r.g.ResultGraphBuilder.save - graph saved. C:/Dev/experiment/expr10/result//38-1-rnk-no-sg/3T/1_3T_216_wk1_A1_40001_38-1-rnk-no-sg_-1_0.0_0.1.png
2025-12-28 23:37:47,580 [main] INFO  c.p.b.e.r.g.ResultGraphBuilder.save - graph saved. C:/Dev/experiment/expr10/result//38-2-rnk-no-sg/3T/1_3T_164_wk1_B1_40001_38-2-rnk-no-sg_-11_0.0_0.1.png
2025-12-28 23:37:47,722 [main] INFO  c.p.b.e.r.g.ResultGraphBuilder.save - graph saved. C:/Dev/experiment/expr10/result//38-1-rnk-no-sg/3T/1_3T_216_wk1_A2_40001_38-1-rnk-no-sg_17_0.02_0.4.png
2025-12-28 23:37:47,829 [main] INFO  c.p.b.e.r.g.ResultGraphBuilder.save - graph saved. C:/Dev/experiment/expr10/result//38-2-rnk-no-sg/3T/1_3T_164_wk1_B2_40001_38-2-rnk-no-sg_-1_0.0_0.0.png
2025-12-28 23:37:48,020 [main] INFO  c.p.b.e.r.g.ResultGraphBuilder.save - graph saved. C:/Dev/experiment/expr10/result//38-1-rnk-no-sg/3T/1_3T_216_wk1_B1_40001_38-1-rnk-no-sg_2_0.03_0.6.png
2025-12-28 23:37:48,100 [main] INFO  c.p.b.e.r.g.ResultGraphBuilder.save - graph saved. C:/Dev/experiment/expr10/result//38-2-rnk-no-sg/3T/1_3T_165_wk1_A1_40001_38-2-rnk-no-sg_-9_0.0_0.1.png
2025-12-28 23:37:48,267 [main] INFO  c.p.b.e.r.g.ResultGraphBuilder.save - graph saved. C:/Dev/experiment/expr10/result//38-1-rnk-no-sg/3T/1_3T_216_wk1_B2_40001_38-1-rnk-no-sg_1_0.0_0.0.png
2025-12-28 23:37:48,371 [main] INFO  c.p.b.e.r.g.ResultGraphBuilder.save - graph saved. C:/Dev/experiment/expr10/result//38-2-rnk-no-sg/3T/1_3T_165_wk1_A2_40001_38-2-rnk-no-sg_-14_0.0_0.1.png
2025-12-28 23:37:48,496 [main] INFO  c.p.b.e.r.g.ResultGraphBuilder.save - graph saved. C:/Dev/experiment/expr10/result//38-1-rnk-no-sg/3T/1_3T_231_wk1_A1_40001_38-1-rnk-no-sg_-1_0.0_0.0.png
2025-12-28 23:37:48,625 [main] INFO  c.p.b.e.r.g.ResultGraphBuilder.save - graph saved. C:/Dev/experiment/expr10/result//38-2-rnk-no-sg/3T/1_3T_165_wk1_B1_40001_38-2-rnk-no-sg_20_0.0_0.0.png
2025-12-28 23:37:48,767 [main] INFO  c.p.b.e.r.g.ResultGraphBuilder.save - graph saved. C:/Dev/experiment/expr10/result//38-1-rnk-no-sg/3T/1_3T_231_wk1_A2_40001_38-1-rnk-no-sg_-18_0.0_0.2.png
2025-12-28 23:37:48,916 [main] INFO  c.p.b.e.r.g.ResultGraphBuilder.save - graph saved. C:/Dev/experiment/expr10/result//38-2-rnk-no-sg/3T/1_3T_213_wk1_A1_40001_38-2-rnk-no-sg_-10_0.08_2.3.png
2025-12-28 23:37:49,063 [main] INFO  c.p.b.e.r.g.ResultGraphBuilder.save - graph saved. C:/Dev/experiment/expr10/result//38-1-rnk-no-sg/3T/1_3T_231_wk1_B1_40001_38-1-rnk-no-sg_-41_0.09_2.3.png
2025-12-28 23:37:49,199 [main] INFO  c.p.b.e.r.g.ResultGraphBuilder.save - graph saved. C:/Dev/experiment/expr10/result//38-2-rnk-no-sg/3T/1_3T_213_wk1_A2_40001_38-2-rnk-no-sg_-51_0.08_2.4.png
2025-12-28 23:37:49,335 [main] INFO  c.p.b.e.r.g.ResultGraphBuilder.save - graph saved. C:/Dev/experiment/expr10/result//38-1-rnk-no-sg/3T/1_3T_231_wk1_B2_40001_38-1-rnk-no-sg_-12_0.0_0.1.png
2025-12-28 23:37:49,483 [main] INFO  c.p.b.e.r.g.ResultGraphBuilder.save - graph saved. C:/Dev/experiment/expr10/result//38-2-rnk-no-sg/3T/1_3T_213_wk1_B1_40001_38-2-rnk-no-sg_18_0.15_2.8.png
2025-12-28 23:37:49,577 [main] INFO  c.p.b.e.r.g.ResultGraphBuilder.save - graph saved. C:/Dev/experiment/expr10/result//38-1-rnk-no-sg/3T/1_3T_234_wk1_B1_40001_38-1-rnk-no-sg_-4_0.0_0.0.png
2025-12-28 23:37:49,764 [main] INFO  c.p.b.e.r.g.ResultGraphBuilder.save - graph saved. C:/Dev/experiment/expr10/result//38-2-rnk-no-sg/3T/1_3T_213_wk1_B2_40001_38-2-rnk-no-sg_-12_0.0_0.2.png
2025-12-28 23:37:49,813 [main] INFO  c.p.b.e.r.g.ResultGraphBuilder.save - graph saved. C:/Dev/experiment/expr10/result//38-1-rnk-no-sg/3T/1_3T_235_wk1_B1_40001_38-1-rnk-no-sg_-1_0.0_0.0.png
2025-12-28 23:37:50,033 [main] INFO  c.p.b.e.r.g.ResultGraphBuilder.save - graph saved. C:/Dev/experiment/expr10/result//38-1-rnk-no-sg/3T/1_3T_236_wk1_B1_40001_38-1-rnk-no-sg_-1_0.0_0.0.png
2025-12-28 23:37:50,048 [main] INFO  c.p.b.e.r.g.ResultGraphBuilder.save - graph saved. C:/Dev/experiment/expr10/result//38-2-rnk-no-sg/3T/1_3T_214_wk1_A1_40001_38-2-rnk-no-sg_2_0.05_1.2.png
2025-12-28 23:37:50,307 [main] INFO  c.p.b.e.r.g.ResultGraphBuilder.save - graph saved. C:/Dev/experiment/expr10/result//38-1-rnk-no-sg/3T/1_3T_241_wk1_A2_40001_38-1-rnk-no-sg_33_0.02_0.2.png
2025-12-28 23:37:50,338 [main] INFO  c.p.b.e.r.g.ResultGraphBuilder.save - graph saved. C:/Dev/experiment/expr10/result//38-2-rnk-no-sg/3T/1_3T_214_wk1_A2_40001_38-2-rnk-no-sg_-25_0.05_1.4.png
2025-12-28 23:37:50,606 [main] INFO  c.p.b.e.r.g.ResultGraphBuilder.save - graph saved. C:/Dev/experiment/expr10/result//38-1-rnk-no-sg/3T/1_3T_241_wk1_B1_40001_38-1-rnk-no-sg_-35_0.04_1.5.png
2025-12-28 23:37:50,633 [main] INFO  c.p.b.e.r.g.ResultGraphBuilder.save - graph saved. C:/Dev/experiment/expr10/result//38-2-rnk-no-sg/3T/1_3T_214_wk1_B1_40001_38-2-rnk-no-sg_-33_0.06_1.7.png
2025-12-28 23:37:50,877 [main] INFO  c.p.b.e.r.g.ResultGraphBuilder.save - graph saved. C:/Dev/experiment/expr10/result//38-1-rnk-no-sg/3T/1_3T_241_wk1_B2_40001_38-1-rnk-no-sg_-4_0.0_0.1.png
2025-12-28 23:37:50,907 [main] INFO  c.p.b.e.r.g.ResultGraphBuilder.save - graph saved. C:/Dev/experiment/expr10/result//38-2-rnk-no-sg/3T/1_3T_214_wk1_B2_40001_38-2-rnk-no-sg_-4_0.0_0.1.png
2025-12-28 23:37:51,187 [main] INFO  c.p.b.e.r.g.ResultGraphBuilder.save - graph saved. C:/Dev/experiment/expr10/result//38-1-rnk-no-sg/3T/1_3T_243_wk1_B1_40001_38-1-rnk-no-sg_-5_0.0_0.0.png
2025-12-28 23:37:51,209 [main] INFO  c.p.b.e.r.g.ResultGraphBuilder.save - graph saved. C:/Dev/experiment/expr10/result//38-2-rnk-no-sg/3T/1_3T_215_wk1_A1_40001_38-2-rnk-no-sg_5_0.01_0.2.png
2025-12-28 23:37:51,460 [main] INFO  c.p.b.e.r.g.ResultGraphBuilder.save - graph saved. C:/Dev/experiment/expr10/result//38-1-rnk-no-sg/3T/1_3T_243_wk1_B2_40001_38-1-rnk-no-sg_-3_0.0_0.0.png
2025-12-28 23:37:51,514 [main] INFO  c.p.b.e.r.g.ResultGraphBuilder.save - graph saved. C:/Dev/experiment/expr10/result//38-2-rnk-no-sg/3T/1_3T_215_wk1_A2_40001_38-2-rnk-no-sg_12_0.03_0.4.png
2025-12-28 23:37:51,713 [main] INFO  c.p.b.e.r.g.ResultGraphBuilder.save - graph saved. C:/Dev/experiment/expr10/result//38-1-rnk-no-sg/3T/1_3T_251_wk1_A2_40001_38-1-rnk-no-sg_3_0.0_0.0.png
2025-12-28 23:37:51,793 [main] INFO  c.p.b.e.r.g.ResultGraphBuilder.save - graph saved. C:/Dev/experiment/expr10/result//38-2-rnk-no-sg/3T/1_3T_215_wk1_B1_40001_38-2-rnk-no-sg_3_0.03_0.5.png
2025-12-28 23:37:52,092 [main] INFO  c.p.b.e.r.g.ResultGraphBuilder.save - graph saved. C:/Dev/experiment/expr10/result//38-1-rnk-no-sg/3T/1_3T_251_wk1_B1_40001_38-1-rnk-no-sg_-7_0.01_0.5.png
2025-12-28 23:37:52,191 [main] INFO  c.p.b.e.r.g.ResultGraphBuilder.save - graph saved. C:/Dev/experiment/expr10/result//38-2-rnk-no-sg/3T/1_3T_215_wk1_B2_40001_38-2-rnk-no-sg_-3_0.0_0.0.png
2025-12-28 23:37:52,347 [main] INFO  c.p.b.e.r.g.ResultGraphBuilder.save - graph saved. C:/Dev/experiment/expr10/result//38-1-rnk-no-sg/3T/1_3T_251_wk1_B2_40001_38-1-rnk-no-sg_10_0.0_0.0.png
2025-12-28 23:37:52,471 [main] INFO  c.p.b.e.r.g.ResultGraphBuilder.save - graph saved. C:/Dev/experiment/expr10/result//38-2-rnk-no-sg/3T/1_3T_216_wk1_A1_40001_38-2-rnk-no-sg_1_0.0_0.1.png
2025-12-28 23:37:52,584 [main] INFO  c.p.b.e.r.g.ResultGraphBuilder.save - graph saved. C:/Dev/experiment/expr10/result//38-1-rnk-no-sg/3T/1_3T_253_wk1_B1_40001_38-1-rnk-no-sg_5_0.0_0.0.png
2025-12-28 23:37:52,755 [main] INFO  c.p.b.e.r.g.ResultGraphBuilder.save - graph saved. C:/Dev/experiment/expr10/result//38-2-rnk-no-sg/3T/1_3T_216_wk1_A2_40001_38-2-rnk-no-sg_-8_0.01_0.3.png
2025-12-28 23:37:52,816 [main] INFO  c.p.b.e.r.g.ResultGraphBuilder.save - graph saved. C:/Dev/experiment/expr10/result//38-1-rnk-no-sg/3T/1_3T_254_wk1_B1_40001_38-1-rnk-no-sg_-1_0.0_0.0.png
2025-12-28 23:37:53,037 [main] INFO  c.p.b.e.r.g.ResultGraphBuilder.save - graph saved. C:/Dev/experiment/expr10/result//38-2-rnk-no-sg/3T/1_3T_216_wk1_B1_40001_38-2-rnk-no-sg_-13_0.01_0.3.png
2025-12-28 23:37:53,060 [main] INFO  c.p.b.e.r.g.ResultGraphBuilder.save - graph saved. C:/Dev/experiment/expr10/result//38-1-rnk-no-sg/3T/1_3T_261_wk1_A2_40001_38-1-rnk-no-sg_-2_0.0_0.0.png
2025-12-28 23:37:53,281 [main] INFO  c.p.b.e.r.g.ResultGraphBuilder.save - graph saved. C:/Dev/experiment/expr10/result//38-2-rnk-no-sg/3T/1_3T_216_wk1_B2_40001_38-2-rnk-no-sg_-2_0.0_0.0.png
2025-12-28 23:37:53,333 [main] INFO  c.p.b.e.r.g.ResultGraphBuilder.save - graph saved. C:/Dev/experiment/expr10/result//38-1-rnk-no-sg/3T/1_3T_261_wk1_B1_40001_38-1-rnk-no-sg_-13_0.0_0.3.png
2025-12-28 23:37:53,523 [main] INFO  c.p.b.e.r.g.ResultGraphBuilder.save - graph saved. C:/Dev/experiment/expr10/result//38-2-rnk-no-sg/3T/1_3T_231_wk1_A1_40001_38-2-rnk-no-sg_-2_0.0_0.0.png
2025-12-28 23:37:53,572 [main] INFO  c.p.b.e.r.g.ResultGraphBuilder.save - graph saved. C:/Dev/experiment/expr10/result//38-1-rnk-no-sg/3T/1_3T_261_wk1_B2_40001_38-1-rnk-no-sg_-1_0.0_0.0.png
2025-12-28 23:37:53,797 [main] INFO  c.p.b.e.r.g.ResultGraphBuilder.save - graph saved. C:/Dev/experiment/expr10/result//38-2-rnk-no-sg/3T/1_3T_231_wk1_A2_40001_38-2-rnk-no-sg_-11_0.0_0.1.png
2025-12-28 23:37:53,804 [main] INFO  c.p.b.e.r.g.ResultGraphBuilder.save - graph saved. C:/Dev/experiment/expr10/result//38-1-rnk-no-sg/3T/1_3T_263_wk1_B1_40001_38-1-rnk-no-sg_-1_0.0_0.0.png
2025-12-28 23:37:54,085 [main] INFO  c.p.b.e.r.g.ResultGraphBuilder.save - graph saved. C:/Dev/experiment/expr10/result//38-2-rnk-no-sg/3T/1_3T_231_wk1_B1_40001_38-2-rnk-no-sg_-2_0.06_1.3.png
2025-12-28 23:37:54,087 [main] INFO  c.p.b.e.r.g.ResultGraphBuilder.save - graph saved. C:/Dev/experiment/expr10/result//38-1-rnk-no-sg/3T/1_3T_312_wk1_A1_40001_38-1-rnk-no-sg_-57_0.06_2.1.png
2025-12-28 23:37:54,373 [main] INFO  c.p.b.e.r.g.ResultGraphBuilder.save - graph saved. C:/Dev/experiment/expr10/result//38-2-rnk-no-sg/3T/1_3T_231_wk1_B2_40001_38-2-rnk-no-sg_-4_0.0_0.1.png
2025-12-28 23:37:54,395 [main] INFO  c.p.b.e.r.g.ResultGraphBuilder.save - graph saved. C:/Dev/experiment/expr10/result//38-1-rnk-no-sg/3T/1_3T_312_wk1_A2_40001_38-1-rnk-no-sg_-85_0.11_3.5.png
2025-12-28 23:37:54,622 [main] INFO  c.p.b.e.r.g.ResultGraphBuilder.save - graph saved. C:/Dev/experiment/expr10/result//38-2-rnk-no-sg/3T/1_3T_234_wk1_B1_40001_38-2-rnk-no-sg_-1_0.0_0.0.png
2025-12-28 23:37:54,694 [main] INFO  c.p.b.e.r.g.ResultGraphBuilder.save - graph saved. C:/Dev/experiment/expr10/result//38-1-rnk-no-sg/3T/1_3T_312_wk1_B1_40001_38-1-rnk-no-sg_-96_0.16_4.3.png
2025-12-28 23:37:54,906 [main] INFO  c.p.b.e.r.g.ResultGraphBuilder.save - graph saved. C:/Dev/experiment/expr10/result//38-2-rnk-no-sg/3T/1_3T_241_wk1_A2_40001_38-2-rnk-no-sg_-11_0.0_0.1.png
2025-12-28 23:37:55,067 [main] INFO  c.p.b.e.r.g.ResultGraphBuilder.save - graph saved. C:/Dev/experiment/expr10/result//38-1-rnk-no-sg/3T/1_3T_312_wk1_B2_40001_38-1-rnk-no-sg_-6_0.0_0.2.png
2025-12-28 23:37:55,536 [main] INFO  c.p.b.e.r.g.ResultGraphBuilder.save - graph saved. C:/Dev/experiment/expr10/result//38-2-rnk-no-sg/3T/1_3T_241_wk1_B1_40001_38-2-rnk-no-sg_-35_0.01_0.8.png
2025-12-28 23:37:55,614 [main] INFO  c.p.b.e.r.g.ResultGraphBuilder.save - graph saved. C:/Dev/experiment/expr10/result//38-1-rnk-no-sg/3T/1_3T_314_wk1_A1_40001_38-1-rnk-no-sg_-5_0.01_0.4.png
2025-12-28 23:37:55,834 [main] INFO  c.p.b.e.r.g.ResultGraphBuilder.save - graph saved. C:/Dev/experiment/expr10/result//38-2-rnk-no-sg/3T/1_3T_241_wk1_B2_40001_38-2-rnk-no-sg_3_0.0_0.0.png
2025-12-28 23:37:55,894 [main] INFO  c.p.b.e.r.g.ResultGraphBuilder.save - graph saved. C:/Dev/experiment/expr10/result//38-1-rnk-no-sg/3T/1_3T_314_wk1_A2_40001_38-1-rnk-no-sg_10_0.04_1.0.png
2025-12-28 23:37:56,091 [main] INFO  c.p.b.e.r.g.ResultGraphBuilder.save - graph saved. C:/Dev/experiment/expr10/result//38-2-rnk-no-sg/3T/1_3T_243_wk1_B1_40001_38-2-rnk-no-sg_-5_0.0_0.0.png
2025-12-28 23:37:56,183 [main] INFO  c.p.b.e.r.g.ResultGraphBuilder.save - graph saved. C:/Dev/experiment/expr10/result//38-1-rnk-no-sg/3T/1_3T_314_wk1_B1_40001_38-1-rnk-no-sg_-59_0.03_1.2.png
2025-12-28 23:37:56,359 [main] INFO  c.p.b.e.r.g.ResultGraphBuilder.save - graph saved. C:/Dev/experiment/expr10/result//38-2-rnk-no-sg/3T/1_3T_251_wk1_A2_40001_38-2-rnk-no-sg_-4_0.0_0.0.png
2025-12-28 23:37:56,475 [main] INFO  c.p.b.e.r.g.ResultGraphBuilder.save - graph saved. C:/Dev/experiment/expr10/result//38-1-rnk-no-sg/3T/1_3T_314_wk1_B2_40001_38-1-rnk-no-sg_1_0.0_0.1.png
2025-12-28 23:37:56,666 [main] INFO  c.p.b.e.r.g.ResultGraphBuilder.save - graph saved. C:/Dev/experiment/expr10/result//38-2-rnk-no-sg/3T/1_3T_251_wk1_B1_40001_38-2-rnk-no-sg_-21_0.0_0.2.png
2025-12-28 23:37:56,761 [main] INFO  c.p.b.e.r.g.ResultGraphBuilder.save - graph saved. C:/Dev/experiment/expr10/result//38-1-rnk-no-sg/3T/1_3T_315_wk1_A1_40001_38-1-rnk-no-sg_-4_0.0_0.0.png
2025-12-28 23:37:56,915 [main] INFO  c.p.b.e.r.g.ResultGraphBuilder.save - graph saved. C:/Dev/experiment/expr10/result//38-2-rnk-no-sg/3T/1_3T_251_wk1_B2_40001_38-2-rnk-no-sg_-2_0.0_0.0.png
2025-12-28 23:37:57,043 [main] INFO  c.p.b.e.r.g.ResultGraphBuilder.save - graph saved. C:/Dev/experiment/expr10/result//38-1-rnk-no-sg/3T/1_3T_315_wk1_A2_40001_38-1-rnk-no-sg_-4_0.01_0.3.png
2025-12-28 23:37:57,148 [main] INFO  c.p.b.e.r.g.ResultGraphBuilder.save - graph saved. C:/Dev/experiment/expr10/result//38-2-rnk-no-sg/3T/1_3T_253_wk1_B1_40001_38-2-rnk-no-sg_6_0.0_0.0.png
2025-12-28 23:37:57,338 [main] INFO  c.p.b.e.r.g.ResultGraphBuilder.save - graph saved. C:/Dev/experiment/expr10/result//38-1-rnk-no-sg/3T/1_3T_315_wk1_B1_40001_38-1-rnk-no-sg_-9_0.01_0.3.png
2025-12-28 23:37:57,436 [main] INFO  c.p.b.e.r.g.ResultGraphBuilder.save - graph saved. C:/Dev/experiment/expr10/result//38-2-rnk-no-sg/3T/1_3T_254_wk1_B1_40001_38-2-rnk-no-sg_4_0.0_0.0.png
2025-12-28 23:37:57,717 [main] INFO  c.p.b.e.r.g.ResultGraphBuilder.save - graph saved. C:/Dev/experiment/expr10/result//38-1-rnk-no-sg/3T/1_3T_315_wk1_B2_40001_38-1-rnk-no-sg_6_0.0_0.0.png
2025-12-28 23:37:57,840 [main] INFO  c.p.b.e.r.g.ResultGraphBuilder.save - graph saved. C:/Dev/experiment/expr10/result//38-2-rnk-no-sg/3T/1_3T_261_wk1_A2_40001_38-2-rnk-no-sg_4_0.0_0.0.png
2025-12-28 23:37:58,221 [main] INFO  c.p.b.e.r.g.ResultGraphBuilder.save - graph saved. C:/Dev/experiment/expr10/result//38-1-rnk-no-sg/3T/1_3T_316_wk1_A1_40001_38-1-rnk-no-sg_-4_0.0_0.0.png
2025-12-28 23:37:58,349 [main] INFO  c.p.b.e.r.g.ResultGraphBuilder.save - graph saved. C:/Dev/experiment/expr10/result//38-2-rnk-no-sg/3T/1_3T_261_wk1_B1_40001_38-2-rnk-no-sg_-4_0.0_0.1.png
2025-12-28 23:37:58,689 [main] INFO  c.p.b.e.r.g.ResultGraphBuilder.save - graph saved. C:/Dev/experiment/expr10/result//38-1-rnk-no-sg/3T/1_3T_316_wk1_A2_40001_38-1-rnk-no-sg_6_0.01_0.2.png
2025-12-28 23:37:58,696 [main] INFO  c.p.b.e.r.g.ResultGraphBuilder.save - graph saved. C:/Dev/experiment/expr10/result//38-2-rnk-no-sg/3T/1_3T_261_wk1_B2_40001_38-2-rnk-no-sg_-1_0.0_0.0.png
2025-12-28 23:37:59,033 [main] INFO  c.p.b.e.r.g.ResultGraphBuilder.save - graph saved. C:/Dev/experiment/expr10/result//38-1-rnk-no-sg/3T/1_3T_316_wk1_B1_40001_38-1-rnk-no-sg_14_0.01_0.2.png
2025-12-28 23:37:59,060 [main] INFO  c.p.b.e.r.g.ResultGraphBuilder.save - graph saved. C:/Dev/experiment/expr10/result//38-2-rnk-no-sg/3T/1_3T_312_wk1_A1_40001_38-2-rnk-no-sg_14_0.07_1.8.png
2025-12-28 23:37:59,316 [main] INFO  c.p.b.e.r.g.ResultGraphBuilder.save - graph saved. C:/Dev/experiment/expr10/result//38-1-rnk-no-sg/3T/1_3T_316_wk1_B2_40001_38-1-rnk-no-sg_2_0.0_0.0.png
2025-12-28 23:37:59,443 [main] INFO  c.p.b.e.r.g.ResultGraphBuilder.save - graph saved. C:/Dev/experiment/expr10/result//38-2-rnk-no-sg/3T/1_3T_312_wk1_A2_40001_38-2-rnk-no-sg_-125_0.07_2.8.png
2025-12-28 23:37:59,600 [main] INFO  c.p.b.e.r.g.ResultGraphBuilder.save - graph saved. C:/Dev/experiment/expr10/result//38-1-rnk-no-sg/3T/1_3T_321_wk1_A1_40001_38-1-rnk-no-sg_-2_0.0_0.0.png
2025-12-28 23:37:59,792 [main] INFO  c.p.b.e.r.g.ResultGraphBuilder.save - graph saved. C:/Dev/experiment/expr10/result//38-2-rnk-no-sg/3T/1_3T_312_wk1_B1_40001_38-2-rnk-no-sg_-42_0.1_2.9.png
2025-12-28 23:37:59,930 [main] INFO  c.p.b.e.r.g.ResultGraphBuilder.save - graph saved. C:/Dev/experiment/expr10/result//38-1-rnk-no-sg/3T/1_3T_321_wk1_A2_40001_38-1-rnk-no-sg_-5_0.01_0.3.png
2025-12-28 23:38:00,120 [main] INFO  c.p.b.e.r.g.ResultGraphBuilder.save - graph saved. C:/Dev/experiment/expr10/result//38-2-rnk-no-sg/3T/1_3T_312_wk1_B2_40001_38-2-rnk-no-sg_-13_0.0_0.1.png
2025-12-28 23:38:00,278 [main] INFO  c.p.b.e.r.g.ResultGraphBuilder.save - graph saved. C:/Dev/experiment/expr10/result//38-1-rnk-no-sg/3T/1_3T_321_wk1_B1_40001_38-1-rnk-no-sg_-61_0.07_2.4.png
2025-12-28 23:38:00,439 [main] INFO  c.p.b.e.r.g.ResultGraphBuilder.save - graph saved. C:/Dev/experiment/expr10/result//38-2-rnk-no-sg/3T/1_3T_314_wk1_A1_40001_38-2-rnk-no-sg_6_0.01_0.5.png
2025-12-28 23:38:00,571 [main] INFO  c.p.b.e.r.g.ResultGraphBuilder.save - graph saved. C:/Dev/experiment/expr10/result//38-1-rnk-no-sg/3T/1_3T_321_wk1_B2_40001_38-1-rnk-no-sg_-5_0.0_0.1.png
2025-12-28 23:38:00,764 [main] INFO  c.p.b.e.r.g.ResultGraphBuilder.save - graph saved. C:/Dev/experiment/expr10/result//38-2-rnk-no-sg/3T/1_3T_314_wk1_A2_40001_38-2-rnk-no-sg_14_0.03_0.7.png
2025-12-28 23:38:00,908 [main] INFO  c.p.b.e.r.g.ResultGraphBuilder.save - graph saved. C:/Dev/experiment/expr10/result//38-1-rnk-no-sg/3T/1_3T_324_wk1_B1_40001_38-1-rnk-no-sg_11_0.0_0.0.png
2025-12-28 23:38:01,154 [main] INFO  c.p.b.e.r.g.ResultGraphBuilder.save - graph saved. C:/Dev/experiment/expr10/result//38-2-rnk-no-sg/3T/1_3T_314_wk1_B1_40001_38-2-rnk-no-sg_-11_0.03_0.7.png
2025-12-28 23:38:01,231 [main] INFO  c.p.b.e.r.g.ResultGraphBuilder.save - graph saved. C:/Dev/experiment/expr10/result//38-1-rnk-no-sg/3T/1_3T_324_wk1_B2_40001_38-1-rnk-no-sg_-1_0.0_0.0.png
2025-12-28 23:38:01,515 [main] INFO  c.p.b.e.r.g.ResultGraphBuilder.save - graph saved. C:/Dev/experiment/expr10/result//38-2-rnk-no-sg/3T/1_3T_314_wk1_B2_40001_38-2-rnk-no-sg_2_0.0_0.0.png
2025-12-28 23:38:01,548 [main] INFO  c.p.b.e.r.g.ResultGraphBuilder.save - graph saved. C:/Dev/experiment/expr10/result//38-1-rnk-no-sg/3T/1_3T_325_wk1_B1_40001_38-1-rnk-no-sg_-3_0.0_0.0.png
2025-12-28 23:38:01,789 [main] INFO  c.p.b.e.r.g.ResultGraphBuilder.save - graph saved. C:/Dev/experiment/expr10/result//38-1-rnk-no-sg/3T/1_3T_326_wk1_B1_40001_38-1-rnk-no-sg_-1_0.0_0.0.png
2025-12-28 23:38:01,792 [main] INFO  c.p.b.e.r.g.ResultGraphBuilder.save - graph saved. C:/Dev/experiment/expr10/result//38-2-rnk-no-sg/3T/1_3T_315_wk1_A1_40001_38-2-rnk-no-sg_5_0.0_0.0.png
2025-12-28 23:38:02,052 [main] INFO  c.p.b.e.r.g.ResultGraphBuilder.save - graph saved. C:/Dev/experiment/expr10/result//38-1-rnk-no-sg/3T/1_3T_341_wk1_A2_40001_38-1-rnk-no-sg_8_0.0_0.0.png
2025-12-28 23:38:02,079 [main] INFO  c.p.b.e.r.g.ResultGraphBuilder.save - graph saved. C:/Dev/experiment/expr10/result//38-2-rnk-no-sg/3T/1_3T_315_wk1_A2_40001_38-2-rnk-no-sg_-2_0.0_0.1.png
2025-12-28 23:38:02,361 [main] INFO  c.p.b.e.r.g.ResultGraphBuilder.save - graph saved. C:/Dev/experiment/expr10/result//38-1-rnk-no-sg/3T/1_3T_341_wk1_B1_40001_38-1-rnk-no-sg_-24_0.0_0.4.png
2025-12-28 23:38:02,378 [main] INFO  c.p.b.e.r.g.ResultGraphBuilder.save - graph saved. C:/Dev/experiment/expr10/result//38-2-rnk-no-sg/3T/1_3T_315_wk1_B1_40001_38-2-rnk-no-sg_-20_0.0_0.2.png
2025-12-28 23:38:02,630 [main] INFO  c.p.b.e.r.g.ResultGraphBuilder.save - graph saved. C:/Dev/experiment/expr10/result//38-2-rnk-no-sg/3T/1_3T_315_wk1_B2_40001_38-2-rnk-no-sg_-1_0.0_0.0.png
2025-12-28 23:38:02,644 [main] INFO  c.p.b.e.r.g.ResultGraphBuilder.save - graph saved. C:/Dev/experiment/expr10/result//38-1-rnk-no-sg/3T/1_3T_341_wk1_B2_40001_38-1-rnk-no-sg_-5_0.0_0.0.png
2025-12-28 23:38:02,901 [main] INFO  c.p.b.e.r.g.ResultGraphBuilder.save - graph saved. C:/Dev/experiment/expr10/result//38-2-rnk-no-sg/3T/1_3T_316_wk1_A1_40001_38-2-rnk-no-sg_5_0.0_0.0.png
2025-12-28 23:38:02,915 [main] INFO  c.p.b.e.r.g.ResultGraphBuilder.save - graph saved. C:/Dev/experiment/expr10/result//38-1-rnk-no-sg/3T/1_3T_342_wk1_B1_40001_38-1-rnk-no-sg_0_0.0_0.0.png
2025-12-28 23:38:03,150 [main] INFO  c.p.b.e.r.g.ResultGraphBuilder.save - graph saved. C:/Dev/experiment/expr10/result//38-1-rnk-no-sg/3T/1_3T_342_wk1_B2_40001_38-1-rnk-no-sg_-1_0.0_0.0.png
2025-12-28 23:38:03,182 [main] INFO  c.p.b.e.r.g.ResultGraphBuilder.save - graph saved. C:/Dev/experiment/expr10/result//38-2-rnk-no-sg/3T/1_3T_316_wk1_A2_40001_38-2-rnk-no-sg_-9_0.0_0.1.png
2025-12-28 23:38:03,448 [main] INFO  c.p.b.e.r.g.ResultGraphBuilder.save - graph saved. C:/Dev/experiment/expr10/result//38-1-rnk-no-sg/3T/1_3T_351_wk1_A2_40001_38-1-rnk-no-sg_-1_0.0_0.0.png
2025-12-28 23:38:03,485 [main] INFO  c.p.b.e.r.g.ResultGraphBuilder.save - graph saved. C:/Dev/experiment/expr10/result//38-2-rnk-no-sg/3T/1_3T_316_wk1_B1_40001_38-2-rnk-no-sg_-11_0.0_0.1.png
2025-12-28 23:38:03,726 [main] INFO  c.p.b.e.r.g.ResultGraphBuilder.save - graph saved. C:/Dev/experiment/expr10/result//38-2-rnk-no-sg/3T/1_3T_321_wk1_A1_40001_38-2-rnk-no-sg_-1_0.0_0.0.png
2025-12-28 23:38:03,730 [main] INFO  c.p.b.e.r.g.ResultGraphBuilder.save - graph saved. C:/Dev/experiment/expr10/result//38-1-rnk-no-sg/3T/1_3T_351_wk1_B1_40001_38-1-rnk-no-sg_-17_0.0_0.1.png
2025-12-28 23:38:03,973 [main] INFO  c.p.b.e.r.g.ResultGraphBuilder.save - graph saved. C:/Dev/experiment/expr10/result//38-1-rnk-no-sg/3T/1_3T_352_wk1_B1_40001_38-1-rnk-no-sg_-1_0.0_0.0.png
2025-12-28 23:38:04,012 [main] INFO  c.p.b.e.r.g.ResultGraphBuilder.save - graph saved. C:/Dev/experiment/expr10/result//38-2-rnk-no-sg/3T/1_3T_321_wk1_A2_40001_38-2-rnk-no-sg_-23_0.0_0.2.png
2025-12-28 23:38:04,197 [main] INFO  c.p.b.e.r.g.ResultGraphBuilder.save - graph saved. C:/Dev/experiment/expr10/result//38-1-rnk-no-sg/3T/1_3T_352_wk1_B2_40001_38-1-rnk-no-sg_0_0.0_0.0.png
2025-12-28 23:38:04,329 [main] INFO  c.p.b.e.r.g.ResultGraphBuilder.save - graph saved. C:/Dev/experiment/expr10/result//38-2-rnk-no-sg/3T/1_3T_321_wk1_B1_40001_38-2-rnk-no-sg_-19_0.05_1.4.png
2025-12-28 23:38:04,452 [main] INFO  c.p.b.e.r.g.ResultGraphBuilder.save - graph saved. C:/Dev/experiment/expr10/result//38-1-rnk-no-sg/3T/1_3T_361_wk1_A2_40001_38-1-rnk-no-sg_-1_0.0_0.0.png
2025-12-28 23:38:04,626 [main] INFO  c.p.b.e.r.g.ResultGraphBuilder.save - graph saved. C:/Dev/experiment/expr10/result//38-2-rnk-no-sg/3T/1_3T_321_wk1_B2_40001_38-2-rnk-no-sg_-9_0.0_0.1.png
2025-12-28 23:38:04,761 [main] INFO  c.p.b.e.r.g.ResultGraphBuilder.save - graph saved. C:/Dev/experiment/expr10/result//38-1-rnk-no-sg/3T/1_3T_361_wk1_B1_40001_38-1-rnk-no-sg_10_0.0_0.1.png
2025-12-28 23:38:04,921 [main] INFO  c.p.b.e.r.g.ResultGraphBuilder.save - graph saved. C:/Dev/experiment/expr10/result//38-2-rnk-no-sg/3T/1_3T_324_wk1_B1_40001_38-2-rnk-no-sg_-3_0.0_0.0.png
2025-12-28 23:38:05,038 [main] INFO  c.p.b.e.r.g.ResultGraphBuilder.save - graph saved. C:/Dev/experiment/expr10/result//38-1-rnk-no-sg/3T/1_3T_362_wk1_B1_40001_38-1-rnk-no-sg_-1_0.0_0.0.png
2025-12-28 23:38:05,169 [main] INFO  c.p.b.e.r.g.ResultGraphBuilder.save - graph saved. C:/Dev/experiment/expr10/result//38-2-rnk-no-sg/3T/1_3T_325_wk1_B1_40001_38-2-rnk-no-sg_0_0.0_0.0.png
2025-12-28 23:38:05,331 [main] INFO  c.p.b.e.r.g.ResultGraphBuilder.save - graph saved. C:/Dev/experiment/expr10/result//38-1-rnk-no-sg/3T/1_3T_412_wk1_A1_40001_38-1-rnk-no-sg_-17_0.03_1.0.png
2025-12-28 23:38:05,433 [main] INFO  c.p.b.e.r.g.ResultGraphBuilder.save - graph saved. C:/Dev/experiment/expr10/result//38-2-rnk-no-sg/3T/1_3T_341_wk1_A2_40001_38-2-rnk-no-sg_5_0.0_0.0.png
2025-12-28 23:38:05,686 [main] INFO  c.p.b.e.r.g.ResultGraphBuilder.save - graph saved. C:/Dev/experiment/expr10/result//38-1-rnk-no-sg/3T/1_3T_412_wk1_A2_40001_38-1-rnk-no-sg_16_0.11_2.4.png
2025-12-28 23:38:05,760 [main] INFO  c.p.b.e.r.g.ResultGraphBuilder.save - graph saved. C:/Dev/experiment/expr10/result//38-2-rnk-no-sg/3T/1_3T_341_wk1_B1_40001_38-2-rnk-no-sg_-26_0.0_0.2.png
2025-12-28 23:38:06,018 [main] INFO  c.p.b.e.r.g.ResultGraphBuilder.save - graph saved. C:/Dev/experiment/expr10/result//38-1-rnk-no-sg/3T/1_3T_412_wk1_B1_40001_38-1-rnk-no-sg_-88_0.05_2.1.png
2025-12-28 23:38:06,041 [main] INFO  c.p.b.e.r.g.ResultGraphBuilder.save - graph saved. C:/Dev/experiment/expr10/result//38-2-rnk-no-sg/3T/1_3T_341_wk1_B2_40001_38-2-rnk-no-sg_-2_0.0_0.0.png
2025-12-28 23:38:06,332 [main] INFO  c.p.b.e.r.g.ResultGraphBuilder.save - graph saved. C:/Dev/experiment/expr10/result//38-2-rnk-no-sg/3T/1_3T_342_wk1_B1_40001_38-2-rnk-no-sg_1_0.0_0.0.png
2025-12-28 23:38:06,336 [main] INFO  c.p.b.e.r.g.ResultGraphBuilder.save - graph saved. C:/Dev/experiment/expr10/result//38-1-rnk-no-sg/3T/1_3T_412_wk1_B2_40001_38-1-rnk-no-sg_0_0.0_0.1.png
2025-12-28 23:38:06,644 [main] INFO  c.p.b.e.r.g.ResultGraphBuilder.save - graph saved. C:/Dev/experiment/expr10/result//38-2-rnk-no-sg/3T/1_3T_351_wk1_B1_40001_38-2-rnk-no-sg_-1_0.0_0.0.png
2025-12-28 23:38:06,678 [main] INFO  c.p.b.e.r.g.ResultGraphBuilder.save - graph saved. C:/Dev/experiment/expr10/result//38-1-rnk-no-sg/3T/1_3T_413_wk1_A1_40001_38-1-rnk-no-sg_-18_0.01_0.5.png
2025-12-28 23:38:06,915 [main] INFO  c.p.b.e.r.g.ResultGraphBuilder.save - graph saved. C:/Dev/experiment/expr10/result//38-2-rnk-no-sg/3T/1_3T_361_wk1_B1_40001_38-2-rnk-no-sg_-4_0.0_0.0.png
2025-12-28 23:38:06,982 [main] INFO  c.p.b.e.r.g.ResultGraphBuilder.save - graph saved. C:/Dev/experiment/expr10/result//38-1-rnk-no-sg/3T/1_3T_413_wk1_A2_40001_38-1-rnk-no-sg_-99_0.03_1.7.png
2025-12-28 23:38:07,152 [main] INFO  c.p.b.e.r.g.ResultGraphBuilder.save - graph saved. C:/Dev/experiment/expr10/result//38-2-rnk-no-sg/3T/1_3T_361_wk1_B2_40001_38-2-rnk-no-sg_0_0.0_0.0.png
2025-12-28 23:38:07,281 [main] INFO  c.p.b.e.r.g.ResultGraphBuilder.save - graph saved. C:/Dev/experiment/expr10/result//38-1-rnk-no-sg/3T/1_3T_413_wk1_B1_40001_38-1-rnk-no-sg_-77_0.03_1.3.png
2025-12-28 23:38:07,449 [main] INFO  c.p.b.e.r.g.ResultGraphBuilder.save - graph saved. C:/Dev/experiment/expr10/result//38-2-rnk-no-sg/3T/1_3T_412_wk1_A1_40001_38-2-rnk-no-sg_-20_0.02_0.9.png
2025-12-28 23:38:07,549 [main] INFO  c.p.b.e.r.g.ResultGraphBuilder.save - graph saved. C:/Dev/experiment/expr10/result//38-1-rnk-no-sg/3T/1_3T_413_wk1_B2_40001_38-1-rnk-no-sg_12_0.0_0.0.png
2025-12-28 23:38:07,739 [main] INFO  c.p.b.e.r.g.ResultGraphBuilder.save - graph saved. C:/Dev/experiment/expr10/result//38-2-rnk-no-sg/3T/1_3T_412_wk1_A2_40001_38-2-rnk-no-sg_-82_0.04_1.7.png
2025-12-28 23:38:07,802 [main] INFO  c.p.b.e.r.g.ResultGraphBuilder.save - graph saved. C:/Dev/experiment/expr10/result//38-1-rnk-no-sg/3T/1_3T_415_wk1_A1_40001_38-1-rnk-no-sg_-3_0.0_0.0.png
2025-12-28 23:38:08,061 [main] INFO  c.p.b.e.r.g.ResultGraphBuilder.save - graph saved. C:/Dev/experiment/expr10/result//38-2-rnk-no-sg/3T/1_3T_412_wk1_B1_40001_38-2-rnk-no-sg_-17_0.05_1.5.png
2025-12-28 23:38:08,107 [main] INFO  c.p.b.e.r.g.ResultGraphBuilder.save - graph saved. C:/Dev/experiment/expr10/result//38-1-rnk-no-sg/3T/1_3T_415_wk1_A2_40001_38-1-rnk-no-sg_-8_0.0_0.1.png
2025-12-28 23:38:08,362 [main] INFO  c.p.b.e.r.g.ResultGraphBuilder.save - graph saved. C:/Dev/experiment/expr10/result//38-2-rnk-no-sg/3T/1_3T_412_wk1_B2_40001_38-2-rnk-no-sg_3_0.0_0.0.png
2025-12-28 23:38:08,400 [main] INFO  c.p.b.e.r.g.ResultGraphBuilder.save - graph saved. C:/Dev/experiment/expr10/result//38-1-rnk-no-sg/3T/1_3T_415_wk1_B1_40001_38-1-rnk-no-sg_-12_0.0_0.1.png
2025-12-28 23:38:08,636 [main] INFO  c.p.b.e.r.g.ResultGraphBuilder.save - graph saved. C:/Dev/experiment/expr10/result//38-1-rnk-no-sg/3T/1_3T_415_wk1_B2_40001_38-1-rnk-no-sg_-1_0.0_0.0.png
2025-12-28 23:38:08,648 [main] INFO  c.p.b.e.r.g.ResultGraphBuilder.save - graph saved. C:/Dev/experiment/expr10/result//38-2-rnk-no-sg/3T/1_3T_413_wk1_A1_40001_38-2-rnk-no-sg_-27_0.0_0.4.png
2025-12-28 23:38:08,919 [main] INFO  c.p.b.e.r.g.ResultGraphBuilder.save - graph saved. C:/Dev/experiment/expr10/result//38-1-rnk-no-sg/3T/1_3T_416_wk1_A1_40001_38-1-rnk-no-sg_1_0.0_0.0.png
2025-12-28 23:38:08,940 [main] INFO  c.p.b.e.r.g.ResultGraphBuilder.save - graph saved. C:/Dev/experiment/expr10/result//38-2-rnk-no-sg/3T/1_3T_413_wk1_A2_40001_38-2-rnk-no-sg_-58_0.03_1.4.png
2025-12-28 23:38:09,190 [main] INFO  c.p.b.e.r.g.ResultGraphBuilder.save - graph saved. C:/Dev/experiment/expr10/result//38-1-rnk-no-sg/3T/1_3T_416_wk1_A2_40001_38-1-rnk-no-sg_4_0.0_0.0.png
2025-12-28 23:38:09,233 [main] INFO  c.p.b.e.r.g.ResultGraphBuilder.save - graph saved. C:/Dev/experiment/expr10/result//38-2-rnk-no-sg/3T/1_3T_413_wk1_B1_40001_38-2-rnk-no-sg_-24_0.03_1.0.png
2025-12-28 23:38:09,488 [main] INFO  c.p.b.e.r.g.ResultGraphBuilder.save - graph saved. C:/Dev/experiment/expr10/result//38-1-rnk-no-sg/3T/1_3T_416_wk1_B1_40001_38-1-rnk-no-sg_-7_0.0_0.0.png
2025-12-28 23:38:09,512 [main] INFO  c.p.b.e.r.g.ResultGraphBuilder.save - graph saved. C:/Dev/experiment/expr10/result//38-2-rnk-no-sg/3T/1_3T_413_wk1_B2_40001_38-2-rnk-no-sg_0_0.0_0.0.png
2025-12-28 23:38:09,736 [main] INFO  c.p.b.e.r.g.ResultGraphBuilder.save - graph saved. C:/Dev/experiment/expr10/result//38-1-rnk-no-sg/3T/1_3T_416_wk1_B2_40001_38-1-rnk-no-sg_-1_0.0_0.0.png
2025-12-28 23:38:09,751 [main] INFO  c.p.b.e.r.g.ResultGraphBuilder.save - graph saved. C:/Dev/experiment/expr10/result//38-2-rnk-no-sg/3T/1_3T_415_wk1_A1_40001_38-2-rnk-no-sg_0_0.0_0.0.png
2025-12-28 23:38:10,016 [main] INFO  c.p.b.e.r.g.ResultGraphBuilder.save - graph saved. C:/Dev/experiment/expr10/result//38-2-rnk-no-sg/3T/1_3T_415_wk1_A2_40001_38-2-rnk-no-sg_-2_0.0_0.0.png
2025-12-28 23:38:10,024 [main] INFO  c.p.b.e.r.g.ResultGraphBuilder.save - graph saved. C:/Dev/experiment/expr10/result//38-1-rnk-no-sg/3T/1_3T_421_wk1_A2_40001_38-1-rnk-no-sg_-12_0.0_0.2.png
2025-12-28 23:38:10,295 [main] INFO  c.p.b.e.r.g.ResultGraphBuilder.save - graph saved. C:/Dev/experiment/expr10/result//38-2-rnk-no-sg/3T/1_3T_415_wk1_B1_40001_38-2-rnk-no-sg_-3_0.0_0.0.png
2025-12-28 23:38:10,321 [main] INFO  c.p.b.e.r.g.ResultGraphBuilder.save - graph saved. C:/Dev/experiment/expr10/result//38-1-rnk-no-sg/3T/1_3T_421_wk1_B1_40001_38-1-rnk-no-sg_-15_0.04_1.2.png
2025-12-28 23:38:10,521 [main] INFO  c.p.b.e.r.g.ResultGraphBuilder.save - graph saved. C:/Dev/experiment/expr10/result//38-2-rnk-no-sg/3T/1_3T_416_wk1_A1_40001_38-2-rnk-no-sg_0_0.0_0.0.png
2025-12-28 23:38:10,593 [main] INFO  c.p.b.e.r.g.ResultGraphBuilder.save - graph saved. C:/Dev/experiment/expr10/result//38-1-rnk-no-sg/3T/1_3T_421_wk1_B2_40001_38-1-rnk-no-sg_-2_0.0_0.0.png
2025-12-28 23:38:10,797 [main] INFO  c.p.b.e.r.g.ResultGraphBuilder.save - graph saved. C:/Dev/experiment/expr10/result//38-2-rnk-no-sg/3T/1_3T_416_wk1_A2_40001_38-2-rnk-no-sg_-6_0.0_0.0.png
2025-12-28 23:38:10,872 [main] INFO  c.p.b.e.r.g.ResultGraphBuilder.save - graph saved. C:/Dev/experiment/expr10/result//38-1-rnk-no-sg/3T/1_3T_423_wk1_B1_40001_38-1-rnk-no-sg_10_0.01_0.1.png
2025-12-28 23:38:11,062 [main] INFO  c.p.b.e.r.g.ResultGraphBuilder.save - graph saved. C:/Dev/experiment/expr10/result//38-2-rnk-no-sg/3T/1_3T_416_wk1_B1_40001_38-2-rnk-no-sg_-4_0.0_0.0.png
2025-12-28 23:38:11,125 [main] INFO  c.p.b.e.r.g.ResultGraphBuilder.save - graph saved. C:/Dev/experiment/expr10/result//38-1-rnk-no-sg/3T/1_3T_423_wk1_B2_40001_38-1-rnk-no-sg_-3_0.0_0.0.png
2025-12-28 23:38:11,383 [main] INFO  c.p.b.e.r.g.ResultGraphBuilder.save - graph saved. C:/Dev/experiment/expr10/result//38-2-rnk-no-sg/3T/1_3T_421_wk1_A2_40001_38-2-rnk-no-sg_1_0.0_0.1.png
2025-12-28 23:38:11,412 [main] INFO  c.p.b.e.r.g.ResultGraphBuilder.save - graph saved. C:/Dev/experiment/expr10/result//38-1-rnk-no-sg/3T/1_3T_425_wk1_B1_40001_38-1-rnk-no-sg_-1_0.0_0.0.png
2025-12-28 23:38:11,764 [main] INFO  c.p.b.e.r.g.ResultGraphBuilder.save - graph saved. C:/Dev/experiment/expr10/result//38-1-rnk-no-sg/3T/1_3T_426_wk1_B1_40001_38-1-rnk-no-sg_0_0.0_0.0.png
2025-12-28 23:38:11,831 [main] INFO  c.p.b.e.r.g.ResultGraphBuilder.save - graph saved. C:/Dev/experiment/expr10/result//38-2-rnk-no-sg/3T/1_3T_421_wk1_B1_40001_38-2-rnk-no-sg_-28_0.02_0.8.png
2025-12-28 23:38:12,061 [main] INFO  c.p.b.e.r.g.ResultGraphBuilder.save - graph saved. C:/Dev/experiment/expr10/result//38-1-rnk-no-sg/3T/1_3T_431_wk1_A2_40001_38-1-rnk-no-sg_7_0.0_0.1.png
2025-12-28 23:38:12,104 [main] INFO  c.p.b.e.r.g.ResultGraphBuilder.save - graph saved. C:/Dev/experiment/expr10/result//38-2-rnk-no-sg/3T/1_3T_421_wk1_B2_40001_38-2-rnk-no-sg_-5_0.0_0.0.png
2025-12-28 23:38:12,356 [main] INFO  c.p.b.e.r.g.ResultGraphBuilder.save - graph saved. C:/Dev/experiment/expr10/result//38-1-rnk-no-sg/3T/1_3T_431_wk1_B1_40001_38-1-rnk-no-sg_-6_0.02_0.5.png
2025-12-28 23:38:12,384 [main] INFO  c.p.b.e.r.g.ResultGraphBuilder.save - graph saved. C:/Dev/experiment/expr10/result//38-2-rnk-no-sg/3T/1_3T_423_wk1_B1_40001_38-2-rnk-no-sg_-6_0.0_0.0.png
2025-12-28 23:38:12,614 [main] INFO  c.p.b.e.r.g.ResultGraphBuilder.save - graph saved. C:/Dev/experiment/expr10/result//38-2-rnk-no-sg/3T/1_3T_423_wk1_B2_40001_38-2-rnk-no-sg_-1_0.0_0.0.png
2025-12-28 23:38:12,627 [main] INFO  c.p.b.e.r.g.ResultGraphBuilder.save - graph saved. C:/Dev/experiment/expr10/result//38-1-rnk-no-sg/3T/1_3T_431_wk1_B2_40001_38-1-rnk-no-sg_-5_0.0_0.0.png
2025-12-28 23:38:12,880 [main] INFO  c.p.b.e.r.g.ResultGraphBuilder.save - graph saved. C:/Dev/experiment/expr10/result//38-2-rnk-no-sg/3T/1_3T_425_wk1_B1_40001_38-2-rnk-no-sg_-1_0.0_0.0.png
2025-12-28 23:38:12,932 [main] INFO  c.p.b.e.r.g.ResultGraphBuilder.save - graph saved. C:/Dev/experiment/expr10/result//38-1-rnk-no-sg/3T/1_3T_432_wk1_B1_40001_38-1-rnk-no-sg_-7_0.0_0.0.png
2025-12-28 23:38:13,293 [main] INFO  c.p.b.e.r.g.ResultGraphBuilder.save - graph saved. C:/Dev/experiment/expr10/result//38-2-rnk-no-sg/3T/1_3T_431_wk1_A2_40001_38-2-rnk-no-sg_-3_0.0_0.0.png
2025-12-28 23:38:13,374 [main] INFO  c.p.b.e.r.g.ResultGraphBuilder.save - graph saved. C:/Dev/experiment/expr10/result//38-1-rnk-no-sg/3T/1_3T_432_wk1_B2_40001_38-1-rnk-no-sg_-3_0.0_0.0.png
2025-12-28 23:38:13,585 [main] INFO  c.p.b.e.r.g.ResultGraphBuilder.save - graph saved. C:/Dev/experiment/expr10/result//38-2-rnk-no-sg/3T/1_3T_431_wk1_B1_40001_38-2-rnk-no-sg_9_0.01_0.4.png
2025-12-28 23:38:13,604 [main] INFO  c.p.b.e.r.g.ResultGraphBuilder.save - graph saved. C:/Dev/experiment/expr10/result//38-1-rnk-no-sg/3T/1_3T_435_wk1_B1_40001_38-1-rnk-no-sg_2_0.0_0.0.png
2025-12-28 23:38:13,839 [main] INFO  c.p.b.e.r.g.ResultGraphBuilder.save - graph saved. C:/Dev/experiment/expr10/result//38-2-rnk-no-sg/3T/1_3T_431_wk1_B2_40001_38-2-rnk-no-sg_-2_0.0_0.0.png
2025-12-28 23:38:13,865 [main] INFO  c.p.b.e.r.g.ResultGraphBuilder.save - graph saved. C:/Dev/experiment/expr10/result//38-1-rnk-no-sg/3T/1_3T_451_wk1_B1_40001_38-1-rnk-no-sg_-4_0.0_0.0.png
2025-12-28 23:38:14,104 [main] INFO  c.p.b.e.r.g.ResultGraphBuilder.save - graph saved. C:/Dev/experiment/expr10/result//38-2-rnk-no-sg/3T/1_3T_432_wk1_B1_40001_38-2-rnk-no-sg_13_0.0_0.0.png
2025-12-28 23:38:14,118 [main] INFO  c.p.b.e.r.g.ResultGraphBuilder.save - graph saved. C:/Dev/experiment/expr10/result//38-1-rnk-no-sg/3T/1_3T_461_wk1_B1_40001_38-1-rnk-no-sg_-3_0.0_0.0.png
2025-12-28 23:38:14,353 [main] INFO  c.p.b.e.r.g.ResultGraphBuilder.save - graph saved. C:/Dev/experiment/expr10/result//38-2-rnk-no-sg/3T/1_3T_432_wk1_B2_40001_38-2-rnk-no-sg_-1_0.0_0.0.png
2025-12-28 23:38:14,361 [main] INFO  c.p.b.e.r.g.ResultGraphBuilder.save - graph saved. C:/Dev/experiment/expr10/result//38-1-rnk-no-sg/3T/1_3T_462_wk1_B1_40001_38-1-rnk-no-sg_-1_0.0_0.0.png
2025-12-28 23:38:14,607 [main] INFO  c.p.b.e.r.g.ResultGraphBuilder.save - graph saved. C:/Dev/experiment/expr10/result//38-2-rnk-no-sg/3T/1_3T_451_wk1_B1_40001_38-2-rnk-no-sg_-1_0.0_0.0.png
2025-12-28 23:38:14,658 [main] INFO  c.p.b.e.r.g.ResultGraphBuilder.save - graph saved. C:/Dev/experiment/expr10/result//38-1-rnk-no-sg/3T/1_3T_512_wk1_A1_40001_38-1-rnk-no-sg_3_0.0_0.1.png
2025-12-28 23:38:14,846 [main] INFO  c.p.b.e.r.g.ResultGraphBuilder.save - graph saved. C:/Dev/experiment/expr10/result//38-2-rnk-no-sg/3T/1_3T_461_wk1_B1_40001_38-2-rnk-no-sg_-1_0.0_0.0.png
2025-12-28 23:38:14,949 [main] INFO  c.p.b.e.r.g.ResultGraphBuilder.save - graph saved. C:/Dev/experiment/expr10/result//38-1-rnk-no-sg/3T/1_3T_512_wk1_A2_40001_38-1-rnk-no-sg_16_0.02_0.4.png
2025-12-28 23:38:15,127 [main] INFO  c.p.b.e.r.g.ResultGraphBuilder.save - graph saved. C:/Dev/experiment/expr10/result//38-2-rnk-no-sg/3T/1_3T_512_wk1_A1_40001_38-2-rnk-no-sg_-2_0.0_0.0.png
2025-12-28 23:38:15,255 [main] INFO  c.p.b.e.r.g.ResultGraphBuilder.save - graph saved. C:/Dev/experiment/expr10/result//38-1-rnk-no-sg/3T/1_3T_512_wk1_B1_40001_38-1-rnk-no-sg_-9_0.01_0.6.png
2025-12-28 23:38:15,437 [main] INFO  c.p.b.e.r.g.ResultGraphBuilder.save - graph saved. C:/Dev/experiment/expr10/result//38-2-rnk-no-sg/3T/1_3T_512_wk1_A2_40001_38-2-rnk-no-sg_-15_0.0_0.3.png
2025-12-28 23:38:15,523 [main] INFO  c.p.b.e.r.g.ResultGraphBuilder.save - graph saved. C:/Dev/experiment/expr10/result//38-1-rnk-no-sg/3T/1_3T_512_wk1_B2_40001_38-1-rnk-no-sg_-3_0.0_0.0.png
2025-12-28 23:38:15,747 [main] INFO  c.p.b.e.r.g.ResultGraphBuilder.save - graph saved. C:/Dev/experiment/expr10/result//38-2-rnk-no-sg/3T/1_3T_512_wk1_B1_40001_38-2-rnk-no-sg_11_0.01_0.3.png
2025-12-28 23:38:15,813 [main] INFO  c.p.b.e.r.g.ResultGraphBuilder.save - graph saved. C:/Dev/experiment/expr10/result//38-1-rnk-no-sg/3T/1_3T_513_wk1_A1_40001_38-1-rnk-no-sg_-7_0.0_0.0.png
2025-12-28 23:38:15,976 [main] INFO  c.p.b.e.r.g.ResultGraphBuilder.save - graph saved. C:/Dev/experiment/expr10/result//38-2-rnk-no-sg/3T/1_3T_512_wk1_B2_40001_38-2-rnk-no-sg_0_0.0_0.0.png
2025-12-28 23:38:16,105 [main] INFO  c.p.b.e.r.g.ResultGraphBuilder.save - graph saved. C:/Dev/experiment/expr10/result//38-1-rnk-no-sg/3T/1_3T_513_wk1_A2_40001_38-1-rnk-no-sg_-15_0.0_0.2.png
2025-12-28 23:38:16,251 [main] INFO  c.p.b.e.r.g.ResultGraphBuilder.save - graph saved. C:/Dev/experiment/expr10/result//38-2-rnk-no-sg/3T/1_3T_513_wk1_A1_40001_38-2-rnk-no-sg_-4_0.0_0.0.png
2025-12-28 23:38:16,418 [main] INFO  c.p.b.e.r.g.ResultGraphBuilder.save - graph saved. C:/Dev/experiment/expr10/result//38-1-rnk-no-sg/3T/1_3T_513_wk1_B1_40001_38-1-rnk-no-sg_18_0.02_0.3.png
2025-12-28 23:38:16,577 [main] INFO  c.p.b.e.r.g.ResultGraphBuilder.save - graph saved. C:/Dev/experiment/expr10/result//38-2-rnk-no-sg/3T/1_3T_513_wk1_A2_40001_38-2-rnk-no-sg_-11_0.0_0.2.png
2025-12-28 23:38:16,679 [main] INFO  c.p.b.e.r.g.ResultGraphBuilder.save - graph saved. C:/Dev/experiment/expr10/result//38-1-rnk-no-sg/3T/1_3T_513_wk1_B2_40001_38-1-rnk-no-sg_-2_0.0_0.0.png
2025-12-28 23:38:16,878 [main] INFO  c.p.b.e.r.g.ResultGraphBuilder.save - graph saved. C:/Dev/experiment/expr10/result//38-2-rnk-no-sg/3T/1_3T_513_wk1_B1_40001_38-2-rnk-no-sg_-28_0.0_0.2.png
2025-12-28 23:38:16,942 [main] INFO  c.p.b.e.r.g.ResultGraphBuilder.save - graph saved. C:/Dev/experiment/expr10/result//38-1-rnk-no-sg/3T/1_3T_514_wk1_A1_40001_38-1-rnk-no-sg_-2_0.0_0.0.png
2025-12-28 23:38:17,135 [main] INFO  c.p.b.e.r.g.ResultGraphBuilder.save - graph saved. C:/Dev/experiment/expr10/result//38-2-rnk-no-sg/3T/1_3T_514_wk1_A1_40001_38-2-rnk-no-sg_-3_0.0_0.0.png
2025-12-28 23:38:17,236 [main] INFO  c.p.b.e.r.g.ResultGraphBuilder.save - graph saved. C:/Dev/experiment/expr10/result//38-1-rnk-no-sg/3T/1_3T_514_wk1_A2_40001_38-1-rnk-no-sg_0_0.0_0.2.png
2025-12-28 23:38:17,424 [main] INFO  c.p.b.e.r.g.ResultGraphBuilder.save - graph saved. C:/Dev/experiment/expr10/result//38-2-rnk-no-sg/3T/1_3T_514_wk1_A2_40001_38-2-rnk-no-sg_-4_0.0_0.1.png
2025-12-28 23:38:17,527 [main] INFO  c.p.b.e.r.g.ResultGraphBuilder.save - graph saved. C:/Dev/experiment/expr10/result//38-1-rnk-no-sg/3T/1_3T_514_wk1_B1_40001_38-1-rnk-no-sg_-10_0.0_0.1.png
2025-12-28 23:38:17,704 [main] INFO  c.p.b.e.r.g.ResultGraphBuilder.save - graph saved. C:/Dev/experiment/expr10/result//38-2-rnk-no-sg/3T/1_3T_514_wk1_B1_40001_38-2-rnk-no-sg_-6_0.0_0.1.png
2025-12-28 23:38:17,763 [main] INFO  c.p.b.e.r.g.ResultGraphBuilder.save - graph saved. C:/Dev/experiment/expr10/result//38-1-rnk-no-sg/3T/1_3T_516_wk1_A2_40001_38-1-rnk-no-sg_1_0.0_0.0.png
2025-12-28 23:38:17,940 [main] INFO  c.p.b.e.r.g.ResultGraphBuilder.save - graph saved. C:/Dev/experiment/expr10/result//38-2-rnk-no-sg/3T/1_3T_516_wk1_B1_40001_38-2-rnk-no-sg_0_0.0_0.0.png
2025-12-28 23:38:18,032 [main] INFO  c.p.b.e.r.g.ResultGraphBuilder.save - graph saved. C:/Dev/experiment/expr10/result//38-1-rnk-no-sg/3T/1_3T_516_wk1_B1_40001_38-1-rnk-no-sg_-1_0.0_0.0.png
2025-12-28 23:38:18,224 [main] INFO  c.p.b.e.r.g.ResultGraphBuilder.save - graph saved. C:/Dev/experiment/expr10/result//38-2-rnk-no-sg/3T/1_3T_521_wk1_A2_40001_38-2-rnk-no-sg_-3_0.0_0.0.png
2025-12-28 23:38:18,314 [main] INFO  c.p.b.e.r.g.ResultGraphBuilder.save - graph saved. C:/Dev/experiment/expr10/result//38-1-rnk-no-sg/3T/1_3T_521_wk1_A2_40001_38-1-rnk-no-sg_-3_0.0_0.0.png
2025-12-28 23:38:18,542 [main] INFO  c.p.b.e.r.g.ResultGraphBuilder.save - graph saved. C:/Dev/experiment/expr10/result//38-2-rnk-no-sg/3T/1_3T_521_wk1_B1_40001_38-2-rnk-no-sg_-1_0.0_0.2.png
2025-12-28 23:38:18,638 [main] INFO  c.p.b.e.r.g.ResultGraphBuilder.save - graph saved. C:/Dev/experiment/expr10/result//38-1-rnk-no-sg/3T/1_3T_521_wk1_B1_40001_38-1-rnk-no-sg_16_0.02_0.3.png
2025-12-28 23:38:18,903 [main] INFO  c.p.b.e.r.g.ResultGraphBuilder.save - graph saved. C:/Dev/experiment/expr10/result//38-2-rnk-no-sg/3T/1_3T_521_wk1_B2_40001_38-2-rnk-no-sg_0_0.0_0.0.png
2025-12-28 23:38:19,015 [main] INFO  c.p.b.e.r.g.ResultGraphBuilder.save - graph saved. C:/Dev/experiment/expr10/result//38-1-rnk-no-sg/3T/1_3T_521_wk1_B2_40001_38-1-rnk-no-sg_-2_0.0_0.0.png
2025-12-28 23:38:19,141 [main] INFO  c.p.b.e.r.g.ResultGraphBuilder.save - graph saved. C:/Dev/experiment/expr10/result//38-2-rnk-no-sg/3T/1_3T_523_wk1_B1_40001_38-2-rnk-no-sg_-1_0.0_0.0.png
2025-12-28 23:38:19,273 [main] INFO  c.p.b.e.r.g.ResultGraphBuilder.save - graph saved. C:/Dev/experiment/expr10/result//38-1-rnk-no-sg/3T/1_3T_523_wk1_B1_40001_38-1-rnk-no-sg_-1_0.0_0.0.png
2025-12-28 23:38:19,399 [main] INFO  c.p.b.e.r.g.ResultGraphBuilder.save - graph saved. C:/Dev/experiment/expr10/result//38-2-rnk-no-sg/3T/1_3T_531_wk1_A2_40001_38-2-rnk-no-sg_-1_0.0_0.0.png
2025-12-28 23:38:19,533 [main] INFO  c.p.b.e.r.g.ResultGraphBuilder.save - graph saved. C:/Dev/experiment/expr10/result//38-1-rnk-no-sg/3T/1_3T_523_wk1_B2_40001_38-1-rnk-no-sg_-1_0.0_0.0.png
2025-12-28 23:38:19,704 [main] INFO  c.p.b.e.r.g.ResultGraphBuilder.save - graph saved. C:/Dev/experiment/expr10/result//38-2-rnk-no-sg/3T/1_3T_531_wk1_B1_40001_38-2-rnk-no-sg_2_0.0_0.1.png
2025-12-28 23:38:19,802 [main] INFO  c.p.b.e.r.g.ResultGraphBuilder.save - graph saved. C:/Dev/experiment/expr10/result//38-1-rnk-no-sg/3T/1_3T_524_wk1_B1_40001_38-1-rnk-no-sg_-1_0.0_0.0.png
2025-12-28 23:38:19,947 [main] INFO  c.p.b.e.r.g.ResultGraphBuilder.save - graph saved. C:/Dev/experiment/expr10/result//38-2-rnk-no-sg/3T/1_3T_532_wk1_B1_40001_38-2-rnk-no-sg_-1_0.0_0.0.png
2025-12-28 23:38:20,061 [main] INFO  c.p.b.e.r.g.ResultGraphBuilder.save - graph saved. C:/Dev/experiment/expr10/result//38-1-rnk-no-sg/3T/1_3T_531_wk1_A2_40001_38-1-rnk-no-sg_-2_0.0_0.0.png
2025-12-28 23:38:20,186 [main] INFO  c.p.b.e.r.g.ResultGraphBuilder.save - graph saved. C:/Dev/experiment/expr10/result//38-2-rnk-no-sg/3T/1_3T_541_wk1_A2_40001_38-2-rnk-no-sg_0_0.0_0.0.png
2025-12-28 23:38:20,358 [main] INFO  c.p.b.e.r.g.ResultGraphBuilder.save - graph saved. C:/Dev/experiment/expr10/result//38-1-rnk-no-sg/3T/1_3T_531_wk1_B1_40001_38-1-rnk-no-sg_-12_0.0_0.2.png
2025-12-28 23:38:20,474 [main] INFO  c.p.b.e.r.g.ResultGraphBuilder.save - graph saved. C:/Dev/experiment/expr10/result//38-2-rnk-no-sg/3T/1_3T_541_wk1_B1_40001_38-2-rnk-no-sg_0_0.0_0.0.png
2025-12-28 23:38:20,614 [main] INFO  c.p.b.e.r.g.ResultGraphBuilder.save - graph saved. C:/Dev/experiment/expr10/result//38-1-rnk-no-sg/3T/1_3T_531_wk1_B2_40001_38-1-rnk-no-sg_-1_0.0_0.0.png
2025-12-28 23:38:20,739 [main] INFO  c.p.b.e.r.g.ResultGraphBuilder.save - graph saved. C:/Dev/experiment/expr10/result//38-2-rnk-no-sg/3T/1_3T_612_wk1_A1_40001_38-2-rnk-no-sg_-3_0.0_0.0.png
2025-12-28 23:38:20,872 [main] INFO  c.p.b.e.r.g.ResultGraphBuilder.save - graph saved. C:/Dev/experiment/expr10/result//38-1-rnk-no-sg/3T/1_3T_532_wk1_B1_40001_38-1-rnk-no-sg_1_0.0_0.0.png
2025-12-28 23:38:21,036 [main] INFO  c.p.b.e.r.g.ResultGraphBuilder.save - graph saved. C:/Dev/experiment/expr10/result//38-2-rnk-no-sg/3T/1_3T_612_wk1_A2_40001_38-2-rnk-no-sg_-4_0.0_0.1.png
2025-12-28 23:38:21,113 [main] INFO  c.p.b.e.r.g.ResultGraphBuilder.save - graph saved. C:/Dev/experiment/expr10/result//38-1-rnk-no-sg/3T/1_3T_541_wk1_A2_40001_38-1-rnk-no-sg_-1_0.0_0.0.png
2025-12-28 23:38:21,367 [main] INFO  c.p.b.e.r.g.ResultGraphBuilder.save - graph saved. C:/Dev/experiment/expr10/result//38-2-rnk-no-sg/3T/1_3T_612_wk1_B1_40001_38-2-rnk-no-sg_4_0.01_0.2.png
2025-12-28 23:38:21,458 [main] INFO  c.p.b.e.r.g.ResultGraphBuilder.save - graph saved. C:/Dev/experiment/expr10/result//38-1-rnk-no-sg/3T/1_3T_541_wk1_B1_40001_38-1-rnk-no-sg_-8_0.0_0.0.png
2025-12-28 23:38:21,658 [main] INFO  c.p.b.e.r.g.ResultGraphBuilder.save - graph saved. C:/Dev/experiment/expr10/result//38-2-rnk-no-sg/3T/1_3T_613_wk1_A1_40001_38-2-rnk-no-sg_-2_0.0_0.0.png
2025-12-28 23:38:21,724 [main] INFO  c.p.b.e.r.g.ResultGraphBuilder.save - graph saved. C:/Dev/experiment/expr10/result//38-1-rnk-no-sg/3T/1_3T_542_wk1_B1_40001_38-1-rnk-no-sg_0_0.0_0.0.png
2025-12-28 23:38:21,950 [main] INFO  c.p.b.e.r.g.ResultGraphBuilder.save - graph saved. C:/Dev/experiment/expr10/result//38-2-rnk-no-sg/3T/1_3T_613_wk1_A2_40001_38-2-rnk-no-sg_-4_0.0_0.1.png
2025-12-28 23:38:21,956 [main] INFO  c.p.b.e.r.g.ResultGraphBuilder.save - graph saved. C:/Dev/experiment/expr10/result//38-1-rnk-no-sg/3T/1_3T_543_wk1_B1_40001_38-1-rnk-no-sg_0_0.0_0.0.png
2025-12-28 23:38:22,232 [main] INFO  c.p.b.e.r.g.ResultGraphBuilder.save - graph saved. C:/Dev/experiment/expr10/result//38-1-rnk-no-sg/3T/1_3T_612_wk1_A1_40001_38-1-rnk-no-sg_-4_0.0_0.0.png
2025-12-28 23:38:22,262 [main] INFO  c.p.b.e.r.g.ResultGraphBuilder.save - graph saved. C:/Dev/experiment/expr10/result//38-2-rnk-no-sg/3T/1_3T_613_wk1_B1_40001_38-2-rnk-no-sg_-5_0.0_0.1.png
2025-12-28 23:38:22,614 [main] INFO  c.p.b.e.r.g.ResultGraphBuilder.save - graph saved. C:/Dev/experiment/expr10/result//38-2-rnk-no-sg/3T/1_3T_614_wk1_A1_40001_38-2-rnk-no-sg_0_0.0_0.0.png
2025-12-28 23:38:22,644 [main] INFO  c.p.b.e.r.g.ResultGraphBuilder.save - graph saved. C:/Dev/experiment/expr10/result//38-1-rnk-no-sg/3T/1_3T_612_wk1_A2_40001_38-1-rnk-no-sg_-21_0.0_0.2.png
2025-12-28 23:38:22,906 [main] INFO  c.p.b.e.r.g.ResultGraphBuilder.save - graph saved. C:/Dev/experiment/expr10/result//38-2-rnk-no-sg/3T/1_3T_614_wk1_A2_40001_38-2-rnk-no-sg_-5_0.0_0.0.png
2025-12-28 23:38:22,945 [main] INFO  c.p.b.e.r.g.ResultGraphBuilder.save - graph saved. C:/Dev/experiment/expr10/result//38-1-rnk-no-sg/3T/1_3T_612_wk1_B1_40001_38-1-rnk-no-sg_2_0.01_0.3.png
2025-12-28 23:38:23,198 [main] INFO  c.p.b.e.r.g.ResultGraphBuilder.save - graph saved. C:/Dev/experiment/expr10/result//38-1-rnk-no-sg/3T/1_3T_612_wk1_B2_40001_38-1-rnk-no-sg_-1_0.0_0.0.png
2025-12-28 23:38:23,202 [main] INFO  c.p.b.e.r.g.ResultGraphBuilder.save - graph saved. C:/Dev/experiment/expr10/result//38-2-rnk-no-sg/3T/1_3T_614_wk1_B1_40001_38-2-rnk-no-sg_-5_0.0_0.0.png
2025-12-28 23:38:23,486 [main] INFO  c.p.b.e.r.g.ResultGraphBuilder.save - graph saved. C:/Dev/experiment/expr10/result//38-2-rnk-no-sg/3T/1_3T_615_wk1_A2_40001_38-2-rnk-no-sg_0_0.0_0.0.png
2025-12-28 23:38:23,502 [main] INFO  c.p.b.e.r.g.ResultGraphBuilder.save - graph saved. C:/Dev/experiment/expr10/result//38-1-rnk-no-sg/3T/1_3T_613_wk1_A1_40001_38-1-rnk-no-sg_1_0.0_0.0.png
2025-12-28 23:38:23,730 [main] INFO  c.p.b.e.r.g.ResultGraphBuilder.save - graph saved. C:/Dev/experiment/expr10/result//38-2-rnk-no-sg/3T/1_3T_615_wk1_B1_40001_38-2-rnk-no-sg_0_0.0_0.0.png
2025-12-28 23:38:23,884 [main] INFO  c.p.b.e.r.g.ResultGraphBuilder.save - graph saved. C:/Dev/experiment/expr10/result//38-1-rnk-no-sg/3T/1_3T_613_wk1_A2_40001_38-1-rnk-no-sg_-7_0.0_0.1.png
2025-12-28 23:38:23,978 [main] INFO  c.p.b.e.r.g.ResultGraphBuilder.save - graph saved. C:/Dev/experiment/expr10/result//38-2-rnk-no-sg/3T/1_3T_621_wk1_A2_40001_38-2-rnk-no-sg_-1_0.0_0.0.png
2025-12-28 23:38:24,185 [main] INFO  c.p.b.e.r.g.ResultGraphBuilder.save - graph saved. C:/Dev/experiment/expr10/result//38-1-rnk-no-sg/3T/1_3T_613_wk1_B1_40001_38-1-rnk-no-sg_0_0.0_0.2.png
2025-12-28 23:38:24,287 [main] INFO  c.p.b.e.r.g.ResultGraphBuilder.save - graph saved. C:/Dev/experiment/expr10/result//38-2-rnk-no-sg/3T/1_3T_621_wk1_B1_40001_38-2-rnk-no-sg_-7_0.0_0.1.png
2025-12-28 23:38:24,457 [main] INFO  c.p.b.e.r.g.ResultGraphBuilder.save - graph saved. C:/Dev/experiment/expr10/result//38-1-rnk-no-sg/3T/1_3T_614_wk1_A1_40001_38-1-rnk-no-sg_-1_0.0_0.0.png
2025-12-28 23:38:24,531 [main] INFO  c.p.b.e.r.g.ResultGraphBuilder.save - graph saved. C:/Dev/experiment/expr10/result//38-2-rnk-no-sg/3T/1_3T_631_wk1_A2_40001_38-2-rnk-no-sg_0_0.0_0.0.png
2025-12-28 23:38:24,785 [main] INFO  c.p.b.e.r.g.ResultGraphBuilder.save - graph saved. C:/Dev/experiment/expr10/result//38-1-rnk-no-sg/3T/1_3T_614_wk1_A2_40001_38-1-rnk-no-sg_-9_0.0_0.0.png
2025-12-28 23:38:24,837 [main] INFO  c.p.b.e.r.g.ResultGraphBuilder.save - graph saved. C:/Dev/experiment/expr10/result//38-2-rnk-no-sg/3T/1_3T_631_wk1_B1_40001_38-2-rnk-no-sg_-4_0.0_0.0.png
2025-12-28 23:38:25,072 [main] INFO  c.p.b.e.r.g.ResultGraphBuilder.save - graph saved. C:/Dev/experiment/expr10/result//38-1-rnk-no-sg/3T/1_3T_614_wk1_B1_40001_38-1-rnk-no-sg_-2_0.0_0.1.png
2025-12-28 23:38:25,091 [main] INFO  c.p.b.e.r.g.ResultGraphBuilder.save - graph saved. C:/Dev/experiment/expr10/result//38-2-rnk-no-sg/3T/1_3T_641_wk1_B1_40001_38-2-rnk-no-sg_-2_0.0_0.0.png
2025-12-28 23:38:25,328 [main] INFO  c.p.b.e.r.g.ResultGraphBuilder.save - graph saved. C:/Dev/experiment/expr10/result//38-1-rnk-no-sg/3T/1_3T_615_wk1_A2_40001_38-1-rnk-no-sg_-1_0.0_0.0.png
2025-12-28 23:38:25,606 [main] INFO  c.p.b.e.r.g.ResultGraphBuilder.save - graph saved. C:/Dev/experiment/expr10/result//38-1-rnk-no-sg/3T/1_3T_615_wk1_B1_40001_38-1-rnk-no-sg_-3_0.0_0.0.png
2025-12-28 23:38:25,863 [main] INFO  c.p.b.e.r.g.ResultGraphBuilder.save - graph saved. C:/Dev/experiment/expr10/result//38-1-rnk-no-sg/3T/1_3T_621_wk1_A2_40001_38-1-rnk-no-sg_13_0.0_0.0.png
2025-12-28 23:38:26,164 [main] INFO  c.p.b.e.r.g.ResultGraphBuilder.save - graph saved. C:/Dev/experiment/expr10/result//38-1-rnk-no-sg/3T/1_3T_621_wk1_B1_40001_38-1-rnk-no-sg_-12_0.0_0.2.png
2025-12-28 23:38:26,430 [main] INFO  c.p.b.e.r.g.ResultGraphBuilder.save - graph saved. C:/Dev/experiment/expr10/result//38-1-rnk-no-sg/3T/1_3T_621_wk1_B2_40001_38-1-rnk-no-sg_5_0.0_0.0.png
2025-12-28 23:38:26,685 [main] INFO  c.p.b.e.r.g.ResultGraphBuilder.save - graph saved. C:/Dev/experiment/expr10/result//38-1-rnk-no-sg/3T/1_3T_623_wk1_B1_40001_38-1-rnk-no-sg_-1_0.0_0.0.png
2025-12-28 23:38:26,925 [main] INFO  c.p.b.e.r.g.ResultGraphBuilder.save - graph saved. C:/Dev/experiment/expr10/result//38-1-rnk-no-sg/3T/1_3T_631_wk1_A2_40001_38-1-rnk-no-sg_-1_0.0_0.0.png
2025-12-28 23:38:27,195 [main] INFO  c.p.b.e.r.g.ResultGraphBuilder.save - graph saved. C:/Dev/experiment/expr10/result//38-1-rnk-no-sg/3T/1_3T_631_wk1_B1_40001_38-1-rnk-no-sg_-5_0.0_0.1.png
2025-12-28 23:38:27,430 [main] INFO  c.p.b.e.r.g.ResultGraphBuilder.save - graph saved. C:/Dev/experiment/expr10/result//38-1-rnk-no-sg/3T/1_3T_631_wk1_B2_40001_38-1-rnk-no-sg_0_0.0_0.0.png
2025-12-28 23:38:27,666 [main] INFO  c.p.b.e.r.g.ResultGraphBuilder.save - graph saved. C:/Dev/experiment/expr10/result//38-1-rnk-no-sg/3T/1_3T_632_wk1_B1_40001_38-1-rnk-no-sg_-1_0.0_0.0.png
2025-12-28 23:38:27,996 [main] INFO  c.p.b.e.r.g.ResultGraphBuilder.save - graph saved. C:/Dev/experiment/expr10/result//38-1-rnk-no-sg/3T/1_3T_641_wk1_B1_40001_38-1-rnk-no-sg_-4_0.0_0.0.png
