2025-11-27 00:02:01,438 [main] INFO  c.p.b.u.DatabaseUtil.open - open targetDb: mybatis-config.0.xml
2025-11-27 00:02:17,325 [main] DEBUG c.p.b.e.MLResultGenerator.executeExperiment - db data retrieved. 20210604~20220603
2025-11-27 00:02:17,325 [main] INFO  c.p.b.u.DatabaseUtil.open - open targetDb: mybatis-config.0.xml
2025-11-27 00:03:56,311 [main] INFO  c.p.b.u.DatabaseUtil.open - open targetDb: mybatis-config.0.xml
2025-11-27 00:04:06,923 [main] DEBUG c.p.b.e.MLResultGenerator.executeExperiment - db data retrieved. 20210604~20220603
2025-11-27 00:04:06,924 [main] INFO  c.p.b.u.DatabaseUtil.open - open targetDb: mybatis-config.0.xml
2025-11-27 00:04:07,356 [main] ERROR c.p.b.e.MLResultGenerator.execute - experiment 243 is failed.
java.lang.ClassCastException: java.lang.Integer cannot be cast to [I
	at com.pengkong.boatrace.converter.MlExpectedRec.create(MlExpectedRec.java:39)
	at com.pengkong.boatrace.converter.MlExpectedRec.create(MlExpectedRec.java:53)
	at com.pengkong.boatrace.exp10.result.RCDefaultExp.get3Tresult(RCDefaultExp.java:75)
	at com.pengkong.boatrace.exp10.result.AbstractResultCreatorExp.execute(AbstractResultCreatorExp.java:97)
	at com.pengkong.boatrace.exp10.MLResultGeneratorExp.createResult(MLResultGeneratorExp.java:344)
	at com.pengkong.boatrace.exp10.MLResultGeneratorExp.executeExperiment(MLResultGeneratorExp.java:217)
	at com.pengkong.boatrace.exp10.MLResultGeneratorExp.execute(MLResultGeneratorExp.java:121)
	at com.pengkong.boatrace.exp10.MLResultGeneratorExp.main(MLResultGeneratorExp.java:453)
2025-11-27 00:14:08,304 [main] INFO  c.p.b.u.DatabaseUtil.open - open targetDb: mybatis-config.0.xml
2025-11-27 00:14:19,299 [main] DEBUG c.p.b.e.MLResultGenerator.executeExperiment - db data retrieved. 20210604~20220603
2025-11-27 00:14:19,300 [main] INFO  c.p.b.u.DatabaseUtil.open - open targetDb: mybatis-config.0.xml
2025-11-27 00:14:20,738 [main] ERROR c.p.b.e.MLResultGenerator.execute - experiment 243 is failed.
java.lang.ClassCastException: java.lang.Integer cannot be cast to [I
	at com.pengkong.boatrace.converter.MlExpectedRec.create(MlExpectedRec.java:39)
	at com.pengkong.boatrace.converter.MlExpectedRec.create(MlExpectedRec.java:53)
	at com.pengkong.boatrace.exp10.result.RCDefaultExp.get3Tresult(RCDefaultExp.java:75)
	at com.pengkong.boatrace.exp10.result.AbstractResultCreatorExp.execute(AbstractResultCreatorExp.java:97)
	at com.pengkong.boatrace.exp10.MLResultGeneratorExp.createResult(MLResultGeneratorExp.java:344)
	at com.pengkong.boatrace.exp10.MLResultGeneratorExp.executeExperiment(MLResultGeneratorExp.java:217)
	at com.pengkong.boatrace.exp10.MLResultGeneratorExp.execute(MLResultGeneratorExp.java:121)
	at com.pengkong.boatrace.exp10.MLResultGeneratorExp.main(MLResultGeneratorExp.java:453)
2025-11-27 00:14:38,850 [main] INFO  c.p.b.u.DatabaseUtil.open - open targetDb: mybatis-config.0.xml
2025-11-27 00:14:49,749 [main] DEBUG c.p.b.e.MLResultGenerator.executeExperiment - db data retrieved. 20210604~20220603
2025-11-27 00:14:49,749 [main] INFO  c.p.b.u.DatabaseUtil.open - open targetDb: mybatis-config.0.xml
2025-11-27 00:15:27,360 [main] ERROR c.p.b.e.MLResultGenerator.execute - experiment 243 is failed.
java.lang.ClassCastException: java.lang.Integer cannot be cast to [I
	at com.pengkong.boatrace.converter.MlExpectedRec.create(MlExpectedRec.java:39)
	at com.pengkong.boatrace.converter.MlExpectedRec.create(MlExpectedRec.java:53)
	at com.pengkong.boatrace.exp10.result.RCDefaultExp.get3Tresult(RCDefaultExp.java:75)
	at com.pengkong.boatrace.exp10.result.AbstractResultCreatorExp.execute(AbstractResultCreatorExp.java:97)
	at com.pengkong.boatrace.exp10.MLResultGeneratorExp.createResult(MLResultGeneratorExp.java:344)
	at com.pengkong.boatrace.exp10.MLResultGeneratorExp.executeExperiment(MLResultGeneratorExp.java:217)
	at com.pengkong.boatrace.exp10.MLResultGeneratorExp.execute(MLResultGeneratorExp.java:121)
	at com.pengkong.boatrace.exp10.MLResultGeneratorExp.main(MLResultGeneratorExp.java:453)
2025-11-27 00:18:22,946 [main] INFO  c.p.b.u.DatabaseUtil.open - open targetDb: mybatis-config.0.xml
2025-11-27 00:18:33,483 [main] DEBUG c.p.b.e.MLResultGenerator.executeExperiment - db data retrieved. 20210604~20220603
2025-11-27 00:18:33,483 [main] INFO  c.p.b.u.DatabaseUtil.open - open targetDb: mybatis-config.0.xml
2025-11-27 00:20:40,529 [main] INFO  c.p.b.u.DatabaseUtil.open - open targetDb: mybatis-config.0.xml
2025-11-27 00:20:50,386 [main] DEBUG c.p.b.e.MLResultGenerator.executeExperiment - db data retrieved. 20210604~20220603
2025-11-27 00:20:50,387 [main] INFO  c.p.b.u.DatabaseUtil.open - open targetDb: mybatis-config.0.xml
2025-11-27 00:20:51,187 [main] ERROR c.p.b.e.MLResultGenerator.execute - experiment 243 is failed.
java.lang.ArrayIndexOutOfBoundsException: Index 34 out of bounds for length 34
	at com.pengkong.boatrace.converter.MlExpectedRec.create(MlExpectedRec.java:40)
	at com.pengkong.boatrace.converter.MlExpectedRec.create(MlExpectedRec.java:53)
	at com.pengkong.boatrace.exp10.result.RCDefaultExp.get3Tresult(RCDefaultExp.java:75)
	at com.pengkong.boatrace.exp10.result.AbstractResultCreatorExp.execute(AbstractResultCreatorExp.java:97)
	at com.pengkong.boatrace.exp10.MLResultGeneratorExp.createResult(MLResultGeneratorExp.java:344)
	at com.pengkong.boatrace.exp10.MLResultGeneratorExp.executeExperiment(MLResultGeneratorExp.java:217)
	at com.pengkong.boatrace.exp10.MLResultGeneratorExp.execute(MLResultGeneratorExp.java:121)
	at com.pengkong.boatrace.exp10.MLResultGeneratorExp.main(MLResultGeneratorExp.java:453)
2025-11-27 00:22:54,328 [main] INFO  c.p.b.u.DatabaseUtil.open - open targetDb: mybatis-config.0.xml
2025-11-27 00:23:04,052 [main] DEBUG c.p.b.e.MLResultGenerator.executeExperiment - db data retrieved. 20210604~20220603
2025-11-27 00:23:04,053 [main] INFO  c.p.b.u.DatabaseUtil.open - open targetDb: mybatis-config.0.xml
2025-11-27 00:23:05,708 [main] DEBUG c.p.b.e.MLResultGenerator.executeExperiment - 243 processed... 20210604/20220603
2025-11-27 00:23:06,656 [main] DEBUG c.p.b.e.MLResultGenerator.executeExperiment - 243 processed... 20210605/20220603
2025-11-27 00:23:07,435 [main] DEBUG c.p.b.e.MLResultGenerator.executeExperiment - 243 processed... 20210606/20220603
2025-11-27 00:23:08,173 [main] DEBUG c.p.b.e.MLResultGenerator.executeExperiment - 243 processed... 20210607/20220603
2025-11-27 00:23:08,964 [main] DEBUG c.p.b.e.MLResultGenerator.executeExperiment - 243 processed... 20210608/20220603
2025-11-27 00:23:09,998 [main] DEBUG c.p.b.e.MLResultGenerator.executeExperiment - 243 processed... 20210609/20220603
2025-11-27 00:23:10,975 [main] DEBUG c.p.b.e.MLResultGenerator.executeExperiment - 243 processed... 20210610/20220603
2025-11-27 00:23:11,870 [main] DEBUG c.p.b.e.MLResultGenerator.executeExperiment - 243 processed... 20210611/20220603
2025-11-27 00:23:12,812 [main] DEBUG c.p.b.e.MLResultGenerator.executeExperiment - 243 processed... 20210612/20220603
2025-11-27 00:23:13,641 [main] DEBUG c.p.b.e.MLResultGenerator.executeExperiment - 243 processed... 20210613/20220603
2025-11-27 00:23:14,467 [main] DEBUG c.p.b.e.MLResultGenerator.executeExperiment - 243 processed... 20210614/20220603
2025-11-27 00:23:15,452 [main] DEBUG c.p.b.e.MLResultGenerator.executeExperiment - 243 processed... 20210615/20220603
2025-11-27 00:23:16,404 [main] DEBUG c.p.b.e.MLResultGenerator.executeExperiment - 243 processed... 20210616/20220603
2025-11-27 00:23:17,249 [main] DEBUG c.p.b.e.MLResultGenerator.executeExperiment - 243 processed... 20210617/20220603
2025-11-27 00:23:18,169 [main] DEBUG c.p.b.e.MLResultGenerator.executeExperiment - 243 processed... 20210618/20220603
2025-11-27 00:23:19,040 [main] DEBUG c.p.b.e.MLResultGenerator.executeExperiment - 243 processed... 20210619/20220603
2025-11-27 00:23:19,880 [main] DEBUG c.p.b.e.MLResultGenerator.executeExperiment - 243 processed... 20210620/20220603
2025-11-27 00:23:20,675 [main] DEBUG c.p.b.e.MLResultGenerator.executeExperiment - 243 processed... 20210621/20220603
2025-11-27 00:23:21,423 [main] DEBUG c.p.b.e.MLResultGenerator.executeExperiment - 243 processed... 20210622/20220603
2025-11-27 00:23:22,220 [main] DEBUG c.p.b.e.MLResultGenerator.executeExperiment - 243 processed... 20210623/20220603
2025-11-27 00:23:23,036 [main] DEBUG c.p.b.e.MLResultGenerator.executeExperiment - 243 processed... 20210624/20220603
2025-11-27 00:23:23,765 [main] DEBUG c.p.b.e.MLResultGenerator.executeExperiment - 243 processed... 20210625/20220603
2025-11-27 00:23:24,568 [main] DEBUG c.p.b.e.MLResultGenerator.executeExperiment - 243 processed... 20210626/20220603
2025-11-27 00:23:25,289 [main] DEBUG c.p.b.e.MLResultGenerator.executeExperiment - 243 processed... 20210627/20220603
2025-11-27 00:23:25,913 [main] DEBUG c.p.b.e.MLResultGenerator.executeExperiment - 243 processed... 20210628/20220603
2025-11-27 00:23:26,692 [main] DEBUG c.p.b.e.MLResultGenerator.executeExperiment - 243 processed... 20210629/20220603
2025-11-27 00:23:27,434 [main] DEBUG c.p.b.e.MLResultGenerator.executeExperiment - 243 processed... 20210630/20220603
2025-11-27 00:23:28,145 [main] DEBUG c.p.b.e.MLResultGenerator.executeExperiment - 243 processed... 20210701/20220603
2025-11-27 00:23:28,942 [main] DEBUG c.p.b.e.MLResultGenerator.executeExperiment - 243 processed... 20210702/20220603
2025-11-27 00:24:38,522 [main] INFO  c.p.b.u.DatabaseUtil.open - open targetDb: mybatis-config.0.xml
2025-11-27 00:24:48,535 [main] DEBUG c.p.b.e.MLResultGenerator.executeExperiment - db data retrieved. 20210604~20220603
2025-11-27 00:24:48,536 [main] INFO  c.p.b.u.DatabaseUtil.open - open targetDb: mybatis-config.0.xml
2025-11-27 00:24:50,037 [main] DEBUG c.p.b.e.MLResultGenerator.executeExperiment - 243 processed... 20210604/20220603
2025-11-27 00:24:50,920 [main] DEBUG c.p.b.e.MLResultGenerator.executeExperiment - 243 processed... 20210605/20220603
2025-11-27 00:24:51,648 [main] DEBUG c.p.b.e.MLResultGenerator.executeExperiment - 243 processed... 20210606/20220603
2025-11-27 00:24:52,332 [main] DEBUG c.p.b.e.MLResultGenerator.executeExperiment - 243 processed... 20210607/20220603
2025-11-27 00:24:53,074 [main] DEBUG c.p.b.e.MLResultGenerator.executeExperiment - 243 processed... 20210608/20220603
2025-11-27 00:24:54,011 [main] DEBUG c.p.b.e.MLResultGenerator.executeExperiment - 243 processed... 20210609/20220603
2025-11-27 00:24:54,976 [main] DEBUG c.p.b.e.MLResultGenerator.executeExperiment - 243 processed... 20210610/20220603
2025-11-27 00:24:55,825 [main] DEBUG c.p.b.e.MLResultGenerator.executeExperiment - 243 processed... 20210611/20220603
2025-11-27 00:24:56,691 [main] DEBUG c.p.b.e.MLResultGenerator.executeExperiment - 243 processed... 20210612/20220603
2025-11-27 00:24:57,487 [main] DEBUG c.p.b.e.MLResultGenerator.executeExperiment - 243 processed... 20210613/20220603
2025-11-27 00:24:58,310 [main] DEBUG c.p.b.e.MLResultGenerator.executeExperiment - 243 processed... 20210614/20220603
2025-11-27 00:24:59,232 [main] DEBUG c.p.b.e.MLResultGenerator.executeExperiment - 243 processed... 20210615/20220603
2025-11-27 00:25:00,241 [main] DEBUG c.p.b.e.MLResultGenerator.executeExperiment - 243 processed... 20210616/20220603
2025-11-27 00:25:01,100 [main] DEBUG c.p.b.e.MLResultGenerator.executeExperiment - 243 processed... 20210617/20220603
2025-11-27 00:25:02,029 [main] DEBUG c.p.b.e.MLResultGenerator.executeExperiment - 243 processed... 20210618/20220603
2025-11-27 00:25:03,036 [main] DEBUG c.p.b.e.MLResultGenerator.executeExperiment - 243 processed... 20210619/20220603
2025-11-27 00:25:03,953 [main] DEBUG c.p.b.e.MLResultGenerator.executeExperiment - 243 processed... 20210620/20220603
2025-11-27 00:25:04,785 [main] DEBUG c.p.b.e.MLResultGenerator.executeExperiment - 243 processed... 20210621/20220603
2025-11-27 00:25:05,602 [main] DEBUG c.p.b.e.MLResultGenerator.executeExperiment - 243 processed... 20210622/20220603
2025-11-27 00:25:06,464 [main] DEBUG c.p.b.e.MLResultGenerator.executeExperiment - 243 processed... 20210623/20220603
2025-11-27 00:25:07,361 [main] DEBUG c.p.b.e.MLResultGenerator.executeExperiment - 243 processed... 20210624/20220603
2025-11-27 00:25:08,165 [main] DEBUG c.p.b.e.MLResultGenerator.executeExperiment - 243 processed... 20210625/20220603
2025-11-27 00:25:08,986 [main] DEBUG c.p.b.e.MLResultGenerator.executeExperiment - 243 processed... 20210626/20220603
2025-11-27 00:25:09,766 [main] DEBUG c.p.b.e.MLResultGenerator.executeExperiment - 243 processed... 20210627/20220603
2025-11-27 00:25:10,415 [main] DEBUG c.p.b.e.MLResultGenerator.executeExperiment - 243 processed... 20210628/20220603
2025-11-27 00:25:11,197 [main] DEBUG c.p.b.e.MLResultGenerator.executeExperiment - 243 processed... 20210629/20220603
2025-11-27 00:25:11,940 [main] DEBUG c.p.b.e.MLResultGenerator.executeExperiment - 243 processed... 20210630/20220603
2025-11-27 00:25:12,640 [main] DEBUG c.p.b.e.MLResultGenerator.executeExperiment - 243 processed... 20210701/20220603
2025-11-27 00:25:13,472 [main] DEBUG c.p.b.e.MLResultGenerator.executeExperiment - 243 processed... 20210702/20220603
2025-11-27 00:25:14,393 [main] DEBUG c.p.b.e.MLResultGenerator.executeExperiment - 243 processed... 20210703/20220603
2025-11-27 00:25:15,443 [main] DEBUG c.p.b.e.MLResultGenerator.executeExperiment - 243 processed... 20210704/20220603
2025-11-27 00:25:16,292 [main] DEBUG c.p.b.e.MLResultGenerator.executeExperiment - 243 processed... 20210705/20220603
2025-11-27 00:25:17,213 [main] DEBUG c.p.b.e.MLResultGenerator.executeExperiment - 243 processed... 20210706/20220603
2025-11-27 00:25:18,126 [main] DEBUG c.p.b.e.MLResultGenerator.executeExperiment - 243 processed... 20210707/20220603
2025-11-27 00:25:19,049 [main] DEBUG c.p.b.e.MLResultGenerator.executeExperiment - 243 processed... 20210708/20220603
2025-11-27 00:25:19,901 [main] DEBUG c.p.b.e.MLResultGenerator.executeExperiment - 243 processed... 20210709/20220603
2025-11-27 00:25:20,697 [main] DEBUG c.p.b.e.MLResultGenerator.executeExperiment - 243 processed... 20210710/20220603
2025-11-27 00:25:21,440 [main] DEBUG c.p.b.e.MLResultGenerator.executeExperiment - 243 processed... 20210711/20220603
2025-11-27 00:25:22,294 [main] DEBUG c.p.b.e.MLResultGenerator.executeExperiment - 243 processed... 20210712/20220603
2025-11-27 00:25:23,010 [main] DEBUG c.p.b.e.MLResultGenerator.executeExperiment - 243 processed... 20210713/20220603
2025-11-27 00:25:23,662 [main] DEBUG c.p.b.e.MLResultGenerator.executeExperiment - 243 processed... 20210714/20220603
2025-11-27 00:25:24,503 [main] DEBUG c.p.b.e.MLResultGenerator.executeExperiment - 243 processed... 20210715/20220603
2025-11-27 00:25:25,131 [main] DEBUG c.p.b.e.MLResultGenerator.executeExperiment - 243 processed... 20210716/20220603
2025-11-27 00:25:25,928 [main] DEBUG c.p.b.e.MLResultGenerator.executeExperiment - 243 processed... 20210717/20220603
2025-11-27 00:25:26,722 [main] DEBUG c.p.b.e.MLResultGenerator.executeExperiment - 243 processed... 20210718/20220603
2025-11-27 00:25:27,406 [main] DEBUG c.p.b.e.MLResultGenerator.executeExperiment - 243 processed... 20210719/20220603
2025-11-27 00:25:28,119 [main] DEBUG c.p.b.e.MLResultGenerator.executeExperiment - 243 processed... 20210720/20220603
2025-11-27 00:25:28,830 [main] DEBUG c.p.b.e.MLResultGenerator.executeExperiment - 243 processed... 20210721/20220603
2025-11-27 00:25:29,668 [main] DEBUG c.p.b.e.MLResultGenerator.executeExperiment - 243 processed... 20210722/20220603
2025-11-27 00:25:30,529 [main] DEBUG c.p.b.e.MLResultGenerator.executeExperiment - 243 processed... 20210723/20220603
2025-11-27 00:25:31,374 [main] DEBUG c.p.b.e.MLResultGenerator.executeExperiment - 243 processed... 20210724/20220603
2025-11-27 00:25:32,244 [main] DEBUG c.p.b.e.MLResultGenerator.executeExperiment - 243 processed... 20210725/20220603
2025-11-27 00:25:33,077 [main] DEBUG c.p.b.e.MLResultGenerator.executeExperiment - 243 processed... 20210726/20220603
2025-11-27 00:25:33,828 [main] DEBUG c.p.b.e.MLResultGenerator.executeExperiment - 243 processed... 20210727/20220603
2025-11-27 00:25:34,449 [main] DEBUG c.p.b.e.MLResultGenerator.executeExperiment - 243 processed... 20210728/20220603
2025-11-27 00:25:35,123 [main] DEBUG c.p.b.e.MLResultGenerator.executeExperiment - 243 processed... 20210729/20220603
2025-11-27 00:25:35,804 [main] DEBUG c.p.b.e.MLResultGenerator.executeExperiment - 243 processed... 20210730/20220603
2025-11-27 00:25:36,561 [main] DEBUG c.p.b.e.MLResultGenerator.executeExperiment - 243 processed... 20210731/20220603
2025-11-27 00:25:37,412 [main] DEBUG c.p.b.e.MLResultGenerator.executeExperiment - 243 processed... 20210801/20220603
2025-11-27 00:25:38,207 [main] DEBUG c.p.b.e.MLResultGenerator.executeExperiment - 243 processed... 20210802/20220603
2025-11-27 00:25:38,966 [main] DEBUG c.p.b.e.MLResultGenerator.executeExperiment - 243 processed... 20210803/20220603
2025-11-27 00:25:39,658 [main] DEBUG c.p.b.e.MLResultGenerator.executeExperiment - 243 processed... 20210804/20220603
2025-11-27 00:25:40,431 [main] DEBUG c.p.b.e.MLResultGenerator.executeExperiment - 243 processed... 20210805/20220603
2025-11-27 00:25:41,244 [main] DEBUG c.p.b.e.MLResultGenerator.executeExperiment - 243 processed... 20210806/20220603
2025-11-27 00:25:42,060 [main] DEBUG c.p.b.e.MLResultGenerator.executeExperiment - 243 processed... 20210807/20220603
2025-11-27 00:25:42,869 [main] DEBUG c.p.b.e.MLResultGenerator.executeExperiment - 243 processed... 20210808/20220603
2025-11-27 00:25:43,556 [main] DEBUG c.p.b.e.MLResultGenerator.executeExperiment - 243 processed... 20210809/20220603
2025-11-27 00:25:44,471 [main] DEBUG c.p.b.e.MLResultGenerator.executeExperiment - 243 processed... 20210810/20220603
2025-11-27 00:25:45,329 [main] DEBUG c.p.b.e.MLResultGenerator.executeExperiment - 243 processed... 20210811/20220603
2025-11-27 00:25:46,383 [main] DEBUG c.p.b.e.MLResultGenerator.executeExperiment - 243 processed... 20210812/20220603
2025-11-27 00:25:47,339 [main] DEBUG c.p.b.e.MLResultGenerator.executeExperiment - 243 processed... 20210813/20220603
2025-11-27 00:25:48,383 [main] DEBUG c.p.b.e.MLResultGenerator.executeExperiment - 243 processed... 20210814/20220603
2025-11-27 00:25:49,572 [main] DEBUG c.p.b.e.MLResultGenerator.executeExperiment - 243 processed... 20210815/20220603
2025-11-27 00:25:50,626 [main] DEBUG c.p.b.e.MLResultGenerator.executeExperiment - 243 processed... 20210816/20220603
2025-11-27 00:25:51,510 [main] DEBUG c.p.b.e.MLResultGenerator.executeExperiment - 243 processed... 20210817/20220603
2025-11-27 00:25:52,239 [main] DEBUG c.p.b.e.MLResultGenerator.executeExperiment - 243 processed... 20210818/20220603
2025-11-27 00:25:53,076 [main] DEBUG c.p.b.e.MLResultGenerator.executeExperiment - 243 processed... 20210819/20220603
2025-11-27 00:25:53,859 [main] DEBUG c.p.b.e.MLResultGenerator.executeExperiment - 243 processed... 20210820/20220603
2025-11-27 00:25:54,656 [main] DEBUG c.p.b.e.MLResultGenerator.executeExperiment - 243 processed... 20210821/20220603
2025-11-27 00:25:55,603 [main] DEBUG c.p.b.e.MLResultGenerator.executeExperiment - 243 processed... 20210822/20220603
2025-11-27 00:25:56,328 [main] DEBUG c.p.b.e.MLResultGenerator.executeExperiment - 243 processed... 20210823/20220603
2025-11-27 00:25:57,009 [main] DEBUG c.p.b.e.MLResultGenerator.executeExperiment - 243 processed... 20210824/20220603
2025-11-27 00:25:57,714 [main] DEBUG c.p.b.e.MLResultGenerator.executeExperiment - 243 processed... 20210825/20220603
2025-11-27 00:25:58,449 [main] DEBUG c.p.b.e.MLResultGenerator.executeExperiment - 243 processed... 20210826/20220603
2025-11-27 00:25:59,137 [main] DEBUG c.p.b.e.MLResultGenerator.executeExperiment - 243 processed... 20210827/20220603
2025-11-27 00:25:59,873 [main] DEBUG c.p.b.e.MLResultGenerator.executeExperiment - 243 processed... 20210828/20220603
2025-11-27 00:26:00,480 [main] DEBUG c.p.b.e.MLResultGenerator.executeExperiment - 243 processed... 20210829/20220603
2025-11-27 00:26:01,071 [main] DEBUG c.p.b.e.MLResultGenerator.executeExperiment - 243 processed... 20210830/20220603
2025-11-27 00:26:01,763 [main] DEBUG c.p.b.e.MLResultGenerator.executeExperiment - 243 processed... 20210831/20220603
2025-11-27 00:26:02,370 [main] DEBUG c.p.b.e.MLResultGenerator.executeExperiment - 243 processed... 20210901/20220603
2025-11-27 00:26:03,008 [main] DEBUG c.p.b.e.MLResultGenerator.executeExperiment - 243 processed... 20210902/20220603
2025-11-27 00:26:03,669 [main] DEBUG c.p.b.e.MLResultGenerator.executeExperiment - 243 processed... 20210903/20220603
2025-11-27 00:26:04,386 [main] DEBUG c.p.b.e.MLResultGenerator.executeExperiment - 243 processed... 20210904/20220603
2025-11-27 00:26:05,212 [main] DEBUG c.p.b.e.MLResultGenerator.executeExperiment - 243 processed... 20210905/20220603
2025-11-27 00:26:05,846 [main] DEBUG c.p.b.e.MLResultGenerator.executeExperiment - 243 processed... 20210906/20220603
2025-11-27 00:26:06,568 [main] DEBUG c.p.b.e.MLResultGenerator.executeExperiment - 243 processed... 20210907/20220603
2025-11-27 00:26:07,290 [main] DEBUG c.p.b.e.MLResultGenerator.executeExperiment - 243 processed... 20210908/20220603
2025-11-27 00:26:08,084 [main] DEBUG c.p.b.e.MLResultGenerator.executeExperiment - 243 processed... 20210909/20220603
2025-11-27 00:26:08,892 [main] DEBUG c.p.b.e.MLResultGenerator.executeExperiment - 243 processed... 20210910/20220603
2025-11-27 00:26:09,721 [main] DEBUG c.p.b.e.MLResultGenerator.executeExperiment - 243 processed... 20210911/20220603
2025-11-27 00:26:10,532 [main] DEBUG c.p.b.e.MLResultGenerator.executeExperiment - 243 processed... 20210912/20220603
2025-11-27 00:26:11,233 [main] DEBUG c.p.b.e.MLResultGenerator.executeExperiment - 243 processed... 20210913/20220603
2025-11-27 00:26:11,941 [main] DEBUG c.p.b.e.MLResultGenerator.executeExperiment - 243 processed... 20210914/20220603
2025-11-27 00:26:12,677 [main] DEBUG c.p.b.e.MLResultGenerator.executeExperiment - 243 processed... 20210915/20220603
2025-11-27 00:26:13,401 [main] DEBUG c.p.b.e.MLResultGenerator.executeExperiment - 243 processed... 20210916/20220603
2025-11-27 00:26:13,933 [main] DEBUG c.p.b.e.MLResultGenerator.executeExperiment - 243 processed... 20210917/20220603
2025-11-27 00:26:14,434 [main] DEBUG c.p.b.e.MLResultGenerator.executeExperiment - 243 processed... 20210918/20220603
2025-11-27 00:26:15,417 [main] DEBUG c.p.b.e.MLResultGenerator.executeExperiment - 243 processed... 20210919/20220603
2025-11-27 00:26:16,247 [main] DEBUG c.p.b.e.MLResultGenerator.executeExperiment - 243 processed... 20210920/20220603
2025-11-27 00:26:17,283 [main] DEBUG c.p.b.e.MLResultGenerator.executeExperiment - 243 processed... 20210921/20220603
2025-11-27 00:26:18,141 [main] DEBUG c.p.b.e.MLResultGenerator.executeExperiment - 243 processed... 20210922/20220603
2025-11-27 00:26:19,047 [main] DEBUG c.p.b.e.MLResultGenerator.executeExperiment - 243 processed... 20210923/20220603
2025-11-27 00:26:19,914 [main] DEBUG c.p.b.e.MLResultGenerator.executeExperiment - 243 processed... 20210924/20220603
2025-11-27 00:26:20,634 [main] DEBUG c.p.b.e.MLResultGenerator.executeExperiment - 243 processed... 20210925/20220603
2025-11-27 00:26:21,526 [main] DEBUG c.p.b.e.MLResultGenerator.executeExperiment - 243 processed... 20210926/20220603
2025-11-27 00:26:22,249 [main] DEBUG c.p.b.e.MLResultGenerator.executeExperiment - 243 processed... 20210927/20220603
2025-11-27 00:26:22,882 [main] DEBUG c.p.b.e.MLResultGenerator.executeExperiment - 243 processed... 20210928/20220603
2025-11-27 00:26:23,487 [main] DEBUG c.p.b.e.MLResultGenerator.executeExperiment - 243 processed... 20210929/20220603
2025-11-27 00:26:24,205 [main] DEBUG c.p.b.e.MLResultGenerator.executeExperiment - 243 processed... 20210930/20220603
2025-11-27 00:26:24,908 [main] DEBUG c.p.b.e.MLResultGenerator.executeExperiment - 243 processed... 20211001/20220603
2025-11-27 00:26:25,720 [main] DEBUG c.p.b.e.MLResultGenerator.executeExperiment - 243 processed... 20211002/20220603
2025-11-27 00:26:26,454 [main] DEBUG c.p.b.e.MLResultGenerator.executeExperiment - 243 processed... 20211003/20220603
2025-11-27 00:26:27,160 [main] DEBUG c.p.b.e.MLResultGenerator.executeExperiment - 243 processed... 20211004/20220603
2025-11-27 00:26:27,841 [main] DEBUG c.p.b.e.MLResultGenerator.executeExperiment - 243 processed... 20211005/20220603
2025-11-27 00:26:28,463 [main] DEBUG c.p.b.e.MLResultGenerator.executeExperiment - 243 processed... 20211006/20220603
2025-11-27 00:26:29,156 [main] DEBUG c.p.b.e.MLResultGenerator.executeExperiment - 243 processed... 20211007/20220603
2025-11-27 00:26:29,915 [main] DEBUG c.p.b.e.MLResultGenerator.executeExperiment - 243 processed... 20211008/20220603
2025-11-27 00:26:30,650 [main] DEBUG c.p.b.e.MLResultGenerator.executeExperiment - 243 processed... 20211009/20220603
2025-11-27 00:26:31,393 [main] DEBUG c.p.b.e.MLResultGenerator.executeExperiment - 243 processed... 20211010/20220603
2025-11-27 00:26:32,109 [main] DEBUG c.p.b.e.MLResultGenerator.executeExperiment - 243 processed... 20211011/20220603
2025-11-27 00:26:32,774 [main] DEBUG c.p.b.e.MLResultGenerator.executeExperiment - 243 processed... 20211012/20220603
2025-11-27 00:26:33,459 [main] DEBUG c.p.b.e.MLResultGenerator.executeExperiment - 243 processed... 20211013/20220603
2025-11-27 00:26:34,118 [main] DEBUG c.p.b.e.MLResultGenerator.executeExperiment - 243 processed... 20211014/20220603
2025-11-27 00:26:34,854 [main] DEBUG c.p.b.e.MLResultGenerator.executeExperiment - 243 processed... 20211015/20220603
2025-11-27 00:26:35,585 [main] DEBUG c.p.b.e.MLResultGenerator.executeExperiment - 243 processed... 20211016/20220603
2025-11-27 00:26:36,175 [main] DEBUG c.p.b.e.MLResultGenerator.executeExperiment - 243 processed... 20211017/20220603
2025-11-27 00:26:36,781 [main] DEBUG c.p.b.e.MLResultGenerator.executeExperiment - 243 processed... 20211018/20220603
2025-11-27 00:26:37,399 [main] DEBUG c.p.b.e.MLResultGenerator.executeExperiment - 243 processed... 20211019/20220603
2025-11-27 00:26:38,051 [main] DEBUG c.p.b.e.MLResultGenerator.executeExperiment - 243 processed... 20211020/20220603
2025-11-27 00:26:38,747 [main] DEBUG c.p.b.e.MLResultGenerator.executeExperiment - 243 processed... 20211021/20220603
2025-11-27 00:26:39,400 [main] DEBUG c.p.b.e.MLResultGenerator.executeExperiment - 243 processed... 20211022/20220603
2025-11-27 00:26:40,147 [main] DEBUG c.p.b.e.MLResultGenerator.executeExperiment - 243 processed... 20211023/20220603
2025-11-27 00:26:41,001 [main] DEBUG c.p.b.e.MLResultGenerator.executeExperiment - 243 processed... 20211024/20220603
2025-11-27 00:26:41,774 [main] DEBUG c.p.b.e.MLResultGenerator.executeExperiment - 243 processed... 20211025/20220603
2025-11-27 00:26:42,434 [main] DEBUG c.p.b.e.MLResultGenerator.executeExperiment - 243 processed... 20211026/20220603
2025-11-27 00:26:43,166 [main] DEBUG c.p.b.e.MLResultGenerator.executeExperiment - 243 processed... 20211027/20220603
2025-11-27 00:26:43,838 [main] DEBUG c.p.b.e.MLResultGenerator.executeExperiment - 243 processed... 20211028/20220603
2025-11-27 00:26:44,534 [main] DEBUG c.p.b.e.MLResultGenerator.executeExperiment - 243 processed... 20211029/20220603
2025-11-27 00:26:45,377 [main] DEBUG c.p.b.e.MLResultGenerator.executeExperiment - 243 processed... 20211030/20220603
2025-11-27 00:26:46,194 [main] DEBUG c.p.b.e.MLResultGenerator.executeExperiment - 243 processed... 20211031/20220603
2025-11-27 00:26:46,963 [main] DEBUG c.p.b.e.MLResultGenerator.executeExperiment - 243 processed... 20211101/20220603
2025-11-27 00:26:47,817 [main] DEBUG c.p.b.e.MLResultGenerator.executeExperiment - 243 processed... 20211102/20220603
2025-11-27 00:26:48,732 [main] DEBUG c.p.b.e.MLResultGenerator.executeExperiment - 243 processed... 20211103/20220603
2025-11-27 00:26:49,598 [main] DEBUG c.p.b.e.MLResultGenerator.executeExperiment - 243 processed... 20211104/20220603
2025-11-27 00:26:50,239 [main] DEBUG c.p.b.e.MLResultGenerator.executeExperiment - 243 processed... 20211105/20220603
2025-11-27 00:26:50,979 [main] DEBUG c.p.b.e.MLResultGenerator.executeExperiment - 243 processed... 20211106/20220603
2025-11-27 00:26:51,905 [main] DEBUG c.p.b.e.MLResultGenerator.executeExperiment - 243 processed... 20211107/20220603
2025-11-27 00:26:52,583 [main] DEBUG c.p.b.e.MLResultGenerator.executeExperiment - 243 processed... 20211108/20220603
2025-11-27 00:26:53,315 [main] DEBUG c.p.b.e.MLResultGenerator.executeExperiment - 243 processed... 20211109/20220603
2025-11-27 00:26:54,048 [main] DEBUG c.p.b.e.MLResultGenerator.executeExperiment - 243 processed... 20211110/20220603
2025-11-27 00:26:54,839 [main] DEBUG c.p.b.e.MLResultGenerator.executeExperiment - 243 processed... 20211111/20220603
2025-11-27 00:26:55,634 [main] DEBUG c.p.b.e.MLResultGenerator.executeExperiment - 243 processed... 20211112/20220603
2025-11-27 00:26:56,502 [main] DEBUG c.p.b.e.MLResultGenerator.executeExperiment - 243 processed... 20211113/20220603
2025-11-27 00:26:57,360 [main] DEBUG c.p.b.e.MLResultGenerator.executeExperiment - 243 processed... 20211114/20220603
2025-11-27 00:26:58,117 [main] DEBUG c.p.b.e.MLResultGenerator.executeExperiment - 243 processed... 20211115/20220603
2025-11-27 00:26:58,853 [main] DEBUG c.p.b.e.MLResultGenerator.executeExperiment - 243 processed... 20211116/20220603
2025-11-27 00:26:59,532 [main] DEBUG c.p.b.e.MLResultGenerator.executeExperiment - 243 processed... 20211117/20220603
2025-11-27 00:27:00,191 [main] DEBUG c.p.b.e.MLResultGenerator.executeExperiment - 243 processed... 20211118/20220603
2025-11-27 00:27:00,867 [main] DEBUG c.p.b.e.MLResultGenerator.executeExperiment - 243 processed... 20211119/20220603
2025-11-27 00:27:01,601 [main] DEBUG c.p.b.e.MLResultGenerator.executeExperiment - 243 processed... 20211120/20220603
2025-11-27 00:27:02,459 [main] DEBUG c.p.b.e.MLResultGenerator.executeExperiment - 243 processed... 20211121/20220603
2025-11-27 00:27:03,225 [main] DEBUG c.p.b.e.MLResultGenerator.executeExperiment - 243 processed... 20211122/20220603
2025-11-27 00:27:04,054 [main] DEBUG c.p.b.e.MLResultGenerator.executeExperiment - 243 processed... 20211123/20220603
2025-11-27 00:27:04,799 [main] DEBUG c.p.b.e.MLResultGenerator.executeExperiment - 243 processed... 20211124/20220603
2025-11-27 00:27:05,446 [main] DEBUG c.p.b.e.MLResultGenerator.executeExperiment - 243 processed... 20211125/20220603
2025-11-27 00:27:06,153 [main] DEBUG c.p.b.e.MLResultGenerator.executeExperiment - 243 processed... 20211126/20220603
2025-11-27 00:27:06,930 [main] DEBUG c.p.b.e.MLResultGenerator.executeExperiment - 243 processed... 20211127/20220603
2025-11-27 00:27:07,914 [main] DEBUG c.p.b.e.MLResultGenerator.executeExperiment - 243 processed... 20211128/20220603
2025-11-27 00:27:08,692 [main] DEBUG c.p.b.e.MLResultGenerator.executeExperiment - 243 processed... 20211129/20220603
2025-11-27 00:27:09,557 [main] DEBUG c.p.b.e.MLResultGenerator.executeExperiment - 243 processed... 20211130/20220603
2025-11-27 00:27:10,199 [main] DEBUG c.p.b.e.MLResultGenerator.executeExperiment - 243 processed... 20211201/20220603
2025-11-27 00:27:11,309 [main] DEBUG c.p.b.e.MLResultGenerator.executeExperiment - 243 processed... 20211202/20220603
2025-11-27 00:27:12,338 [main] DEBUG c.p.b.e.MLResultGenerator.executeExperiment - 243 processed... 20211203/20220603
2025-11-27 00:27:13,370 [main] DEBUG c.p.b.e.MLResultGenerator.executeExperiment - 243 processed... 20211204/20220603
2025-11-27 00:27:14,248 [main] DEBUG c.p.b.e.MLResultGenerator.executeExperiment - 243 processed... 20211205/20220603
2025-11-27 00:27:15,087 [main] DEBUG c.p.b.e.MLResultGenerator.executeExperiment - 243 processed... 20211206/20220603
2025-11-27 00:27:15,838 [main] DEBUG c.p.b.e.MLResultGenerator.executeExperiment - 243 processed... 20211207/20220603
2025-11-27 00:27:16,475 [main] DEBUG c.p.b.e.MLResultGenerator.executeExperiment - 243 processed... 20211208/20220603
2025-11-27 00:27:17,422 [main] DEBUG c.p.b.e.MLResultGenerator.executeExperiment - 243 processed... 20211209/20220603
2025-11-27 00:27:18,348 [main] DEBUG c.p.b.e.MLResultGenerator.executeExperiment - 243 processed... 20211210/20220603
2025-11-27 00:27:19,295 [main] DEBUG c.p.b.e.MLResultGenerator.executeExperiment - 243 processed... 20211211/20220603
2025-11-27 00:27:20,180 [main] DEBUG c.p.b.e.MLResultGenerator.executeExperiment - 243 processed... 20211212/20220603
2025-11-27 00:27:20,808 [main] DEBUG c.p.b.e.MLResultGenerator.executeExperiment - 243 processed... 20211213/20220603
2025-11-27 00:27:21,496 [main] DEBUG c.p.b.e.MLResultGenerator.executeExperiment - 243 processed... 20211214/20220603
2025-11-27 00:27:22,086 [main] DEBUG c.p.b.e.MLResultGenerator.executeExperiment - 243 processed... 20211215/20220603
2025-11-27 00:27:22,639 [main] DEBUG c.p.b.e.MLResultGenerator.executeExperiment - 243 processed... 20211216/20220603
2025-11-27 00:27:23,216 [main] DEBUG c.p.b.e.MLResultGenerator.executeExperiment - 243 processed... 20211217/20220603
2025-11-27 00:27:23,996 [main] DEBUG c.p.b.e.MLResultGenerator.executeExperiment - 243 processed... 20211218/20220603
2025-11-27 00:27:24,787 [main] DEBUG c.p.b.e.MLResultGenerator.executeExperiment - 243 processed... 20211219/20220603
2025-11-27 00:27:25,681 [main] DEBUG c.p.b.e.MLResultGenerator.executeExperiment - 243 processed... 20211220/20220603
2025-11-27 00:27:26,566 [main] DEBUG c.p.b.e.MLResultGenerator.executeExperiment - 243 processed... 20211221/20220603
2025-11-27 00:27:27,409 [main] DEBUG c.p.b.e.MLResultGenerator.executeExperiment - 243 processed... 20211222/20220603
2025-11-27 00:27:28,287 [main] DEBUG c.p.b.e.MLResultGenerator.executeExperiment - 243 processed... 20211223/20220603
2025-11-27 00:27:29,094 [main] DEBUG c.p.b.e.MLResultGenerator.executeExperiment - 243 processed... 20211224/20220603
2025-11-27 00:27:29,792 [main] DEBUG c.p.b.e.MLResultGenerator.executeExperiment - 243 processed... 20211225/20220603
2025-11-27 00:27:30,289 [main] DEBUG c.p.b.e.MLResultGenerator.executeExperiment - 243 processed... 20211226/20220603
2025-11-27 00:27:31,087 [main] DEBUG c.p.b.e.MLResultGenerator.executeExperiment - 243 processed... 20211227/20220603
2025-11-27 00:27:31,959 [main] DEBUG c.p.b.e.MLResultGenerator.executeExperiment - 243 processed... 20211228/20220603
2025-11-27 00:27:33,060 [main] DEBUG c.p.b.e.MLResultGenerator.executeExperiment - 243 processed... 20211229/20220603
2025-11-27 00:27:33,997 [main] DEBUG c.p.b.e.MLResultGenerator.executeExperiment - 243 processed... 20211230/20220603
2025-11-27 00:27:35,058 [main] DEBUG c.p.b.e.MLResultGenerator.executeExperiment - 243 processed... 20211231/20220603
2025-11-27 00:27:36,017 [main] DEBUG c.p.b.e.MLResultGenerator.executeExperiment - 243 processed... 20220101/20220603
2025-11-27 00:27:37,084 [main] DEBUG c.p.b.e.MLResultGenerator.executeExperiment - 243 processed... 20220102/20220603
2025-11-27 00:27:38,335 [main] DEBUG c.p.b.e.MLResultGenerator.executeExperiment - 243 processed... 20220103/20220603
2025-11-27 00:27:39,444 [main] DEBUG c.p.b.e.MLResultGenerator.executeExperiment - 243 processed... 20220104/20220603
2025-11-27 00:27:39,444 [main] DEBUG c.p.b.e.MLResultGenerator.executeExperiment - 243 processed... 20220105/20220603
2025-11-27 00:27:40,407 [main] DEBUG c.p.b.e.MLResultGenerator.executeExperiment - 243 processed... 20220106/20220603
2025-11-27 00:27:41,226 [main] DEBUG c.p.b.e.MLResultGenerator.executeExperiment - 243 processed... 20220107/20220603
2025-11-27 00:27:41,997 [main] DEBUG c.p.b.e.MLResultGenerator.executeExperiment - 243 processed... 20220108/20220603
2025-11-27 00:27:42,721 [main] DEBUG c.p.b.e.MLResultGenerator.executeExperiment - 243 processed... 20220109/20220603
2025-11-27 00:27:43,325 [main] DEBUG c.p.b.e.MLResultGenerator.executeExperiment - 243 processed... 20220110/20220603
2025-11-27 00:27:43,826 [main] DEBUG c.p.b.e.MLResultGenerator.executeExperiment - 243 processed... 20220111/20220603
2025-11-27 00:27:44,563 [main] DEBUG c.p.b.e.MLResultGenerator.executeExperiment - 243 processed... 20220112/20220603
2025-11-27 00:27:45,174 [main] DEBUG c.p.b.e.MLResultGenerator.executeExperiment - 243 processed... 20220113/20220603
2025-11-27 00:27:45,806 [main] DEBUG c.p.b.e.MLResultGenerator.executeExperiment - 243 processed... 20220114/20220603
2025-11-27 00:27:46,649 [main] DEBUG c.p.b.e.MLResultGenerator.executeExperiment - 243 processed... 20220115/20220603
2025-11-27 00:27:47,375 [main] DEBUG c.p.b.e.MLResultGenerator.executeExperiment - 243 processed... 20220116/20220603
2025-11-27 00:27:48,131 [main] DEBUG c.p.b.e.MLResultGenerator.executeExperiment - 243 processed... 20220117/20220603
2025-11-27 00:27:48,733 [main] DEBUG c.p.b.e.MLResultGenerator.executeExperiment - 243 processed... 20220118/20220603
2025-11-27 00:27:49,441 [main] DEBUG c.p.b.e.MLResultGenerator.executeExperiment - 243 processed... 20220119/20220603
2025-11-27 00:27:50,105 [main] DEBUG c.p.b.e.MLResultGenerator.executeExperiment - 243 processed... 20220120/20220603
2025-11-27 00:27:50,933 [main] DEBUG c.p.b.e.MLResultGenerator.executeExperiment - 243 processed... 20220121/20220603
2025-11-27 00:27:51,961 [main] DEBUG c.p.b.e.MLResultGenerator.executeExperiment - 243 processed... 20220122/20220603
2025-11-27 00:27:53,116 [main] DEBUG c.p.b.e.MLResultGenerator.executeExperiment - 243 processed... 20220123/20220603
2025-11-27 00:27:53,827 [main] DEBUG c.p.b.e.MLResultGenerator.executeExperiment - 243 processed... 20220124/20220603
2025-11-27 00:27:54,672 [main] DEBUG c.p.b.e.MLResultGenerator.executeExperiment - 243 processed... 20220125/20220603
2025-11-27 00:27:55,481 [main] DEBUG c.p.b.e.MLResultGenerator.executeExperiment - 243 processed... 20220126/20220603
2025-11-27 00:27:56,195 [main] DEBUG c.p.b.e.MLResultGenerator.executeExperiment - 243 processed... 20220127/20220603
2025-11-27 00:27:56,898 [main] DEBUG c.p.b.e.MLResultGenerator.executeExperiment - 243 processed... 20220128/20220603
2025-11-27 00:27:57,780 [main] DEBUG c.p.b.e.MLResultGenerator.executeExperiment - 243 processed... 20220129/20220603
2025-11-27 00:27:58,632 [main] DEBUG c.p.b.e.MLResultGenerator.executeExperiment - 243 processed... 20220130/20220603
2025-11-27 00:27:59,483 [main] DEBUG c.p.b.e.MLResultGenerator.executeExperiment - 243 processed... 20220131/20220603
2025-11-27 00:28:00,236 [main] DEBUG c.p.b.e.MLResultGenerator.executeExperiment - 243 processed... 20220201/20220603
2025-11-27 00:28:00,941 [main] DEBUG c.p.b.e.MLResultGenerator.executeExperiment - 243 processed... 20220202/20220603
2025-11-27 00:28:01,702 [main] DEBUG c.p.b.e.MLResultGenerator.executeExperiment - 243 processed... 20220203/20220603
2025-11-27 00:28:02,540 [main] DEBUG c.p.b.e.MLResultGenerator.executeExperiment - 243 processed... 20220204/20220603
2025-11-27 00:28:03,212 [main] DEBUG c.p.b.e.MLResultGenerator.executeExperiment - 243 processed... 20220205/20220603
2025-11-27 00:28:04,073 [main] DEBUG c.p.b.e.MLResultGenerator.executeExperiment - 243 processed... 20220206/20220603
2025-11-27 00:28:04,849 [main] DEBUG c.p.b.e.MLResultGenerator.executeExperiment - 243 processed... 20220207/20220603
2025-11-27 00:28:05,663 [main] DEBUG c.p.b.e.MLResultGenerator.executeExperiment - 243 processed... 20220208/20220603
2025-11-27 00:28:06,427 [main] DEBUG c.p.b.e.MLResultGenerator.executeExperiment - 243 processed... 20220209/20220603
2025-11-27 00:28:07,100 [main] DEBUG c.p.b.e.MLResultGenerator.executeExperiment - 243 processed... 20220210/20220603
2025-11-27 00:28:07,989 [main] DEBUG c.p.b.e.MLResultGenerator.executeExperiment - 243 processed... 20220211/20220603
2025-11-27 00:28:08,756 [main] DEBUG c.p.b.e.MLResultGenerator.executeExperiment - 243 processed... 20220212/20220603
2025-11-27 00:28:09,536 [main] DEBUG c.p.b.e.MLResultGenerator.executeExperiment - 243 processed... 20220213/20220603
2025-11-27 00:28:10,254 [main] DEBUG c.p.b.e.MLResultGenerator.executeExperiment - 243 processed... 20220214/20220603
2025-11-27 00:28:10,928 [main] DEBUG c.p.b.e.MLResultGenerator.executeExperiment - 243 processed... 20220215/20220603
2025-11-27 00:28:11,669 [main] DEBUG c.p.b.e.MLResultGenerator.executeExperiment - 243 processed... 20220216/20220603
2025-11-27 00:28:12,392 [main] DEBUG c.p.b.e.MLResultGenerator.executeExperiment - 243 processed... 20220217/20220603
2025-11-27 00:28:13,131 [main] DEBUG c.p.b.e.MLResultGenerator.executeExperiment - 243 processed... 20220218/20220603
2025-11-27 00:28:14,100 [main] DEBUG c.p.b.e.MLResultGenerator.executeExperiment - 243 processed... 20220219/20220603
2025-11-27 00:28:14,941 [main] DEBUG c.p.b.e.MLResultGenerator.executeExperiment - 243 processed... 20220220/20220603
2025-11-27 00:28:15,781 [main] DEBUG c.p.b.e.MLResultGenerator.executeExperiment - 243 processed... 20220221/20220603
2025-11-27 00:28:16,613 [main] DEBUG c.p.b.e.MLResultGenerator.executeExperiment - 243 processed... 20220222/20220603
2025-11-27 00:28:17,493 [main] DEBUG c.p.b.e.MLResultGenerator.executeExperiment - 243 processed... 20220223/20220603
2025-11-27 00:28:18,372 [main] DEBUG c.p.b.e.MLResultGenerator.executeExperiment - 243 processed... 20220224/20220603
2025-11-27 00:28:19,279 [main] DEBUG c.p.b.e.MLResultGenerator.executeExperiment - 243 processed... 20220225/20220603
2025-11-27 00:28:20,202 [main] DEBUG c.p.b.e.MLResultGenerator.executeExperiment - 243 processed... 20220226/20220603
2025-11-27 00:28:21,069 [main] DEBUG c.p.b.e.MLResultGenerator.executeExperiment - 243 processed... 20220227/20220603
2025-11-27 00:28:21,989 [main] DEBUG c.p.b.e.MLResultGenerator.executeExperiment - 243 processed... 20220228/20220603
2025-11-27 00:28:23,010 [main] DEBUG c.p.b.e.MLResultGenerator.executeExperiment - 243 processed... 20220301/20220603
2025-11-27 00:28:23,879 [main] DEBUG c.p.b.e.MLResultGenerator.executeExperiment - 243 processed... 20220302/20220603
2025-11-27 00:28:24,612 [main] DEBUG c.p.b.e.MLResultGenerator.executeExperiment - 243 processed... 20220303/20220603
2025-11-27 00:28:25,393 [main] DEBUG c.p.b.e.MLResultGenerator.executeExperiment - 243 processed... 20220304/20220603
2025-11-27 00:28:26,201 [main] DEBUG c.p.b.e.MLResultGenerator.executeExperiment - 243 processed... 20220305/20220603
2025-11-27 00:28:27,035 [main] DEBUG c.p.b.e.MLResultGenerator.executeExperiment - 243 processed... 20220306/20220603
2025-11-27 00:28:27,914 [main] DEBUG c.p.b.e.MLResultGenerator.executeExperiment - 243 processed... 20220307/20220603
2025-11-27 00:28:28,735 [main] DEBUG c.p.b.e.MLResultGenerator.executeExperiment - 243 processed... 20220308/20220603
2025-11-27 00:28:29,464 [main] DEBUG c.p.b.e.MLResultGenerator.executeExperiment - 243 processed... 20220309/20220603
2025-11-27 00:28:30,181 [main] DEBUG c.p.b.e.MLResultGenerator.executeExperiment - 243 processed... 20220310/20220603
2025-11-27 00:28:30,958 [main] DEBUG c.p.b.e.MLResultGenerator.executeExperiment - 243 processed... 20220311/20220603
2025-11-27 00:28:31,694 [main] DEBUG c.p.b.e.MLResultGenerator.executeExperiment - 243 processed... 20220312/20220603
2025-11-27 00:28:32,490 [main] DEBUG c.p.b.e.MLResultGenerator.executeExperiment - 243 processed... 20220313/20220603
2025-11-27 00:28:33,259 [main] DEBUG c.p.b.e.MLResultGenerator.executeExperiment - 243 processed... 20220314/20220603
2025-11-27 00:28:33,969 [main] DEBUG c.p.b.e.MLResultGenerator.executeExperiment - 243 processed... 20220315/20220603
2025-11-27 00:28:34,699 [main] DEBUG c.p.b.e.MLResultGenerator.executeExperiment - 243 processed... 20220316/20220603
2025-11-27 00:28:35,475 [main] DEBUG c.p.b.e.MLResultGenerator.executeExperiment - 243 processed... 20220317/20220603
2025-11-27 00:28:36,169 [main] DEBUG c.p.b.e.MLResultGenerator.executeExperiment - 243 processed... 20220318/20220603
2025-11-27 00:28:37,060 [main] DEBUG c.p.b.e.MLResultGenerator.executeExperiment - 243 processed... 20220319/20220603
2025-11-27 00:28:37,859 [main] DEBUG c.p.b.e.MLResultGenerator.executeExperiment - 243 processed... 20220320/20220603
2025-11-27 00:28:38,694 [main] DEBUG c.p.b.e.MLResultGenerator.executeExperiment - 243 processed... 20220321/20220603
2025-11-27 00:28:39,459 [main] DEBUG c.p.b.e.MLResultGenerator.executeExperiment - 243 processed... 20220322/20220603
2025-11-27 00:28:40,279 [main] DEBUG c.p.b.e.MLResultGenerator.executeExperiment - 243 processed... 20220323/20220603
2025-11-27 00:28:41,170 [main] DEBUG c.p.b.e.MLResultGenerator.executeExperiment - 243 processed... 20220324/20220603
2025-11-27 00:28:42,008 [main] DEBUG c.p.b.e.MLResultGenerator.executeExperiment - 243 processed... 20220325/20220603
2025-11-27 00:28:42,587 [main] DEBUG c.p.b.e.MLResultGenerator.executeExperiment - 243 processed... 20220326/20220603
2025-11-27 00:28:43,369 [main] DEBUG c.p.b.e.MLResultGenerator.executeExperiment - 243 processed... 20220327/20220603
2025-11-27 00:28:44,115 [main] DEBUG c.p.b.e.MLResultGenerator.executeExperiment - 243 processed... 20220328/20220603
2025-11-27 00:28:44,914 [main] DEBUG c.p.b.e.MLResultGenerator.executeExperiment - 243 processed... 20220329/20220603
2025-11-27 00:28:45,652 [main] DEBUG c.p.b.e.MLResultGenerator.executeExperiment - 243 processed... 20220330/20220603
2025-11-27 00:28:46,216 [main] DEBUG c.p.b.e.MLResultGenerator.executeExperiment - 243 processed... 20220331/20220603
2025-11-27 00:28:46,803 [main] DEBUG c.p.b.e.MLResultGenerator.executeExperiment - 243 processed... 20220401/20220603
2025-11-27 00:28:47,649 [main] DEBUG c.p.b.e.MLResultGenerator.executeExperiment - 243 processed... 20220402/20220603
2025-11-27 00:28:48,420 [main] DEBUG c.p.b.e.MLResultGenerator.executeExperiment - 243 processed... 20220403/20220603
2025-11-27 00:28:49,299 [main] DEBUG c.p.b.e.MLResultGenerator.executeExperiment - 243 processed... 20220404/20220603
2025-11-27 00:28:50,104 [main] DEBUG c.p.b.e.MLResultGenerator.executeExperiment - 243 processed... 20220405/20220603
2025-11-27 00:28:50,879 [main] DEBUG c.p.b.e.MLResultGenerator.executeExperiment - 243 processed... 20220406/20220603
2025-11-27 00:28:51,538 [main] DEBUG c.p.b.e.MLResultGenerator.executeExperiment - 243 processed... 20220407/20220603
2025-11-27 00:28:52,200 [main] DEBUG c.p.b.e.MLResultGenerator.executeExperiment - 243 processed... 20220408/20220603
2025-11-27 00:28:52,965 [main] DEBUG c.p.b.e.MLResultGenerator.executeExperiment - 243 processed... 20220409/20220603
2025-11-27 00:28:53,641 [main] DEBUG c.p.b.e.MLResultGenerator.executeExperiment - 243 processed... 20220410/20220603
2025-11-27 00:28:54,256 [main] DEBUG c.p.b.e.MLResultGenerator.executeExperiment - 243 processed... 20220411/20220603
2025-11-27 00:28:54,903 [main] DEBUG c.p.b.e.MLResultGenerator.executeExperiment - 243 processed... 20220412/20220603
2025-11-27 00:28:55,593 [main] DEBUG c.p.b.e.MLResultGenerator.executeExperiment - 243 processed... 20220413/20220603
2025-11-27 00:28:56,293 [main] DEBUG c.p.b.e.MLResultGenerator.executeExperiment - 243 processed... 20220414/20220603
2025-11-27 00:28:57,110 [main] DEBUG c.p.b.e.MLResultGenerator.executeExperiment - 243 processed... 20220415/20220603
2025-11-27 00:28:57,956 [main] DEBUG c.p.b.e.MLResultGenerator.executeExperiment - 243 processed... 20220416/20220603
2025-11-27 00:28:58,946 [main] DEBUG c.p.b.e.MLResultGenerator.executeExperiment - 243 processed... 20220417/20220603
2025-11-27 00:28:59,917 [main] DEBUG c.p.b.e.MLResultGenerator.executeExperiment - 243 processed... 20220418/20220603
2025-11-27 00:29:00,768 [main] DEBUG c.p.b.e.MLResultGenerator.executeExperiment - 243 processed... 20220419/20220603
2025-11-27 00:29:01,612 [main] DEBUG c.p.b.e.MLResultGenerator.executeExperiment - 243 processed... 20220420/20220603
2025-11-27 00:29:02,342 [main] DEBUG c.p.b.e.MLResultGenerator.executeExperiment - 243 processed... 20220421/20220603
2025-11-27 00:29:03,156 [main] DEBUG c.p.b.e.MLResultGenerator.executeExperiment - 243 processed... 20220422/20220603
2025-11-27 00:29:04,062 [main] DEBUG c.p.b.e.MLResultGenerator.executeExperiment - 243 processed... 20220423/20220603
2025-11-27 00:29:05,215 [main] DEBUG c.p.b.e.MLResultGenerator.executeExperiment - 243 processed... 20220424/20220603
2025-11-27 00:29:06,273 [main] DEBUG c.p.b.e.MLResultGenerator.executeExperiment - 243 processed... 20220425/20220603
2025-11-27 00:29:07,194 [main] DEBUG c.p.b.e.MLResultGenerator.executeExperiment - 243 processed... 20220426/20220603
2025-11-27 00:29:08,040 [main] DEBUG c.p.b.e.MLResultGenerator.executeExperiment - 243 processed... 20220427/20220603
2025-11-27 00:29:08,842 [main] DEBUG c.p.b.e.MLResultGenerator.executeExperiment - 243 processed... 20220428/20220603
2025-11-27 00:29:09,594 [main] DEBUG c.p.b.e.MLResultGenerator.executeExperiment - 243 processed... 20220429/20220603
2025-11-27 00:29:10,723 [main] DEBUG c.p.b.e.MLResultGenerator.executeExperiment - 243 processed... 20220430/20220603
2025-11-27 00:29:11,892 [main] DEBUG c.p.b.e.MLResultGenerator.executeExperiment - 243 processed... 20220501/20220603
2025-11-27 00:29:12,883 [main] DEBUG c.p.b.e.MLResultGenerator.executeExperiment - 243 processed... 20220502/20220603
2025-11-27 00:29:14,003 [main] DEBUG c.p.b.e.MLResultGenerator.executeExperiment - 243 processed... 20220503/20220603
2025-11-27 00:29:14,907 [main] DEBUG c.p.b.e.MLResultGenerator.executeExperiment - 243 processed... 20220504/20220603
2025-11-27 00:29:15,711 [main] DEBUG c.p.b.e.MLResultGenerator.executeExperiment - 243 processed... 20220505/20220603
2025-11-27 00:29:16,407 [main] DEBUG c.p.b.e.MLResultGenerator.executeExperiment - 243 processed... 20220506/20220603
2025-11-27 00:29:17,239 [main] DEBUG c.p.b.e.MLResultGenerator.executeExperiment - 243 processed... 20220507/20220603
2025-11-27 00:29:18,125 [main] DEBUG c.p.b.e.MLResultGenerator.executeExperiment - 243 processed... 20220508/20220603
2025-11-27 00:29:18,981 [main] DEBUG c.p.b.e.MLResultGenerator.executeExperiment - 243 processed... 20220509/20220603
2025-11-27 00:29:19,908 [main] DEBUG c.p.b.e.MLResultGenerator.executeExperiment - 243 processed... 20220510/20220603
2025-11-27 00:29:20,675 [main] DEBUG c.p.b.e.MLResultGenerator.executeExperiment - 243 processed... 20220511/20220603
2025-11-27 00:29:21,296 [main] DEBUG c.p.b.e.MLResultGenerator.executeExperiment - 243 processed... 20220512/20220603
2025-11-27 00:29:22,037 [main] DEBUG c.p.b.e.MLResultGenerator.executeExperiment - 243 processed... 20220513/20220603
2025-11-27 00:29:22,812 [main] DEBUG c.p.b.e.MLResultGenerator.executeExperiment - 243 processed... 20220514/20220603
2025-11-27 00:29:23,562 [main] DEBUG c.p.b.e.MLResultGenerator.executeExperiment - 243 processed... 20220515/20220603
2025-11-27 00:29:24,229 [main] DEBUG c.p.b.e.MLResultGenerator.executeExperiment - 243 processed... 20220516/20220603
2025-11-27 00:29:24,798 [main] DEBUG c.p.b.e.MLResultGenerator.executeExperiment - 243 processed... 20220517/20220603
2025-11-27 00:29:25,462 [main] DEBUG c.p.b.e.MLResultGenerator.executeExperiment - 243 processed... 20220518/20220603
2025-11-27 00:29:26,163 [main] DEBUG c.p.b.e.MLResultGenerator.executeExperiment - 243 processed... 20220519/20220603
2025-11-27 00:29:26,942 [main] DEBUG c.p.b.e.MLResultGenerator.executeExperiment - 243 processed... 20220520/20220603
2025-11-27 00:29:27,810 [main] DEBUG c.p.b.e.MLResultGenerator.executeExperiment - 243 processed... 20220521/20220603
2025-11-27 00:29:28,626 [main] DEBUG c.p.b.e.MLResultGenerator.executeExperiment - 243 processed... 20220522/20220603
2025-11-27 00:29:29,253 [main] DEBUG c.p.b.e.MLResultGenerator.executeExperiment - 243 processed... 20220523/20220603
2025-11-27 00:29:29,923 [main] DEBUG c.p.b.e.MLResultGenerator.executeExperiment - 243 processed... 20220524/20220603
2025-11-27 00:29:30,520 [main] DEBUG c.p.b.e.MLResultGenerator.executeExperiment - 243 processed... 20220525/20220603
2025-11-27 00:29:31,361 [main] DEBUG c.p.b.e.MLResultGenerator.executeExperiment - 243 processed... 20220526/20220603
2025-11-27 00:29:32,036 [main] DEBUG c.p.b.e.MLResultGenerator.executeExperiment - 243 processed... 20220527/20220603
2025-11-27 00:29:32,999 [main] DEBUG c.p.b.e.MLResultGenerator.executeExperiment - 243 processed... 20220528/20220603
2025-11-27 00:29:34,117 [main] DEBUG c.p.b.e.MLResultGenerator.executeExperiment - 243 processed... 20220529/20220603
2025-11-27 00:29:34,958 [main] DEBUG c.p.b.e.MLResultGenerator.executeExperiment - 243 processed... 20220530/20220603
2025-11-27 00:29:35,590 [main] DEBUG c.p.b.e.MLResultGenerator.executeExperiment - 243 processed... 20220531/20220603
2025-11-27 00:29:36,336 [main] DEBUG c.p.b.e.MLResultGenerator.executeExperiment - 243 processed... 20220601/20220603
2025-11-27 00:29:37,059 [main] DEBUG c.p.b.e.MLResultGenerator.executeExperiment - 243 processed... 20220602/20220603
2025-11-27 00:29:37,785 [main] DEBUG c.p.b.e.MLResultGenerator.executeExperiment - 243 processed... 20220603/20220603
2025-11-27 00:29:38,777 [main] DEBUG c.p.b.e.r.s.MlEvaluationCreator.create - creating MlEvaluation. 243,39105,3T,123,nopattern,nopattern
2025-11-27 00:29:38,926 [main] DEBUG c.p.b.e.r.s.MlEvaluationCreator.create - creating MlEvaluation. 243,39105,3T,124,nopattern,nopattern
2025-11-27 00:29:38,945 [main] DEBUG c.p.b.e.r.s.MlEvaluationCreator.create - creating MlEvaluation. 243,39105,3T,125,nopattern,nopattern
2025-11-27 00:29:38,959 [main] DEBUG c.p.b.e.r.s.MlEvaluationCreator.create - creating MlEvaluation. 243,39105,3T,126,nopattern,nopattern
2025-11-27 00:29:38,971 [main] DEBUG c.p.b.e.r.s.MlEvaluationCreator.create - creating MlEvaluation. 243,39105,3T,132,nopattern,nopattern
2025-11-27 00:29:38,987 [main] DEBUG c.p.b.e.r.s.MlEvaluationCreator.create - creating MlEvaluation. 243,39105,3T,134,nopattern,nopattern
2025-11-27 00:29:38,999 [main] DEBUG c.p.b.e.r.s.MlEvaluationCreator.create - creating MlEvaluation. 243,39105,3T,135,nopattern,nopattern
2025-11-27 00:29:39,009 [main] DEBUG c.p.b.e.r.s.MlEvaluationCreator.create - creating MlEvaluation. 243,39105,3T,136,nopattern,nopattern
2025-11-27 00:29:39,018 [main] DEBUG c.p.b.e.r.s.MlEvaluationCreator.create - creating MlEvaluation. 243,39105,3T,142,nopattern,nopattern
2025-11-27 00:29:39,028 [main] DEBUG c.p.b.e.r.s.MlEvaluationCreator.create - creating MlEvaluation. 243,39105,3T,143,nopattern,nopattern
2025-11-27 00:29:39,038 [main] DEBUG c.p.b.e.r.s.MlEvaluationCreator.create - creating MlEvaluation. 243,39105,3T,145,nopattern,nopattern
2025-11-27 00:29:39,044 [main] DEBUG c.p.b.e.r.s.MlEvaluationCreator.create - creating MlEvaluation. 243,39105,3T,146,nopattern,nopattern
2025-11-27 00:29:39,050 [main] DEBUG c.p.b.e.r.s.MlEvaluationCreator.create - creating MlEvaluation. 243,39105,3T,152,nopattern,nopattern
2025-11-27 00:29:39,056 [main] DEBUG c.p.b.e.r.s.MlEvaluationCreator.create - creating MlEvaluation. 243,39105,3T,153,nopattern,nopattern
2025-11-27 00:29:39,061 [main] DEBUG c.p.b.e.r.s.MlEvaluationCreator.create - creating MlEvaluation. 243,39105,3T,154,nopattern,nopattern
2025-11-27 00:29:39,064 [main] DEBUG c.p.b.e.r.s.MlEvaluationCreator.create - creating MlEvaluation. 243,39105,3T,156,nopattern,nopattern
2025-11-27 00:29:39,144 [main] DEBUG c.p.b.e.r.s.MlEvaluationCreator.create - creating MlEvaluation. 243,39105,3T,162,nopattern,nopattern
2025-11-27 00:29:39,151 [main] DEBUG c.p.b.e.r.s.MlEvaluationCreator.create - creating MlEvaluation. 243,39105,3T,163,nopattern,nopattern
2025-11-27 00:29:39,154 [main] DEBUG c.p.b.e.r.s.MlEvaluationCreator.create - creating MlEvaluation. 243,39105,3T,164,nopattern,nopattern
2025-11-27 00:29:39,158 [main] DEBUG c.p.b.e.r.s.MlEvaluationCreator.create - creating MlEvaluation. 243,39105,3T,165,nopattern,nopattern
2025-11-27 00:29:39,163 [main] DEBUG c.p.b.e.r.s.MlEvaluationCreator.create - creating MlEvaluation. 243,39105,3T,213,nopattern,nopattern
2025-11-27 00:29:39,170 [main] DEBUG c.p.b.e.r.s.MlEvaluationCreator.create - creating MlEvaluation. 243,39105,3T,214,nopattern,nopattern
2025-11-27 00:29:39,176 [main] DEBUG c.p.b.e.r.s.MlEvaluationCreator.create - creating MlEvaluation. 243,39105,3T,215,nopattern,nopattern
2025-11-27 00:29:39,180 [main] DEBUG c.p.b.e.r.s.MlEvaluationCreator.create - creating MlEvaluation. 243,39105,3T,216,nopattern,nopattern
2025-11-27 00:29:39,184 [main] DEBUG c.p.b.e.r.s.MlEvaluationCreator.create - creating MlEvaluation. 243,39105,3T,231,nopattern,nopattern
2025-11-27 00:29:39,186 [main] DEBUG c.p.b.e.r.s.MlEvaluationCreator.create - creating MlEvaluation. 243,39105,3T,234,nopattern,nopattern
2025-11-27 00:29:39,190 [main] DEBUG c.p.b.e.r.s.MlEvaluationCreator.create - creating MlEvaluation. 243,39105,3T,235,nopattern,nopattern
2025-11-27 00:29:39,193 [main] DEBUG c.p.b.e.r.s.MlEvaluationCreator.create - creating MlEvaluation. 243,39105,3T,236,nopattern,nopattern
2025-11-27 00:29:39,195 [main] DEBUG c.p.b.e.r.s.MlEvaluationCreator.create - creating MlEvaluation. 243,39105,3T,241,nopattern,nopattern
2025-11-27 00:29:39,198 [main] DEBUG c.p.b.e.r.s.MlEvaluationCreator.create - creating MlEvaluation. 243,39105,3T,243,nopattern,nopattern
2025-11-27 00:29:39,201 [main] DEBUG c.p.b.e.r.s.MlEvaluationCreator.create - creating MlEvaluation. 243,39105,3T,245,nopattern,nopattern
2025-11-27 00:29:39,204 [main] DEBUG c.p.b.e.r.s.MlEvaluationCreator.create - creating MlEvaluation. 243,39105,3T,246,nopattern,nopattern
2025-11-27 00:29:39,208 [main] DEBUG c.p.b.e.r.s.MlEvaluationCreator.create - creating MlEvaluation. 243,39105,3T,251,nopattern,nopattern
2025-11-27 00:29:39,211 [main] DEBUG c.p.b.e.r.s.MlEvaluationCreator.create - creating MlEvaluation. 243,39105,3T,253,nopattern,nopattern
2025-11-27 00:29:39,213 [main] DEBUG c.p.b.e.r.s.MlEvaluationCreator.create - creating MlEvaluation. 243,39105,3T,254,nopattern,nopattern
2025-11-27 00:29:39,216 [main] DEBUG c.p.b.e.r.s.MlEvaluationCreator.create - creating MlEvaluation. 243,39105,3T,256,nopattern,nopattern
2025-11-27 00:29:39,219 [main] DEBUG c.p.b.e.r.s.MlEvaluationCreator.create - creating MlEvaluation. 243,39105,3T,261,nopattern,nopattern
2025-11-27 00:29:39,223 [main] DEBUG c.p.b.e.r.s.MlEvaluationCreator.create - creating MlEvaluation. 243,39105,3T,263,nopattern,nopattern
2025-11-27 00:29:39,226 [main] DEBUG c.p.b.e.r.s.MlEvaluationCreator.create - creating MlEvaluation. 243,39105,3T,264,nopattern,nopattern
2025-11-27 00:29:39,228 [main] DEBUG c.p.b.e.r.s.MlEvaluationCreator.create - creating MlEvaluation. 243,39105,3T,265,nopattern,nopattern
2025-11-27 00:29:39,231 [main] DEBUG c.p.b.e.r.s.MlEvaluationCreator.create - creating MlEvaluation. 243,39105,3T,312,nopattern,nopattern
2025-11-27 00:29:39,234 [main] DEBUG c.p.b.e.r.s.MlEvaluationCreator.create - creating MlEvaluation. 243,39105,3T,314,nopattern,nopattern
2025-11-27 00:29:39,239 [main] DEBUG c.p.b.e.r.s.MlEvaluationCreator.create - creating MlEvaluation. 243,39105,3T,315,nopattern,nopattern
2025-11-27 00:29:39,243 [main] DEBUG c.p.b.e.r.s.MlEvaluationCreator.create - creating MlEvaluation. 243,39105,3T,316,nopattern,nopattern
2025-11-27 00:29:39,246 [main] DEBUG c.p.b.e.r.s.MlEvaluationCreator.create - creating MlEvaluation. 243,39105,3T,321,nopattern,nopattern
2025-11-27 00:29:39,249 [main] DEBUG c.p.b.e.r.s.MlEvaluationCreator.create - creating MlEvaluation. 243,39105,3T,324,nopattern,nopattern
2025-11-27 00:29:39,252 [main] DEBUG c.p.b.e.r.s.MlEvaluationCreator.create - creating MlEvaluation. 243,39105,3T,325,nopattern,nopattern
2025-11-27 00:29:39,255 [main] DEBUG c.p.b.e.r.s.MlEvaluationCreator.create - creating MlEvaluation. 243,39105,3T,326,nopattern,nopattern
2025-11-27 00:29:39,258 [main] DEBUG c.p.b.e.r.s.MlEvaluationCreator.create - creating MlEvaluation. 243,39105,3T,341,nopattern,nopattern
2025-11-27 00:29:39,261 [main] DEBUG c.p.b.e.r.s.MlEvaluationCreator.create - creating MlEvaluation. 243,39105,3T,342,nopattern,nopattern
2025-11-27 00:29:39,268 [main] DEBUG c.p.b.e.r.s.MlEvaluationCreator.create - creating MlEvaluation. 243,39105,3T,345,nopattern,nopattern
2025-11-27 00:29:39,271 [main] DEBUG c.p.b.e.r.s.MlEvaluationCreator.create - creating MlEvaluation. 243,39105,3T,346,nopattern,nopattern
2025-11-27 00:29:39,273 [main] DEBUG c.p.b.e.r.s.MlEvaluationCreator.create - creating MlEvaluation. 243,39105,3T,351,nopattern,nopattern
2025-11-27 00:29:39,276 [main] DEBUG c.p.b.e.r.s.MlEvaluationCreator.create - creating MlEvaluation. 243,39105,3T,352,nopattern,nopattern
2025-11-27 00:29:39,279 [main] DEBUG c.p.b.e.r.s.MlEvaluationCreator.create - creating MlEvaluation. 243,39105,3T,354,nopattern,nopattern
2025-11-27 00:29:39,282 [main] DEBUG c.p.b.e.r.s.MlEvaluationCreator.create - creating MlEvaluation. 243,39105,3T,356,nopattern,nopattern
2025-11-27 00:29:39,284 [main] DEBUG c.p.b.e.r.s.MlEvaluationCreator.create - creating MlEvaluation. 243,39105,3T,361,nopattern,nopattern
2025-11-27 00:29:39,287 [main] DEBUG c.p.b.e.r.s.MlEvaluationCreator.create - creating MlEvaluation. 243,39105,3T,362,nopattern,nopattern
2025-11-27 00:29:39,290 [main] DEBUG c.p.b.e.r.s.MlEvaluationCreator.create - creating MlEvaluation. 243,39105,3T,364,nopattern,nopattern
2025-11-27 00:29:39,292 [main] DEBUG c.p.b.e.r.s.MlEvaluationCreator.create - creating MlEvaluation. 243,39105,3T,365,nopattern,nopattern
2025-11-27 00:29:39,296 [main] DEBUG c.p.b.e.r.s.MlEvaluationCreator.create - creating MlEvaluation. 243,39105,3T,412,nopattern,nopattern
2025-11-27 00:29:39,299 [main] DEBUG c.p.b.e.r.s.MlEvaluationCreator.create - creating MlEvaluation. 243,39105,3T,413,nopattern,nopattern
2025-11-27 00:29:39,303 [main] DEBUG c.p.b.e.r.s.MlEvaluationCreator.create - creating MlEvaluation. 243,39105,3T,415,nopattern,nopattern
2025-11-27 00:29:39,306 [main] DEBUG c.p.b.e.r.s.MlEvaluationCreator.create - creating MlEvaluation. 243,39105,3T,416,nopattern,nopattern
2025-11-27 00:29:39,309 [main] DEBUG c.p.b.e.r.s.MlEvaluationCreator.create - creating MlEvaluation. 243,39105,3T,421,nopattern,nopattern
2025-11-27 00:29:39,312 [main] DEBUG c.p.b.e.r.s.MlEvaluationCreator.create - creating MlEvaluation. 243,39105,3T,423,nopattern,nopattern
2025-11-27 00:29:39,319 [main] DEBUG c.p.b.e.r.s.MlEvaluationCreator.create - creating MlEvaluation. 243,39105,3T,425,nopattern,nopattern
2025-11-27 00:29:39,323 [main] DEBUG c.p.b.e.r.s.MlEvaluationCreator.create - creating MlEvaluation. 243,39105,3T,426,nopattern,nopattern
2025-11-27 00:29:39,326 [main] DEBUG c.p.b.e.r.s.MlEvaluationCreator.create - creating MlEvaluation. 243,39105,3T,431,nopattern,nopattern
2025-11-27 00:29:39,328 [main] DEBUG c.p.b.e.r.s.MlEvaluationCreator.create - creating MlEvaluation. 243,39105,3T,432,nopattern,nopattern
2025-11-27 00:29:39,331 [main] DEBUG c.p.b.e.r.s.MlEvaluationCreator.create - creating MlEvaluation. 243,39105,3T,435,nopattern,nopattern
2025-11-27 00:29:39,334 [main] DEBUG c.p.b.e.r.s.MlEvaluationCreator.create - creating MlEvaluation. 243,39105,3T,436,nopattern,nopattern
2025-11-27 00:29:39,336 [main] DEBUG c.p.b.e.r.s.MlEvaluationCreator.create - creating MlEvaluation. 243,39105,3T,451,nopattern,nopattern
2025-11-27 00:29:39,339 [main] DEBUG c.p.b.e.r.s.MlEvaluationCreator.create - creating MlEvaluation. 243,39105,3T,452,nopattern,nopattern
2025-11-27 00:29:39,341 [main] DEBUG c.p.b.e.r.s.MlEvaluationCreator.create - creating MlEvaluation. 243,39105,3T,453,nopattern,nopattern
2025-11-27 00:29:39,345 [main] DEBUG c.p.b.e.r.s.MlEvaluationCreator.create - creating MlEvaluation. 243,39105,3T,456,nopattern,nopattern
2025-11-27 00:29:39,348 [main] DEBUG c.p.b.e.r.s.MlEvaluationCreator.create - creating MlEvaluation. 243,39105,3T,461,nopattern,nopattern
2025-11-27 00:29:39,350 [main] DEBUG c.p.b.e.r.s.MlEvaluationCreator.create - creating MlEvaluation. 243,39105,3T,462,nopattern,nopattern
2025-11-27 00:29:39,352 [main] DEBUG c.p.b.e.r.s.MlEvaluationCreator.create - creating MlEvaluation. 243,39105,3T,463,nopattern,nopattern
2025-11-27 00:29:39,355 [main] DEBUG c.p.b.e.r.s.MlEvaluationCreator.create - creating MlEvaluation. 243,39105,3T,512,nopattern,nopattern
2025-11-27 00:29:39,357 [main] DEBUG c.p.b.e.r.s.MlEvaluationCreator.create - creating MlEvaluation. 243,39105,3T,513,nopattern,nopattern
2025-11-27 00:29:39,360 [main] DEBUG c.p.b.e.r.s.MlEvaluationCreator.create - creating MlEvaluation. 243,39105,3T,514,nopattern,nopattern
2025-11-27 00:29:39,362 [main] DEBUG c.p.b.e.r.s.MlEvaluationCreator.create - creating MlEvaluation. 243,39105,3T,516,nopattern,nopattern
2025-11-27 00:29:39,364 [main] DEBUG c.p.b.e.r.s.MlEvaluationCreator.create - creating MlEvaluation. 243,39105,3T,521,nopattern,nopattern
2025-11-27 00:29:39,367 [main] DEBUG c.p.b.e.r.s.MlEvaluationCreator.create - creating MlEvaluation. 243,39105,3T,523,nopattern,nopattern
2025-11-27 00:29:39,369 [main] DEBUG c.p.b.e.r.s.MlEvaluationCreator.create - creating MlEvaluation. 243,39105,3T,524,nopattern,nopattern
2025-11-27 00:29:39,371 [main] DEBUG c.p.b.e.r.s.MlEvaluationCreator.create - creating MlEvaluation. 243,39105,3T,526,nopattern,nopattern
2025-11-27 00:29:39,374 [main] DEBUG c.p.b.e.r.s.MlEvaluationCreator.create - creating MlEvaluation. 243,39105,3T,531,nopattern,nopattern
2025-11-27 00:29:39,377 [main] DEBUG c.p.b.e.r.s.MlEvaluationCreator.create - creating MlEvaluation. 243,39105,3T,532,nopattern,nopattern
2025-11-27 00:29:39,379 [main] DEBUG c.p.b.e.r.s.MlEvaluationCreator.create - creating MlEvaluation. 243,39105,3T,534,nopattern,nopattern
2025-11-27 00:29:39,380 [main] DEBUG c.p.b.e.r.s.MlEvaluationCreator.create - creating MlEvaluation. 243,39105,3T,536,nopattern,nopattern
2025-11-27 00:29:39,382 [main] DEBUG c.p.b.e.r.s.MlEvaluationCreator.create - creating MlEvaluation. 243,39105,3T,541,nopattern,nopattern
2025-11-27 00:29:39,384 [main] DEBUG c.p.b.e.r.s.MlEvaluationCreator.create - creating MlEvaluation. 243,39105,3T,542,nopattern,nopattern
2025-11-27 00:29:39,386 [main] DEBUG c.p.b.e.r.s.MlEvaluationCreator.create - creating MlEvaluation. 243,39105,3T,546,nopattern,nopattern
2025-11-27 00:29:39,388 [main] DEBUG c.p.b.e.r.s.MlEvaluationCreator.create - creating MlEvaluation. 243,39105,3T,561,nopattern,nopattern
2025-11-27 00:29:39,391 [main] DEBUG c.p.b.e.r.s.MlEvaluationCreator.create - creating MlEvaluation. 243,39105,3T,562,nopattern,nopattern
2025-11-27 00:29:39,393 [main] DEBUG c.p.b.e.r.s.MlEvaluationCreator.create - creating MlEvaluation. 243,39105,3T,563,nopattern,nopattern
2025-11-27 00:29:39,395 [main] DEBUG c.p.b.e.r.s.MlEvaluationCreator.create - creating MlEvaluation. 243,39105,3T,564,nopattern,nopattern
2025-11-27 00:29:39,396 [main] DEBUG c.p.b.e.r.s.MlEvaluationCreator.create - creating MlEvaluation. 243,39105,3T,612,nopattern,nopattern
2025-11-27 00:29:39,399 [main] DEBUG c.p.b.e.r.s.MlEvaluationCreator.create - creating MlEvaluation. 243,39105,3T,613,nopattern,nopattern
2025-11-27 00:29:39,401 [main] DEBUG c.p.b.e.r.s.MlEvaluationCreator.create - creating MlEvaluation. 243,39105,3T,614,nopattern,nopattern
2025-11-27 00:29:39,403 [main] DEBUG c.p.b.e.r.s.MlEvaluationCreator.create - creating MlEvaluation. 243,39105,3T,615,nopattern,nopattern
2025-11-27 00:29:39,406 [main] DEBUG c.p.b.e.r.s.MlEvaluationCreator.create - creating MlEvaluation. 243,39105,3T,621,nopattern,nopattern
2025-11-27 00:29:39,409 [main] DEBUG c.p.b.e.r.s.MlEvaluationCreator.create - creating MlEvaluation. 243,39105,3T,623,nopattern,nopattern
2025-11-27 00:29:39,411 [main] DEBUG c.p.b.e.r.s.MlEvaluationCreator.create - creating MlEvaluation. 243,39105,3T,624,nopattern,nopattern
2025-11-27 00:29:39,413 [main] DEBUG c.p.b.e.r.s.MlEvaluationCreator.create - creating MlEvaluation. 243,39105,3T,625,nopattern,nopattern
2025-11-27 00:29:39,415 [main] DEBUG c.p.b.e.r.s.MlEvaluationCreator.create - creating MlEvaluation. 243,39105,3T,631,nopattern,nopattern
2025-11-27 00:29:39,417 [main] DEBUG c.p.b.e.r.s.MlEvaluationCreator.create - creating MlEvaluation. 243,39105,3T,632,nopattern,nopattern
2025-11-27 00:29:39,419 [main] DEBUG c.p.b.e.r.s.MlEvaluationCreator.create - creating MlEvaluation. 243,39105,3T,634,nopattern,nopattern
2025-11-27 00:29:39,423 [main] DEBUG c.p.b.e.r.s.MlEvaluationCreator.create - creating MlEvaluation. 243,39105,3T,635,nopattern,nopattern
2025-11-27 00:29:39,426 [main] DEBUG c.p.b.e.r.s.MlEvaluationCreator.create - creating MlEvaluation. 243,39105,3T,641,nopattern,nopattern
2025-11-27 00:29:39,428 [main] DEBUG c.p.b.e.r.s.MlEvaluationCreator.create - creating MlEvaluation. 243,39105,3T,642,nopattern,nopattern
2025-11-27 00:29:39,428 [main] DEBUG c.p.b.e.r.s.MlEvaluationCreator.create - creating MlEvaluation. 243,39105,3T,643,nopattern,nopattern
2025-11-27 00:29:39,430 [main] DEBUG c.p.b.e.r.s.MlEvaluationCreator.create - creating MlEvaluation. 243,39105,3T,645,nopattern,nopattern
2025-11-27 00:29:39,431 [main] DEBUG c.p.b.e.r.s.MlEvaluationCreator.create - creating MlEvaluation. 243,39105,3T,651,nopattern,nopattern
2025-11-27 00:29:39,433 [main] DEBUG c.p.b.e.r.s.MlEvaluationCreator.create - creating MlEvaluation. 243,39105,3T,652,nopattern,nopattern
2025-11-27 00:29:39,436 [main] DEBUG c.p.b.e.r.s.MlEvaluationCreator.create - creating MlEvaluation. 243,39105,3T,653,nopattern,nopattern
2025-11-27 00:29:40,380 [main] INFO  c.p.b.e.r.g.ResultGraphBuilder.save - graph saved. C:/Dev/experiment/expr10/result//243/11/3T/11_3T_123_nopattern_nopattern_39105_EXP1_-1185_2.57_62.7.png
2025-11-27 00:29:41,081 [main] INFO  c.p.b.e.r.g.ResultGraphBuilder.save - graph saved. C:/Dev/experiment/expr10/result//243/11/3T/11_3T_124_nopattern_nopattern_39105_EXP1_-999_1.43_46.3.png
2025-11-27 00:29:41,420 [main] INFO  c.p.b.e.r.g.ResultGraphBuilder.save - graph saved. C:/Dev/experiment/expr10/result//243/11/3T/11_3T_125_nopattern_nopattern_39105_EXP1_-585_0.9_35.0.png
2025-11-27 00:29:41,732 [main] INFO  c.p.b.e.r.g.ResultGraphBuilder.save - graph saved. C:/Dev/experiment/expr10/result//243/11/3T/11_3T_126_nopattern_nopattern_39105_EXP1_-460_0.67_28.3.png
2025-11-27 00:29:42,032 [main] INFO  c.p.b.e.r.g.ResultGraphBuilder.save - graph saved. C:/Dev/experiment/expr10/result//243/11/3T/11_3T_132_nopattern_nopattern_39105_EXP1_-960_1.5_47.4.png
2025-11-27 00:29:42,329 [main] INFO  c.p.b.e.r.g.ResultGraphBuilder.save - graph saved. C:/Dev/experiment/expr10/result//243/11/3T/11_3T_134_nopattern_nopattern_39105_EXP1_-841_0.93_36.0.png
2025-11-27 00:29:42,677 [main] INFO  c.p.b.e.r.g.ResultGraphBuilder.save - graph saved. C:/Dev/experiment/expr10/result//243/11/3T/11_3T_135_nopattern_nopattern_39105_EXP1_-825_0.37_22.6.png
2025-11-27 00:29:43,044 [main] INFO  c.p.b.e.r.g.ResultGraphBuilder.save - graph saved. C:/Dev/experiment/expr10/result//243/11/3T/11_3T_136_nopattern_nopattern_39105_EXP1_-206_0.37_17.2.png
2025-11-27 00:29:43,342 [main] INFO  c.p.b.e.r.g.ResultGraphBuilder.save - graph saved. C:/Dev/experiment/expr10/result//243/11/3T/11_3T_142_nopattern_nopattern_39105_EXP1_-784_0.76_31.9.png
2025-11-27 00:29:43,639 [main] INFO  c.p.b.e.r.g.ResultGraphBuilder.save - graph saved. C:/Dev/experiment/expr10/result//243/11/3T/11_3T_143_nopattern_nopattern_39105_EXP1_-787_0.47_23.6.png
2025-11-27 00:29:43,917 [main] INFO  c.p.b.e.r.g.ResultGraphBuilder.save - graph saved. C:/Dev/experiment/expr10/result//243/11/3T/11_3T_145_nopattern_nopattern_39105_EXP1_-522_0.12_10.4.png
2025-11-27 00:29:44,201 [main] INFO  c.p.b.e.r.g.ResultGraphBuilder.save - graph saved. C:/Dev/experiment/expr10/result//243/11/3T/11_3T_146_nopattern_nopattern_39105_EXP1_-231_0.14_8.8.png
2025-11-27 00:29:44,486 [main] INFO  c.p.b.e.r.g.ResultGraphBuilder.save - graph saved. C:/Dev/experiment/expr10/result//243/11/3T/11_3T_152_nopattern_nopattern_39105_EXP1_-13_0.28_12.6.png
2025-11-27 00:29:44,789 [main] INFO  c.p.b.e.r.g.ResultGraphBuilder.save - graph saved. C:/Dev/experiment/expr10/result//243/11/3T/11_3T_153_nopattern_nopattern_39105_EXP1_-52_0.14_7.3.png
2025-11-27 00:29:45,092 [main] INFO  c.p.b.e.r.g.ResultGraphBuilder.save - graph saved. C:/Dev/experiment/expr10/result//243/11/3T/11_3T_154_nopattern_nopattern_39105_EXP1_-120_0.03_3.2.png
2025-11-27 00:29:45,378 [main] INFO  c.p.b.e.r.g.ResultGraphBuilder.save - graph saved. C:/Dev/experiment/expr10/result//243/11/3T/11_3T_156_nopattern_nopattern_39105_EXP1_9_0.03_1.0.png
2025-11-27 00:29:45,666 [main] INFO  c.p.b.e.r.g.ResultGraphBuilder.save - graph saved. C:/Dev/experiment/expr10/result//243/11/3T/11_3T_162_nopattern_nopattern_39105_EXP1_-137_0.07_4.0.png
2025-11-27 00:29:45,951 [main] INFO  c.p.b.e.r.g.ResultGraphBuilder.save - graph saved. C:/Dev/experiment/expr10/result//243/11/3T/11_3T_163_nopattern_nopattern_39105_EXP1_-53_0.02_1.6.png
2025-11-27 00:29:46,233 [main] INFO  c.p.b.e.r.g.ResultGraphBuilder.save - graph saved. C:/Dev/experiment/expr10/result//243/11/3T/11_3T_164_nopattern_nopattern_39105_EXP1_-16_0.02_0.9.png
2025-11-27 00:29:46,513 [main] INFO  c.p.b.e.r.g.ResultGraphBuilder.save - graph saved. C:/Dev/experiment/expr10/result//243/11/3T/11_3T_165_nopattern_nopattern_39105_EXP1_4_0.0_0.3.png
2025-11-27 00:29:46,810 [main] INFO  c.p.b.e.r.g.ResultGraphBuilder.save - graph saved. C:/Dev/experiment/expr10/result//243/11/3T/11_3T_213_nopattern_nopattern_39105_EXP1_-388_0.35_18.3.png
2025-11-27 00:29:47,107 [main] INFO  c.p.b.e.r.g.ResultGraphBuilder.save - graph saved. C:/Dev/experiment/expr10/result//243/11/3T/11_3T_214_nopattern_nopattern_39105_EXP1_-300_0.18_11.0.png
2025-11-27 00:29:47,394 [main] INFO  c.p.b.e.r.g.ResultGraphBuilder.save - graph saved. C:/Dev/experiment/expr10/result//243/11/3T/11_3T_215_nopattern_nopattern_39105_EXP1_-128_0.04_3.1.png
2025-11-27 00:29:47,672 [main] INFO  c.p.b.e.r.g.ResultGraphBuilder.save - graph saved. C:/Dev/experiment/expr10/result//243/11/3T/11_3T_216_nopattern_nopattern_39105_EXP1_-57_0.03_1.6.png
2025-11-27 00:29:47,946 [main] INFO  c.p.b.e.r.g.ResultGraphBuilder.save - graph saved. C:/Dev/experiment/expr10/result//243/11/3T/11_3T_231_nopattern_nopattern_39105_EXP1_-18_0.0_0.5.png
2025-11-27 00:29:48,220 [main] INFO  c.p.b.e.r.g.ResultGraphBuilder.save - graph saved. C:/Dev/experiment/expr10/result//243/11/3T/11_3T_234_nopattern_nopattern_39105_EXP1_-2_0.01_0.6.png
2025-11-27 00:29:48,494 [main] INFO  c.p.b.e.r.g.ResultGraphBuilder.save - graph saved. C:/Dev/experiment/expr10/result//243/11/3T/11_3T_235_nopattern_nopattern_39105_EXP1_-6_0.0_0.2.png
2025-11-27 00:29:48,779 [main] INFO  c.p.b.e.r.g.ResultGraphBuilder.save - graph saved. C:/Dev/experiment/expr10/result//243/11/3T/11_3T_236_nopattern_nopattern_39105_EXP1_-23_0.0_0.2.png
2025-11-27 00:29:49,059 [main] INFO  c.p.b.e.r.g.ResultGraphBuilder.save - graph saved. C:/Dev/experiment/expr10/result//243/11/3T/11_3T_241_nopattern_nopattern_39105_EXP1_-8_0.0_0.2.png
2025-11-27 00:29:49,334 [main] INFO  c.p.b.e.r.g.ResultGraphBuilder.save - graph saved. C:/Dev/experiment/expr10/result//243/11/3T/11_3T_243_nopattern_nopattern_39105_EXP1_-12_0.0_0.2.png
2025-11-27 00:29:49,613 [main] INFO  c.p.b.e.r.g.ResultGraphBuilder.save - graph saved. C:/Dev/experiment/expr10/result//243/11/3T/11_3T_245_nopattern_nopattern_39105_EXP1_-1_0.0_0.1.png
2025-11-27 00:29:49,945 [main] INFO  c.p.b.e.r.g.ResultGraphBuilder.save - graph saved. C:/Dev/experiment/expr10/result//243/11/3T/11_3T_246_nopattern_nopattern_39105_EXP1_3_0.0_0.0.png
2025-11-27 00:29:50,231 [main] INFO  c.p.b.e.r.g.ResultGraphBuilder.save - graph saved. C:/Dev/experiment/expr10/result//243/11/3T/11_3T_251_nopattern_nopattern_39105_EXP1_-7_0.0_0.0.png
2025-11-27 00:29:50,506 [main] INFO  c.p.b.e.r.g.ResultGraphBuilder.save - graph saved. C:/Dev/experiment/expr10/result//243/11/3T/11_3T_253_nopattern_nopattern_39105_EXP1_11_0.0_0.1.png
2025-11-27 00:29:50,849 [main] INFO  c.p.b.e.r.g.ResultGraphBuilder.save - graph saved. C:/Dev/experiment/expr10/result//243/11/3T/11_3T_254_nopattern_nopattern_39105_EXP1_5_0.0_0.1.png
2025-11-27 00:29:51,110 [main] INFO  c.p.b.e.r.g.ResultGraphBuilder.save - graph saved. C:/Dev/experiment/expr10/result//243/11/3T/11_3T_256_nopattern_nopattern_39105_EXP1_-5_0.0_0.0.png
2025-11-27 00:29:51,375 [main] INFO  c.p.b.e.r.g.ResultGraphBuilder.save - graph saved. C:/Dev/experiment/expr10/result//243/11/3T/11_3T_261_nopattern_nopattern_39105_EXP1_-6_0.0_0.1.png
2025-11-27 00:29:51,635 [main] INFO  c.p.b.e.r.g.ResultGraphBuilder.save - graph saved. C:/Dev/experiment/expr10/result//243/11/3T/11_3T_263_nopattern_nopattern_39105_EXP1_-4_0.0_0.1.png
2025-11-27 00:29:51,912 [main] INFO  c.p.b.e.r.g.ResultGraphBuilder.save - graph saved. C:/Dev/experiment/expr10/result//243/11/3T/11_3T_264_nopattern_nopattern_39105_EXP1_-9_0.0_0.0.png
2025-11-27 00:29:52,160 [main] INFO  c.p.b.e.r.g.ResultGraphBuilder.save - graph saved. C:/Dev/experiment/expr10/result//243/11/3T/11_3T_265_nopattern_nopattern_39105_EXP1_-3_0.0_0.0.png
2025-11-27 00:29:52,439 [main] INFO  c.p.b.e.r.g.ResultGraphBuilder.save - graph saved. C:/Dev/experiment/expr10/result//243/11/3T/11_3T_312_nopattern_nopattern_39105_EXP1_2_0.03_1.6.png
2025-11-27 00:29:52,718 [main] INFO  c.p.b.e.r.g.ResultGraphBuilder.save - graph saved. C:/Dev/experiment/expr10/result//243/11/3T/11_3T_314_nopattern_nopattern_39105_EXP1_-176_0.04_3.8.png
2025-11-27 00:29:52,998 [main] INFO  c.p.b.e.r.g.ResultGraphBuilder.save - graph saved. C:/Dev/experiment/expr10/result//243/11/3T/11_3T_315_nopattern_nopattern_39105_EXP1_-89_0.01_1.4.png
2025-11-27 00:29:53,277 [main] INFO  c.p.b.e.r.g.ResultGraphBuilder.save - graph saved. C:/Dev/experiment/expr10/result//243/11/3T/11_3T_316_nopattern_nopattern_39105_EXP1_3_0.01_0.7.png
2025-11-27 00:29:53,549 [main] INFO  c.p.b.e.r.g.ResultGraphBuilder.save - graph saved. C:/Dev/experiment/expr10/result//243/11/3T/11_3T_321_nopattern_nopattern_39105_EXP1_-10_0.0_0.1.png
2025-11-27 00:29:53,819 [main] INFO  c.p.b.e.r.g.ResultGraphBuilder.save - graph saved. C:/Dev/experiment/expr10/result//243/11/3T/11_3T_324_nopattern_nopattern_39105_EXP1_-37_0.0_0.5.png
2025-11-27 00:29:54,089 [main] INFO  c.p.b.e.r.g.ResultGraphBuilder.save - graph saved. C:/Dev/experiment/expr10/result//243/11/3T/11_3T_325_nopattern_nopattern_39105_EXP1_-13_0.0_0.2.png
2025-11-27 00:29:54,359 [main] INFO  c.p.b.e.r.g.ResultGraphBuilder.save - graph saved. C:/Dev/experiment/expr10/result//243/11/3T/11_3T_326_nopattern_nopattern_39105_EXP1_1_0.0_0.2.png
2025-11-27 00:29:54,623 [main] INFO  c.p.b.e.r.g.ResultGraphBuilder.save - graph saved. C:/Dev/experiment/expr10/result//243/11/3T/11_3T_341_nopattern_nopattern_39105_EXP1_-17_0.0_0.1.png
2025-11-27 00:29:54,903 [main] INFO  c.p.b.e.r.g.ResultGraphBuilder.save - graph saved. C:/Dev/experiment/expr10/result//243/11/3T/11_3T_342_nopattern_nopattern_39105_EXP1_-12_0.0_0.1.png
2025-11-27 00:29:55,174 [main] INFO  c.p.b.e.r.g.ResultGraphBuilder.save - graph saved. C:/Dev/experiment/expr10/result//243/11/3T/11_3T_345_nopattern_nopattern_39105_EXP1_-10_0.0_0.1.png
2025-11-27 00:29:55,437 [main] INFO  c.p.b.e.r.g.ResultGraphBuilder.save - graph saved. C:/Dev/experiment/expr10/result//243/11/3T/11_3T_346_nopattern_nopattern_39105_EXP1_15_0.0_0.1.png
2025-11-27 00:29:55,686 [main] INFO  c.p.b.e.r.g.ResultGraphBuilder.save - graph saved. C:/Dev/experiment/expr10/result//243/11/3T/11_3T_351_nopattern_nopattern_39105_EXP1_8_0.0_0.0.png
2025-11-27 00:29:55,937 [main] INFO  c.p.b.e.r.g.ResultGraphBuilder.save - graph saved. C:/Dev/experiment/expr10/result//243/11/3T/11_3T_352_nopattern_nopattern_39105_EXP1_7_0.0_0.0.png
2025-11-27 00:29:56,321 [main] INFO  c.p.b.e.r.g.ResultGraphBuilder.save - graph saved. C:/Dev/experiment/expr10/result//243/11/3T/11_3T_354_nopattern_nopattern_39105_EXP1_9_0.0_0.0.png
2025-11-27 00:29:56,564 [main] INFO  c.p.b.e.r.g.ResultGraphBuilder.save - graph saved. C:/Dev/experiment/expr10/result//243/11/3T/11_3T_356_nopattern_nopattern_39105_EXP1_-3_0.0_0.0.png
2025-11-27 00:29:56,845 [main] INFO  c.p.b.e.r.g.ResultGraphBuilder.save - graph saved. C:/Dev/experiment/expr10/result//243/11/3T/11_3T_361_nopattern_nopattern_39105_EXP1_6_0.0_0.0.png
2025-11-27 00:29:57,121 [main] INFO  c.p.b.e.r.g.ResultGraphBuilder.save - graph saved. C:/Dev/experiment/expr10/result//243/11/3T/11_3T_362_nopattern_nopattern_39105_EXP1_0_0.0_0.0.png
2025-11-27 00:29:57,384 [main] INFO  c.p.b.e.r.g.ResultGraphBuilder.save - graph saved. C:/Dev/experiment/expr10/result//243/11/3T/11_3T_364_nopattern_nopattern_39105_EXP1_6_0.0_0.0.png
2025-11-27 00:29:57,624 [main] INFO  c.p.b.e.r.g.ResultGraphBuilder.save - graph saved. C:/Dev/experiment/expr10/result//243/11/3T/11_3T_365_nopattern_nopattern_39105_EXP1_9_0.0_0.0.png
2025-11-27 00:29:57,906 [main] INFO  c.p.b.e.r.g.ResultGraphBuilder.save - graph saved. C:/Dev/experiment/expr10/result//243/11/3T/11_3T_412_nopattern_nopattern_39105_EXP1_-35_0.01_0.8.png
2025-11-27 00:29:58,176 [main] INFO  c.p.b.e.r.g.ResultGraphBuilder.save - graph saved. C:/Dev/experiment/expr10/result//243/11/3T/11_3T_413_nopattern_nopattern_39105_EXP1_-18_0.0_0.2.png
2025-11-27 00:29:58,452 [main] INFO  c.p.b.e.r.g.ResultGraphBuilder.save - graph saved. C:/Dev/experiment/expr10/result//243/11/3T/11_3T_415_nopattern_nopattern_39105_EXP1_-23_0.0_0.6.png
2025-11-27 00:29:58,724 [main] INFO  c.p.b.e.r.g.ResultGraphBuilder.save - graph saved. C:/Dev/experiment/expr10/result//243/11/3T/11_3T_416_nopattern_nopattern_39105_EXP1_-14_0.0_0.5.png
2025-11-27 00:29:58,998 [main] INFO  c.p.b.e.r.g.ResultGraphBuilder.save - graph saved. C:/Dev/experiment/expr10/result//243/11/3T/11_3T_421_nopattern_nopattern_39105_EXP1_-23_0.0_0.2.png
2025-11-27 00:29:59,236 [main] INFO  c.p.b.e.r.g.ResultGraphBuilder.save - graph saved. C:/Dev/experiment/expr10/result//243/11/3T/11_3T_423_nopattern_nopattern_39105_EXP1_-2_0.0_0.0.png
2025-11-27 00:29:59,513 [main] INFO  c.p.b.e.r.g.ResultGraphBuilder.save - graph saved. C:/Dev/experiment/expr10/result//243/11/3T/11_3T_425_nopattern_nopattern_39105_EXP1_-3_0.0_0.2.png
2025-11-27 00:29:59,792 [main] INFO  c.p.b.e.r.g.ResultGraphBuilder.save - graph saved. C:/Dev/experiment/expr10/result//243/11/3T/11_3T_426_nopattern_nopattern_39105_EXP1_-6_0.0_0.1.png
2025-11-27 00:30:00,060 [main] INFO  c.p.b.e.r.g.ResultGraphBuilder.save - graph saved. C:/Dev/experiment/expr10/result//243/11/3T/11_3T_431_nopattern_nopattern_39105_EXP1_-4_0.0_0.0.png
2025-11-27 00:30:00,334 [main] INFO  c.p.b.e.r.g.ResultGraphBuilder.save - graph saved. C:/Dev/experiment/expr10/result//243/11/3T/11_3T_432_nopattern_nopattern_39105_EXP1_-8_0.0_0.0.png
2025-11-27 00:30:00,603 [main] INFO  c.p.b.e.r.g.ResultGraphBuilder.save - graph saved. C:/Dev/experiment/expr10/result//243/11/3T/11_3T_435_nopattern_nopattern_39105_EXP1_-7_0.0_0.1.png
2025-11-27 00:30:00,864 [main] INFO  c.p.b.e.r.g.ResultGraphBuilder.save - graph saved. C:/Dev/experiment/expr10/result//243/11/3T/11_3T_436_nopattern_nopattern_39105_EXP1_-6_0.0_0.0.png
2025-11-27 00:30:01,130 [main] INFO  c.p.b.e.r.g.ResultGraphBuilder.save - graph saved. C:/Dev/experiment/expr10/result//243/11/3T/11_3T_451_nopattern_nopattern_39105_EXP1_3_0.0_0.2.png
2025-11-27 00:30:01,579 [main] INFO  c.p.b.e.r.g.ResultGraphBuilder.save - graph saved. C:/Dev/experiment/expr10/result//243/11/3T/11_3T_452_nopattern_nopattern_39105_EXP1_-8_0.0_0.0.png
2025-11-27 00:30:01,843 [main] INFO  c.p.b.e.r.g.ResultGraphBuilder.save - graph saved. C:/Dev/experiment/expr10/result//243/11/3T/11_3T_453_nopattern_nopattern_39105_EXP1_24_0.0_0.1.png
2025-11-27 00:30:02,112 [main] INFO  c.p.b.e.r.g.ResultGraphBuilder.save - graph saved. C:/Dev/experiment/expr10/result//243/11/3T/11_3T_456_nopattern_nopattern_39105_EXP1_13_0.0_0.0.png
2025-11-27 00:30:02,369 [main] INFO  c.p.b.e.r.g.ResultGraphBuilder.save - graph saved. C:/Dev/experiment/expr10/result//243/11/3T/11_3T_461_nopattern_nopattern_39105_EXP1_-6_0.0_0.0.png
2025-11-27 00:30:02,618 [main] INFO  c.p.b.e.r.g.ResultGraphBuilder.save - graph saved. C:/Dev/experiment/expr10/result//243/11/3T/11_3T_462_nopattern_nopattern_39105_EXP1_-5_0.0_0.0.png
2025-11-27 00:30:02,851 [main] INFO  c.p.b.e.r.g.ResultGraphBuilder.save - graph saved. C:/Dev/experiment/expr10/result//243/11/3T/11_3T_463_nopattern_nopattern_39105_EXP1_-2_0.0_0.0.png
2025-11-27 00:30:03,118 [main] INFO  c.p.b.e.r.g.ResultGraphBuilder.save - graph saved. C:/Dev/experiment/expr10/result//243/11/3T/11_3T_512_nopattern_nopattern_39105_EXP1_-17_0.0_0.1.png
2025-11-27 00:30:03,389 [main] INFO  c.p.b.e.r.g.ResultGraphBuilder.save - graph saved. C:/Dev/experiment/expr10/result//243/11/3T/11_3T_513_nopattern_nopattern_39105_EXP1_-15_0.0_0.2.png
2025-11-27 00:30:03,658 [main] INFO  c.p.b.e.r.g.ResultGraphBuilder.save - graph saved. C:/Dev/experiment/expr10/result//243/11/3T/11_3T_514_nopattern_nopattern_39105_EXP1_-9_0.0_0.0.png
2025-11-27 00:30:03,924 [main] INFO  c.p.b.e.r.g.ResultGraphBuilder.save - graph saved. C:/Dev/experiment/expr10/result//243/11/3T/11_3T_516_nopattern_nopattern_39105_EXP1_-16_0.0_0.1.png
2025-11-27 00:30:04,169 [main] INFO  c.p.b.e.r.g.ResultGraphBuilder.save - graph saved. C:/Dev/experiment/expr10/result//243/11/3T/11_3T_521_nopattern_nopattern_39105_EXP1_-4_0.0_0.0.png
2025-11-27 00:30:04,407 [main] INFO  c.p.b.e.r.g.ResultGraphBuilder.save - graph saved. C:/Dev/experiment/expr10/result//243/11/3T/11_3T_523_nopattern_nopattern_39105_EXP1_10_0.0_0.0.png
2025-11-27 00:30:04,623 [main] INFO  c.p.b.e.r.g.ResultGraphBuilder.save - graph saved. C:/Dev/experiment/expr10/result//243/11/3T/11_3T_524_nopattern_nopattern_39105_EXP1_-1_0.0_0.0.png
2025-11-27 00:30:04,865 [main] INFO  c.p.b.e.r.g.ResultGraphBuilder.save - graph saved. C:/Dev/experiment/expr10/result//243/11/3T/11_3T_526_nopattern_nopattern_39105_EXP1_10_0.0_0.0.png
2025-11-27 00:30:05,151 [main] INFO  c.p.b.e.r.g.ResultGraphBuilder.save - graph saved. C:/Dev/experiment/expr10/result//243/11/3T/11_3T_531_nopattern_nopattern_39105_EXP1_-1_0.0_0.0.png
2025-11-27 00:30:05,386 [main] INFO  c.p.b.e.r.g.ResultGraphBuilder.save - graph saved. C:/Dev/experiment/expr10/result//243/11/3T/11_3T_532_nopattern_nopattern_39105_EXP1_-2_0.0_0.0.png
2025-11-27 00:30:05,645 [main] INFO  c.p.b.e.r.g.ResultGraphBuilder.save - graph saved. C:/Dev/experiment/expr10/result//243/11/3T/11_3T_536_nopattern_nopattern_39105_EXP1_-4_0.0_0.0.png
2025-11-27 00:30:05,900 [main] INFO  c.p.b.e.r.g.ResultGraphBuilder.save - graph saved. C:/Dev/experiment/expr10/result//243/11/3T/11_3T_541_nopattern_nopattern_39105_EXP1_-5_0.0_0.0.png
2025-11-27 00:30:06,127 [main] INFO  c.p.b.e.r.g.ResultGraphBuilder.save - graph saved. C:/Dev/experiment/expr10/result//243/11/3T/11_3T_542_nopattern_nopattern_39105_EXP1_-1_0.0_0.0.png
2025-11-27 00:30:06,350 [main] INFO  c.p.b.e.r.g.ResultGraphBuilder.save - graph saved. C:/Dev/experiment/expr10/result//243/11/3T/11_3T_546_nopattern_nopattern_39105_EXP1_-1_0.0_0.0.png
2025-11-27 00:30:06,627 [main] INFO  c.p.b.e.r.g.ResultGraphBuilder.save - graph saved. C:/Dev/experiment/expr10/result//243/11/3T/11_3T_561_nopattern_nopattern_39105_EXP1_0_0.0_0.0.png
2025-11-27 00:30:06,861 [main] INFO  c.p.b.e.r.g.ResultGraphBuilder.save - graph saved. C:/Dev/experiment/expr10/result//243/11/3T/11_3T_562_nopattern_nopattern_39105_EXP1_-1_0.0_0.0.png
2025-11-27 00:30:07,082 [main] INFO  c.p.b.e.r.g.ResultGraphBuilder.save - graph saved. C:/Dev/experiment/expr10/result//243/11/3T/11_3T_563_nopattern_nopattern_39105_EXP1_-1_0.0_0.0.png
2025-11-27 00:30:07,347 [main] INFO  c.p.b.e.r.g.ResultGraphBuilder.save - graph saved. C:/Dev/experiment/expr10/result//243/11/3T/11_3T_612_nopattern_nopattern_39105_EXP1_9_0.0_0.1.png
2025-11-27 00:30:07,609 [main] INFO  c.p.b.e.r.g.ResultGraphBuilder.save - graph saved. C:/Dev/experiment/expr10/result//243/11/3T/11_3T_613_nopattern_nopattern_39105_EXP1_-9_0.0_0.1.png
2025-11-27 00:30:07,876 [main] INFO  c.p.b.e.r.g.ResultGraphBuilder.save - graph saved. C:/Dev/experiment/expr10/result//243/11/3T/11_3T_614_nopattern_nopattern_39105_EXP1_21_0.0_0.0.png
2025-11-27 00:30:08,133 [main] INFO  c.p.b.e.r.g.ResultGraphBuilder.save - graph saved. C:/Dev/experiment/expr10/result//243/11/3T/11_3T_615_nopattern_nopattern_39105_EXP1_-7_0.0_0.0.png
2025-11-27 00:30:08,372 [main] INFO  c.p.b.e.r.g.ResultGraphBuilder.save - graph saved. C:/Dev/experiment/expr10/result//243/11/3T/11_3T_621_nopattern_nopattern_39105_EXP1_-3_0.0_0.0.png
2025-11-27 00:30:08,588 [main] INFO  c.p.b.e.r.g.ResultGraphBuilder.save - graph saved. C:/Dev/experiment/expr10/result//243/11/3T/11_3T_623_nopattern_nopattern_39105_EXP1_-1_0.0_0.0.png
2025-11-27 00:30:08,812 [main] INFO  c.p.b.e.r.g.ResultGraphBuilder.save - graph saved. C:/Dev/experiment/expr10/result//243/11/3T/11_3T_624_nopattern_nopattern_39105_EXP1_3_0.0_0.0.png
2025-11-27 00:30:09,027 [main] INFO  c.p.b.e.r.g.ResultGraphBuilder.save - graph saved. C:/Dev/experiment/expr10/result//243/11/3T/11_3T_625_nopattern_nopattern_39105_EXP1_-1_0.0_0.0.png
2025-11-27 00:30:09,239 [main] INFO  c.p.b.e.r.g.ResultGraphBuilder.save - graph saved. C:/Dev/experiment/expr10/result//243/11/3T/11_3T_631_nopattern_nopattern_39105_EXP1_0_0.0_0.0.png
2025-11-27 00:30:09,473 [main] INFO  c.p.b.e.r.g.ResultGraphBuilder.save - graph saved. C:/Dev/experiment/expr10/result//243/11/3T/11_3T_632_nopattern_nopattern_39105_EXP1_-3_0.0_0.0.png
2025-11-27 00:30:09,691 [main] INFO  c.p.b.e.r.g.ResultGraphBuilder.save - graph saved. C:/Dev/experiment/expr10/result//243/11/3T/11_3T_634_nopattern_nopattern_39105_EXP1_-1_0.0_0.0.png
2025-11-27 00:30:09,923 [main] INFO  c.p.b.e.r.g.ResultGraphBuilder.save - graph saved. C:/Dev/experiment/expr10/result//243/11/3T/11_3T_635_nopattern_nopattern_39105_EXP1_-1_0.0_0.0.png
2025-11-27 00:30:10,168 [main] INFO  c.p.b.e.r.g.ResultGraphBuilder.save - graph saved. C:/Dev/experiment/expr10/result//243/11/3T/11_3T_641_nopattern_nopattern_39105_EXP1_-3_0.0_0.0.png
2025-11-27 00:30:10,399 [main] INFO  c.p.b.e.r.g.ResultGraphBuilder.save - graph saved. C:/Dev/experiment/expr10/result//243/11/3T/11_3T_643_nopattern_nopattern_39105_EXP1_-2_0.0_0.0.png
2025-11-27 00:30:10,616 [main] INFO  c.p.b.e.r.g.ResultGraphBuilder.save - graph saved. C:/Dev/experiment/expr10/result//243/11/3T/11_3T_651_nopattern_nopattern_39105_EXP1_-1_0.0_0.0.png
2025-11-27 00:30:10,836 [main] INFO  c.p.b.e.r.g.ResultGraphBuilder.save - graph saved. C:/Dev/experiment/expr10/result//243/11/3T/11_3T_652_nopattern_nopattern_39105_EXP1_-1_0.0_0.0.png
2025-11-27 00:30:11,049 [main] INFO  c.p.b.e.r.g.ResultGraphBuilder.save - graph saved. C:/Dev/experiment/expr10/result//243/11/3T/11_3T_653_nopattern_nopattern_39105_EXP1_-1_0.0_0.0.png
2025-11-27 00:54:16,252 [main] INFO  c.p.b.u.DatabaseUtil.open - open targetDb: mybatis-config.0.xml
2025-11-27 00:54:25,326 [main] DEBUG c.p.b.e.MLResultGenerator.executeExperiment - db data retrieved. 20210604~20220603
2025-11-27 00:54:25,327 [main] INFO  c.p.b.u.DatabaseUtil.open - open targetDb: mybatis-config.0.xml
2025-11-27 00:54:33,976 [main] INFO  c.p.b.u.DatabaseUtil.open - open targetDb: mybatis-config.0.xml
2025-11-27 00:54:43,752 [main] DEBUG c.p.b.e.MLResultGenerator.executeExperiment - 243 processed... 20210604/20220603
2025-11-27 00:54:44,531 [main] DEBUG c.p.b.e.MLResultGenerator.executeExperiment - db data retrieved. 20210604~20220603
2025-11-27 00:54:44,532 [main] INFO  c.p.b.u.DatabaseUtil.open - open targetDb: mybatis-config.0.xml
2025-11-27 00:54:44,806 [main] INFO  c.p.b.u.DatabaseUtil.open - open targetDb: mybatis-config.0.xml
2025-11-27 00:54:45,718 [main] DEBUG c.p.b.e.MLResultGenerator.executeExperiment - 243 processed... 20210605/20220603
2025-11-27 00:54:46,574 [main] DEBUG c.p.b.e.MLResultGenerator.executeExperiment - 243 processed... 20210606/20220603
2025-11-27 00:54:47,448 [main] DEBUG c.p.b.e.MLResultGenerator.executeExperiment - 243 processed... 20210607/20220603
2025-11-27 00:54:48,224 [main] DEBUG c.p.b.e.MLResultGenerator.executeExperiment - 243 processed... 20210608/20220603
2025-11-27 00:54:49,242 [main] DEBUG c.p.b.e.MLResultGenerator.executeExperiment - 243 processed... 20210609/20220603
2025-11-27 00:54:50,171 [main] DEBUG c.p.b.e.MLResultGenerator.executeExperiment - 243 processed... 20210610/20220603
2025-11-27 00:54:51,033 [main] DEBUG c.p.b.e.MLResultGenerator.executeExperiment - 243 processed... 20210611/20220603
2025-11-27 00:54:51,981 [main] DEBUG c.p.b.e.MLResultGenerator.executeExperiment - 243 processed... 20210612/20220603
2025-11-27 00:54:52,801 [main] DEBUG c.p.b.e.MLResultGenerator.executeExperiment - 243 processed... 20210613/20220603
2025-11-27 00:54:53,589 [main] DEBUG c.p.b.e.MLResultGenerator.executeExperiment - 243 processed... 20210614/20220603
2025-11-27 00:54:54,556 [main] DEBUG c.p.b.e.MLResultGenerator.executeExperiment - 243 processed... 20210615/20220603
2025-11-27 00:54:55,017 [main] DEBUG c.p.b.e.MLResultGenerator.executeExperiment - db data retrieved. 20210604~20220603
2025-11-27 00:54:55,018 [main] INFO  c.p.b.u.DatabaseUtil.open - open targetDb: mybatis-config.0.xml
2025-11-27 00:54:55,536 [main] DEBUG c.p.b.e.MLResultGenerator.executeExperiment - 243 processed... 20210616/20220603
2025-11-27 00:54:56,335 [main] DEBUG c.p.b.e.MLResultGenerator.executeExperiment - 243 processed... 20210617/20220603
2025-11-27 00:54:57,234 [main] DEBUG c.p.b.e.MLResultGenerator.executeExperiment - 243 processed... 20210618/20220603
2025-11-27 00:54:58,063 [main] DEBUG c.p.b.e.MLResultGenerator.executeExperiment - 243 processed... 20210619/20220603
2025-11-27 00:55:47,394 [main] INFO  c.p.b.u.DatabaseUtil.open - open targetDb: mybatis-config.0.xml
2025-11-27 00:55:51,297 [main] INFO  c.p.b.u.DatabaseUtil.open - open targetDb: mybatis-config.0.xml
2025-11-27 00:55:54,488 [main] DEBUG c.p.b.e.MLResultGenerator.executeExperiment - db data retrieved. 20210604~20220603
2025-11-27 00:55:54,489 [main] INFO  c.p.b.u.DatabaseUtil.open - open targetDb: mybatis-config.0.xml
2025-11-27 00:55:54,969 [main] INFO  c.p.b.u.DatabaseUtil.open - open targetDb: mybatis-config.0.xml
2025-11-27 00:55:55,558 [main] DEBUG c.p.b.e.MLResultGenerator.executeExperiment - 245 processed... 20210604/20220603
2025-11-27 00:55:55,750 [main] DEBUG c.p.b.e.MLResultGenerator.executeExperiment - 245 processed... 20210605/20220603
2025-11-27 00:55:56,046 [main] DEBUG c.p.b.e.MLResultGenerator.executeExperiment - 245 processed... 20210606/20220603
2025-11-27 00:55:56,316 [main] DEBUG c.p.b.e.MLResultGenerator.executeExperiment - 245 processed... 20210607/20220603
2025-11-27 00:55:56,515 [main] DEBUG c.p.b.e.MLResultGenerator.executeExperiment - 245 processed... 20210608/20220603
2025-11-27 00:55:56,710 [main] DEBUG c.p.b.e.MLResultGenerator.executeExperiment - 245 processed... 20210609/20220603
2025-11-27 00:55:56,913 [main] DEBUG c.p.b.e.MLResultGenerator.executeExperiment - 245 processed... 20210610/20220603
2025-11-27 00:55:57,014 [main] DEBUG c.p.b.e.MLResultGenerator.executeExperiment - 245 processed... 20210611/20220603
2025-11-27 00:55:57,100 [main] DEBUG c.p.b.e.MLResultGenerator.executeExperiment - 245 processed... 20210622/20220603
2025-11-27 00:55:57,211 [main] DEBUG c.p.b.e.MLResultGenerator.executeExperiment - 245 processed... 20210623/20220603
2025-11-27 00:55:57,320 [main] DEBUG c.p.b.e.MLResultGenerator.executeExperiment - 245 processed... 20210624/20220603
2025-11-27 00:55:57,389 [main] DEBUG c.p.b.e.MLResultGenerator.executeExperiment - 245 processed... 20210625/20220603
2025-11-27 00:55:57,480 [main] DEBUG c.p.b.e.MLResultGenerator.executeExperiment - 245 processed... 20210626/20220603
2025-11-27 00:55:57,601 [main] DEBUG c.p.b.e.MLResultGenerator.executeExperiment - 245 processed... 20210627/20220603
2025-11-27 00:55:57,778 [main] DEBUG c.p.b.e.MLResultGenerator.executeExperiment - 245 processed... 20210629/20220603
2025-11-27 00:55:57,870 [main] DEBUG c.p.b.e.MLResultGenerator.executeExperiment - 245 processed... 20210630/20220603
2025-11-27 00:55:57,990 [main] DEBUG c.p.b.e.MLResultGenerator.executeExperiment - 245 processed... 20210701/20220603
2025-11-27 00:55:58,092 [main] DEBUG c.p.b.e.MLResultGenerator.executeExperiment - 245 processed... 20210702/20220603
2025-11-27 00:55:58,221 [main] DEBUG c.p.b.e.MLResultGenerator.executeExperiment - 245 processed... 20210703/20220603
2025-11-27 00:55:58,353 [main] DEBUG c.p.b.e.MLResultGenerator.executeExperiment - 245 processed... 20210704/20220603
2025-11-27 00:55:58,456 [main] DEBUG c.p.b.e.MLResultGenerator.executeExperiment - 245 processed... 20210706/20220603
2025-11-27 00:55:58,590 [main] DEBUG c.p.b.e.MLResultGenerator.executeExperiment - 245 processed... 20210707/20220603
2025-11-27 00:55:58,695 [main] DEBUG c.p.b.e.MLResultGenerator.executeExperiment - 245 processed... 20210708/20220603
2025-11-27 00:55:58,901 [main] DEBUG c.p.b.e.MLResultGenerator.executeExperiment - 245 processed... 20210709/20220603
2025-11-27 00:55:59,003 [main] DEBUG c.p.b.e.MLResultGenerator.executeExperiment - 245 processed... 20210710/20220603
2025-11-27 00:55:59,090 [main] DEBUG c.p.b.e.MLResultGenerator.executeExperiment - 245 processed... 20210711/20220603
2025-11-27 00:55:59,157 [main] DEBUG c.p.b.e.MLResultGenerator.executeExperiment - 245 processed... 20210713/20220603
2025-11-27 00:55:59,228 [main] DEBUG c.p.b.e.MLResultGenerator.executeExperiment - 245 processed... 20210714/20220603
2025-11-27 00:55:59,321 [main] DEBUG c.p.b.e.MLResultGenerator.executeExperiment - 245 processed... 20210715/20220603
2025-11-27 00:55:59,387 [main] DEBUG c.p.b.e.MLResultGenerator.executeExperiment - 245 processed... 20210716/20220603
2025-11-27 00:55:59,439 [main] DEBUG c.p.b.e.MLResultGenerator.executeExperiment - 245 processed... 20210717/20220603
2025-11-27 00:55:59,500 [main] DEBUG c.p.b.e.MLResultGenerator.executeExperiment - 245 processed... 20210718/20220603
2025-11-27 00:55:59,572 [main] DEBUG c.p.b.e.MLResultGenerator.executeExperiment - 245 processed... 20210720/20220603
2025-11-27 00:55:59,656 [main] DEBUG c.p.b.e.MLResultGenerator.executeExperiment - 245 processed... 20210721/20220603
2025-11-27 00:55:59,735 [main] DEBUG c.p.b.e.MLResultGenerator.executeExperiment - 245 processed... 20210722/20220603
2025-11-27 00:55:59,823 [main] DEBUG c.p.b.e.MLResultGenerator.executeExperiment - 245 processed... 20210723/20220603
2025-11-27 00:55:59,910 [main] DEBUG c.p.b.e.MLResultGenerator.executeExperiment - 245 processed... 20210724/20220603
2025-11-27 00:56:00,002 [main] DEBUG c.p.b.e.MLResultGenerator.executeExperiment - 245 processed... 20210725/20220603
2025-11-27 00:56:00,076 [main] DEBUG c.p.b.e.MLResultGenerator.executeExperiment - 245 processed... 20210727/20220603
2025-11-27 00:56:00,135 [main] DEBUG c.p.b.e.MLResultGenerator.executeExperiment - 245 processed... 20210728/20220603
2025-11-27 00:56:00,194 [main] DEBUG c.p.b.e.MLResultGenerator.executeExperiment - 245 processed... 20210729/20220603
2025-11-27 00:56:00,262 [main] DEBUG c.p.b.e.MLResultGenerator.executeExperiment - 245 processed... 20210730/20220603
2025-11-27 00:56:00,331 [main] DEBUG c.p.b.e.MLResultGenerator.executeExperiment - 245 processed... 20210731/20220603
2025-11-27 00:56:00,392 [main] DEBUG c.p.b.e.MLResultGenerator.executeExperiment - 245 processed... 20210801/20220603
2025-11-27 00:56:00,455 [main] DEBUG c.p.b.e.MLResultGenerator.executeExperiment - 245 processed... 20210804/20220603
2025-11-27 00:56:00,537 [main] DEBUG c.p.b.e.MLResultGenerator.executeExperiment - 245 processed... 20210805/20220603
2025-11-27 00:56:00,624 [main] DEBUG c.p.b.e.MLResultGenerator.executeExperiment - 245 processed... 20210806/20220603
2025-11-27 00:56:00,706 [main] DEBUG c.p.b.e.MLResultGenerator.executeExperiment - 245 processed... 20210807/20220603
2025-11-27 00:56:00,790 [main] DEBUG c.p.b.e.MLResultGenerator.executeExperiment - 245 processed... 20210808/20220603
2025-11-27 00:56:00,866 [main] DEBUG c.p.b.e.MLResultGenerator.executeExperiment - 245 processed... 20210810/20220603
2025-11-27 00:56:00,943 [main] DEBUG c.p.b.e.MLResultGenerator.executeExperiment - 245 processed... 20210824/20220603
2025-11-27 00:56:01,087 [main] DEBUG c.p.b.e.MLResultGenerator.executeExperiment - 245 processed... 20210825/20220603
2025-11-27 00:56:01,160 [main] DEBUG c.p.b.e.MLResultGenerator.executeExperiment - 245 processed... 20210826/20220603
2025-11-27 00:56:01,230 [main] DEBUG c.p.b.e.MLResultGenerator.executeExperiment - 245 processed... 20210827/20220603
2025-11-27 00:56:01,299 [main] DEBUG c.p.b.e.MLResultGenerator.executeExperiment - 245 processed... 20210828/20220603
2025-11-27 00:56:01,375 [main] DEBUG c.p.b.e.MLResultGenerator.executeExperiment - 245 processed... 20210829/20220603
2025-11-27 00:56:01,456 [main] DEBUG c.p.b.e.MLResultGenerator.executeExperiment - 245 processed... 20210902/20220603
2025-11-27 00:56:01,530 [main] DEBUG c.p.b.e.MLResultGenerator.executeExperiment - 245 processed... 20210903/20220603
2025-11-27 00:56:01,607 [main] DEBUG c.p.b.e.MLResultGenerator.executeExperiment - 245 processed... 20210904/20220603
2025-11-27 00:56:01,821 [main] DEBUG c.p.b.e.MLResultGenerator.executeExperiment - 245 processed... 20210905/20220603
2025-11-27 00:56:01,963 [main] DEBUG c.p.b.e.MLResultGenerator.executeExperiment - 245 processed... 20210906/20220603
2025-11-27 00:56:02,084 [main] DEBUG c.p.b.e.MLResultGenerator.executeExperiment - db data retrieved. 20210604~20220603
2025-11-27 00:56:02,085 [main] INFO  c.p.b.u.DatabaseUtil.open - open targetDb: mybatis-config.0.xml
2025-11-27 00:56:02,131 [main] DEBUG c.p.b.e.MLResultGenerator.executeExperiment - 245 processed... 20210907/20220603
2025-11-27 00:56:02,237 [main] DEBUG c.p.b.e.MLResultGenerator.executeExperiment - 245 processed... 20210908/20220603
2025-11-27 00:56:02,401 [main] DEBUG c.p.b.e.MLResultGenerator.executeExperiment - 245 processed... 20210909/20220603
2025-11-27 00:56:02,490 [main] DEBUG c.p.b.e.MLResultGenerator.executeExperiment - 245 processed... 20210910/20220603
2025-11-27 00:56:02,631 [main] DEBUG c.p.b.e.MLResultGenerator.executeExperiment - 245 processed... 20210911/20220603
2025-11-27 00:56:02,968 [main] DEBUG c.p.b.e.MLResultGenerator.executeExperiment - 245 processed... 20210912/20220603
2025-11-27 00:56:03,052 [main] DEBUG c.p.b.e.MLResultGenerator.executeExperiment - 245 processed... 20210913/20220603
2025-11-27 00:56:03,162 [main] DEBUG c.p.b.e.MLResultGenerator.executeExperiment - 245 processed... 20210914/20220603
2025-11-27 00:56:03,478 [main] DEBUG c.p.b.e.MLResultGenerator.executeExperiment - 245 processed... 20210915/20220603
2025-11-27 00:56:03,622 [main] DEBUG c.p.b.e.MLResultGenerator.executeExperiment - 245 processed... 20210916/20220603
2025-11-27 00:56:03,705 [main] DEBUG c.p.b.e.MLResultGenerator.executeExperiment - 245 processed... 20210917/20220603
2025-11-27 00:56:03,800 [main] DEBUG c.p.b.e.MLResultGenerator.executeExperiment - 245 processed... 20210919/20220603
2025-11-27 00:56:03,921 [main] DEBUG c.p.b.e.MLResultGenerator.executeExperiment - 245 processed... 20210920/20220603
2025-11-27 00:56:04,078 [main] DEBUG c.p.b.e.MLResultGenerator.executeExperiment - 244 processed... 20210604/20220603
2025-11-27 00:56:04,102 [main] DEBUG c.p.b.e.MLResultGenerator.executeExperiment - 245 processed... 20210921/20220603
2025-11-27 00:56:04,176 [main] DEBUG c.p.b.e.MLResultGenerator.executeExperiment - 245 processed... 20210922/20220603
2025-11-27 00:56:04,252 [main] DEBUG c.p.b.e.MLResultGenerator.executeExperiment - 245 processed... 20210923/20220603
2025-11-27 00:56:04,326 [main] DEBUG c.p.b.e.MLResultGenerator.executeExperiment - 245 processed... 20210924/20220603
2025-11-27 00:56:04,405 [main] DEBUG c.p.b.e.MLResultGenerator.executeExperiment - 245 processed... 20210925/20220603
2025-11-27 00:56:04,491 [main] DEBUG c.p.b.e.MLResultGenerator.executeExperiment - 245 processed... 20210926/20220603
2025-11-27 00:56:04,583 [main] DEBUG c.p.b.e.MLResultGenerator.executeExperiment - 245 processed... 20210927/20220603
2025-11-27 00:56:04,652 [main] DEBUG c.p.b.e.MLResultGenerator.executeExperiment - 245 processed... 20210928/20220603
2025-11-27 00:56:04,724 [main] DEBUG c.p.b.e.MLResultGenerator.executeExperiment - 245 processed... 20210929/20220603
2025-11-27 00:56:04,801 [main] DEBUG c.p.b.e.MLResultGenerator.executeExperiment - 245 processed... 20210930/20220603
2025-11-27 00:56:04,901 [main] DEBUG c.p.b.e.MLResultGenerator.executeExperiment - 245 processed... 20211001/20220603
2025-11-27 00:56:04,976 [main] DEBUG c.p.b.e.MLResultGenerator.executeExperiment - 244 processed... 20210605/20220603
2025-11-27 00:56:04,983 [main] DEBUG c.p.b.e.MLResultGenerator.executeExperiment - 245 processed... 20211002/20220603
2025-11-27 00:56:05,060 [main] DEBUG c.p.b.e.MLResultGenerator.executeExperiment - 245 processed... 20211003/20220603
2025-11-27 00:56:05,148 [main] DEBUG c.p.b.e.MLResultGenerator.executeExperiment - 245 processed... 20211004/20220603
2025-11-27 00:56:05,219 [main] DEBUG c.p.b.e.MLResultGenerator.executeExperiment - 245 processed... 20211005/20220603
2025-11-27 00:56:05,288 [main] DEBUG c.p.b.e.MLResultGenerator.executeExperiment - 245 processed... 20211006/20220603
2025-11-27 00:56:05,359 [main] DEBUG c.p.b.e.MLResultGenerator.executeExperiment - 245 processed... 20211007/20220603
2025-11-27 00:56:05,431 [main] DEBUG c.p.b.e.MLResultGenerator.executeExperiment - 245 processed... 20211008/20220603
2025-11-27 00:56:05,506 [main] DEBUG c.p.b.e.MLResultGenerator.executeExperiment - 245 processed... 20211009/20220603
2025-11-27 00:56:05,555 [main] DEBUG c.p.b.e.MLResultGenerator.executeExperiment - 244 processed... 20210606/20220603
2025-11-27 00:56:05,576 [main] DEBUG c.p.b.e.MLResultGenerator.executeExperiment - 245 processed... 20211010/20220603
2025-11-27 00:56:05,639 [main] DEBUG c.p.b.e.MLResultGenerator.executeExperiment - 245 processed... 20211011/20220603
2025-11-27 00:56:05,698 [main] DEBUG c.p.b.e.MLResultGenerator.executeExperiment - 245 processed... 20211012/20220603
2025-11-27 00:56:05,765 [main] DEBUG c.p.b.e.MLResultGenerator.executeExperiment - 245 processed... 20211013/20220603
2025-11-27 00:56:05,841 [main] DEBUG c.p.b.e.MLResultGenerator.executeExperiment - 245 processed... 20211014/20220603
2025-11-27 00:56:05,884 [main] DEBUG c.p.b.e.MLResultGenerator.executeExperiment - 245 processed... 20211015/20220603
2025-11-27 00:56:05,927 [main] DEBUG c.p.b.e.MLResultGenerator.executeExperiment - 245 processed... 20211016/20220603
2025-11-27 00:56:05,985 [main] DEBUG c.p.b.e.MLResultGenerator.executeExperiment - 245 processed... 20211017/20220603
2025-11-27 00:56:06,087 [main] DEBUG c.p.b.e.MLResultGenerator.executeExperiment - 245 processed... 20211018/20220603
2025-11-27 00:56:06,135 [main] DEBUG c.p.b.e.MLResultGenerator.executeExperiment - 245 processed... 20211019/20220603
2025-11-27 00:56:06,183 [main] DEBUG c.p.b.e.MLResultGenerator.executeExperiment - 244 processed... 20210607/20220603
2025-11-27 00:56:06,220 [main] DEBUG c.p.b.e.MLResultGenerator.executeExperiment - 245 processed... 20211020/20220603
2025-11-27 00:56:06,286 [main] DEBUG c.p.b.e.MLResultGenerator.executeExperiment - 245 processed... 20211021/20220603
2025-11-27 00:56:06,354 [main] DEBUG c.p.b.e.MLResultGenerator.executeExperiment - 245 processed... 20211022/20220603
2025-11-27 00:56:06,417 [main] DEBUG c.p.b.e.MLResultGenerator.executeExperiment - 245 processed... 20211023/20220603
2025-11-27 00:56:06,500 [main] DEBUG c.p.b.e.MLResultGenerator.executeExperiment - 245 processed... 20211024/20220603
2025-11-27 00:56:06,574 [main] DEBUG c.p.b.e.MLResultGenerator.executeExperiment - 245 processed... 20211025/20220603
2025-11-27 00:56:06,635 [main] DEBUG c.p.b.e.MLResultGenerator.executeExperiment - 245 processed... 20211026/20220603
2025-11-27 00:56:06,711 [main] DEBUG c.p.b.e.MLResultGenerator.executeExperiment - 245 processed... 20211027/20220603
2025-11-27 00:56:06,781 [main] DEBUG c.p.b.e.MLResultGenerator.executeExperiment - 245 processed... 20211028/20220603
2025-11-27 00:56:06,806 [main] DEBUG c.p.b.e.MLResultGenerator.executeExperiment - 244 processed... 20210608/20220603
2025-11-27 00:56:06,837 [main] DEBUG c.p.b.e.MLResultGenerator.executeExperiment - 245 processed... 20211029/20220603
2025-11-27 00:56:06,906 [main] DEBUG c.p.b.e.MLResultGenerator.executeExperiment - 245 processed... 20211030/20220603
2025-11-27 00:56:06,968 [main] DEBUG c.p.b.e.MLResultGenerator.executeExperiment - 245 processed... 20211031/20220603
2025-11-27 00:56:07,035 [main] DEBUG c.p.b.e.MLResultGenerator.executeExperiment - 245 processed... 20211104/20220603
2025-11-27 00:56:07,103 [main] DEBUG c.p.b.e.MLResultGenerator.executeExperiment - 245 processed... 20211105/20220603
2025-11-27 00:56:07,183 [main] DEBUG c.p.b.e.MLResultGenerator.executeExperiment - 245 processed... 20211106/20220603
2025-11-27 00:56:07,269 [main] DEBUG c.p.b.e.MLResultGenerator.executeExperiment - 245 processed... 20211107/20220603
2025-11-27 00:56:07,352 [main] DEBUG c.p.b.e.MLResultGenerator.executeExperiment - 245 processed... 20211108/20220603
2025-11-27 00:56:07,429 [main] DEBUG c.p.b.e.MLResultGenerator.executeExperiment - 245 processed... 20211109/20220603
2025-11-27 00:56:07,496 [main] DEBUG c.p.b.e.MLResultGenerator.executeExperiment - 245 processed... 20211110/20220603
2025-11-27 00:56:07,552 [main] DEBUG c.p.b.e.MLResultGenerator.executeExperiment - 245 processed... 20211111/20220603
2025-11-27 00:56:07,623 [main] DEBUG c.p.b.e.MLResultGenerator.executeExperiment - 245 processed... 20211112/20220603
2025-11-27 00:56:07,694 [main] DEBUG c.p.b.e.MLResultGenerator.executeExperiment - 245 processed... 20211113/20220603
2025-11-27 00:56:07,813 [main] DEBUG c.p.b.e.MLResultGenerator.executeExperiment - 244 processed... 20210609/20220603
2025-11-27 00:56:07,920 [main] DEBUG c.p.b.e.MLResultGenerator.executeExperiment - 245 processed... 20211114/20220603
2025-11-27 00:56:07,932 [main] DEBUG c.p.b.e.MLResultGenerator.executeExperiment - db data retrieved. 20210604~20220603
2025-11-27 00:56:07,933 [main] INFO  c.p.b.u.DatabaseUtil.open - open targetDb: mybatis-config.0.xml
2025-11-27 00:56:08,110 [main] DEBUG c.p.b.e.MLResultGenerator.executeExperiment - 245 processed... 20211115/20220603
2025-11-27 00:56:08,204 [main] DEBUG c.p.b.e.MLResultGenerator.executeExperiment - 245 processed... 20211116/20220603
2025-11-27 00:56:08,281 [main] DEBUG c.p.b.e.MLResultGenerator.executeExperiment - 245 processed... 20211117/20220603
2025-11-27 00:56:08,386 [main] DEBUG c.p.b.e.MLResultGenerator.executeExperiment - 245 processed... 20211118/20220603
2025-11-27 00:56:08,477 [main] DEBUG c.p.b.e.MLResultGenerator.executeExperiment - 245 processed... 20211119/20220603
2025-11-27 00:56:08,541 [main] DEBUG c.p.b.e.MLResultGenerator.executeExperiment - 245 processed... 20211123/20220603
2025-11-27 00:56:08,610 [main] DEBUG c.p.b.e.MLResultGenerator.executeExperiment - 245 processed... 20211124/20220603
2025-11-27 00:56:08,687 [main] DEBUG c.p.b.e.MLResultGenerator.executeExperiment - 245 processed... 20211125/20220603
2025-11-27 00:56:08,773 [main] DEBUG c.p.b.e.MLResultGenerator.executeExperiment - 245 processed... 20211126/20220603
2025-11-27 00:56:08,863 [main] DEBUG c.p.b.e.MLResultGenerator.executeExperiment - 245 processed... 20211127/20220603
2025-11-27 00:56:08,875 [main] DEBUG c.p.b.e.MLResultGenerator.executeExperiment - 244 processed... 20210610/20220603
2025-11-27 00:56:08,954 [main] DEBUG c.p.b.e.MLResultGenerator.executeExperiment - 245 processed... 20211128/20220603
2025-11-27 00:56:09,034 [main] DEBUG c.p.b.e.MLResultGenerator.executeExperiment - 245 processed... 20211204/20220603
2025-11-27 00:56:09,111 [main] DEBUG c.p.b.e.MLResultGenerator.executeExperiment - 245 processed... 20211205/20220603
2025-11-27 00:56:09,206 [main] DEBUG c.p.b.e.MLResultGenerator.executeExperiment - 245 processed... 20211206/20220603
2025-11-27 00:56:09,289 [main] DEBUG c.p.b.e.MLResultGenerator.executeExperiment - 245 processed... 20211207/20220603
2025-11-27 00:56:09,323 [main] DEBUG c.p.b.e.MLResultGenerator.executeExperiment - 245 processed... 20211208/20220603
2025-11-27 00:56:09,367 [main] DEBUG c.p.b.e.MLResultGenerator.executeExperiment - 245 processed... 20211209/20220603
2025-11-27 00:56:09,411 [main] DEBUG c.p.b.e.MLResultGenerator.executeExperiment - 245 processed... 20211210/20220603
2025-11-27 00:56:09,454 [main] DEBUG c.p.b.e.MLResultGenerator.executeExperiment - 245 processed... 20211211/20220603
2025-11-27 00:56:09,516 [main] DEBUG c.p.b.e.MLResultGenerator.executeExperiment - 245 processed... 20211212/20220603
2025-11-27 00:56:09,553 [main] DEBUG c.p.b.e.MLResultGenerator.executeExperiment - 245 processed... 20211213/20220603
2025-11-27 00:56:09,611 [main] DEBUG c.p.b.e.MLResultGenerator.executeExperiment - 245 processed... 20211214/20220603
2025-11-27 00:56:09,678 [main] DEBUG c.p.b.e.MLResultGenerator.executeExperiment - 245 processed... 20211215/20220603
2025-11-27 00:56:09,683 [main] DEBUG c.p.b.e.MLResultGenerator.executeExperiment - 246 processed... 20210604/20220603
2025-11-27 00:56:09,743 [main] DEBUG c.p.b.e.MLResultGenerator.executeExperiment - 245 processed... 20211216/20220603
2025-11-27 00:56:09,757 [main] DEBUG c.p.b.e.MLResultGenerator.executeExperiment - 244 processed... 20210611/20220603
2025-11-27 00:56:09,804 [main] DEBUG c.p.b.e.MLResultGenerator.executeExperiment - 245 processed... 20211217/20220603
2025-11-27 00:56:09,941 [main] DEBUG c.p.b.e.MLResultGenerator.executeExperiment - 245 processed... 20211218/20220603
2025-11-27 00:56:10,016 [main] DEBUG c.p.b.e.MLResultGenerator.executeExperiment - 245 processed... 20211219/20220603
2025-11-27 00:56:10,071 [main] DEBUG c.p.b.e.MLResultGenerator.executeExperiment - 245 processed... 20211226/20220603
2025-11-27 00:56:10,135 [main] DEBUG c.p.b.e.MLResultGenerator.executeExperiment - 245 processed... 20211227/20220603
2025-11-27 00:56:10,216 [main] DEBUG c.p.b.e.MLResultGenerator.executeExperiment - 245 processed... 20211228/20220603
2025-11-27 00:56:10,302 [main] DEBUG c.p.b.e.MLResultGenerator.executeExperiment - 245 processed... 20211229/20220603
2025-11-27 00:56:10,367 [main] DEBUG c.p.b.e.MLResultGenerator.executeExperiment - 245 processed... 20211230/20220603
2025-11-27 00:56:10,430 [main] DEBUG c.p.b.e.MLResultGenerator.executeExperiment - 245 processed... 20211231/20220603
2025-11-27 00:56:10,498 [main] DEBUG c.p.b.e.MLResultGenerator.executeExperiment - 245 processed... 20220111/20220603
2025-11-27 00:56:10,562 [main] DEBUG c.p.b.e.MLResultGenerator.executeExperiment - 245 processed... 20220112/20220603
2025-11-27 00:56:10,639 [main] DEBUG c.p.b.e.MLResultGenerator.executeExperiment - 245 processed... 20220113/20220603
2025-11-27 00:56:10,710 [main] DEBUG c.p.b.e.MLResultGenerator.executeExperiment - 245 processed... 20220114/20220603
2025-11-27 00:56:10,745 [main] DEBUG c.p.b.e.MLResultGenerator.executeExperiment - 246 processed... 20210605/20220603
2025-11-27 00:56:10,861 [main] DEBUG c.p.b.e.MLResultGenerator.executeExperiment - 244 processed... 20210612/20220603
2025-11-27 00:56:10,869 [main] DEBUG c.p.b.e.MLResultGenerator.executeExperiment - 245 processed... 20220115/20220603
2025-11-27 00:56:11,034 [main] DEBUG c.p.b.e.MLResultGenerator.executeExperiment - 245 processed... 20220116/20220603
2025-11-27 00:56:11,121 [main] DEBUG c.p.b.e.MLResultGenerator.executeExperiment - 245 processed... 20220117/20220603
2025-11-27 00:56:11,210 [main] DEBUG c.p.b.e.MLResultGenerator.executeExperiment - 245 processed... 20220118/20220603
2025-11-27 00:56:11,303 [main] DEBUG c.p.b.e.MLResultGenerator.executeExperiment - 245 processed... 20220119/20220603
2025-11-27 00:56:11,394 [main] DEBUG c.p.b.e.MLResultGenerator.executeExperiment - 245 processed... 20220120/20220603
2025-11-27 00:56:11,458 [main] DEBUG c.p.b.e.MLResultGenerator.executeExperiment - 245 processed... 20220121/20220603
2025-11-27 00:56:11,538 [main] DEBUG c.p.b.e.MLResultGenerator.executeExperiment - 245 processed... 20220122/20220603
2025-11-27 00:56:11,555 [main] DEBUG c.p.b.e.MLResultGenerator.executeExperiment - 246 processed... 20210606/20220603
2025-11-27 00:56:11,628 [main] DEBUG c.p.b.e.MLResultGenerator.executeExperiment - 245 processed... 20220123/20220603
2025-11-27 00:56:11,696 [main] DEBUG c.p.b.e.MLResultGenerator.executeExperiment - 245 processed... 20220124/20220603
2025-11-27 00:56:11,718 [main] DEBUG c.p.b.e.MLResultGenerator.executeExperiment - 244 processed... 20210613/20220603
2025-11-27 00:56:11,781 [main] DEBUG c.p.b.e.MLResultGenerator.executeExperiment - 245 processed... 20220125/20220603
2025-11-27 00:56:11,873 [main] DEBUG c.p.b.e.MLResultGenerator.executeExperiment - 245 processed... 20220126/20220603
2025-11-27 00:56:11,927 [main] DEBUG c.p.b.e.MLResultGenerator.executeExperiment - 245 processed... 20220127/20220603
2025-11-27 00:56:11,990 [main] DEBUG c.p.b.e.MLResultGenerator.executeExperiment - 245 processed... 20220128/20220603
2025-11-27 00:56:12,050 [main] DEBUG c.p.b.e.MLResultGenerator.executeExperiment - 245 processed... 20220129/20220603
2025-11-27 00:56:12,112 [main] DEBUG c.p.b.e.MLResultGenerator.executeExperiment - 245 processed... 20220130/20220603
2025-11-27 00:56:12,196 [main] DEBUG c.p.b.e.MLResultGenerator.executeExperiment - 245 processed... 20220131/20220603
2025-11-27 00:56:12,253 [main] DEBUG c.p.b.e.MLResultGenerator.executeExperiment - 246 processed... 20210607/20220603
2025-11-27 00:56:12,274 [main] DEBUG c.p.b.e.MLResultGenerator.executeExperiment - 245 processed... 20220201/20220603
2025-11-27 00:56:12,410 [main] DEBUG c.p.b.e.MLResultGenerator.executeExperiment - 245 processed... 20220206/20220603
2025-11-27 00:56:12,534 [main] DEBUG c.p.b.e.MLResultGenerator.executeExperiment - 244 processed... 20210614/20220603
2025-11-27 00:56:12,593 [main] DEBUG c.p.b.e.MLResultGenerator.executeExperiment - 245 processed... 20220207/20220603
2025-11-27 00:56:12,789 [main] DEBUG c.p.b.e.MLResultGenerator.executeExperiment - 245 processed... 20220208/20220603
2025-11-27 00:56:12,989 [main] DEBUG c.p.b.e.MLResultGenerator.executeExperiment - 245 processed... 20220209/20220603
2025-11-27 00:56:13,008 [main] DEBUG c.p.b.e.MLResultGenerator.executeExperiment - 246 processed... 20210608/20220603
2025-11-27 00:56:13,116 [main] DEBUG c.p.b.e.MLResultGenerator.executeExperiment - 245 processed... 20220210/20220603
2025-11-27 00:56:13,372 [main] DEBUG c.p.b.e.MLResultGenerator.executeExperiment - 245 processed... 20220211/20220603
2025-11-27 00:56:13,460 [main] DEBUG c.p.b.e.MLResultGenerator.executeExperiment - 244 processed... 20210615/20220603
2025-11-27 00:56:13,591 [main] DEBUG c.p.b.e.MLResultGenerator.executeExperiment - 245 processed... 20220212/20220603
2025-11-27 00:56:13,813 [main] DEBUG c.p.b.e.MLResultGenerator.executeExperiment - 245 processed... 20220213/20220603
2025-11-27 00:56:14,003 [main] DEBUG c.p.b.e.MLResultGenerator.executeExperiment - 246 processed... 20210609/20220603
2025-11-27 00:56:14,030 [main] DEBUG c.p.b.e.MLResultGenerator.executeExperiment - 245 processed... 20220214/20220603
2025-11-27 00:56:14,224 [main] DEBUG c.p.b.e.MLResultGenerator.executeExperiment - 245 processed... 20220215/20220603
2025-11-27 00:56:14,410 [main] DEBUG c.p.b.e.MLResultGenerator.executeExperiment - 245 processed... 20220216/20220603
2025-11-27 00:56:14,415 [main] DEBUG c.p.b.e.MLResultGenerator.executeExperiment - 244 processed... 20210616/20220603
2025-11-27 00:56:14,539 [main] DEBUG c.p.b.e.MLResultGenerator.executeExperiment - 245 processed... 20220217/20220603
2025-11-27 00:56:14,620 [main] DEBUG c.p.b.e.MLResultGenerator.executeExperiment - 245 processed... 20220218/20220603
2025-11-27 00:56:14,684 [main] DEBUG c.p.b.e.MLResultGenerator.executeExperiment - 245 processed... 20220222/20220603
2025-11-27 00:56:14,757 [main] DEBUG c.p.b.e.MLResultGenerator.executeExperiment - 245 processed... 20220223/20220603
2025-11-27 00:56:14,834 [main] DEBUG c.p.b.e.MLResultGenerator.executeExperiment - 245 processed... 20220224/20220603
2025-11-27 00:56:14,906 [main] DEBUG c.p.b.e.MLResultGenerator.executeExperiment - 245 processed... 20220225/20220603
2025-11-27 00:56:14,948 [main] DEBUG c.p.b.e.MLResultGenerator.executeExperiment - 246 processed... 20210610/20220603
2025-11-27 00:56:14,972 [main] DEBUG c.p.b.e.MLResultGenerator.executeExperiment - 245 processed... 20220226/20220603
2025-11-27 00:56:15,042 [main] DEBUG c.p.b.e.MLResultGenerator.executeExperiment - 245 processed... 20220227/20220603
2025-11-27 00:56:15,104 [main] DEBUG c.p.b.e.MLResultGenerator.executeExperiment - 245 processed... 20220301/20220603
2025-11-27 00:56:15,178 [main] DEBUG c.p.b.e.MLResultGenerator.executeExperiment - 245 processed... 20220302/20220603
2025-11-27 00:56:15,250 [main] DEBUG c.p.b.e.MLResultGenerator.executeExperiment - 245 processed... 20220303/20220603
2025-11-27 00:56:15,307 [main] DEBUG c.p.b.e.MLResultGenerator.executeExperiment - 244 processed... 20210617/20220603
2025-11-27 00:56:15,323 [main] DEBUG c.p.b.e.MLResultGenerator.executeExperiment - 245 processed... 20220304/20220603
2025-11-27 00:56:15,405 [main] DEBUG c.p.b.e.MLResultGenerator.executeExperiment - 245 processed... 20220305/20220603
2025-11-27 00:56:15,483 [main] DEBUG c.p.b.e.MLResultGenerator.executeExperiment - 245 processed... 20220306/20220603
2025-11-27 00:56:15,546 [main] DEBUG c.p.b.e.MLResultGenerator.executeExperiment - 245 processed... 20220307/20220603
2025-11-27 00:56:15,614 [main] DEBUG c.p.b.e.MLResultGenerator.executeExperiment - 245 processed... 20220308/20220603
2025-11-27 00:56:15,662 [main] DEBUG c.p.b.e.MLResultGenerator.executeExperiment - 245 processed... 20220309/20220603
2025-11-27 00:56:15,778 [main] DEBUG c.p.b.e.MLResultGenerator.executeExperiment - 245 processed... 20220310/20220603
2025-11-27 00:56:15,808 [main] DEBUG c.p.b.e.MLResultGenerator.executeExperiment - 246 processed... 20210611/20220603
2025-11-27 00:56:15,901 [main] DEBUG c.p.b.e.MLResultGenerator.executeExperiment - 245 processed... 20220311/20220603
2025-11-27 00:56:16,036 [main] DEBUG c.p.b.e.MLResultGenerator.executeExperiment - 245 processed... 20220312/20220603
2025-11-27 00:56:16,111 [main] DEBUG c.p.b.e.MLResultGenerator.executeExperiment - 245 processed... 20220313/20220603
2025-11-27 00:56:16,180 [main] DEBUG c.p.b.e.MLResultGenerator.executeExperiment - 245 processed... 20220314/20220603
2025-11-27 00:56:16,234 [main] DEBUG c.p.b.e.MLResultGenerator.executeExperiment - 245 processed... 20220315/20220603
2025-11-27 00:56:16,242 [main] DEBUG c.p.b.e.MLResultGenerator.executeExperiment - 244 processed... 20210618/20220603
2025-11-27 00:56:16,302 [main] DEBUG c.p.b.e.MLResultGenerator.executeExperiment - 245 processed... 20220316/20220603
2025-11-27 00:56:16,366 [main] DEBUG c.p.b.e.MLResultGenerator.executeExperiment - 245 processed... 20220317/20220603
2025-11-27 00:56:16,434 [main] DEBUG c.p.b.e.MLResultGenerator.executeExperiment - 245 processed... 20220318/20220603
2025-11-27 00:56:16,505 [main] DEBUG c.p.b.e.MLResultGenerator.executeExperiment - 245 processed... 20220319/20220603
2025-11-27 00:56:16,576 [main] DEBUG c.p.b.e.MLResultGenerator.executeExperiment - 245 processed... 20220320/20220603
2025-11-27 00:56:16,652 [main] DEBUG c.p.b.e.MLResultGenerator.executeExperiment - 245 processed... 20220321/20220603
2025-11-27 00:56:16,677 [main] DEBUG c.p.b.e.MLResultGenerator.executeExperiment - 246 processed... 20210612/20220603
2025-11-27 00:56:16,729 [main] DEBUG c.p.b.e.MLResultGenerator.executeExperiment - 245 processed... 20220325/20220603
2025-11-27 00:56:16,858 [main] DEBUG c.p.b.e.MLResultGenerator.executeExperiment - 245 processed... 20220326/20220603
2025-11-27 00:56:17,003 [main] DEBUG c.p.b.e.MLResultGenerator.executeExperiment - 245 processed... 20220327/20220603
2025-11-27 00:56:17,148 [main] DEBUG c.p.b.e.MLResultGenerator.executeExperiment - 245 processed... 20220328/20220603
2025-11-27 00:56:17,172 [main] DEBUG c.p.b.e.MLResultGenerator.executeExperiment - 244 processed... 20210619/20220603
2025-11-27 00:56:17,286 [main] DEBUG c.p.b.e.MLResultGenerator.executeExperiment - 245 processed... 20220329/20220603
2025-11-27 00:56:17,451 [main] DEBUG c.p.b.e.MLResultGenerator.executeExperiment - 245 processed... 20220330/20220603
2025-11-27 00:56:17,533 [main] DEBUG c.p.b.e.MLResultGenerator.executeExperiment - 245 processed... 20220331/20220603
2025-11-27 00:56:17,535 [main] DEBUG c.p.b.e.MLResultGenerator.executeExperiment - 246 processed... 20210613/20220603
2025-11-27 00:56:17,612 [main] DEBUG c.p.b.e.MLResultGenerator.executeExperiment - 245 processed... 20220404/20220603
2025-11-27 00:56:17,684 [main] DEBUG c.p.b.e.MLResultGenerator.executeExperiment - 245 processed... 20220405/20220603
2025-11-27 00:56:17,746 [main] DEBUG c.p.b.e.MLResultGenerator.executeExperiment - 245 processed... 20220406/20220603
2025-11-27 00:56:17,810 [main] DEBUG c.p.b.e.MLResultGenerator.executeExperiment - 245 processed... 20220407/20220603
2025-11-27 00:56:17,875 [main] DEBUG c.p.b.e.MLResultGenerator.executeExperiment - 245 processed... 20220408/20220603
2025-11-27 00:56:17,951 [main] DEBUG c.p.b.e.MLResultGenerator.executeExperiment - 245 processed... 20220409/20220603
2025-11-27 00:56:18,017 [main] DEBUG c.p.b.e.MLResultGenerator.executeExperiment - 245 processed... 20220410/20220603
2025-11-27 00:56:18,045 [main] DEBUG c.p.b.e.MLResultGenerator.executeExperiment - 244 processed... 20210620/20220603
2025-11-27 00:56:18,082 [main] DEBUG c.p.b.e.MLResultGenerator.executeExperiment - 245 processed... 20220411/20220603
2025-11-27 00:56:18,151 [main] DEBUG c.p.b.e.MLResultGenerator.executeExperiment - 245 processed... 20220412/20220603
2025-11-27 00:56:18,257 [main] DEBUG c.p.b.e.MLResultGenerator.executeExperiment - 245 processed... 20220413/20220603
2025-11-27 00:56:18,343 [main] DEBUG c.p.b.e.MLResultGenerator.executeExperiment - 246 processed... 20210614/20220603
2025-11-27 00:56:18,384 [main] DEBUG c.p.b.e.MLResultGenerator.executeExperiment - 245 processed... 20220414/20220603
2025-11-27 00:56:18,536 [main] DEBUG c.p.b.e.MLResultGenerator.executeExperiment - 245 processed... 20220415/20220603
2025-11-27 00:56:18,622 [main] DEBUG c.p.b.e.MLResultGenerator.executeExperiment - 245 processed... 20220416/20220603
2025-11-27 00:56:18,713 [main] DEBUG c.p.b.e.MLResultGenerator.executeExperiment - 245 processed... 20220417/20220603
2025-11-27 00:56:18,782 [main] DEBUG c.p.b.e.MLResultGenerator.executeExperiment - 245 processed... 20220418/20220603
2025-11-27 00:56:18,845 [main] DEBUG c.p.b.e.MLResultGenerator.executeExperiment - 245 processed... 20220419/20220603
2025-11-27 00:56:18,871 [main] DEBUG c.p.b.e.MLResultGenerator.executeExperiment - 244 processed... 20210621/20220603
2025-11-27 00:56:18,902 [main] DEBUG c.p.b.e.MLResultGenerator.executeExperiment - 245 processed... 20220420/20220603
2025-11-27 00:56:18,952 [main] DEBUG c.p.b.e.MLResultGenerator.executeExperiment - 245 processed... 20220421/20220603
2025-11-27 00:56:19,016 [main] DEBUG c.p.b.e.MLResultGenerator.executeExperiment - 245 processed... 20220422/20220603
2025-11-27 00:56:19,068 [main] DEBUG c.p.b.e.MLResultGenerator.executeExperiment - 245 processed... 20220423/20220603
2025-11-27 00:56:19,142 [main] DEBUG c.p.b.e.MLResultGenerator.executeExperiment - 245 processed... 20220424/20220603
2025-11-27 00:56:19,216 [main] DEBUG c.p.b.e.MLResultGenerator.executeExperiment - 245 processed... 20220509/20220603
2025-11-27 00:56:19,273 [main] DEBUG c.p.b.e.MLResultGenerator.executeExperiment - 246 processed... 20210615/20220603
2025-11-27 00:56:19,289 [main] DEBUG c.p.b.e.MLResultGenerator.executeExperiment - 245 processed... 20220510/20220603
2025-11-27 00:56:19,364 [main] DEBUG c.p.b.e.MLResultGenerator.executeExperiment - 245 processed... 20220511/20220603
2025-11-27 00:56:19,427 [main] DEBUG c.p.b.e.MLResultGenerator.executeExperiment - 245 processed... 20220512/20220603
2025-11-27 00:56:19,500 [main] DEBUG c.p.b.e.MLResultGenerator.executeExperiment - 245 processed... 20220513/20220603
2025-11-27 00:56:19,568 [main] DEBUG c.p.b.e.MLResultGenerator.executeExperiment - 245 processed... 20220514/20220603
2025-11-27 00:56:19,594 [main] DEBUG c.p.b.e.MLResultGenerator.executeExperiment - 244 processed... 20210622/20220603
2025-11-27 00:56:19,626 [main] DEBUG c.p.b.e.MLResultGenerator.executeExperiment - 245 processed... 20220515/20220603
2025-11-27 00:56:19,693 [main] DEBUG c.p.b.e.MLResultGenerator.executeExperiment - 245 processed... 20220516/20220603
2025-11-27 00:56:19,751 [main] DEBUG c.p.b.e.MLResultGenerator.executeExperiment - 245 processed... 20220517/20220603
2025-11-27 00:56:19,877 [main] DEBUG c.p.b.e.MLResultGenerator.executeExperiment - 245 processed... 20220518/20220603
2025-11-27 00:56:20,011 [main] DEBUG c.p.b.e.MLResultGenerator.executeExperiment - 245 processed... 20220519/20220603
2025-11-27 00:56:20,150 [main] DEBUG c.p.b.e.MLResultGenerator.executeExperiment - 245 processed... 20220520/20220603
2025-11-27 00:56:20,194 [main] DEBUG c.p.b.e.MLResultGenerator.executeExperiment - 246 processed... 20210616/20220603
2025-11-27 00:56:20,240 [main] DEBUG c.p.b.e.MLResultGenerator.executeExperiment - 245 processed... 20220521/20220603
2025-11-27 00:56:20,323 [main] DEBUG c.p.b.e.MLResultGenerator.executeExperiment - 245 processed... 20220522/20220603
2025-11-27 00:56:20,370 [main] DEBUG c.p.b.e.MLResultGenerator.executeExperiment - 244 processed... 20210623/20220603
2025-11-27 00:56:20,423 [main] DEBUG c.p.b.e.MLResultGenerator.executeExperiment - 245 processed... 20220523/20220603
2025-11-27 00:56:20,489 [main] DEBUG c.p.b.e.MLResultGenerator.executeExperiment - 245 processed... 20220524/20220603
2025-11-27 00:56:20,557 [main] DEBUG c.p.b.e.MLResultGenerator.executeExperiment - 245 processed... 20220525/20220603
2025-11-27 00:56:20,638 [main] DEBUG c.p.b.e.MLResultGenerator.executeExperiment - 245 processed... 20220526/20220603
2025-11-27 00:56:20,710 [main] DEBUG c.p.b.e.MLResultGenerator.executeExperiment - 245 processed... 20220527/20220603
2025-11-27 00:56:20,777 [main] DEBUG c.p.b.e.MLResultGenerator.executeExperiment - 245 processed... 20220528/20220603
2025-11-27 00:56:20,850 [main] DEBUG c.p.b.e.MLResultGenerator.executeExperiment - 245 processed... 20220529/20220603
2025-11-27 00:56:20,918 [main] DEBUG c.p.b.e.MLResultGenerator.executeExperiment - 245 processed... 20220602/20220603
2025-11-27 00:56:20,991 [main] DEBUG c.p.b.e.MLResultGenerator.executeExperiment - 245 processed... 20220603/20220603
2025-11-27 00:56:21,093 [main] DEBUG c.p.b.e.MLResultGenerator.executeExperiment - 246 processed... 20210617/20220603
2025-11-27 00:56:21,158 [main] DEBUG c.p.b.e.MLResultGenerator.executeExperiment - 244 processed... 20210624/20220603
2025-11-27 00:56:21,238 [main] DEBUG c.p.b.e.r.s.MlEvaluationCreator.create - creating MlEvaluation. 245,39105,3T,123,nopattern,nopattern
2025-11-27 00:56:21,305 [main] DEBUG c.p.b.e.r.s.MlEvaluationCreator.create - creating MlEvaluation. 245,39105,3T,124,nopattern,nopattern
2025-11-27 00:56:21,329 [main] DEBUG c.p.b.e.r.s.MlEvaluationCreator.create - creating MlEvaluation. 245,39105,3T,125,nopattern,nopattern
2025-11-27 00:56:21,338 [main] DEBUG c.p.b.e.r.s.MlEvaluationCreator.create - creating MlEvaluation. 245,39105,3T,126,nopattern,nopattern
2025-11-27 00:56:21,346 [main] DEBUG c.p.b.e.r.s.MlEvaluationCreator.create - creating MlEvaluation. 245,39105,3T,132,nopattern,nopattern
2025-11-27 00:56:21,355 [main] DEBUG c.p.b.e.r.s.MlEvaluationCreator.create - creating MlEvaluation. 245,39105,3T,134,nopattern,nopattern
2025-11-27 00:56:21,363 [main] DEBUG c.p.b.e.r.s.MlEvaluationCreator.create - creating MlEvaluation. 245,39105,3T,135,nopattern,nopattern
2025-11-27 00:56:21,369 [main] DEBUG c.p.b.e.r.s.MlEvaluationCreator.create - creating MlEvaluation. 245,39105,3T,136,nopattern,nopattern
2025-11-27 00:56:21,374 [main] DEBUG c.p.b.e.r.s.MlEvaluationCreator.create - creating MlEvaluation. 245,39105,3T,142,nopattern,nopattern
2025-11-27 00:56:21,379 [main] DEBUG c.p.b.e.r.s.MlEvaluationCreator.create - creating MlEvaluation. 245,39105,3T,143,nopattern,nopattern
2025-11-27 00:56:21,386 [main] DEBUG c.p.b.e.r.s.MlEvaluationCreator.create - creating MlEvaluation. 245,39105,3T,145,nopattern,nopattern
2025-11-27 00:56:21,390 [main] DEBUG c.p.b.e.r.s.MlEvaluationCreator.create - creating MlEvaluation. 245,39105,3T,146,nopattern,nopattern
2025-11-27 00:56:21,394 [main] DEBUG c.p.b.e.r.s.MlEvaluationCreator.create - creating MlEvaluation. 245,39105,3T,152,nopattern,nopattern
2025-11-27 00:56:21,400 [main] DEBUG c.p.b.e.r.s.MlEvaluationCreator.create - creating MlEvaluation. 245,39105,3T,153,nopattern,nopattern
2025-11-27 00:56:21,403 [main] DEBUG c.p.b.e.r.s.MlEvaluationCreator.create - creating MlEvaluation. 245,39105,3T,154,nopattern,nopattern
2025-11-27 00:56:21,407 [main] DEBUG c.p.b.e.r.s.MlEvaluationCreator.create - creating MlEvaluation. 245,39105,3T,156,nopattern,nopattern
2025-11-27 00:56:21,477 [main] DEBUG c.p.b.e.r.s.MlEvaluationCreator.create - creating MlEvaluation. 245,39105,3T,162,nopattern,nopattern
2025-11-27 00:56:21,481 [main] DEBUG c.p.b.e.r.s.MlEvaluationCreator.create - creating MlEvaluation. 245,39105,3T,163,nopattern,nopattern
2025-11-27 00:56:21,485 [main] DEBUG c.p.b.e.r.s.MlEvaluationCreator.create - creating MlEvaluation. 245,39105,3T,164,nopattern,nopattern
2025-11-27 00:56:21,493 [main] DEBUG c.p.b.e.r.s.MlEvaluationCreator.create - creating MlEvaluation. 245,39105,3T,213,nopattern,nopattern
2025-11-27 00:56:21,506 [main] DEBUG c.p.b.e.r.s.MlEvaluationCreator.create - creating MlEvaluation. 245,39105,3T,214,nopattern,nopattern
2025-11-27 00:56:21,513 [main] DEBUG c.p.b.e.r.s.MlEvaluationCreator.create - creating MlEvaluation. 245,39105,3T,215,nopattern,nopattern
2025-11-27 00:56:21,516 [main] DEBUG c.p.b.e.r.s.MlEvaluationCreator.create - creating MlEvaluation. 245,39105,3T,216,nopattern,nopattern
2025-11-27 00:56:21,518 [main] DEBUG c.p.b.e.r.s.MlEvaluationCreator.create - creating MlEvaluation. 245,39105,3T,245,nopattern,nopattern
2025-11-27 00:56:21,519 [main] DEBUG c.p.b.e.r.s.MlEvaluationCreator.create - creating MlEvaluation. 245,39105,3T,256,nopattern,nopattern
2025-11-27 00:56:21,521 [main] DEBUG c.p.b.e.r.s.MlEvaluationCreator.create - creating MlEvaluation. 245,39105,3T,312,nopattern,nopattern
2025-11-27 00:56:21,524 [main] DEBUG c.p.b.e.r.s.MlEvaluationCreator.create - creating MlEvaluation. 245,39105,3T,314,nopattern,nopattern
2025-11-27 00:56:21,527 [main] DEBUG c.p.b.e.r.s.MlEvaluationCreator.create - creating MlEvaluation. 245,39105,3T,315,nopattern,nopattern
2025-11-27 00:56:21,530 [main] DEBUG c.p.b.e.r.s.MlEvaluationCreator.create - creating MlEvaluation. 245,39105,3T,316,nopattern,nopattern
2025-11-27 00:56:22,064 [main] DEBUG c.p.b.e.MLResultGenerator.executeExperiment - 244 processed... 20210625/20220603
2025-11-27 00:56:22,256 [main] DEBUG c.p.b.e.MLResultGenerator.executeExperiment - 246 processed... 20210618/20220603
2025-11-27 00:56:22,731 [main] INFO  c.p.b.e.r.g.ResultGraphBuilder.save - graph saved. C:/Dev/experiment/expr10/result//245/11/3T/11_3T_123_nopattern_nopattern_39105_EXP1_-35_0.2_4.4.png
2025-11-27 00:56:22,904 [main] DEBUG c.p.b.e.MLResultGenerator.executeExperiment - 244 processed... 20210626/20220603
2025-11-27 00:56:23,143 [main] INFO  c.p.b.e.r.g.ResultGraphBuilder.save - graph saved. C:/Dev/experiment/expr10/result//245/11/3T/11_3T_124_nopattern_nopattern_39105_EXP1_-10_0.13_3.5.png
2025-11-27 00:56:23,241 [main] DEBUG c.p.b.e.MLResultGenerator.executeExperiment - 246 processed... 20210619/20220603
2025-11-27 00:56:23,615 [main] INFO  c.p.b.e.r.g.ResultGraphBuilder.save - graph saved. C:/Dev/experiment/expr10/result//245/11/3T/11_3T_125_nopattern_nopattern_39105_EXP1_26_0.09_3.0.png
2025-11-27 00:56:23,615 [main] DEBUG c.p.b.e.MLResultGenerator.executeExperiment - 244 processed... 20210627/20220603
2025-11-27 00:56:24,094 [main] INFO  c.p.b.e.r.g.ResultGraphBuilder.save - graph saved. C:/Dev/experiment/expr10/result//245/11/3T/11_3T_126_nopattern_nopattern_39105_EXP1_13_0.07_2.9.png
2025-11-27 00:56:24,114 [main] DEBUG c.p.b.e.MLResultGenerator.executeExperiment - 246 processed... 20210620/20220603
2025-11-27 00:56:24,276 [main] DEBUG c.p.b.e.MLResultGenerator.executeExperiment - 244 processed... 20210628/20220603
2025-11-27 00:56:24,420 [main] INFO  c.p.b.e.r.g.ResultGraphBuilder.save - graph saved. C:/Dev/experiment/expr10/result//245/11/3T/11_3T_132_nopattern_nopattern_39105_EXP1_-64_0.11_3.5.png
2025-11-27 00:56:24,726 [main] INFO  c.p.b.e.r.g.ResultGraphBuilder.save - graph saved. C:/Dev/experiment/expr10/result//245/11/3T/11_3T_134_nopattern_nopattern_39105_EXP1_-10_0.09_2.9.png
2025-11-27 00:56:24,924 [main] DEBUG c.p.b.e.MLResultGenerator.executeExperiment - 246 processed... 20210621/20220603
2025-11-27 00:56:25,006 [main] DEBUG c.p.b.e.MLResultGenerator.executeExperiment - 244 processed... 20210629/20220603
2025-11-27 00:56:25,075 [main] INFO  c.p.b.e.r.g.ResultGraphBuilder.save - graph saved. C:/Dev/experiment/expr10/result//245/11/3T/11_3T_135_nopattern_nopattern_39105_EXP1_-86_0.03_2.2.png
2025-11-27 00:56:25,391 [main] INFO  c.p.b.e.r.g.ResultGraphBuilder.save - graph saved. C:/Dev/experiment/expr10/result//245/11/3T/11_3T_136_nopattern_nopattern_39105_EXP1_-16_0.04_2.2.png
2025-11-27 00:56:25,682 [main] DEBUG c.p.b.e.MLResultGenerator.executeExperiment - 244 processed... 20210630/20220603
2025-11-27 00:56:25,687 [main] DEBUG c.p.b.e.MLResultGenerator.executeExperiment - 246 processed... 20210622/20220603
2025-11-27 00:56:25,696 [main] INFO  c.p.b.e.r.g.ResultGraphBuilder.save - graph saved. C:/Dev/experiment/expr10/result//245/11/3T/11_3T_142_nopattern_nopattern_39105_EXP1_-191_0.03_3.0.png
2025-11-27 00:56:25,989 [main] INFO  c.p.b.e.r.g.ResultGraphBuilder.save - graph saved. C:/Dev/experiment/expr10/result//245/11/3T/11_3T_143_nopattern_nopattern_39105_EXP1_-76_0.04_2.4.png
2025-11-27 00:56:26,284 [main] INFO  c.p.b.e.r.g.ResultGraphBuilder.save - graph saved. C:/Dev/experiment/expr10/result//245/11/3T/11_3T_145_nopattern_nopattern_39105_EXP1_-61_0.01_1.1.png
2025-11-27 00:56:26,304 [main] DEBUG c.p.b.e.MLResultGenerator.executeExperiment - 244 processed... 20210701/20220603
2025-11-27 00:56:26,484 [main] DEBUG c.p.b.e.MLResultGenerator.executeExperiment - 246 processed... 20210623/20220603
2025-11-27 00:56:26,591 [main] INFO  c.p.b.e.r.g.ResultGraphBuilder.save - graph saved. C:/Dev/experiment/expr10/result//245/11/3T/11_3T_146_nopattern_nopattern_39105_EXP1_-49_0.01_1.1.png
2025-11-27 00:56:26,887 [main] INFO  c.p.b.e.r.g.ResultGraphBuilder.save - graph saved. C:/Dev/experiment/expr10/result//245/11/3T/11_3T_152_nopattern_nopattern_39105_EXP1_15_0.03_1.2.png
2025-11-27 00:56:27,066 [main] DEBUG c.p.b.e.MLResultGenerator.executeExperiment - 244 processed... 20210702/20220603
2025-11-27 00:56:27,327 [main] DEBUG c.p.b.e.MLResultGenerator.executeExperiment - 246 processed... 20210624/20220603
2025-11-27 00:56:27,440 [main] INFO  c.p.b.e.r.g.ResultGraphBuilder.save - graph saved. C:/Dev/experiment/expr10/result//245/11/3T/11_3T_153_nopattern_nopattern_39105_EXP1_-54_0.0_0.8.png
2025-11-27 00:56:27,805 [main] INFO  c.p.b.e.r.g.ResultGraphBuilder.save - graph saved. C:/Dev/experiment/expr10/result//245/11/3T/11_3T_154_nopattern_nopattern_39105_EXP1_-10_0.0_0.1.png
2025-11-27 00:56:27,997 [main] DEBUG c.p.b.e.MLResultGenerator.executeExperiment - 244 processed... 20210703/20220603
2025-11-27 00:56:28,080 [main] INFO  c.p.b.e.r.g.ResultGraphBuilder.save - graph saved. C:/Dev/experiment/expr10/result//245/11/3T/11_3T_156_nopattern_nopattern_39105_EXP1_-2_0.0_0.0.png
2025-11-27 00:56:28,121 [main] DEBUG c.p.b.e.MLResultGenerator.executeExperiment - 246 processed... 20210625/20220603
2025-11-27 00:56:28,363 [main] INFO  c.p.b.e.r.g.ResultGraphBuilder.save - graph saved. C:/Dev/experiment/expr10/result//245/11/3T/11_3T_162_nopattern_nopattern_39105_EXP1_6_0.0_0.1.png
2025-11-27 00:56:28,627 [main] INFO  c.p.b.e.r.g.ResultGraphBuilder.save - graph saved. C:/Dev/experiment/expr10/result//245/11/3T/11_3T_163_nopattern_nopattern_39105_EXP1_-5_0.0_0.0.png
2025-11-27 00:56:28,868 [main] INFO  c.p.b.e.r.g.ResultGraphBuilder.save - graph saved. C:/Dev/experiment/expr10/result//245/11/3T/11_3T_164_nopattern_nopattern_39105_EXP1_-1_0.0_0.0.png
2025-11-27 00:56:28,885 [main] DEBUG c.p.b.e.MLResultGenerator.executeExperiment - 246 processed... 20210626/20220603
2025-11-27 00:56:28,947 [main] DEBUG c.p.b.e.MLResultGenerator.executeExperiment - 244 processed... 20210704/20220603
2025-11-27 00:56:29,157 [main] INFO  c.p.b.e.r.g.ResultGraphBuilder.save - graph saved. C:/Dev/experiment/expr10/result//245/11/3T/11_3T_213_nopattern_nopattern_39105_EXP1_6_0.01_1.0.png
2025-11-27 00:56:29,443 [main] INFO  c.p.b.e.r.g.ResultGraphBuilder.save - graph saved. C:/Dev/experiment/expr10/result//245/11/3T/11_3T_214_nopattern_nopattern_39105_EXP1_-24_0.0_0.4.png
2025-11-27 00:56:29,604 [main] DEBUG c.p.b.e.MLResultGenerator.executeExperiment - 246 processed... 20210627/20220603
2025-11-27 00:56:29,679 [main] INFO  c.p.b.e.r.g.ResultGraphBuilder.save - graph saved. C:/Dev/experiment/expr10/result//245/11/3T/11_3T_215_nopattern_nopattern_39105_EXP1_-1_0.0_0.0.png
2025-11-27 00:56:29,788 [main] DEBUG c.p.b.e.MLResultGenerator.executeExperiment - 244 processed... 20210705/20220603
2025-11-27 00:56:29,920 [main] INFO  c.p.b.e.r.g.ResultGraphBuilder.save - graph saved. C:/Dev/experiment/expr10/result//245/11/3T/11_3T_312_nopattern_nopattern_39105_EXP1_-1_0.0_0.0.png
2025-11-27 00:56:30,253 [main] INFO  c.p.b.e.r.g.ResultGraphBuilder.save - graph saved. C:/Dev/experiment/expr10/result//245/11/3T/11_3T_314_nopattern_nopattern_39105_EXP1_2_0.0_0.1.png
2025-11-27 00:56:30,266 [main] DEBUG c.p.b.e.MLResultGenerator.executeExperiment - 246 processed... 20210628/20220603
2025-11-27 00:56:30,560 [main] INFO  c.p.b.e.r.g.ResultGraphBuilder.save - graph saved. C:/Dev/experiment/expr10/result//245/11/3T/11_3T_315_nopattern_nopattern_39105_EXP1_-1_0.0_0.0.png
2025-11-27 00:56:30,677 [main] DEBUG c.p.b.e.MLResultGenerator.executeExperiment - 244 processed... 20210706/20220603
2025-11-27 00:56:31,063 [main] DEBUG c.p.b.e.MLResultGenerator.executeExperiment - 246 processed... 20210629/20220603
2025-11-27 00:56:31,456 [main] DEBUG c.p.b.e.MLResultGenerator.executeExperiment - 244 processed... 20210707/20220603
2025-11-27 00:56:31,757 [main] DEBUG c.p.b.e.MLResultGenerator.executeExperiment - 246 processed... 20210630/20220603
2025-11-27 00:56:32,270 [main] DEBUG c.p.b.e.MLResultGenerator.executeExperiment - 244 processed... 20210708/20220603
2025-11-27 00:56:32,448 [main] DEBUG c.p.b.e.MLResultGenerator.executeExperiment - 246 processed... 20210701/20220603
2025-11-27 00:56:33,051 [main] DEBUG c.p.b.e.MLResultGenerator.executeExperiment - 244 processed... 20210709/20220603
2025-11-27 00:56:33,271 [main] DEBUG c.p.b.e.MLResultGenerator.executeExperiment - 246 processed... 20210702/20220603
2025-11-27 00:56:33,745 [main] DEBUG c.p.b.e.MLResultGenerator.executeExperiment - 244 processed... 20210710/20220603
2025-11-27 00:56:34,158 [main] DEBUG c.p.b.e.MLResultGenerator.executeExperiment - 246 processed... 20210703/20220603
2025-11-27 00:56:34,386 [main] DEBUG c.p.b.e.MLResultGenerator.executeExperiment - 244 processed... 20210711/20220603
2025-11-27 00:56:35,212 [main] DEBUG c.p.b.e.MLResultGenerator.executeExperiment - 246 processed... 20210704/20220603
2025-11-27 00:56:35,222 [main] DEBUG c.p.b.e.MLResultGenerator.executeExperiment - 244 processed... 20210712/20220603
2025-11-27 00:56:35,893 [main] DEBUG c.p.b.e.MLResultGenerator.executeExperiment - 244 processed... 20210713/20220603
2025-11-27 00:56:35,997 [main] DEBUG c.p.b.e.MLResultGenerator.executeExperiment - 246 processed... 20210705/20220603
2025-11-27 00:56:36,489 [main] DEBUG c.p.b.e.MLResultGenerator.executeExperiment - 244 processed... 20210714/20220603
2025-11-27 00:56:36,821 [main] DEBUG c.p.b.e.MLResultGenerator.executeExperiment - 246 processed... 20210706/20220603
2025-11-27 00:56:37,234 [main] DEBUG c.p.b.e.MLResultGenerator.executeExperiment - 244 processed... 20210715/20220603
2025-11-27 00:56:37,721 [main] DEBUG c.p.b.e.MLResultGenerator.executeExperiment - 246 processed... 20210707/20220603
2025-11-27 00:56:37,856 [main] DEBUG c.p.b.e.MLResultGenerator.executeExperiment - 244 processed... 20210716/20220603
2025-11-27 00:56:38,587 [main] DEBUG c.p.b.e.MLResultGenerator.executeExperiment - 246 processed... 20210708/20220603
2025-11-27 00:56:38,606 [main] DEBUG c.p.b.e.MLResultGenerator.executeExperiment - 244 processed... 20210717/20220603
2025-11-27 00:56:39,366 [main] DEBUG c.p.b.e.MLResultGenerator.executeExperiment - 244 processed... 20210718/20220603
2025-11-27 00:56:39,379 [main] DEBUG c.p.b.e.MLResultGenerator.executeExperiment - 246 processed... 20210709/20220603
2025-11-27 00:56:40,037 [main] DEBUG c.p.b.e.MLResultGenerator.executeExperiment - 244 processed... 20210719/20220603
2025-11-27 00:56:40,107 [main] DEBUG c.p.b.e.MLResultGenerator.executeExperiment - 246 processed... 20210710/20220603
2025-11-27 00:56:40,700 [main] DEBUG c.p.b.e.MLResultGenerator.executeExperiment - 244 processed... 20210720/20220603
2025-11-27 00:56:40,802 [main] DEBUG c.p.b.e.MLResultGenerator.executeExperiment - 246 processed... 20210711/20220603
2025-11-27 00:56:41,349 [main] DEBUG c.p.b.e.MLResultGenerator.executeExperiment - 244 processed... 20210721/20220603
2025-11-27 00:56:41,569 [main] DEBUG c.p.b.e.MLResultGenerator.executeExperiment - 246 processed... 20210712/20220603
2025-11-27 00:56:42,104 [main] DEBUG c.p.b.e.MLResultGenerator.executeExperiment - 244 processed... 20210722/20220603
2025-11-27 00:56:42,277 [main] DEBUG c.p.b.e.MLResultGenerator.executeExperiment - 246 processed... 20210713/20220603
2025-11-27 00:56:42,920 [main] DEBUG c.p.b.e.MLResultGenerator.executeExperiment - 244 processed... 20210723/20220603
2025-11-27 00:56:42,946 [main] DEBUG c.p.b.e.MLResultGenerator.executeExperiment - 246 processed... 20210714/20220603
2025-11-27 00:56:43,713 [main] DEBUG c.p.b.e.MLResultGenerator.executeExperiment - 244 processed... 20210724/20220603
2025-11-27 00:56:43,749 [main] DEBUG c.p.b.e.MLResultGenerator.executeExperiment - 246 processed... 20210715/20220603
2025-11-27 00:56:44,392 [main] DEBUG c.p.b.e.MLResultGenerator.executeExperiment - 246 processed... 20210716/20220603
2025-11-27 00:56:44,537 [main] DEBUG c.p.b.e.MLResultGenerator.executeExperiment - 244 processed... 20210725/20220603
2025-11-27 00:56:45,170 [main] DEBUG c.p.b.e.MLResultGenerator.executeExperiment - 246 processed... 20210717/20220603
2025-11-27 00:56:45,374 [main] DEBUG c.p.b.e.MLResultGenerator.executeExperiment - 244 processed... 20210726/20220603
2025-11-27 00:56:45,947 [main] DEBUG c.p.b.e.MLResultGenerator.executeExperiment - 246 processed... 20210718/20220603
2025-11-27 00:56:46,070 [main] DEBUG c.p.b.e.MLResultGenerator.executeExperiment - 244 processed... 20210727/20220603
2025-11-27 00:56:46,600 [main] DEBUG c.p.b.e.MLResultGenerator.executeExperiment - 244 processed... 20210728/20220603
2025-11-27 00:56:46,609 [main] DEBUG c.p.b.e.MLResultGenerator.executeExperiment - 246 processed... 20210719/20220603
2025-11-27 00:56:47,248 [main] DEBUG c.p.b.e.MLResultGenerator.executeExperiment - 244 processed... 20210729/20220603
2025-11-27 00:56:47,342 [main] DEBUG c.p.b.e.MLResultGenerator.executeExperiment - 246 processed... 20210720/20220603
2025-11-27 00:56:48,038 [main] DEBUG c.p.b.e.MLResultGenerator.executeExperiment - 244 processed... 20210730/20220603
2025-11-27 00:56:48,159 [main] DEBUG c.p.b.e.MLResultGenerator.executeExperiment - 246 processed... 20210721/20220603
2025-11-27 00:56:48,741 [main] DEBUG c.p.b.e.MLResultGenerator.executeExperiment - 244 processed... 20210731/20220603
2025-11-27 00:56:48,968 [main] DEBUG c.p.b.e.MLResultGenerator.executeExperiment - 246 processed... 20210722/20220603
2025-11-27 00:56:49,509 [main] DEBUG c.p.b.e.MLResultGenerator.executeExperiment - 244 processed... 20210801/20220603
2025-11-27 00:56:49,811 [main] DEBUG c.p.b.e.MLResultGenerator.executeExperiment - 246 processed... 20210723/20220603
2025-11-27 00:56:50,285 [main] DEBUG c.p.b.e.MLResultGenerator.executeExperiment - 244 processed... 20210802/20220603
2025-11-27 00:56:50,674 [main] DEBUG c.p.b.e.MLResultGenerator.executeExperiment - 246 processed... 20210724/20220603
2025-11-27 00:56:51,088 [main] DEBUG c.p.b.e.MLResultGenerator.executeExperiment - 244 processed... 20210803/20220603
2025-11-27 00:56:51,542 [main] DEBUG c.p.b.e.MLResultGenerator.executeExperiment - 246 processed... 20210725/20220603
2025-11-27 00:56:51,689 [main] DEBUG c.p.b.e.MLResultGenerator.executeExperiment - 244 processed... 20210804/20220603
2025-11-27 00:56:52,400 [main] DEBUG c.p.b.e.MLResultGenerator.executeExperiment - 246 processed... 20210726/20220603
2025-11-27 00:56:52,421 [main] DEBUG c.p.b.e.MLResultGenerator.executeExperiment - 244 processed... 20210805/20220603
2025-11-27 00:56:53,142 [main] DEBUG c.p.b.e.MLResultGenerator.executeExperiment - 244 processed... 20210806/20220603
2025-11-27 00:56:53,146 [main] DEBUG c.p.b.e.MLResultGenerator.executeExperiment - 246 processed... 20210727/20220603
2025-11-27 00:56:53,726 [main] DEBUG c.p.b.e.MLResultGenerator.executeExperiment - 246 processed... 20210728/20220603
2025-11-27 00:56:53,909 [main] DEBUG c.p.b.e.MLResultGenerator.executeExperiment - 244 processed... 20210807/20220603
2025-11-27 00:56:54,400 [main] DEBUG c.p.b.e.MLResultGenerator.executeExperiment - 246 processed... 20210729/20220603
2025-11-27 00:56:54,669 [main] DEBUG c.p.b.e.MLResultGenerator.executeExperiment - 244 processed... 20210808/20220603
2025-11-27 00:56:55,079 [main] DEBUG c.p.b.e.MLResultGenerator.executeExperiment - 246 processed... 20210730/20220603
2025-11-27 00:56:55,349 [main] DEBUG c.p.b.e.MLResultGenerator.executeExperiment - 244 processed... 20210809/20220603
2025-11-27 00:56:55,817 [main] DEBUG c.p.b.e.MLResultGenerator.executeExperiment - 246 processed... 20210731/20220603
2025-11-27 00:56:56,143 [main] DEBUG c.p.b.e.MLResultGenerator.executeExperiment - 244 processed... 20210810/20220603
2025-11-27 00:56:56,621 [main] DEBUG c.p.b.e.MLResultGenerator.executeExperiment - 246 processed... 20210801/20220603
2025-11-27 00:56:56,935 [main] DEBUG c.p.b.e.MLResultGenerator.executeExperiment - 244 processed... 20210811/20220603
2025-11-27 00:56:57,406 [main] DEBUG c.p.b.e.MLResultGenerator.executeExperiment - 246 processed... 20210802/20220603
2025-11-27 00:56:57,915 [main] DEBUG c.p.b.e.MLResultGenerator.executeExperiment - 244 processed... 20210812/20220603
2025-11-27 00:56:58,156 [main] DEBUG c.p.b.e.MLResultGenerator.executeExperiment - 246 processed... 20210803/20220603
2025-11-27 00:56:58,814 [main] DEBUG c.p.b.e.MLResultGenerator.executeExperiment - 244 processed... 20210813/20220603
2025-11-27 00:56:58,817 [main] DEBUG c.p.b.e.MLResultGenerator.executeExperiment - 246 processed... 20210804/20220603
2025-11-27 00:56:59,629 [main] DEBUG c.p.b.e.MLResultGenerator.executeExperiment - 246 processed... 20210805/20220603
2025-11-27 00:56:59,846 [main] DEBUG c.p.b.e.MLResultGenerator.executeExperiment - 244 processed... 20210814/20220603
2025-11-27 00:57:00,422 [main] DEBUG c.p.b.e.MLResultGenerator.executeExperiment - 246 processed... 20210806/20220603
2025-11-27 00:57:00,945 [main] DEBUG c.p.b.e.MLResultGenerator.executeExperiment - 244 processed... 20210815/20220603
2025-11-27 00:57:01,266 [main] DEBUG c.p.b.e.MLResultGenerator.executeExperiment - 246 processed... 20210807/20220603
2025-11-27 00:57:01,969 [main] DEBUG c.p.b.e.MLResultGenerator.executeExperiment - 244 processed... 20210816/20220603
2025-11-27 00:57:02,101 [main] DEBUG c.p.b.e.MLResultGenerator.executeExperiment - 246 processed... 20210808/20220603
2025-11-27 00:57:02,831 [main] DEBUG c.p.b.e.MLResultGenerator.executeExperiment - 246 processed... 20210809/20220603
2025-11-27 00:57:02,844 [main] DEBUG c.p.b.e.MLResultGenerator.executeExperiment - 244 processed... 20210817/20220603
2025-11-27 00:57:03,541 [main] DEBUG c.p.b.e.MLResultGenerator.executeExperiment - 244 processed... 20210818/20220603
2025-11-27 00:57:03,698 [main] DEBUG c.p.b.e.MLResultGenerator.executeExperiment - 246 processed... 20210810/20220603
2025-11-27 00:57:04,347 [main] DEBUG c.p.b.e.MLResultGenerator.executeExperiment - 244 processed... 20210819/20220603
2025-11-27 00:57:04,498 [main] DEBUG c.p.b.e.MLResultGenerator.executeExperiment - 246 processed... 20210811/20220603
2025-11-27 00:57:05,103 [main] DEBUG c.p.b.e.MLResultGenerator.executeExperiment - 244 processed... 20210820/20220603
2025-11-27 00:57:05,521 [main] DEBUG c.p.b.e.MLResultGenerator.executeExperiment - 246 processed... 20210812/20220603
2025-11-27 00:57:05,854 [main] DEBUG c.p.b.e.MLResultGenerator.executeExperiment - 244 processed... 20210821/20220603
2025-11-27 00:57:06,411 [main] DEBUG c.p.b.e.MLResultGenerator.executeExperiment - 246 processed... 20210813/20220603
2025-11-27 00:57:06,759 [main] DEBUG c.p.b.e.MLResultGenerator.executeExperiment - 244 processed... 20210822/20220603
2025-11-27 00:57:07,410 [main] DEBUG c.p.b.e.MLResultGenerator.executeExperiment - 246 processed... 20210814/20220603
2025-11-27 00:57:07,448 [main] DEBUG c.p.b.e.MLResultGenerator.executeExperiment - 244 processed... 20210823/20220603
2025-11-27 00:57:08,037 [main] DEBUG c.p.b.e.MLResultGenerator.executeExperiment - 244 processed... 20210824/20220603
2025-11-27 00:57:08,499 [main] DEBUG c.p.b.e.MLResultGenerator.executeExperiment - 246 processed... 20210815/20220603
2025-11-27 00:57:08,610 [main] DEBUG c.p.b.e.MLResultGenerator.executeExperiment - 244 processed... 20210825/20220603
2025-11-27 00:57:09,267 [main] DEBUG c.p.b.e.MLResultGenerator.executeExperiment - 244 processed... 20210826/20220603
2025-11-27 00:57:09,496 [main] DEBUG c.p.b.e.MLResultGenerator.executeExperiment - 246 processed... 20210816/20220603
2025-11-27 00:57:09,850 [main] DEBUG c.p.b.e.MLResultGenerator.executeExperiment - 244 processed... 20210827/20220603
2025-11-27 00:57:10,305 [main] DEBUG c.p.b.e.MLResultGenerator.executeExperiment - 246 processed... 20210817/20220603
2025-11-27 00:57:10,419 [main] DEBUG c.p.b.e.MLResultGenerator.executeExperiment - 244 processed... 20210828/20220603
2025-11-27 00:57:10,977 [main] DEBUG c.p.b.e.MLResultGenerator.executeExperiment - 244 processed... 20210829/20220603
2025-11-27 00:57:11,010 [main] DEBUG c.p.b.e.MLResultGenerator.executeExperiment - 246 processed... 20210818/20220603
2025-11-27 00:57:11,578 [main] DEBUG c.p.b.e.MLResultGenerator.executeExperiment - 244 processed... 20210830/20220603
2025-11-27 00:57:11,820 [main] DEBUG c.p.b.e.MLResultGenerator.executeExperiment - 246 processed... 20210819/20220603
2025-11-27 00:57:12,262 [main] DEBUG c.p.b.e.MLResultGenerator.executeExperiment - 244 processed... 20210831/20220603
2025-11-27 00:57:12,579 [main] DEBUG c.p.b.e.MLResultGenerator.executeExperiment - 246 processed... 20210820/20220603
2025-11-27 00:57:12,896 [main] DEBUG c.p.b.e.MLResultGenerator.executeExperiment - 244 processed... 20210901/20220603
2025-11-27 00:57:13,280 [main] DEBUG c.p.b.e.MLResultGenerator.executeExperiment - 246 processed... 20210821/20220603
2025-11-27 00:57:13,446 [main] DEBUG c.p.b.e.MLResultGenerator.executeExperiment - 244 processed... 20210902/20220603
2025-11-27 00:57:14,077 [main] DEBUG c.p.b.e.MLResultGenerator.executeExperiment - 244 processed... 20210903/20220603
2025-11-27 00:57:14,193 [main] DEBUG c.p.b.e.MLResultGenerator.executeExperiment - 246 processed... 20210822/20220603
2025-11-27 00:57:14,723 [main] DEBUG c.p.b.e.MLResultGenerator.executeExperiment - 244 processed... 20210904/20220603
2025-11-27 00:57:14,864 [main] DEBUG c.p.b.e.MLResultGenerator.executeExperiment - 246 processed... 20210823/20220603
2025-11-27 00:57:15,409 [main] DEBUG c.p.b.e.MLResultGenerator.executeExperiment - 244 processed... 20210905/20220603
2025-11-27 00:57:15,497 [main] DEBUG c.p.b.e.MLResultGenerator.executeExperiment - 246 processed... 20210824/20220603
2025-11-27 00:57:15,939 [main] DEBUG c.p.b.e.MLResultGenerator.executeExperiment - 244 processed... 20210906/20220603
2025-11-27 00:57:16,145 [main] DEBUG c.p.b.e.MLResultGenerator.executeExperiment - 246 processed... 20210825/20220603
2025-11-27 00:57:16,532 [main] DEBUG c.p.b.e.MLResultGenerator.executeExperiment - 244 processed... 20210907/20220603
2025-11-27 00:57:16,836 [main] DEBUG c.p.b.e.MLResultGenerator.executeExperiment - 246 processed... 20210826/20220603
2025-11-27 00:57:17,181 [main] DEBUG c.p.b.e.MLResultGenerator.executeExperiment - 244 processed... 20210908/20220603
2025-11-27 00:57:17,528 [main] DEBUG c.p.b.e.MLResultGenerator.executeExperiment - 246 processed... 20210827/20220603
2025-11-27 00:57:18,078 [main] DEBUG c.p.b.e.MLResultGenerator.executeExperiment - 244 processed... 20210909/20220603
2025-11-27 00:57:18,261 [main] DEBUG c.p.b.e.MLResultGenerator.executeExperiment - 246 processed... 20210828/20220603
2025-11-27 00:57:18,856 [main] DEBUG c.p.b.e.MLResultGenerator.executeExperiment - 244 processed... 20210910/20220603
2025-11-27 00:57:18,879 [main] DEBUG c.p.b.e.MLResultGenerator.executeExperiment - 246 processed... 20210829/20220603
2025-11-27 00:57:19,446 [main] DEBUG c.p.b.e.MLResultGenerator.executeExperiment - 246 processed... 20210830/20220603
2025-11-27 00:57:19,589 [main] DEBUG c.p.b.e.MLResultGenerator.executeExperiment - 244 processed... 20210911/20220603
2025-11-27 00:57:20,152 [main] DEBUG c.p.b.e.MLResultGenerator.executeExperiment - 246 processed... 20210831/20220603
2025-11-27 00:57:20,351 [main] DEBUG c.p.b.e.MLResultGenerator.executeExperiment - 244 processed... 20210912/20220603
2025-11-27 00:57:20,791 [main] DEBUG c.p.b.e.MLResultGenerator.executeExperiment - 246 processed... 20210901/20220603
2025-11-27 00:57:21,027 [main] DEBUG c.p.b.e.MLResultGenerator.executeExperiment - 244 processed... 20210913/20220603
2025-11-27 00:57:21,438 [main] DEBUG c.p.b.e.MLResultGenerator.executeExperiment - 246 processed... 20210902/20220603
2025-11-27 00:57:21,712 [main] DEBUG c.p.b.e.MLResultGenerator.executeExperiment - 244 processed... 20210914/20220603
2025-11-27 00:57:22,138 [main] DEBUG c.p.b.e.MLResultGenerator.executeExperiment - 246 processed... 20210903/20220603
2025-11-27 00:57:22,338 [main] DEBUG c.p.b.e.MLResultGenerator.executeExperiment - 244 processed... 20210915/20220603
2025-11-27 00:57:22,886 [main] DEBUG c.p.b.e.MLResultGenerator.executeExperiment - 246 processed... 20210904/20220603
2025-11-27 00:57:22,969 [main] DEBUG c.p.b.e.MLResultGenerator.executeExperiment - 244 processed... 20210916/20220603
2025-11-27 00:57:23,438 [main] DEBUG c.p.b.e.MLResultGenerator.executeExperiment - 244 processed... 20210917/20220603
2025-11-27 00:57:23,706 [main] DEBUG c.p.b.e.MLResultGenerator.executeExperiment - 246 processed... 20210905/20220603
2025-11-27 00:57:23,934 [main] DEBUG c.p.b.e.MLResultGenerator.executeExperiment - 244 processed... 20210918/20220603
2025-11-27 00:57:24,385 [main] DEBUG c.p.b.e.MLResultGenerator.executeExperiment - 246 processed... 20210906/20220603
2025-11-27 00:57:24,878 [main] DEBUG c.p.b.e.MLResultGenerator.executeExperiment - 244 processed... 20210919/20220603
2025-11-27 00:57:25,141 [main] DEBUG c.p.b.e.MLResultGenerator.executeExperiment - 246 processed... 20210907/20220603
2025-11-27 00:57:25,664 [main] DEBUG c.p.b.e.MLResultGenerator.executeExperiment - 244 processed... 20210920/20220603
2025-11-27 00:57:25,869 [main] DEBUG c.p.b.e.MLResultGenerator.executeExperiment - 246 processed... 20210908/20220603
2025-11-27 00:57:26,573 [main] DEBUG c.p.b.e.MLResultGenerator.executeExperiment - 244 processed... 20210921/20220603
2025-11-27 00:57:26,647 [main] DEBUG c.p.b.e.MLResultGenerator.executeExperiment - 246 processed... 20210909/20220603
2025-11-27 00:57:27,358 [main] DEBUG c.p.b.e.MLResultGenerator.executeExperiment - 244 processed... 20210922/20220603
2025-11-27 00:57:27,485 [main] DEBUG c.p.b.e.MLResultGenerator.executeExperiment - 246 processed... 20210910/20220603
2025-11-27 00:57:28,247 [main] DEBUG c.p.b.e.MLResultGenerator.executeExperiment - 244 processed... 20210923/20220603
2025-11-27 00:57:28,302 [main] DEBUG c.p.b.e.MLResultGenerator.executeExperiment - 246 processed... 20210911/20220603
2025-11-27 00:57:29,036 [main] DEBUG c.p.b.e.MLResultGenerator.executeExperiment - 244 processed... 20210924/20220603
2025-11-27 00:57:29,125 [main] DEBUG c.p.b.e.MLResultGenerator.executeExperiment - 246 processed... 20210912/20220603
2025-11-27 00:57:29,696 [main] DEBUG c.p.b.e.MLResultGenerator.executeExperiment - 244 processed... 20210925/20220603
2025-11-27 00:57:29,804 [main] DEBUG c.p.b.e.MLResultGenerator.executeExperiment - 246 processed... 20210913/20220603
2025-11-27 00:57:30,492 [main] DEBUG c.p.b.e.MLResultGenerator.executeExperiment - 244 processed... 20210926/20220603
2025-11-27 00:57:30,499 [main] DEBUG c.p.b.e.MLResultGenerator.executeExperiment - 246 processed... 20210914/20220603
2025-11-27 00:57:31,118 [main] DEBUG c.p.b.e.MLResultGenerator.executeExperiment - 244 processed... 20210927/20220603
2025-11-27 00:57:31,236 [main] DEBUG c.p.b.e.MLResultGenerator.executeExperiment - 246 processed... 20210915/20220603
2025-11-27 00:57:31,722 [main] DEBUG c.p.b.e.MLResultGenerator.executeExperiment - 244 processed... 20210928/20220603
2025-11-27 00:57:31,974 [main] DEBUG c.p.b.e.MLResultGenerator.executeExperiment - 246 processed... 20210916/20220603
2025-11-27 00:57:32,293 [main] DEBUG c.p.b.e.MLResultGenerator.executeExperiment - 244 processed... 20210929/20220603
2025-11-27 00:57:32,528 [main] DEBUG c.p.b.e.MLResultGenerator.executeExperiment - 246 processed... 20210917/20220603
2025-11-27 00:57:32,998 [main] DEBUG c.p.b.e.MLResultGenerator.executeExperiment - 246 processed... 20210918/20220603
2025-11-27 00:57:33,014 [main] DEBUG c.p.b.e.MLResultGenerator.executeExperiment - 244 processed... 20210930/20220603
2025-11-27 00:57:33,671 [main] DEBUG c.p.b.e.MLResultGenerator.executeExperiment - 244 processed... 20211001/20220603
2025-11-27 00:57:33,983 [main] DEBUG c.p.b.e.MLResultGenerator.executeExperiment - 246 processed... 20210919/20220603
2025-11-27 00:57:34,488 [main] DEBUG c.p.b.e.MLResultGenerator.executeExperiment - 244 processed... 20211002/20220603
2025-11-27 00:57:34,805 [main] DEBUG c.p.b.e.MLResultGenerator.executeExperiment - 246 processed... 20210920/20220603
2025-11-27 00:57:35,204 [main] DEBUG c.p.b.e.MLResultGenerator.executeExperiment - 244 processed... 20211003/20220603
2025-11-27 00:57:35,820 [main] DEBUG c.p.b.e.MLResultGenerator.executeExperiment - 246 processed... 20210921/20220603
2025-11-27 00:57:35,900 [main] DEBUG c.p.b.e.MLResultGenerator.executeExperiment - 244 processed... 20211004/20220603
2025-11-27 00:57:36,572 [main] DEBUG c.p.b.e.MLResultGenerator.executeExperiment - 244 processed... 20211005/20220603
2025-11-27 00:57:36,665 [main] DEBUG c.p.b.e.MLResultGenerator.executeExperiment - 246 processed... 20210922/20220603
2025-11-27 00:57:37,180 [main] DEBUG c.p.b.e.MLResultGenerator.executeExperiment - 244 processed... 20211006/20220603
2025-11-27 00:57:37,583 [main] DEBUG c.p.b.e.MLResultGenerator.executeExperiment - 246 processed... 20210923/20220603
2025-11-27 00:57:37,910 [main] DEBUG c.p.b.e.MLResultGenerator.executeExperiment - 244 processed... 20211007/20220603
2025-11-27 00:57:38,417 [main] DEBUG c.p.b.e.MLResultGenerator.executeExperiment - 246 processed... 20210924/20220603
2025-11-27 00:57:38,614 [main] DEBUG c.p.b.e.MLResultGenerator.executeExperiment - 244 processed... 20211008/20220603
2025-11-27 00:57:39,171 [main] DEBUG c.p.b.e.MLResultGenerator.executeExperiment - 246 processed... 20210925/20220603
2025-11-27 00:57:39,426 [main] DEBUG c.p.b.e.MLResultGenerator.executeExperiment - 244 processed... 20211009/20220603
2025-11-27 00:57:40,132 [main] DEBUG c.p.b.e.MLResultGenerator.executeExperiment - 246 processed... 20210926/20220603
2025-11-27 00:57:40,162 [main] DEBUG c.p.b.e.MLResultGenerator.executeExperiment - 244 processed... 20211010/20220603
2025-11-27 00:57:40,814 [main] DEBUG c.p.b.e.MLResultGenerator.executeExperiment - 246 processed... 20210927/20220603
2025-11-27 00:57:40,885 [main] DEBUG c.p.b.e.MLResultGenerator.executeExperiment - 244 processed... 20211011/20220603
2025-11-27 00:57:41,447 [main] DEBUG c.p.b.e.MLResultGenerator.executeExperiment - 246 processed... 20210928/20220603
2025-11-27 00:57:41,554 [main] DEBUG c.p.b.e.MLResultGenerator.executeExperiment - 244 processed... 20211012/20220603
2025-11-27 00:57:42,077 [main] DEBUG c.p.b.e.MLResultGenerator.executeExperiment - 246 processed... 20210929/20220603
2025-11-27 00:57:42,244 [main] DEBUG c.p.b.e.MLResultGenerator.executeExperiment - 244 processed... 20211013/20220603
2025-11-27 00:57:42,858 [main] DEBUG c.p.b.e.MLResultGenerator.executeExperiment - 246 processed... 20210930/20220603
2025-11-27 00:57:42,909 [main] DEBUG c.p.b.e.MLResultGenerator.executeExperiment - 244 processed... 20211014/20220603
2025-11-27 00:57:43,558 [main] DEBUG c.p.b.e.MLResultGenerator.executeExperiment - 246 processed... 20211001/20220603
2025-11-27 00:57:43,619 [main] DEBUG c.p.b.e.MLResultGenerator.executeExperiment - 244 processed... 20211015/20220603
2025-11-27 00:57:44,328 [main] DEBUG c.p.b.e.MLResultGenerator.executeExperiment - 244 processed... 20211016/20220603
2025-11-27 00:57:44,428 [main] DEBUG c.p.b.e.MLResultGenerator.executeExperiment - 246 processed... 20211002/20220603
2025-11-27 00:57:44,929 [main] DEBUG c.p.b.e.MLResultGenerator.executeExperiment - 244 processed... 20211017/20220603
2025-11-27 00:57:45,209 [main] DEBUG c.p.b.e.MLResultGenerator.executeExperiment - 246 processed... 20211003/20220603
2025-11-27 00:57:45,526 [main] DEBUG c.p.b.e.MLResultGenerator.executeExperiment - 244 processed... 20211018/20220603
2025-11-27 00:57:45,965 [main] DEBUG c.p.b.e.MLResultGenerator.executeExperiment - 246 processed... 20211004/20220603
2025-11-27 00:57:46,156 [main] DEBUG c.p.b.e.MLResultGenerator.executeExperiment - 244 processed... 20211019/20220603
2025-11-27 00:57:46,649 [main] DEBUG c.p.b.e.MLResultGenerator.executeExperiment - 246 processed... 20211005/20220603
2025-11-27 00:57:46,762 [main] DEBUG c.p.b.e.MLResultGenerator.executeExperiment - 244 processed... 20211020/20220603
2025-11-27 00:57:47,336 [main] DEBUG c.p.b.e.MLResultGenerator.executeExperiment - 246 processed... 20211006/20220603
2025-11-27 00:57:47,492 [main] DEBUG c.p.b.e.MLResultGenerator.executeExperiment - 244 processed... 20211021/20220603
2025-11-27 00:57:48,147 [main] DEBUG c.p.b.e.MLResultGenerator.executeExperiment - 246 processed... 20211007/20220603
2025-11-27 00:57:48,177 [main] DEBUG c.p.b.e.MLResultGenerator.executeExperiment - 244 processed... 20211022/20220603
2025-11-27 00:57:48,874 [main] DEBUG c.p.b.e.MLResultGenerator.executeExperiment - 244 processed... 20211023/20220603
2025-11-27 00:57:48,897 [main] DEBUG c.p.b.e.MLResultGenerator.executeExperiment - 246 processed... 20211008/20220603
2025-11-27 00:57:49,731 [main] DEBUG c.p.b.e.MLResultGenerator.executeExperiment - 246 processed... 20211009/20220603
2025-11-27 00:57:49,751 [main] DEBUG c.p.b.e.MLResultGenerator.executeExperiment - 244 processed... 20211024/20220603
2025-11-27 00:57:50,478 [main] DEBUG c.p.b.e.MLResultGenerator.executeExperiment - 246 processed... 20211010/20220603
2025-11-27 00:57:50,504 [main] DEBUG c.p.b.e.MLResultGenerator.executeExperiment - 244 processed... 20211025/20220603
2025-11-27 00:57:51,173 [main] DEBUG c.p.b.e.MLResultGenerator.executeExperiment - 244 processed... 20211026/20220603
2025-11-27 00:57:51,250 [main] DEBUG c.p.b.e.MLResultGenerator.executeExperiment - 246 processed... 20211011/20220603
2025-11-27 00:57:51,890 [main] DEBUG c.p.b.e.MLResultGenerator.executeExperiment - 244 processed... 20211027/20220603
2025-11-27 00:57:51,943 [main] DEBUG c.p.b.e.MLResultGenerator.executeExperiment - 246 processed... 20211012/20220603
2025-11-27 00:57:52,552 [main] DEBUG c.p.b.e.MLResultGenerator.executeExperiment - 244 processed... 20211028/20220603
2025-11-27 00:57:52,685 [main] DEBUG c.p.b.e.MLResultGenerator.executeExperiment - 246 processed... 20211013/20220603
2025-11-27 00:57:53,197 [main] DEBUG c.p.b.e.MLResultGenerator.executeExperiment - 244 processed... 20211029/20220603
2025-11-27 00:57:53,367 [main] DEBUG c.p.b.e.MLResultGenerator.executeExperiment - 246 processed... 20211014/20220603
2025-11-27 00:57:53,992 [main] DEBUG c.p.b.e.MLResultGenerator.executeExperiment - 244 processed... 20211030/20220603
2025-11-27 00:57:54,095 [main] DEBUG c.p.b.e.MLResultGenerator.executeExperiment - 246 processed... 20211015/20220603
2025-11-27 00:57:54,729 [main] DEBUG c.p.b.e.MLResultGenerator.executeExperiment - 244 processed... 20211031/20220603
2025-11-27 00:57:54,811 [main] DEBUG c.p.b.e.MLResultGenerator.executeExperiment - 246 processed... 20211016/20220603
2025-11-27 00:57:55,424 [main] DEBUG c.p.b.e.MLResultGenerator.executeExperiment - 246 processed... 20211017/20220603
2025-11-27 00:57:55,457 [main] DEBUG c.p.b.e.MLResultGenerator.executeExperiment - 244 processed... 20211101/20220603
2025-11-27 00:57:56,044 [main] DEBUG c.p.b.e.MLResultGenerator.executeExperiment - 246 processed... 20211018/20220603
2025-11-27 00:57:56,283 [main] DEBUG c.p.b.e.MLResultGenerator.executeExperiment - 244 processed... 20211102/20220603
2025-11-27 00:57:56,734 [main] DEBUG c.p.b.e.MLResultGenerator.executeExperiment - 246 processed... 20211019/20220603
2025-11-27 00:57:57,176 [main] DEBUG c.p.b.e.MLResultGenerator.executeExperiment - 244 processed... 20211103/20220603
2025-11-27 00:57:57,432 [main] DEBUG c.p.b.e.MLResultGenerator.executeExperiment - 246 processed... 20211020/20220603
2025-11-27 00:57:57,996 [main] DEBUG c.p.b.e.MLResultGenerator.executeExperiment - 244 processed... 20211104/20220603
2025-11-27 00:57:58,145 [main] DEBUG c.p.b.e.MLResultGenerator.executeExperiment - 246 processed... 20211021/20220603
2025-11-27 00:57:58,619 [main] DEBUG c.p.b.e.MLResultGenerator.executeExperiment - 244 processed... 20211105/20220603
2025-11-27 00:57:58,835 [main] DEBUG c.p.b.e.MLResultGenerator.executeExperiment - 246 processed... 20211022/20220603
2025-11-27 00:57:59,305 [main] DEBUG c.p.b.e.MLResultGenerator.executeExperiment - 244 processed... 20211106/20220603
2025-11-27 00:57:59,570 [main] DEBUG c.p.b.e.MLResultGenerator.executeExperiment - 246 processed... 20211023/20220603
2025-11-27 00:58:00,223 [main] DEBUG c.p.b.e.MLResultGenerator.executeExperiment - 244 processed... 20211107/20220603
2025-11-27 00:58:00,454 [main] DEBUG c.p.b.e.MLResultGenerator.executeExperiment - 246 processed... 20211024/20220603
2025-11-27 00:58:00,892 [main] DEBUG c.p.b.e.MLResultGenerator.executeExperiment - 244 processed... 20211108/20220603
2025-11-27 00:58:01,280 [main] DEBUG c.p.b.e.MLResultGenerator.executeExperiment - 246 processed... 20211025/20220603
2025-11-27 00:58:01,614 [main] DEBUG c.p.b.e.MLResultGenerator.executeExperiment - 244 processed... 20211109/20220603
2025-11-27 00:58:01,991 [main] DEBUG c.p.b.e.MLResultGenerator.executeExperiment - 246 processed... 20211026/20220603
2025-11-27 00:58:02,344 [main] DEBUG c.p.b.e.MLResultGenerator.executeExperiment - 244 processed... 20211110/20220603
2025-11-27 00:58:02,787 [main] DEBUG c.p.b.e.MLResultGenerator.executeExperiment - 246 processed... 20211027/20220603
2025-11-27 00:58:03,101 [main] DEBUG c.p.b.e.MLResultGenerator.executeExperiment - 244 processed... 20211111/20220603
2025-11-27 00:58:03,484 [main] DEBUG c.p.b.e.MLResultGenerator.executeExperiment - 246 processed... 20211028/20220603
2025-11-27 00:58:03,886 [main] DEBUG c.p.b.e.MLResultGenerator.executeExperiment - 244 processed... 20211112/20220603
2025-11-27 00:58:04,166 [main] DEBUG c.p.b.e.MLResultGenerator.executeExperiment - 246 processed... 20211029/20220603
2025-11-27 00:58:04,748 [main] DEBUG c.p.b.e.MLResultGenerator.executeExperiment - 244 processed... 20211113/20220603
2025-11-27 00:58:04,993 [main] DEBUG c.p.b.e.MLResultGenerator.executeExperiment - 246 processed... 20211030/20220603
2025-11-27 00:58:05,526 [main] DEBUG c.p.b.e.MLResultGenerator.executeExperiment - 244 processed... 20211114/20220603
2025-11-27 00:58:05,775 [main] DEBUG c.p.b.e.MLResultGenerator.executeExperiment - 246 processed... 20211031/20220603
2025-11-27 00:58:06,190 [main] DEBUG c.p.b.e.MLResultGenerator.executeExperiment - 244 processed... 20211115/20220603
2025-11-27 00:58:06,545 [main] DEBUG c.p.b.e.MLResultGenerator.executeExperiment - 246 processed... 20211101/20220603
2025-11-27 00:58:06,956 [main] DEBUG c.p.b.e.MLResultGenerator.executeExperiment - 244 processed... 20211116/20220603
2025-11-27 00:58:07,459 [main] DEBUG c.p.b.e.MLResultGenerator.executeExperiment - 246 processed... 20211102/20220603
2025-11-27 00:58:07,726 [main] DEBUG c.p.b.e.MLResultGenerator.executeExperiment - 244 processed... 20211117/20220603
2025-11-27 00:58:08,336 [main] DEBUG c.p.b.e.MLResultGenerator.executeExperiment - 244 processed... 20211118/20220603
2025-11-27 00:58:08,345 [main] DEBUG c.p.b.e.MLResultGenerator.executeExperiment - 246 processed... 20211103/20220603
2025-11-27 00:58:08,967 [main] DEBUG c.p.b.e.MLResultGenerator.executeExperiment - 244 processed... 20211119/20220603
2025-11-27 00:58:09,165 [main] DEBUG c.p.b.e.MLResultGenerator.executeExperiment - 246 processed... 20211104/20220603
2025-11-27 00:58:09,758 [main] DEBUG c.p.b.e.MLResultGenerator.executeExperiment - 244 processed... 20211120/20220603
2025-11-27 00:58:09,851 [main] DEBUG c.p.b.e.MLResultGenerator.executeExperiment - 246 processed... 20211105/20220603
2025-11-27 00:58:10,593 [main] DEBUG c.p.b.e.MLResultGenerator.executeExperiment - 246 processed... 20211106/20220603
2025-11-27 00:58:10,683 [main] DEBUG c.p.b.e.MLResultGenerator.executeExperiment - 244 processed... 20211121/20220603
2025-11-27 00:58:11,501 [main] DEBUG c.p.b.e.MLResultGenerator.executeExperiment - 244 processed... 20211122/20220603
2025-11-27 00:58:11,568 [main] DEBUG c.p.b.e.MLResultGenerator.executeExperiment - 246 processed... 20211107/20220603
2025-11-27 00:58:12,275 [main] DEBUG c.p.b.e.MLResultGenerator.executeExperiment - 246 processed... 20211108/20220603
2025-11-27 00:58:12,316 [main] DEBUG c.p.b.e.MLResultGenerator.executeExperiment - 244 processed... 20211123/20220603
2025-11-27 00:58:13,020 [main] DEBUG c.p.b.e.MLResultGenerator.executeExperiment - 244 processed... 20211124/20220603
2025-11-27 00:58:13,067 [main] DEBUG c.p.b.e.MLResultGenerator.executeExperiment - 246 processed... 20211109/20220603
2025-11-27 00:58:13,718 [main] DEBUG c.p.b.e.MLResultGenerator.executeExperiment - 244 processed... 20211125/20220603
2025-11-27 00:58:13,894 [main] DEBUG c.p.b.e.MLResultGenerator.executeExperiment - 246 processed... 20211110/20220603
2025-11-27 00:58:14,418 [main] DEBUG c.p.b.e.MLResultGenerator.executeExperiment - 244 processed... 20211126/20220603
2025-11-27 00:58:14,696 [main] DEBUG c.p.b.e.MLResultGenerator.executeExperiment - 246 processed... 20211111/20220603
2025-11-27 00:58:15,181 [main] DEBUG c.p.b.e.MLResultGenerator.executeExperiment - 244 processed... 20211127/20220603
2025-11-27 00:58:15,541 [main] DEBUG c.p.b.e.MLResultGenerator.executeExperiment - 246 processed... 20211112/20220603
2025-11-27 00:58:16,155 [main] DEBUG c.p.b.e.MLResultGenerator.executeExperiment - 244 processed... 20211128/20220603
2025-11-27 00:58:16,453 [main] DEBUG c.p.b.e.MLResultGenerator.executeExperiment - 246 processed... 20211113/20220603
2025-11-27 00:58:16,988 [main] DEBUG c.p.b.e.MLResultGenerator.executeExperiment - 244 processed... 20211129/20220603
2025-11-27 00:58:17,380 [main] DEBUG c.p.b.e.MLResultGenerator.executeExperiment - 246 processed... 20211114/20220603
2025-11-27 00:58:17,878 [main] DEBUG c.p.b.e.MLResultGenerator.executeExperiment - 244 processed... 20211130/20220603
2025-11-27 00:58:18,165 [main] DEBUG c.p.b.e.MLResultGenerator.executeExperiment - 246 processed... 20211115/20220603
2025-11-27 00:58:18,474 [main] DEBUG c.p.b.e.MLResultGenerator.executeExperiment - 244 processed... 20211201/20220603
2025-11-27 00:58:18,976 [main] DEBUG c.p.b.e.MLResultGenerator.executeExperiment - 246 processed... 20211116/20220603
2025-11-27 00:58:19,624 [main] DEBUG c.p.b.e.MLResultGenerator.executeExperiment - 244 processed... 20211202/20220603
2025-11-27 00:58:19,705 [main] DEBUG c.p.b.e.MLResultGenerator.executeExperiment - 246 processed... 20211117/20220603
2025-11-27 00:58:20,378 [main] DEBUG c.p.b.e.MLResultGenerator.executeExperiment - 246 processed... 20211118/20220603
2025-11-27 00:58:20,701 [main] DEBUG c.p.b.e.MLResultGenerator.executeExperiment - 244 processed... 20211203/20220603
2025-11-27 00:58:21,115 [main] DEBUG c.p.b.e.MLResultGenerator.executeExperiment - 246 processed... 20211119/20220603
2025-11-27 00:58:21,660 [main] DEBUG c.p.b.e.MLResultGenerator.executeExperiment - 244 processed... 20211204/20220603
2025-11-27 00:58:21,895 [main] DEBUG c.p.b.e.MLResultGenerator.executeExperiment - 246 processed... 20211120/20220603
2025-11-27 00:58:22,544 [main] DEBUG c.p.b.e.MLResultGenerator.executeExperiment - 244 processed... 20211205/20220603
2025-11-27 00:58:22,855 [main] DEBUG c.p.b.e.MLResultGenerator.executeExperiment - 246 processed... 20211121/20220603
2025-11-27 00:58:23,357 [main] DEBUG c.p.b.e.MLResultGenerator.executeExperiment - 244 processed... 20211206/20220603
2025-11-27 00:58:23,692 [main] DEBUG c.p.b.e.MLResultGenerator.executeExperiment - 246 processed... 20211122/20220603
2025-11-27 00:58:24,133 [main] DEBUG c.p.b.e.MLResultGenerator.executeExperiment - 244 processed... 20211207/20220603
2025-11-27 00:58:24,640 [main] DEBUG c.p.b.e.MLResultGenerator.executeExperiment - 246 processed... 20211123/20220603
2025-11-27 00:58:24,877 [main] DEBUG c.p.b.e.MLResultGenerator.executeExperiment - 244 processed... 20211208/20220603
2025-11-27 00:58:25,413 [main] DEBUG c.p.b.e.MLResultGenerator.executeExperiment - 246 processed... 20211124/20220603
2025-11-27 00:58:25,835 [main] DEBUG c.p.b.e.MLResultGenerator.executeExperiment - 244 processed... 20211209/20220603
2025-11-27 00:58:26,103 [main] DEBUG c.p.b.e.MLResultGenerator.executeExperiment - 246 processed... 20211125/20220603
2025-11-27 00:58:26,788 [main] DEBUG c.p.b.e.MLResultGenerator.executeExperiment - 244 processed... 20211210/20220603
2025-11-27 00:58:26,854 [main] DEBUG c.p.b.e.MLResultGenerator.executeExperiment - 246 processed... 20211126/20220603
2025-11-27 00:58:27,735 [main] DEBUG c.p.b.e.MLResultGenerator.executeExperiment - 246 processed... 20211127/20220603
2025-11-27 00:58:27,844 [main] DEBUG c.p.b.e.MLResultGenerator.executeExperiment - 244 processed... 20211211/20220603
2025-11-27 00:58:28,711 [main] DEBUG c.p.b.e.MLResultGenerator.executeExperiment - 244 processed... 20211212/20220603
2025-11-27 00:58:28,772 [main] DEBUG c.p.b.e.MLResultGenerator.executeExperiment - 246 processed... 20211128/20220603
2025-11-27 00:58:29,385 [main] DEBUG c.p.b.e.MLResultGenerator.executeExperiment - 244 processed... 20211213/20220603
2025-11-27 00:58:29,646 [main] DEBUG c.p.b.e.MLResultGenerator.executeExperiment - 246 processed... 20211129/20220603
2025-11-27 00:58:30,066 [main] DEBUG c.p.b.e.MLResultGenerator.executeExperiment - 244 processed... 20211214/20220603
2025-11-27 00:58:30,484 [main] DEBUG c.p.b.e.MLResultGenerator.executeExperiment - 246 processed... 20211130/20220603
2025-11-27 00:58:30,646 [main] DEBUG c.p.b.e.MLResultGenerator.executeExperiment - 244 processed... 20211215/20220603
2025-11-27 00:58:31,066 [main] DEBUG c.p.b.e.MLResultGenerator.executeExperiment - 246 processed... 20211201/20220603
2025-11-27 00:58:31,179 [main] DEBUG c.p.b.e.MLResultGenerator.executeExperiment - 244 processed... 20211216/20220603
2025-11-27 00:58:31,749 [main] DEBUG c.p.b.e.MLResultGenerator.executeExperiment - 244 processed... 20211217/20220603
2025-11-27 00:58:32,160 [main] DEBUG c.p.b.e.MLResultGenerator.executeExperiment - 246 processed... 20211202/20220603
2025-11-27 00:58:32,526 [main] DEBUG c.p.b.e.MLResultGenerator.executeExperiment - 244 processed... 20211218/20220603
2025-11-27 00:58:33,215 [main] DEBUG c.p.b.e.MLResultGenerator.executeExperiment - 246 processed... 20211203/20220603
2025-11-27 00:58:33,280 [main] DEBUG c.p.b.e.MLResultGenerator.executeExperiment - 244 processed... 20211219/20220603
2025-11-27 00:58:34,208 [main] DEBUG c.p.b.e.MLResultGenerator.executeExperiment - 246 processed... 20211204/20220603
2025-11-27 00:58:34,246 [main] DEBUG c.p.b.e.MLResultGenerator.executeExperiment - 244 processed... 20211220/20220603
2025-11-27 00:58:35,114 [main] DEBUG c.p.b.e.MLResultGenerator.executeExperiment - 246 processed... 20211205/20220603
2025-11-27 00:58:35,183 [main] DEBUG c.p.b.e.MLResultGenerator.executeExperiment - 244 processed... 20211221/20220603
2025-11-27 00:58:35,960 [main] DEBUG c.p.b.e.MLResultGenerator.executeExperiment - 246 processed... 20211206/20220603
2025-11-27 00:58:36,057 [main] DEBUG c.p.b.e.MLResultGenerator.executeExperiment - 244 processed... 20211222/20220603
2025-11-27 00:58:36,752 [main] DEBUG c.p.b.e.MLResultGenerator.executeExperiment - 246 processed... 20211207/20220603
2025-11-27 00:58:36,987 [main] DEBUG c.p.b.e.MLResultGenerator.executeExperiment - 244 processed... 20211223/20220603
2025-11-27 00:58:37,432 [main] DEBUG c.p.b.e.MLResultGenerator.executeExperiment - 246 processed... 20211208/20220603
2025-11-27 00:58:37,880 [main] DEBUG c.p.b.e.MLResultGenerator.executeExperiment - 244 processed... 20211224/20220603
2025-11-27 00:58:38,459 [main] DEBUG c.p.b.e.MLResultGenerator.executeExperiment - 246 processed... 20211209/20220603
2025-11-27 00:58:38,639 [main] DEBUG c.p.b.e.MLResultGenerator.executeExperiment - 244 processed... 20211225/20220603
2025-11-27 00:58:39,133 [main] DEBUG c.p.b.e.MLResultGenerator.executeExperiment - 244 processed... 20211226/20220603
2025-11-27 00:58:39,433 [main] DEBUG c.p.b.e.MLResultGenerator.executeExperiment - 246 processed... 20211210/20220603
2025-11-27 00:58:39,930 [main] DEBUG c.p.b.e.MLResultGenerator.executeExperiment - 244 processed... 20211227/20220603
2025-11-27 00:58:40,443 [main] DEBUG c.p.b.e.MLResultGenerator.executeExperiment - 246 processed... 20211211/20220603
2025-11-27 00:58:40,829 [main] DEBUG c.p.b.e.MLResultGenerator.executeExperiment - 244 processed... 20211228/20220603
2025-11-27 00:58:41,386 [main] DEBUG c.p.b.e.MLResultGenerator.executeExperiment - 246 processed... 20211212/20220603
2025-11-27 00:58:41,985 [main] DEBUG c.p.b.e.MLResultGenerator.executeExperiment - 244 processed... 20211229/20220603
2025-11-27 00:58:42,037 [main] DEBUG c.p.b.e.MLResultGenerator.executeExperiment - 246 processed... 20211213/20220603
2025-11-27 00:58:42,794 [main] DEBUG c.p.b.e.MLResultGenerator.executeExperiment - 246 processed... 20211214/20220603
2025-11-27 00:58:42,963 [main] DEBUG c.p.b.e.MLResultGenerator.executeExperiment - 244 processed... 20211230/20220603
2025-11-27 00:58:43,449 [main] DEBUG c.p.b.e.MLResultGenerator.executeExperiment - 246 processed... 20211215/20220603
2025-11-27 00:58:44,077 [main] DEBUG c.p.b.e.MLResultGenerator.executeExperiment - 244 processed... 20211231/20220603
2025-11-27 00:58:44,088 [main] DEBUG c.p.b.e.MLResultGenerator.executeExperiment - 246 processed... 20211216/20220603
2025-11-27 00:58:44,733 [main] DEBUG c.p.b.e.MLResultGenerator.executeExperiment - 246 processed... 20211217/20220603
2025-11-27 00:58:45,116 [main] DEBUG c.p.b.e.MLResultGenerator.executeExperiment - 244 processed... 20220101/20220603
2025-11-27 00:58:45,512 [main] DEBUG c.p.b.e.MLResultGenerator.executeExperiment - 246 processed... 20211218/20220603
2025-11-27 00:58:46,231 [main] DEBUG c.p.b.e.MLResultGenerator.executeExperiment - 244 processed... 20220102/20220603
2025-11-27 00:58:46,318 [main] DEBUG c.p.b.e.MLResultGenerator.executeExperiment - 246 processed... 20211219/20220603
2025-11-27 00:58:47,267 [main] DEBUG c.p.b.e.MLResultGenerator.executeExperiment - 246 processed... 20211220/20220603
2025-11-27 00:58:47,553 [main] DEBUG c.p.b.e.MLResultGenerator.executeExperiment - 244 processed... 20220103/20220603
2025-11-27 00:58:48,216 [main] DEBUG c.p.b.e.MLResultGenerator.executeExperiment - 246 processed... 20211221/20220603
2025-11-27 00:58:48,729 [main] DEBUG c.p.b.e.MLResultGenerator.executeExperiment - 244 processed... 20220104/20220603
2025-11-27 00:58:48,729 [main] DEBUG c.p.b.e.MLResultGenerator.executeExperiment - 244 processed... 20220105/20220603
2025-11-27 00:58:49,078 [main] DEBUG c.p.b.e.MLResultGenerator.executeExperiment - 246 processed... 20211222/20220603
2025-11-27 00:58:49,705 [main] DEBUG c.p.b.e.MLResultGenerator.executeExperiment - 244 processed... 20220106/20220603
2025-11-27 00:58:50,006 [main] DEBUG c.p.b.e.MLResultGenerator.executeExperiment - 246 processed... 20211223/20220603
2025-11-27 00:58:50,566 [main] DEBUG c.p.b.e.MLResultGenerator.executeExperiment - 244 processed... 20220107/20220603
2025-11-27 00:58:50,872 [main] DEBUG c.p.b.e.MLResultGenerator.executeExperiment - 246 processed... 20211224/20220603
2025-11-27 00:58:51,397 [main] DEBUG c.p.b.e.MLResultGenerator.executeExperiment - 244 processed... 20220108/20220603
2025-11-27 00:58:51,572 [main] DEBUG c.p.b.e.MLResultGenerator.executeExperiment - 246 processed... 20211225/20220603
2025-11-27 00:58:52,102 [main] DEBUG c.p.b.e.MLResultGenerator.executeExperiment - 246 processed... 20211226/20220603
2025-11-27 00:58:52,166 [main] DEBUG c.p.b.e.MLResultGenerator.executeExperiment - 244 processed... 20220109/20220603
2025-11-27 00:58:52,832 [main] DEBUG c.p.b.e.MLResultGenerator.executeExperiment - 244 processed... 20220110/20220603
2025-11-27 00:58:52,952 [main] DEBUG c.p.b.e.MLResultGenerator.executeExperiment - 246 processed... 20211227/20220603
2025-11-27 00:58:53,309 [main] DEBUG c.p.b.e.MLResultGenerator.executeExperiment - 244 processed... 20220111/20220603
2025-11-27 00:58:53,904 [main] DEBUG c.p.b.e.MLResultGenerator.executeExperiment - 246 processed... 20211228/20220603
2025-11-27 00:58:53,991 [main] DEBUG c.p.b.e.MLResultGenerator.executeExperiment - 244 processed... 20220112/20220603
2025-11-27 00:58:54,570 [main] DEBUG c.p.b.e.MLResultGenerator.executeExperiment - 244 processed... 20220113/20220603
2025-11-27 00:58:55,098 [main] DEBUG c.p.b.e.MLResultGenerator.executeExperiment - 246 processed... 20211229/20220603
2025-11-27 00:58:55,195 [main] DEBUG c.p.b.e.MLResultGenerator.executeExperiment - 244 processed... 20220114/20220603
2025-11-27 00:58:55,966 [main] DEBUG c.p.b.e.MLResultGenerator.executeExperiment - 244 processed... 20220115/20220603
2025-11-27 00:58:56,082 [main] DEBUG c.p.b.e.MLResultGenerator.executeExperiment - 246 processed... 20211230/20220603
2025-11-27 00:58:56,581 [main] DEBUG c.p.b.e.MLResultGenerator.executeExperiment - 244 processed... 20220116/20220603
2025-11-27 00:58:57,175 [main] DEBUG c.p.b.e.MLResultGenerator.executeExperiment - 246 processed... 20211231/20220603
2025-11-27 00:58:57,315 [main] DEBUG c.p.b.e.MLResultGenerator.executeExperiment - 244 processed... 20220117/20220603
2025-11-27 00:58:57,904 [main] DEBUG c.p.b.e.MLResultGenerator.executeExperiment - 244 processed... 20220118/20220603
2025-11-27 00:58:58,211 [main] DEBUG c.p.b.e.MLResultGenerator.executeExperiment - 246 processed... 20220101/20220603
2025-11-27 00:58:58,590 [main] DEBUG c.p.b.e.MLResultGenerator.executeExperiment - 244 processed... 20220119/20220603
2025-11-27 00:58:59,180 [main] DEBUG c.p.b.e.MLResultGenerator.executeExperiment - 244 processed... 20220120/20220603
2025-11-27 00:58:59,321 [main] DEBUG c.p.b.e.MLResultGenerator.executeExperiment - 246 processed... 20220102/20220603
2025-11-27 00:58:59,986 [main] DEBUG c.p.b.e.MLResultGenerator.executeExperiment - 244 processed... 20220121/20220603
2025-11-27 00:59:00,666 [main] DEBUG c.p.b.e.MLResultGenerator.executeExperiment - 246 processed... 20220103/20220603
2025-11-27 00:59:01,029 [main] DEBUG c.p.b.e.MLResultGenerator.executeExperiment - 244 processed... 20220122/20220603
2025-11-27 00:59:01,899 [main] DEBUG c.p.b.e.MLResultGenerator.executeExperiment - 246 processed... 20220104/20220603
2025-11-27 00:59:01,900 [main] DEBUG c.p.b.e.MLResultGenerator.executeExperiment - 246 processed... 20220105/20220603
2025-11-27 00:59:02,292 [main] DEBUG c.p.b.e.MLResultGenerator.executeExperiment - 244 processed... 20220123/20220603
2025-11-27 00:59:02,958 [main] DEBUG c.p.b.e.MLResultGenerator.executeExperiment - 246 processed... 20220106/20220603
2025-11-27 00:59:03,016 [main] DEBUG c.p.b.e.MLResultGenerator.executeExperiment - 244 processed... 20220124/20220603
2025-11-27 00:59:03,851 [main] DEBUG c.p.b.e.MLResultGenerator.executeExperiment - 244 processed... 20220125/20220603
2025-11-27 00:59:03,857 [main] DEBUG c.p.b.e.MLResultGenerator.executeExperiment - 246 processed... 20220107/20220603
2025-11-27 00:59:04,639 [main] DEBUG c.p.b.e.MLResultGenerator.executeExperiment - 244 processed... 20220126/20220603
2025-11-27 00:59:04,685 [main] DEBUG c.p.b.e.MLResultGenerator.executeExperiment - 246 processed... 20220108/20220603
2025-11-27 00:59:05,368 [main] DEBUG c.p.b.e.MLResultGenerator.executeExperiment - 244 processed... 20220127/20220603
2025-11-27 00:59:05,454 [main] DEBUG c.p.b.e.MLResultGenerator.executeExperiment - 246 processed... 20220109/20220603
2025-11-27 00:59:06,068 [main] DEBUG c.p.b.e.MLResultGenerator.executeExperiment - 244 processed... 20220128/20220603
2025-11-27 00:59:06,097 [main] DEBUG c.p.b.e.MLResultGenerator.executeExperiment - 246 processed... 20220110/20220603
2025-11-27 00:59:06,618 [main] DEBUG c.p.b.e.MLResultGenerator.executeExperiment - 246 processed... 20220111/20220603
2025-11-27 00:59:06,949 [main] DEBUG c.p.b.e.MLResultGenerator.executeExperiment - 244 processed... 20220129/20220603
2025-11-27 00:59:07,324 [main] DEBUG c.p.b.e.MLResultGenerator.executeExperiment - 246 processed... 20220112/20220603
2025-11-27 00:59:07,850 [main] DEBUG c.p.b.e.MLResultGenerator.executeExperiment - 244 processed... 20220130/20220603
2025-11-27 00:59:07,971 [main] DEBUG c.p.b.e.MLResultGenerator.executeExperiment - 246 processed... 20220113/20220603
2025-11-27 00:59:08,639 [main] DEBUG c.p.b.e.MLResultGenerator.executeExperiment - 246 processed... 20220114/20220603
2025-11-27 00:59:08,705 [main] DEBUG c.p.b.e.MLResultGenerator.executeExperiment - 244 processed... 20220131/20220603
2025-11-27 00:59:09,445 [main] DEBUG c.p.b.e.MLResultGenerator.executeExperiment - 244 processed... 20220201/20220603
2025-11-27 00:59:09,567 [main] DEBUG c.p.b.e.MLResultGenerator.executeExperiment - 246 processed... 20220115/20220603
2025-11-27 00:59:10,182 [main] DEBUG c.p.b.e.MLResultGenerator.executeExperiment - 244 processed... 20220202/20220603
2025-11-27 00:59:10,323 [main] DEBUG c.p.b.e.MLResultGenerator.executeExperiment - 246 processed... 20220116/20220603
2025-11-27 00:59:11,011 [main] DEBUG c.p.b.e.MLResultGenerator.executeExperiment - 244 processed... 20220203/20220603
2025-11-27 00:59:11,141 [main] DEBUG c.p.b.e.MLResultGenerator.executeExperiment - 246 processed... 20220117/20220603
2025-11-27 00:59:11,780 [main] DEBUG c.p.b.e.MLResultGenerator.executeExperiment - 246 processed... 20220118/20220603
2025-11-27 00:59:11,926 [main] DEBUG c.p.b.e.MLResultGenerator.executeExperiment - 244 processed... 20220204/20220603
2025-11-27 00:59:12,641 [main] DEBUG c.p.b.e.MLResultGenerator.executeExperiment - 246 processed... 20220119/20220603
2025-11-27 00:59:12,769 [main] DEBUG c.p.b.e.MLResultGenerator.executeExperiment - 244 processed... 20220205/20220603
2025-11-27 00:59:13,308 [main] DEBUG c.p.b.e.MLResultGenerator.executeExperiment - 246 processed... 20220120/20220603
2025-11-27 00:59:13,552 [main] DEBUG c.p.b.e.MLResultGenerator.executeExperiment - 244 processed... 20220206/20220603
2025-11-27 00:59:14,174 [main] DEBUG c.p.b.e.MLResultGenerator.executeExperiment - 246 processed... 20220121/20220603
2025-11-27 00:59:14,197 [main] DEBUG c.p.b.e.MLResultGenerator.executeExperiment - 244 processed... 20220207/20220603
2025-11-27 00:59:14,907 [main] DEBUG c.p.b.e.MLResultGenerator.executeExperiment - 244 processed... 20220208/20220603
2025-11-27 00:59:15,246 [main] DEBUG c.p.b.e.MLResultGenerator.executeExperiment - 246 processed... 20220122/20220603
2025-11-27 00:59:15,536 [main] DEBUG c.p.b.e.MLResultGenerator.executeExperiment - 244 processed... 20220209/20220603
2025-11-27 00:59:16,134 [main] DEBUG c.p.b.e.MLResultGenerator.executeExperiment - 244 processed... 20220210/20220603
2025-11-27 00:59:16,471 [main] DEBUG c.p.b.e.MLResultGenerator.executeExperiment - 246 processed... 20220123/20220603
2025-11-27 00:59:16,840 [main] DEBUG c.p.b.e.MLResultGenerator.executeExperiment - 244 processed... 20220211/20220603
2025-11-27 00:59:17,221 [main] DEBUG c.p.b.e.MLResultGenerator.executeExperiment - 246 processed... 20220124/20220603
2025-11-27 00:59:17,471 [main] DEBUG c.p.b.e.MLResultGenerator.executeExperiment - 244 processed... 20220212/20220603
2025-11-27 00:59:18,083 [main] DEBUG c.p.b.e.MLResultGenerator.executeExperiment - 244 processed... 20220213/20220603
2025-11-27 00:59:18,114 [main] DEBUG c.p.b.e.MLResultGenerator.executeExperiment - 246 processed... 20220125/20220603
2025-11-27 00:59:18,617 [main] DEBUG c.p.b.e.MLResultGenerator.executeExperiment - 244 processed... 20220214/20220603
2025-11-27 00:59:18,973 [main] DEBUG c.p.b.e.MLResultGenerator.executeExperiment - 246 processed... 20220126/20220603
2025-11-27 00:59:19,135 [main] DEBUG c.p.b.e.MLResultGenerator.executeExperiment - 244 processed... 20220215/20220603
2025-11-27 00:59:19,751 [main] DEBUG c.p.b.e.MLResultGenerator.executeExperiment - 246 processed... 20220127/20220603
2025-11-27 00:59:19,788 [main] DEBUG c.p.b.e.MLResultGenerator.executeExperiment - 244 processed... 20220216/20220603
2025-11-27 00:59:20,447 [main] DEBUG c.p.b.e.MLResultGenerator.executeExperiment - 244 processed... 20220217/20220603
2025-11-27 00:59:20,485 [main] DEBUG c.p.b.e.MLResultGenerator.executeExperiment - 246 processed... 20220128/20220603
2025-11-27 00:59:21,176 [main] DEBUG c.p.b.e.MLResultGenerator.executeExperiment - 244 processed... 20220218/20220603
2025-11-27 00:59:21,398 [main] DEBUG c.p.b.e.MLResultGenerator.executeExperiment - 246 processed... 20220129/20220603
2025-11-27 00:59:22,183 [main] DEBUG c.p.b.e.MLResultGenerator.executeExperiment - 244 processed... 20220219/20220603
2025-11-27 00:59:22,298 [main] DEBUG c.p.b.e.MLResultGenerator.executeExperiment - 246 processed... 20220130/20220603
2025-11-27 00:59:23,068 [main] DEBUG c.p.b.e.MLResultGenerator.executeExperiment - 244 processed... 20220220/20220603
2025-11-27 00:59:23,217 [main] DEBUG c.p.b.e.MLResultGenerator.executeExperiment - 246 processed... 20220131/20220603
2025-11-27 00:59:23,967 [main] DEBUG c.p.b.e.MLResultGenerator.executeExperiment - 244 processed... 20220221/20220603
2025-11-27 00:59:23,984 [main] DEBUG c.p.b.e.MLResultGenerator.executeExperiment - 246 processed... 20220201/20220603
2025-11-27 00:59:24,710 [main] DEBUG c.p.b.e.MLResultGenerator.executeExperiment - 246 processed... 20220202/20220603
2025-11-27 00:59:24,808 [main] DEBUG c.p.b.e.MLResultGenerator.executeExperiment - 244 processed... 20220222/20220603
2025-11-27 00:59:25,500 [main] DEBUG c.p.b.e.MLResultGenerator.executeExperiment - 246 processed... 20220203/20220603
2025-11-27 00:59:25,661 [main] DEBUG c.p.b.e.MLResultGenerator.executeExperiment - 244 processed... 20220223/20220603
2025-11-27 00:59:26,386 [main] DEBUG c.p.b.e.MLResultGenerator.executeExperiment - 246 processed... 20220204/20220603
2025-11-27 00:59:26,465 [main] DEBUG c.p.b.e.MLResultGenerator.executeExperiment - 244 processed... 20220224/20220603
2025-11-27 00:59:27,145 [main] DEBUG c.p.b.e.MLResultGenerator.executeExperiment - 246 processed... 20220205/20220603
2025-11-27 00:59:27,410 [main] DEBUG c.p.b.e.MLResultGenerator.executeExperiment - 244 processed... 20220225/20220603
2025-11-27 00:59:28,049 [main] DEBUG c.p.b.e.MLResultGenerator.executeExperiment - 246 processed... 20220206/20220603
2025-11-27 00:59:28,296 [main] DEBUG c.p.b.e.MLResultGenerator.executeExperiment - 244 processed... 20220226/20220603
2025-11-27 00:59:28,840 [main] DEBUG c.p.b.e.MLResultGenerator.executeExperiment - 246 processed... 20220207/20220603
2025-11-27 00:59:29,171 [main] DEBUG c.p.b.e.MLResultGenerator.executeExperiment - 244 processed... 20220227/20220603
2025-11-27 00:59:29,726 [main] DEBUG c.p.b.e.MLResultGenerator.executeExperiment - 246 processed... 20220208/20220603
2025-11-27 00:59:30,179 [main] DEBUG c.p.b.e.MLResultGenerator.executeExperiment - 244 processed... 20220228/20220603
2025-11-27 00:59:30,554 [main] DEBUG c.p.b.e.MLResultGenerator.executeExperiment - 246 processed... 20220209/20220603
2025-11-27 00:59:31,228 [main] DEBUG c.p.b.e.MLResultGenerator.executeExperiment - 244 processed... 20220301/20220603
2025-11-27 00:59:31,259 [main] DEBUG c.p.b.e.MLResultGenerator.executeExperiment - 246 processed... 20220210/20220603
2025-11-27 00:59:32,102 [main] DEBUG c.p.b.e.MLResultGenerator.executeExperiment - 244 processed... 20220302/20220603
2025-11-27 00:59:32,208 [main] DEBUG c.p.b.e.MLResultGenerator.executeExperiment - 246 processed... 20220211/20220603
2025-11-27 00:59:32,832 [main] DEBUG c.p.b.e.MLResultGenerator.executeExperiment - 244 processed... 20220303/20220603
2025-11-27 00:59:33,008 [main] DEBUG c.p.b.e.MLResultGenerator.executeExperiment - 246 processed... 20220212/20220603
2025-11-27 00:59:33,680 [main] DEBUG c.p.b.e.MLResultGenerator.executeExperiment - 244 processed... 20220304/20220603
2025-11-27 00:59:33,895 [main] DEBUG c.p.b.e.MLResultGenerator.executeExperiment - 246 processed... 20220213/20220603
2025-11-27 00:59:34,489 [main] DEBUG c.p.b.e.MLResultGenerator.executeExperiment - 244 processed... 20220305/20220603
2025-11-27 00:59:34,618 [main] DEBUG c.p.b.e.MLResultGenerator.executeExperiment - 246 processed... 20220214/20220603
2025-11-27 00:59:35,304 [main] DEBUG c.p.b.e.MLResultGenerator.executeExperiment - 246 processed... 20220215/20220603
2025-11-27 00:59:35,304 [main] DEBUG c.p.b.e.MLResultGenerator.executeExperiment - 244 processed... 20220306/20220603
2025-11-27 00:59:36,090 [main] DEBUG c.p.b.e.MLResultGenerator.executeExperiment - 246 processed... 20220216/20220603
2025-11-27 00:59:36,185 [main] DEBUG c.p.b.e.MLResultGenerator.executeExperiment - 244 processed... 20220307/20220603
2025-11-27 00:59:36,888 [main] DEBUG c.p.b.e.MLResultGenerator.executeExperiment - 246 processed... 20220217/20220603
2025-11-27 00:59:37,028 [main] DEBUG c.p.b.e.MLResultGenerator.executeExperiment - 244 processed... 20220308/20220603
2025-11-27 00:59:37,711 [main] DEBUG c.p.b.e.MLResultGenerator.executeExperiment - 246 processed... 20220218/20220603
2025-11-27 00:59:37,805 [main] DEBUG c.p.b.e.MLResultGenerator.executeExperiment - 244 processed... 20220309/20220603
2025-11-27 00:59:38,427 [main] DEBUG c.p.b.e.MLResultGenerator.executeExperiment - 244 processed... 20220310/20220603
2025-11-27 00:59:38,742 [main] DEBUG c.p.b.e.MLResultGenerator.executeExperiment - 246 processed... 20220219/20220603
2025-11-27 00:59:39,169 [main] DEBUG c.p.b.e.MLResultGenerator.executeExperiment - 244 processed... 20220311/20220603
2025-11-27 00:59:39,629 [main] DEBUG c.p.b.e.MLResultGenerator.executeExperiment - 246 processed... 20220220/20220603
2025-11-27 00:59:39,841 [main] DEBUG c.p.b.e.MLResultGenerator.executeExperiment - 244 processed... 20220312/20220603
2025-11-27 00:59:40,542 [main] DEBUG c.p.b.e.MLResultGenerator.executeExperiment - 246 processed... 20220221/20220603
2025-11-27 00:59:40,642 [main] DEBUG c.p.b.e.MLResultGenerator.executeExperiment - 244 processed... 20220313/20220603
2025-11-27 00:59:41,495 [main] DEBUG c.p.b.e.MLResultGenerator.executeExperiment - 244 processed... 20220314/20220603
2025-11-27 00:59:41,517 [main] DEBUG c.p.b.e.MLResultGenerator.executeExperiment - 246 processed... 20220222/20220603
2025-11-27 00:59:42,207 [main] DEBUG c.p.b.e.MLResultGenerator.executeExperiment - 244 processed... 20220315/20220603
2025-11-27 00:59:42,444 [main] DEBUG c.p.b.e.MLResultGenerator.executeExperiment - 246 processed... 20220223/20220603
2025-11-27 00:59:42,938 [main] DEBUG c.p.b.e.MLResultGenerator.executeExperiment - 244 processed... 20220316/20220603
2025-11-27 00:59:43,331 [main] DEBUG c.p.b.e.MLResultGenerator.executeExperiment - 246 processed... 20220224/20220603
2025-11-27 00:59:43,733 [main] DEBUG c.p.b.e.MLResultGenerator.executeExperiment - 244 processed... 20220317/20220603
2025-11-27 00:59:44,321 [main] DEBUG c.p.b.e.MLResultGenerator.executeExperiment - 246 processed... 20220225/20220603
2025-11-27 00:59:44,453 [main] DEBUG c.p.b.e.MLResultGenerator.executeExperiment - 244 processed... 20220318/20220603
2025-11-27 00:59:45,261 [main] DEBUG c.p.b.e.MLResultGenerator.executeExperiment - 246 processed... 20220226/20220603
2025-11-27 00:59:45,321 [main] DEBUG c.p.b.e.MLResultGenerator.executeExperiment - 244 processed... 20220319/20220603
2025-11-27 00:59:46,113 [main] DEBUG c.p.b.e.MLResultGenerator.executeExperiment - 244 processed... 20220320/20220603
2025-11-27 00:59:46,159 [main] DEBUG c.p.b.e.MLResultGenerator.executeExperiment - 246 processed... 20220227/20220603
2025-11-27 00:59:46,940 [main] DEBUG c.p.b.e.MLResultGenerator.executeExperiment - 244 processed... 20220321/20220603
2025-11-27 00:59:47,158 [main] DEBUG c.p.b.e.MLResultGenerator.executeExperiment - 246 processed... 20220228/20220603
2025-11-27 00:59:47,796 [main] DEBUG c.p.b.e.MLResultGenerator.executeExperiment - 244 processed... 20220322/20220603
2025-11-27 00:59:48,327 [main] DEBUG c.p.b.e.MLResultGenerator.executeExperiment - 246 processed... 20220301/20220603
2025-11-27 00:59:48,631 [main] DEBUG c.p.b.e.MLResultGenerator.executeExperiment - 244 processed... 20220323/20220603
2025-11-27 00:59:49,232 [main] DEBUG c.p.b.e.MLResultGenerator.executeExperiment - 246 processed... 20220302/20220603
2025-11-27 00:59:49,593 [main] DEBUG c.p.b.e.MLResultGenerator.executeExperiment - 244 processed... 20220324/20220603
2025-11-27 00:59:50,046 [main] DEBUG c.p.b.e.MLResultGenerator.executeExperiment - 246 processed... 20220303/20220603
2025-11-27 00:59:50,480 [main] DEBUG c.p.b.e.MLResultGenerator.executeExperiment - 244 processed... 20220325/20220603
2025-11-27 00:59:50,886 [main] DEBUG c.p.b.e.MLResultGenerator.executeExperiment - 246 processed... 20220304/20220603
2025-11-27 00:59:51,010 [main] DEBUG c.p.b.e.MLResultGenerator.executeExperiment - 244 processed... 20220326/20220603
2025-11-27 00:59:51,802 [main] DEBUG c.p.b.e.MLResultGenerator.executeExperiment - 244 processed... 20220327/20220603
2025-11-27 00:59:51,807 [main] DEBUG c.p.b.e.MLResultGenerator.executeExperiment - 246 processed... 20220305/20220603
2025-11-27 00:59:52,466 [main] DEBUG c.p.b.e.MLResultGenerator.executeExperiment - 244 processed... 20220328/20220603
2025-11-27 00:59:52,697 [main] DEBUG c.p.b.e.MLResultGenerator.executeExperiment - 246 processed... 20220306/20220603
2025-11-27 00:59:53,187 [main] DEBUG c.p.b.e.MLResultGenerator.executeExperiment - 244 processed... 20220329/20220603
2025-11-27 00:59:53,747 [main] DEBUG c.p.b.e.MLResultGenerator.executeExperiment - 246 processed... 20220307/20220603
2025-11-27 00:59:53,986 [main] DEBUG c.p.b.e.MLResultGenerator.executeExperiment - 244 processed... 20220330/20220603
2025-11-27 00:59:54,540 [main] DEBUG c.p.b.e.MLResultGenerator.executeExperiment - 244 processed... 20220331/20220603
2025-11-27 00:59:54,639 [main] DEBUG c.p.b.e.MLResultGenerator.executeExperiment - 246 processed... 20220308/20220603
2025-11-27 00:59:55,174 [main] DEBUG c.p.b.e.MLResultGenerator.executeExperiment - 244 processed... 20220401/20220603
2025-11-27 00:59:55,428 [main] DEBUG c.p.b.e.MLResultGenerator.executeExperiment - 246 processed... 20220309/20220603
2025-11-27 00:59:56,092 [main] DEBUG c.p.b.e.MLResultGenerator.executeExperiment - 244 processed... 20220402/20220603
2025-11-27 00:59:56,182 [main] DEBUG c.p.b.e.MLResultGenerator.executeExperiment - 246 processed... 20220310/20220603
2025-11-27 00:59:56,928 [main] DEBUG c.p.b.e.MLResultGenerator.executeExperiment - 244 processed... 20220403/20220603
2025-11-27 00:59:56,985 [main] DEBUG c.p.b.e.MLResultGenerator.executeExperiment - 246 processed... 20220311/20220603
2025-11-27 00:59:57,830 [main] DEBUG c.p.b.e.MLResultGenerator.executeExperiment - 246 processed... 20220312/20220603
2025-11-27 00:59:57,863 [main] DEBUG c.p.b.e.MLResultGenerator.executeExperiment - 244 processed... 20220404/20220603
2025-11-27 00:59:58,631 [main] DEBUG c.p.b.e.MLResultGenerator.executeExperiment - 244 processed... 20220405/20220603
2025-11-27 00:59:58,663 [main] DEBUG c.p.b.e.MLResultGenerator.executeExperiment - 246 processed... 20220313/20220603
2025-11-27 00:59:59,397 [main] DEBUG c.p.b.e.MLResultGenerator.executeExperiment - 244 processed... 20220406/20220603
2025-11-27 00:59:59,489 [main] DEBUG c.p.b.e.MLResultGenerator.executeExperiment - 246 processed... 20220314/20220603
2025-11-27 01:00:00,062 [main] DEBUG c.p.b.e.MLResultGenerator.executeExperiment - 244 processed... 20220407/20220603
2025-11-27 01:00:00,222 [main] DEBUG c.p.b.e.MLResultGenerator.executeExperiment - 246 processed... 20220315/20220603
2025-11-27 01:00:00,732 [main] DEBUG c.p.b.e.MLResultGenerator.executeExperiment - 244 processed... 20220408/20220603
2025-11-27 01:00:01,078 [main] DEBUG c.p.b.e.MLResultGenerator.executeExperiment - 246 processed... 20220316/20220603
2025-11-27 01:00:01,536 [main] DEBUG c.p.b.e.MLResultGenerator.executeExperiment - 244 processed... 20220409/20220603
2025-11-27 01:00:01,906 [main] DEBUG c.p.b.e.MLResultGenerator.executeExperiment - 246 processed... 20220317/20220603
2025-11-27 01:00:02,198 [main] DEBUG c.p.b.e.MLResultGenerator.executeExperiment - 244 processed... 20220410/20220603
2025-11-27 01:00:02,710 [main] DEBUG c.p.b.e.MLResultGenerator.executeExperiment - 246 processed... 20220318/20220603
2025-11-27 01:00:02,859 [main] DEBUG c.p.b.e.MLResultGenerator.executeExperiment - 244 processed... 20220411/20220603
2025-11-27 01:00:03,472 [main] DEBUG c.p.b.e.MLResultGenerator.executeExperiment - 244 processed... 20220412/20220603
2025-11-27 01:00:03,650 [main] DEBUG c.p.b.e.MLResultGenerator.executeExperiment - 246 processed... 20220319/20220603
2025-11-27 01:00:04,142 [main] DEBUG c.p.b.e.MLResultGenerator.executeExperiment - 244 processed... 20220413/20220603
2025-11-27 01:00:04,509 [main] DEBUG c.p.b.e.MLResultGenerator.executeExperiment - 246 processed... 20220320/20220603
2025-11-27 01:00:04,754 [main] DEBUG c.p.b.e.MLResultGenerator.executeExperiment - 244 processed... 20220414/20220603
2025-11-27 01:00:05,379 [main] DEBUG c.p.b.e.MLResultGenerator.executeExperiment - 246 processed... 20220321/20220603
2025-11-27 01:00:05,473 [main] DEBUG c.p.b.e.MLResultGenerator.executeExperiment - 244 processed... 20220415/20220603
2025-11-27 01:00:06,126 [main] DEBUG c.p.b.e.MLResultGenerator.executeExperiment - 246 processed... 20220322/20220603
2025-11-27 01:00:06,362 [main] DEBUG c.p.b.e.MLResultGenerator.executeExperiment - 244 processed... 20220416/20220603
2025-11-27 01:00:07,034 [main] DEBUG c.p.b.e.MLResultGenerator.executeExperiment - 246 processed... 20220323/20220603
2025-11-27 01:00:07,387 [main] DEBUG c.p.b.e.MLResultGenerator.executeExperiment - 244 processed... 20220417/20220603
2025-11-27 01:00:08,016 [main] DEBUG c.p.b.e.MLResultGenerator.executeExperiment - 246 processed... 20220324/20220603
2025-11-27 01:00:08,344 [main] DEBUG c.p.b.e.MLResultGenerator.executeExperiment - 244 processed... 20220418/20220603
2025-11-27 01:00:08,929 [main] DEBUG c.p.b.e.MLResultGenerator.executeExperiment - 246 processed... 20220325/20220603
2025-11-27 01:00:09,206 [main] DEBUG c.p.b.e.MLResultGenerator.executeExperiment - 244 processed... 20220419/20220603
2025-11-27 01:00:09,548 [main] DEBUG c.p.b.e.MLResultGenerator.executeExperiment - 246 processed... 20220326/20220603
2025-11-27 01:00:10,067 [main] DEBUG c.p.b.e.MLResultGenerator.executeExperiment - 244 processed... 20220420/20220603
2025-11-27 01:00:10,399 [main] DEBUG c.p.b.e.MLResultGenerator.executeExperiment - 246 processed... 20220327/20220603
2025-11-27 01:00:10,823 [main] DEBUG c.p.b.e.MLResultGenerator.executeExperiment - 244 processed... 20220421/20220603
2025-11-27 01:00:11,214 [main] DEBUG c.p.b.e.MLResultGenerator.executeExperiment - 246 processed... 20220328/20220603
2025-11-27 01:00:11,694 [main] DEBUG c.p.b.e.MLResultGenerator.executeExperiment - 244 processed... 20220422/20220603
2025-11-27 01:00:12,030 [main] DEBUG c.p.b.e.MLResultGenerator.executeExperiment - 246 processed... 20220329/20220603
2025-11-27 01:00:12,610 [main] DEBUG c.p.b.e.MLResultGenerator.executeExperiment - 244 processed... 20220423/20220603
2025-11-27 01:00:12,837 [main] DEBUG c.p.b.e.MLResultGenerator.executeExperiment - 246 processed... 20220330/20220603
2025-11-27 01:00:13,481 [main] DEBUG c.p.b.e.MLResultGenerator.executeExperiment - 246 processed... 20220331/20220603
2025-11-27 01:00:13,774 [main] DEBUG c.p.b.e.MLResultGenerator.executeExperiment - 244 processed... 20220424/20220603
2025-11-27 01:00:14,115 [main] DEBUG c.p.b.e.MLResultGenerator.executeExperiment - 246 processed... 20220401/20220603
2025-11-27 01:00:14,945 [main] DEBUG c.p.b.e.MLResultGenerator.executeExperiment - 244 processed... 20220425/20220603
2025-11-27 01:00:15,004 [main] DEBUG c.p.b.e.MLResultGenerator.executeExperiment - 246 processed... 20220402/20220603
2025-11-27 01:00:15,824 [main] DEBUG c.p.b.e.MLResultGenerator.executeExperiment - 246 processed... 20220403/20220603
2025-11-27 01:00:15,911 [main] DEBUG c.p.b.e.MLResultGenerator.executeExperiment - 244 processed... 20220426/20220603
2025-11-27 01:00:16,748 [main] DEBUG c.p.b.e.MLResultGenerator.executeExperiment - 246 processed... 20220404/20220603
2025-11-27 01:00:16,822 [main] DEBUG c.p.b.e.MLResultGenerator.executeExperiment - 244 processed... 20220427/20220603
2025-11-27 01:00:17,632 [main] DEBUG c.p.b.e.MLResultGenerator.executeExperiment - 246 processed... 20220405/20220603
2025-11-27 01:00:17,762 [main] DEBUG c.p.b.e.MLResultGenerator.executeExperiment - 244 processed... 20220428/20220603
2025-11-27 01:00:18,428 [main] DEBUG c.p.b.e.MLResultGenerator.executeExperiment - 246 processed... 20220406/20220603
2025-11-27 01:00:18,575 [main] DEBUG c.p.b.e.MLResultGenerator.executeExperiment - 244 processed... 20220429/20220603
2025-11-27 01:00:19,126 [main] DEBUG c.p.b.e.MLResultGenerator.executeExperiment - 246 processed... 20220407/20220603
2025-11-27 01:00:19,720 [main] DEBUG c.p.b.e.MLResultGenerator.executeExperiment - 244 processed... 20220430/20220603
2025-11-27 01:00:19,759 [main] DEBUG c.p.b.e.MLResultGenerator.executeExperiment - 246 processed... 20220408/20220603
2025-11-27 01:00:20,565 [main] DEBUG c.p.b.e.MLResultGenerator.executeExperiment - 246 processed... 20220409/20220603
2025-11-27 01:00:20,978 [main] DEBUG c.p.b.e.MLResultGenerator.executeExperiment - 244 processed... 20220501/20220603
2025-11-27 01:00:21,281 [main] DEBUG c.p.b.e.MLResultGenerator.executeExperiment - 246 processed... 20220410/20220603
2025-11-27 01:00:21,917 [main] DEBUG c.p.b.e.MLResultGenerator.executeExperiment - 246 processed... 20220411/20220603
2025-11-27 01:00:22,027 [main] DEBUG c.p.b.e.MLResultGenerator.executeExperiment - 244 processed... 20220502/20220603
2025-11-27 01:00:22,557 [main] DEBUG c.p.b.e.MLResultGenerator.executeExperiment - 246 processed... 20220412/20220603
2025-11-27 01:00:23,209 [main] DEBUG c.p.b.e.MLResultGenerator.executeExperiment - 244 processed... 20220503/20220603
2025-11-27 01:00:23,288 [main] DEBUG c.p.b.e.MLResultGenerator.executeExperiment - 246 processed... 20220413/20220603
2025-11-27 01:00:24,007 [main] DEBUG c.p.b.e.MLResultGenerator.executeExperiment - 246 processed... 20220414/20220603
2025-11-27 01:00:24,134 [main] DEBUG c.p.b.e.MLResultGenerator.executeExperiment - 244 processed... 20220504/20220603
2025-11-27 01:00:24,844 [main] DEBUG c.p.b.e.MLResultGenerator.executeExperiment - 246 processed... 20220415/20220603
2025-11-27 01:00:24,991 [main] DEBUG c.p.b.e.MLResultGenerator.executeExperiment - 244 processed... 20220505/20220603
2025-11-27 01:00:25,721 [main] DEBUG c.p.b.e.MLResultGenerator.executeExperiment - 246 processed... 20220416/20220603
2025-11-27 01:00:25,727 [main] DEBUG c.p.b.e.MLResultGenerator.executeExperiment - 244 processed... 20220506/20220603
2025-11-27 01:00:26,581 [main] DEBUG c.p.b.e.MLResultGenerator.executeExperiment - 244 processed... 20220507/20220603
2025-11-27 01:00:26,769 [main] DEBUG c.p.b.e.MLResultGenerator.executeExperiment - 246 processed... 20220417/20220603
2025-11-27 01:00:27,501 [main] DEBUG c.p.b.e.MLResultGenerator.executeExperiment - 244 processed... 20220508/20220603
2025-11-27 01:00:27,773 [main] DEBUG c.p.b.e.MLResultGenerator.executeExperiment - 246 processed... 20220418/20220603
2025-11-27 01:00:28,370 [main] DEBUG c.p.b.e.MLResultGenerator.executeExperiment - 244 processed... 20220509/20220603
2025-11-27 01:00:28,645 [main] DEBUG c.p.b.e.MLResultGenerator.executeExperiment - 246 processed... 20220419/20220603
2025-11-27 01:00:29,235 [main] DEBUG c.p.b.e.MLResultGenerator.executeExperiment - 244 processed... 20220510/20220603
2025-11-27 01:00:29,534 [main] DEBUG c.p.b.e.MLResultGenerator.executeExperiment - 246 processed... 20220420/20220603
2025-11-27 01:00:29,980 [main] DEBUG c.p.b.e.MLResultGenerator.executeExperiment - 244 processed... 20220511/20220603
2025-11-27 01:00:30,300 [main] DEBUG c.p.b.e.MLResultGenerator.executeExperiment - 246 processed... 20220421/20220603
2025-11-27 01:00:30,589 [main] DEBUG c.p.b.e.MLResultGenerator.executeExperiment - 244 processed... 20220512/20220603
2025-11-27 01:00:31,166 [main] DEBUG c.p.b.e.MLResultGenerator.executeExperiment - 246 processed... 20220422/20220603
2025-11-27 01:00:31,321 [main] DEBUG c.p.b.e.MLResultGenerator.executeExperiment - 244 processed... 20220513/20220603
2025-11-27 01:00:32,075 [main] DEBUG c.p.b.e.MLResultGenerator.executeExperiment - 244 processed... 20220514/20220603
2025-11-27 01:00:32,088 [main] DEBUG c.p.b.e.MLResultGenerator.executeExperiment - 246 processed... 20220423/20220603
2025-11-27 01:00:32,825 [main] DEBUG c.p.b.e.MLResultGenerator.executeExperiment - 244 processed... 20220515/20220603
2025-11-27 01:00:33,262 [main] DEBUG c.p.b.e.MLResultGenerator.executeExperiment - 246 processed... 20220424/20220603
2025-11-27 01:00:33,482 [main] DEBUG c.p.b.e.MLResultGenerator.executeExperiment - 244 processed... 20220516/20220603
2025-11-27 01:00:34,026 [main] DEBUG c.p.b.e.MLResultGenerator.executeExperiment - 244 processed... 20220517/20220603
2025-11-27 01:00:34,397 [main] DEBUG c.p.b.e.MLResultGenerator.executeExperiment - 246 processed... 20220425/20220603
2025-11-27 01:00:34,535 [main] DEBUG c.p.b.e.MLResultGenerator.executeExperiment - 244 processed... 20220518/20220603
2025-11-27 01:00:35,162 [main] DEBUG c.p.b.e.MLResultGenerator.executeExperiment - 244 processed... 20220519/20220603
2025-11-27 01:00:35,335 [main] DEBUG c.p.b.e.MLResultGenerator.executeExperiment - 246 processed... 20220426/20220603
2025-11-27 01:00:35,841 [main] DEBUG c.p.b.e.MLResultGenerator.executeExperiment - 244 processed... 20220520/20220603
2025-11-27 01:00:36,228 [main] DEBUG c.p.b.e.MLResultGenerator.executeExperiment - 246 processed... 20220427/20220603
2025-11-27 01:00:36,678 [main] DEBUG c.p.b.e.MLResultGenerator.executeExperiment - 244 processed... 20220521/20220603
2025-11-27 01:00:37,077 [main] DEBUG c.p.b.e.MLResultGenerator.executeExperiment - 246 processed... 20220428/20220603
2025-11-27 01:00:37,487 [main] DEBUG c.p.b.e.MLResultGenerator.executeExperiment - 244 processed... 20220522/20220603
2025-11-27 01:00:37,977 [main] DEBUG c.p.b.e.MLResultGenerator.executeExperiment - 246 processed... 20220429/20220603
2025-11-27 01:00:38,178 [main] DEBUG c.p.b.e.MLResultGenerator.executeExperiment - 244 processed... 20220523/20220603
2025-11-27 01:00:38,796 [main] DEBUG c.p.b.e.MLResultGenerator.executeExperiment - 244 processed... 20220524/20220603
2025-11-27 01:00:39,116 [main] DEBUG c.p.b.e.MLResultGenerator.executeExperiment - 246 processed... 20220430/20220603
2025-11-27 01:00:39,353 [main] DEBUG c.p.b.e.MLResultGenerator.executeExperiment - 244 processed... 20220525/20220603
2025-11-27 01:00:40,195 [main] DEBUG c.p.b.e.MLResultGenerator.executeExperiment - 244 processed... 20220526/20220603
2025-11-27 01:00:40,360 [main] DEBUG c.p.b.e.MLResultGenerator.executeExperiment - 246 processed... 20220501/20220603
2025-11-27 01:00:40,865 [main] DEBUG c.p.b.e.MLResultGenerator.executeExperiment - 244 processed... 20220527/20220603
2025-11-27 01:00:41,471 [main] DEBUG c.p.b.e.MLResultGenerator.executeExperiment - 246 processed... 20220502/20220603
2025-11-27 01:00:41,894 [main] DEBUG c.p.b.e.MLResultGenerator.executeExperiment - 244 processed... 20220528/20220603
2025-11-27 01:00:42,635 [main] DEBUG c.p.b.e.MLResultGenerator.executeExperiment - 246 processed... 20220503/20220603
2025-11-27 01:00:43,017 [main] DEBUG c.p.b.e.MLResultGenerator.executeExperiment - 244 processed... 20220529/20220603
2025-11-27 01:00:43,551 [main] DEBUG c.p.b.e.MLResultGenerator.executeExperiment - 246 processed... 20220504/20220603
2025-11-27 01:00:43,877 [main] DEBUG c.p.b.e.MLResultGenerator.executeExperiment - 244 processed... 20220530/20220603
2025-11-27 01:00:44,401 [main] DEBUG c.p.b.e.MLResultGenerator.executeExperiment - 246 processed... 20220505/20220603
2025-11-27 01:00:44,555 [main] DEBUG c.p.b.e.MLResultGenerator.executeExperiment - 244 processed... 20220531/20220603
2025-11-27 01:00:45,138 [main] DEBUG c.p.b.e.MLResultGenerator.executeExperiment - 246 processed... 20220506/20220603
2025-11-27 01:00:45,337 [main] DEBUG c.p.b.e.MLResultGenerator.executeExperiment - 244 processed... 20220601/20220603
2025-11-27 01:00:45,987 [main] DEBUG c.p.b.e.MLResultGenerator.executeExperiment - 246 processed... 20220507/20220603
2025-11-27 01:00:46,030 [main] DEBUG c.p.b.e.MLResultGenerator.executeExperiment - 244 processed... 20220602/20220603
2025-11-27 01:00:46,731 [main] DEBUG c.p.b.e.MLResultGenerator.executeExperiment - 244 processed... 20220603/20220603
2025-11-27 01:00:46,889 [main] DEBUG c.p.b.e.MLResultGenerator.executeExperiment - 246 processed... 20220508/20220603
2025-11-27 01:00:47,001 [main] DEBUG c.p.b.e.r.s.MlEvaluationCreator.create - creating MlEvaluation. 244,39105,3T,123,nopattern,nopattern
2025-11-27 01:00:47,085 [main] DEBUG c.p.b.e.r.s.MlEvaluationCreator.create - creating MlEvaluation. 244,39105,3T,124,nopattern,nopattern
2025-11-27 01:00:47,104 [main] DEBUG c.p.b.e.r.s.MlEvaluationCreator.create - creating MlEvaluation. 244,39105,3T,125,nopattern,nopattern
2025-11-27 01:00:47,117 [main] DEBUG c.p.b.e.r.s.MlEvaluationCreator.create - creating MlEvaluation. 244,39105,3T,126,nopattern,nopattern
2025-11-27 01:00:47,129 [main] DEBUG c.p.b.e.r.s.MlEvaluationCreator.create - creating MlEvaluation. 244,39105,3T,132,nopattern,nopattern
2025-11-27 01:00:47,149 [main] DEBUG c.p.b.e.r.s.MlEvaluationCreator.create - creating MlEvaluation. 244,39105,3T,134,nopattern,nopattern
2025-11-27 01:00:47,162 [main] DEBUG c.p.b.e.r.s.MlEvaluationCreator.create - creating MlEvaluation. 244,39105,3T,135,nopattern,nopattern
2025-11-27 01:00:47,172 [main] DEBUG c.p.b.e.r.s.MlEvaluationCreator.create - creating MlEvaluation. 244,39105,3T,136,nopattern,nopattern
2025-11-27 01:00:47,181 [main] DEBUG c.p.b.e.r.s.MlEvaluationCreator.create - creating MlEvaluation. 244,39105,3T,142,nopattern,nopattern
2025-11-27 01:00:47,193 [main] DEBUG c.p.b.e.r.s.MlEvaluationCreator.create - creating MlEvaluation. 244,39105,3T,143,nopattern,nopattern
2025-11-27 01:00:47,202 [main] DEBUG c.p.b.e.r.s.MlEvaluationCreator.create - creating MlEvaluation. 244,39105,3T,145,nopattern,nopattern
2025-11-27 01:00:47,209 [main] DEBUG c.p.b.e.r.s.MlEvaluationCreator.create - creating MlEvaluation. 244,39105,3T,146,nopattern,nopattern
2025-11-27 01:00:47,215 [main] DEBUG c.p.b.e.r.s.MlEvaluationCreator.create - creating MlEvaluation. 244,39105,3T,152,nopattern,nopattern
2025-11-27 01:00:47,222 [main] DEBUG c.p.b.e.r.s.MlEvaluationCreator.create - creating MlEvaluation. 244,39105,3T,153,nopattern,nopattern
2025-11-27 01:00:47,227 [main] DEBUG c.p.b.e.r.s.MlEvaluationCreator.create - creating MlEvaluation. 244,39105,3T,154,nopattern,nopattern
2025-11-27 01:00:47,231 [main] DEBUG c.p.b.e.r.s.MlEvaluationCreator.create - creating MlEvaluation. 244,39105,3T,156,nopattern,nopattern
2025-11-27 01:00:47,317 [main] DEBUG c.p.b.e.r.s.MlEvaluationCreator.create - creating MlEvaluation. 244,39105,3T,162,nopattern,nopattern
2025-11-27 01:00:47,323 [main] DEBUG c.p.b.e.r.s.MlEvaluationCreator.create - creating MlEvaluation. 244,39105,3T,163,nopattern,nopattern
2025-11-27 01:00:47,328 [main] DEBUG c.p.b.e.r.s.MlEvaluationCreator.create - creating MlEvaluation. 244,39105,3T,164,nopattern,nopattern
2025-11-27 01:00:47,331 [main] DEBUG c.p.b.e.r.s.MlEvaluationCreator.create - creating MlEvaluation. 244,39105,3T,165,nopattern,nopattern
2025-11-27 01:00:47,336 [main] DEBUG c.p.b.e.r.s.MlEvaluationCreator.create - creating MlEvaluation. 244,39105,3T,213,nopattern,nopattern
2025-11-27 01:00:47,343 [main] DEBUG c.p.b.e.r.s.MlEvaluationCreator.create - creating MlEvaluation. 244,39105,3T,214,nopattern,nopattern
2025-11-27 01:00:47,349 [main] DEBUG c.p.b.e.r.s.MlEvaluationCreator.create - creating MlEvaluation. 244,39105,3T,215,nopattern,nopattern
2025-11-27 01:00:47,354 [main] DEBUG c.p.b.e.r.s.MlEvaluationCreator.create - creating MlEvaluation. 244,39105,3T,216,nopattern,nopattern
2025-11-27 01:00:47,358 [main] DEBUG c.p.b.e.r.s.MlEvaluationCreator.create - creating MlEvaluation. 244,39105,3T,231,nopattern,nopattern
2025-11-27 01:00:47,361 [main] DEBUG c.p.b.e.r.s.MlEvaluationCreator.create - creating MlEvaluation. 244,39105,3T,234,nopattern,nopattern
2025-11-27 01:00:47,365 [main] DEBUG c.p.b.e.r.s.MlEvaluationCreator.create - creating MlEvaluation. 244,39105,3T,235,nopattern,nopattern
2025-11-27 01:00:47,368 [main] DEBUG c.p.b.e.r.s.MlEvaluationCreator.create - creating MlEvaluation. 244,39105,3T,236,nopattern,nopattern
2025-11-27 01:00:47,370 [main] DEBUG c.p.b.e.r.s.MlEvaluationCreator.create - creating MlEvaluation. 244,39105,3T,241,nopattern,nopattern
2025-11-27 01:00:47,374 [main] DEBUG c.p.b.e.r.s.MlEvaluationCreator.create - creating MlEvaluation. 244,39105,3T,243,nopattern,nopattern
2025-11-27 01:00:47,377 [main] DEBUG c.p.b.e.r.s.MlEvaluationCreator.create - creating MlEvaluation. 244,39105,3T,245,nopattern,nopattern
2025-11-27 01:00:47,380 [main] DEBUG c.p.b.e.r.s.MlEvaluationCreator.create - creating MlEvaluation. 244,39105,3T,246,nopattern,nopattern
2025-11-27 01:00:47,382 [main] DEBUG c.p.b.e.r.s.MlEvaluationCreator.create - creating MlEvaluation. 244,39105,3T,251,nopattern,nopattern
2025-11-27 01:00:47,385 [main] DEBUG c.p.b.e.r.s.MlEvaluationCreator.create - creating MlEvaluation. 244,39105,3T,253,nopattern,nopattern
2025-11-27 01:00:47,388 [main] DEBUG c.p.b.e.r.s.MlEvaluationCreator.create - creating MlEvaluation. 244,39105,3T,254,nopattern,nopattern
2025-11-27 01:00:47,392 [main] DEBUG c.p.b.e.r.s.MlEvaluationCreator.create - creating MlEvaluation. 244,39105,3T,256,nopattern,nopattern
2025-11-27 01:00:47,394 [main] DEBUG c.p.b.e.r.s.MlEvaluationCreator.create - creating MlEvaluation. 244,39105,3T,261,nopattern,nopattern
2025-11-27 01:00:47,397 [main] DEBUG c.p.b.e.r.s.MlEvaluationCreator.create - creating MlEvaluation. 244,39105,3T,263,nopattern,nopattern
2025-11-27 01:00:47,400 [main] DEBUG c.p.b.e.r.s.MlEvaluationCreator.create - creating MlEvaluation. 244,39105,3T,264,nopattern,nopattern
2025-11-27 01:00:47,402 [main] DEBUG c.p.b.e.r.s.MlEvaluationCreator.create - creating MlEvaluation. 244,39105,3T,265,nopattern,nopattern
2025-11-27 01:00:47,405 [main] DEBUG c.p.b.e.r.s.MlEvaluationCreator.create - creating MlEvaluation. 244,39105,3T,312,nopattern,nopattern
2025-11-27 01:00:47,410 [main] DEBUG c.p.b.e.r.s.MlEvaluationCreator.create - creating MlEvaluation. 244,39105,3T,314,nopattern,nopattern
2025-11-27 01:00:47,414 [main] DEBUG c.p.b.e.r.s.MlEvaluationCreator.create - creating MlEvaluation. 244,39105,3T,315,nopattern,nopattern
2025-11-27 01:00:47,417 [main] DEBUG c.p.b.e.r.s.MlEvaluationCreator.create - creating MlEvaluation. 244,39105,3T,316,nopattern,nopattern
2025-11-27 01:00:47,420 [main] DEBUG c.p.b.e.r.s.MlEvaluationCreator.create - creating MlEvaluation. 244,39105,3T,321,nopattern,nopattern
2025-11-27 01:00:47,423 [main] DEBUG c.p.b.e.r.s.MlEvaluationCreator.create - creating MlEvaluation. 244,39105,3T,324,nopattern,nopattern
2025-11-27 01:00:47,426 [main] DEBUG c.p.b.e.r.s.MlEvaluationCreator.create - creating MlEvaluation. 244,39105,3T,325,nopattern,nopattern
2025-11-27 01:00:47,429 [main] DEBUG c.p.b.e.r.s.MlEvaluationCreator.create - creating MlEvaluation. 244,39105,3T,326,nopattern,nopattern
2025-11-27 01:00:47,432 [main] DEBUG c.p.b.e.r.s.MlEvaluationCreator.create - creating MlEvaluation. 244,39105,3T,341,nopattern,nopattern
2025-11-27 01:00:47,435 [main] DEBUG c.p.b.e.r.s.MlEvaluationCreator.create - creating MlEvaluation. 244,39105,3T,342,nopattern,nopattern
2025-11-27 01:00:47,437 [main] DEBUG c.p.b.e.r.s.MlEvaluationCreator.create - creating MlEvaluation. 244,39105,3T,345,nopattern,nopattern
2025-11-27 01:00:47,440 [main] DEBUG c.p.b.e.r.s.MlEvaluationCreator.create - creating MlEvaluation. 244,39105,3T,346,nopattern,nopattern
2025-11-27 01:00:47,443 [main] DEBUG c.p.b.e.r.s.MlEvaluationCreator.create - creating MlEvaluation. 244,39105,3T,351,nopattern,nopattern
2025-11-27 01:00:47,446 [main] DEBUG c.p.b.e.r.s.MlEvaluationCreator.create - creating MlEvaluation. 244,39105,3T,352,nopattern,nopattern
2025-11-27 01:00:47,448 [main] DEBUG c.p.b.e.r.s.MlEvaluationCreator.create - creating MlEvaluation. 244,39105,3T,354,nopattern,nopattern
2025-11-27 01:00:47,452 [main] DEBUG c.p.b.e.r.s.MlEvaluationCreator.create - creating MlEvaluation. 244,39105,3T,356,nopattern,nopattern
2025-11-27 01:00:47,454 [main] DEBUG c.p.b.e.r.s.MlEvaluationCreator.create - creating MlEvaluation. 244,39105,3T,361,nopattern,nopattern
2025-11-27 01:00:47,456 [main] DEBUG c.p.b.e.r.s.MlEvaluationCreator.create - creating MlEvaluation. 244,39105,3T,362,nopattern,nopattern
2025-11-27 01:00:47,459 [main] DEBUG c.p.b.e.r.s.MlEvaluationCreator.create - creating MlEvaluation. 244,39105,3T,364,nopattern,nopattern
2025-11-27 01:00:47,461 [main] DEBUG c.p.b.e.r.s.MlEvaluationCreator.create - creating MlEvaluation. 244,39105,3T,365,nopattern,nopattern
2025-11-27 01:00:47,464 [main] DEBUG c.p.b.e.r.s.MlEvaluationCreator.create - creating MlEvaluation. 244,39105,3T,412,nopattern,nopattern
2025-11-27 01:00:47,468 [main] DEBUG c.p.b.e.r.s.MlEvaluationCreator.create - creating MlEvaluation. 244,39105,3T,413,nopattern,nopattern
2025-11-27 01:00:47,471 [main] DEBUG c.p.b.e.r.s.MlEvaluationCreator.create - creating MlEvaluation. 244,39105,3T,415,nopattern,nopattern
2025-11-27 01:00:47,475 [main] DEBUG c.p.b.e.r.s.MlEvaluationCreator.create - creating MlEvaluation. 244,39105,3T,416,nopattern,nopattern
2025-11-27 01:00:47,477 [main] DEBUG c.p.b.e.r.s.MlEvaluationCreator.create - creating MlEvaluation. 244,39105,3T,421,nopattern,nopattern
2025-11-27 01:00:47,480 [main] DEBUG c.p.b.e.r.s.MlEvaluationCreator.create - creating MlEvaluation. 244,39105,3T,423,nopattern,nopattern
2025-11-27 01:00:47,488 [main] DEBUG c.p.b.e.r.s.MlEvaluationCreator.create - creating MlEvaluation. 244,39105,3T,425,nopattern,nopattern
2025-11-27 01:00:47,491 [main] DEBUG c.p.b.e.r.s.MlEvaluationCreator.create - creating MlEvaluation. 244,39105,3T,426,nopattern,nopattern
2025-11-27 01:00:47,493 [main] DEBUG c.p.b.e.r.s.MlEvaluationCreator.create - creating MlEvaluation. 244,39105,3T,431,nopattern,nopattern
2025-11-27 01:00:47,495 [main] DEBUG c.p.b.e.r.s.MlEvaluationCreator.create - creating MlEvaluation. 244,39105,3T,432,nopattern,nopattern
2025-11-27 01:00:47,499 [main] DEBUG c.p.b.e.r.s.MlEvaluationCreator.create - creating MlEvaluation. 244,39105,3T,435,nopattern,nopattern
2025-11-27 01:00:47,501 [main] DEBUG c.p.b.e.r.s.MlEvaluationCreator.create - creating MlEvaluation. 244,39105,3T,436,nopattern,nopattern
2025-11-27 01:00:47,504 [main] DEBUG c.p.b.e.r.s.MlEvaluationCreator.create - creating MlEvaluation. 244,39105,3T,451,nopattern,nopattern
2025-11-27 01:00:47,507 [main] DEBUG c.p.b.e.r.s.MlEvaluationCreator.create - creating MlEvaluation. 244,39105,3T,452,nopattern,nopattern
2025-11-27 01:00:47,509 [main] DEBUG c.p.b.e.r.s.MlEvaluationCreator.create - creating MlEvaluation. 244,39105,3T,453,nopattern,nopattern
2025-11-27 01:00:47,512 [main] DEBUG c.p.b.e.r.s.MlEvaluationCreator.create - creating MlEvaluation. 244,39105,3T,456,nopattern,nopattern
2025-11-27 01:00:47,514 [main] DEBUG c.p.b.e.r.s.MlEvaluationCreator.create - creating MlEvaluation. 244,39105,3T,461,nopattern,nopattern
2025-11-27 01:00:47,517 [main] DEBUG c.p.b.e.r.s.MlEvaluationCreator.create - creating MlEvaluation. 244,39105,3T,462,nopattern,nopattern
2025-11-27 01:00:47,519 [main] DEBUG c.p.b.e.r.s.MlEvaluationCreator.create - creating MlEvaluation. 244,39105,3T,463,nopattern,nopattern
2025-11-27 01:00:47,522 [main] DEBUG c.p.b.e.r.s.MlEvaluationCreator.create - creating MlEvaluation. 244,39105,3T,512,nopattern,nopattern
2025-11-27 01:00:47,524 [main] DEBUG c.p.b.e.r.s.MlEvaluationCreator.create - creating MlEvaluation. 244,39105,3T,513,nopattern,nopattern
2025-11-27 01:00:47,527 [main] DEBUG c.p.b.e.r.s.MlEvaluationCreator.create - creating MlEvaluation. 244,39105,3T,514,nopattern,nopattern
2025-11-27 01:00:47,530 [main] DEBUG c.p.b.e.r.s.MlEvaluationCreator.create - creating MlEvaluation. 244,39105,3T,516,nopattern,nopattern
2025-11-27 01:00:47,532 [main] DEBUG c.p.b.e.r.s.MlEvaluationCreator.create - creating MlEvaluation. 244,39105,3T,521,nopattern,nopattern
2025-11-27 01:00:47,535 [main] DEBUG c.p.b.e.r.s.MlEvaluationCreator.create - creating MlEvaluation. 244,39105,3T,523,nopattern,nopattern
2025-11-27 01:00:47,538 [main] DEBUG c.p.b.e.r.s.MlEvaluationCreator.create - creating MlEvaluation. 244,39105,3T,524,nopattern,nopattern
2025-11-27 01:00:47,540 [main] DEBUG c.p.b.e.r.s.MlEvaluationCreator.create - creating MlEvaluation. 244,39105,3T,526,nopattern,nopattern
2025-11-27 01:00:47,544 [main] DEBUG c.p.b.e.r.s.MlEvaluationCreator.create - creating MlEvaluation. 244,39105,3T,531,nopattern,nopattern
2025-11-27 01:00:47,547 [main] DEBUG c.p.b.e.r.s.MlEvaluationCreator.create - creating MlEvaluation. 244,39105,3T,532,nopattern,nopattern
2025-11-27 01:00:47,549 [main] DEBUG c.p.b.e.r.s.MlEvaluationCreator.create - creating MlEvaluation. 244,39105,3T,534,nopattern,nopattern
2025-11-27 01:00:47,550 [main] DEBUG c.p.b.e.r.s.MlEvaluationCreator.create - creating MlEvaluation. 244,39105,3T,536,nopattern,nopattern
2025-11-27 01:00:47,553 [main] DEBUG c.p.b.e.r.s.MlEvaluationCreator.create - creating MlEvaluation. 244,39105,3T,541,nopattern,nopattern
2025-11-27 01:00:47,556 [main] DEBUG c.p.b.e.r.s.MlEvaluationCreator.create - creating MlEvaluation. 244,39105,3T,542,nopattern,nopattern
2025-11-27 01:00:47,558 [main] DEBUG c.p.b.e.r.s.MlEvaluationCreator.create - creating MlEvaluation. 244,39105,3T,546,nopattern,nopattern
2025-11-27 01:00:47,562 [main] DEBUG c.p.b.e.r.s.MlEvaluationCreator.create - creating MlEvaluation. 244,39105,3T,561,nopattern,nopattern
2025-11-27 01:00:47,565 [main] DEBUG c.p.b.e.r.s.MlEvaluationCreator.create - creating MlEvaluation. 244,39105,3T,562,nopattern,nopattern
2025-11-27 01:00:47,567 [main] DEBUG c.p.b.e.r.s.MlEvaluationCreator.create - creating MlEvaluation. 244,39105,3T,563,nopattern,nopattern
2025-11-27 01:00:47,570 [main] DEBUG c.p.b.e.r.s.MlEvaluationCreator.create - creating MlEvaluation. 244,39105,3T,564,nopattern,nopattern
2025-11-27 01:00:47,571 [main] DEBUG c.p.b.e.r.s.MlEvaluationCreator.create - creating MlEvaluation. 244,39105,3T,612,nopattern,nopattern
2025-11-27 01:00:47,574 [main] DEBUG c.p.b.e.r.s.MlEvaluationCreator.create - creating MlEvaluation. 244,39105,3T,613,nopattern,nopattern
2025-11-27 01:00:47,578 [main] DEBUG c.p.b.e.r.s.MlEvaluationCreator.create - creating MlEvaluation. 244,39105,3T,614,nopattern,nopattern
2025-11-27 01:00:47,581 [main] DEBUG c.p.b.e.r.s.MlEvaluationCreator.create - creating MlEvaluation. 244,39105,3T,615,nopattern,nopattern
2025-11-27 01:00:47,583 [main] DEBUG c.p.b.e.r.s.MlEvaluationCreator.create - creating MlEvaluation. 244,39105,3T,621,nopattern,nopattern
2025-11-27 01:00:47,586 [main] DEBUG c.p.b.e.r.s.MlEvaluationCreator.create - creating MlEvaluation. 244,39105,3T,623,nopattern,nopattern
2025-11-27 01:00:47,588 [main] DEBUG c.p.b.e.r.s.MlEvaluationCreator.create - creating MlEvaluation. 244,39105,3T,624,nopattern,nopattern
2025-11-27 01:00:47,593 [main] DEBUG c.p.b.e.r.s.MlEvaluationCreator.create - creating MlEvaluation. 244,39105,3T,625,nopattern,nopattern
2025-11-27 01:00:47,595 [main] DEBUG c.p.b.e.r.s.MlEvaluationCreator.create - creating MlEvaluation. 244,39105,3T,631,nopattern,nopattern
2025-11-27 01:00:47,598 [main] DEBUG c.p.b.e.r.s.MlEvaluationCreator.create - creating MlEvaluation. 244,39105,3T,632,nopattern,nopattern
2025-11-27 01:00:47,600 [main] DEBUG c.p.b.e.r.s.MlEvaluationCreator.create - creating MlEvaluation. 244,39105,3T,634,nopattern,nopattern
2025-11-27 01:00:47,603 [main] DEBUG c.p.b.e.r.s.MlEvaluationCreator.create - creating MlEvaluation. 244,39105,3T,635,nopattern,nopattern
2025-11-27 01:00:47,605 [main] DEBUG c.p.b.e.r.s.MlEvaluationCreator.create - creating MlEvaluation. 244,39105,3T,641,nopattern,nopattern
2025-11-27 01:00:47,610 [main] DEBUG c.p.b.e.r.s.MlEvaluationCreator.create - creating MlEvaluation. 244,39105,3T,642,nopattern,nopattern
2025-11-27 01:00:47,611 [main] DEBUG c.p.b.e.r.s.MlEvaluationCreator.create - creating MlEvaluation. 244,39105,3T,643,nopattern,nopattern
2025-11-27 01:00:47,614 [main] DEBUG c.p.b.e.r.s.MlEvaluationCreator.create - creating MlEvaluation. 244,39105,3T,645,nopattern,nopattern
2025-11-27 01:00:47,615 [main] DEBUG c.p.b.e.r.s.MlEvaluationCreator.create - creating MlEvaluation. 244,39105,3T,651,nopattern,nopattern
2025-11-27 01:00:47,618 [main] DEBUG c.p.b.e.r.s.MlEvaluationCreator.create - creating MlEvaluation. 244,39105,3T,652,nopattern,nopattern
2025-11-27 01:00:47,620 [main] DEBUG c.p.b.e.r.s.MlEvaluationCreator.create - creating MlEvaluation. 244,39105,3T,653,nopattern,nopattern
2025-11-27 01:00:47,946 [main] DEBUG c.p.b.e.MLResultGenerator.executeExperiment - 246 processed... 20220509/20220603
2025-11-27 01:00:48,509 [main] INFO  c.p.b.e.r.g.ResultGraphBuilder.save - graph saved. C:/Dev/experiment/expr10/result//244/11/3T/11_3T_123_nopattern_nopattern_39105_EXP1_-1149_2.37_58.2.png
2025-11-27 01:00:48,874 [main] DEBUG c.p.b.e.MLResultGenerator.executeExperiment - 246 processed... 20220510/20220603
2025-11-27 01:00:48,924 [main] INFO  c.p.b.e.r.g.ResultGraphBuilder.save - graph saved. C:/Dev/experiment/expr10/result//244/11/3T/11_3T_124_nopattern_nopattern_39105_EXP1_-989_1.29_42.7.png
2025-11-27 01:00:49,402 [main] INFO  c.p.b.e.r.g.ResultGraphBuilder.save - graph saved. C:/Dev/experiment/expr10/result//244/11/3T/11_3T_125_nopattern_nopattern_39105_EXP1_-612_0.8_31.9.png
2025-11-27 01:00:49,702 [main] DEBUG c.p.b.e.MLResultGenerator.executeExperiment - 246 processed... 20220511/20220603
2025-11-27 01:00:49,809 [main] INFO  c.p.b.e.r.g.ResultGraphBuilder.save - graph saved. C:/Dev/experiment/expr10/result//244/11/3T/11_3T_126_nopattern_nopattern_39105_EXP1_-473_0.59_25.3.png
2025-11-27 01:00:50,172 [main] INFO  c.p.b.e.r.g.ResultGraphBuilder.save - graph saved. C:/Dev/experiment/expr10/result//244/11/3T/11_3T_132_nopattern_nopattern_39105_EXP1_-896_1.39_43.9.png
2025-11-27 01:00:50,377 [main] DEBUG c.p.b.e.MLResultGenerator.executeExperiment - 246 processed... 20220512/20220603
2025-11-27 01:00:50,481 [main] INFO  c.p.b.e.r.g.ResultGraphBuilder.save - graph saved. C:/Dev/experiment/expr10/result//244/11/3T/11_3T_134_nopattern_nopattern_39105_EXP1_-830_0.83_33.0.png
2025-11-27 01:00:50,805 [main] INFO  c.p.b.e.r.g.ResultGraphBuilder.save - graph saved. C:/Dev/experiment/expr10/result//244/11/3T/11_3T_135_nopattern_nopattern_39105_EXP1_-739_0.34_20.3.png
2025-11-27 01:00:51,115 [main] INFO  c.p.b.e.r.g.ResultGraphBuilder.save - graph saved. C:/Dev/experiment/expr10/result//244/11/3T/11_3T_136_nopattern_nopattern_39105_EXP1_-190_0.32_15.0.png
2025-11-27 01:00:51,186 [main] DEBUG c.p.b.e.MLResultGenerator.executeExperiment - 246 processed... 20220513/20220603
2025-11-27 01:00:51,407 [main] INFO  c.p.b.e.r.g.ResultGraphBuilder.save - graph saved. C:/Dev/experiment/expr10/result//244/11/3T/11_3T_142_nopattern_nopattern_39105_EXP1_-593_0.72_28.9.png
2025-11-27 01:00:51,702 [main] INFO  c.p.b.e.r.g.ResultGraphBuilder.save - graph saved. C:/Dev/experiment/expr10/result//244/11/3T/11_3T_143_nopattern_nopattern_39105_EXP1_-711_0.42_21.2.png
2025-11-27 01:00:51,996 [main] DEBUG c.p.b.e.MLResultGenerator.executeExperiment - 246 processed... 20220514/20220603
2025-11-27 01:00:51,996 [main] INFO  c.p.b.e.r.g.ResultGraphBuilder.save - graph saved. C:/Dev/experiment/expr10/result//244/11/3T/11_3T_145_nopattern_nopattern_39105_EXP1_-460_0.11_9.3.png
2025-11-27 01:00:52,288 [main] INFO  c.p.b.e.r.g.ResultGraphBuilder.save - graph saved. C:/Dev/experiment/expr10/result//244/11/3T/11_3T_146_nopattern_nopattern_39105_EXP1_-181_0.12_7.6.png
2025-11-27 01:00:52,590 [main] INFO  c.p.b.e.r.g.ResultGraphBuilder.save - graph saved. C:/Dev/experiment/expr10/result//244/11/3T/11_3T_152_nopattern_nopattern_39105_EXP1_-28_0.25_11.4.png
2025-11-27 01:00:52,790 [main] DEBUG c.p.b.e.MLResultGenerator.executeExperiment - 246 processed... 20220515/20220603
2025-11-27 01:00:52,903 [main] INFO  c.p.b.e.r.g.ResultGraphBuilder.save - graph saved. C:/Dev/experiment/expr10/result//244/11/3T/11_3T_153_nopattern_nopattern_39105_EXP1_1_0.14_6.5.png
2025-11-27 01:00:53,204 [main] INFO  c.p.b.e.r.g.ResultGraphBuilder.save - graph saved. C:/Dev/experiment/expr10/result//244/11/3T/11_3T_154_nopattern_nopattern_39105_EXP1_-110_0.03_3.1.png
2025-11-27 01:00:53,493 [main] DEBUG c.p.b.e.MLResultGenerator.executeExperiment - 246 processed... 20220516/20220603
2025-11-27 01:00:53,499 [main] INFO  c.p.b.e.r.g.ResultGraphBuilder.save - graph saved. C:/Dev/experiment/expr10/result//244/11/3T/11_3T_156_nopattern_nopattern_39105_EXP1_11_0.03_1.0.png
2025-11-27 01:00:53,798 [main] INFO  c.p.b.e.r.g.ResultGraphBuilder.save - graph saved. C:/Dev/experiment/expr10/result//244/11/3T/11_3T_162_nopattern_nopattern_39105_EXP1_-143_0.07_3.9.png
2025-11-27 01:00:54,089 [main] DEBUG c.p.b.e.MLResultGenerator.executeExperiment - 246 processed... 20220517/20220603
2025-11-27 01:00:54,096 [main] INFO  c.p.b.e.r.g.ResultGraphBuilder.save - graph saved. C:/Dev/experiment/expr10/result//244/11/3T/11_3T_163_nopattern_nopattern_39105_EXP1_-48_0.02_1.6.png
2025-11-27 01:00:54,390 [main] INFO  c.p.b.e.r.g.ResultGraphBuilder.save - graph saved. C:/Dev/experiment/expr10/result//244/11/3T/11_3T_164_nopattern_nopattern_39105_EXP1_-14_0.02_0.9.png
2025-11-27 01:00:54,677 [main] INFO  c.p.b.e.r.g.ResultGraphBuilder.save - graph saved. C:/Dev/experiment/expr10/result//244/11/3T/11_3T_165_nopattern_nopattern_39105_EXP1_4_0.0_0.3.png
2025-11-27 01:00:54,707 [main] DEBUG c.p.b.e.MLResultGenerator.executeExperiment - 246 processed... 20220518/20220603
2025-11-27 01:00:54,963 [main] INFO  c.p.b.e.r.g.ResultGraphBuilder.save - graph saved. C:/Dev/experiment/expr10/result//244/11/3T/11_3T_213_nopattern_nopattern_39105_EXP1_-395_0.34_17.3.png
2025-11-27 01:00:55,258 [main] INFO  c.p.b.e.r.g.ResultGraphBuilder.save - graph saved. C:/Dev/experiment/expr10/result//244/11/3T/11_3T_214_nopattern_nopattern_39105_EXP1_-276_0.18_10.6.png
2025-11-27 01:00:55,438 [main] DEBUG c.p.b.e.MLResultGenerator.executeExperiment - 246 processed... 20220519/20220603
2025-11-27 01:00:55,544 [main] INFO  c.p.b.e.r.g.ResultGraphBuilder.save - graph saved. C:/Dev/experiment/expr10/result//244/11/3T/11_3T_215_nopattern_nopattern_39105_EXP1_-126_0.04_3.1.png
2025-11-27 01:00:55,905 [main] INFO  c.p.b.e.r.g.ResultGraphBuilder.save - graph saved. C:/Dev/experiment/expr10/result//244/11/3T/11_3T_216_nopattern_nopattern_39105_EXP1_-56_0.03_1.6.png
2025-11-27 01:00:56,184 [main] INFO  c.p.b.e.r.g.ResultGraphBuilder.save - graph saved. C:/Dev/experiment/expr10/result//244/11/3T/11_3T_231_nopattern_nopattern_39105_EXP1_-18_0.0_0.5.png
2025-11-27 01:00:56,232 [main] DEBUG c.p.b.e.MLResultGenerator.executeExperiment - 246 processed... 20220520/20220603
2025-11-27 01:00:56,462 [main] INFO  c.p.b.e.r.g.ResultGraphBuilder.save - graph saved. C:/Dev/experiment/expr10/result//244/11/3T/11_3T_234_nopattern_nopattern_39105_EXP1_-2_0.01_0.6.png
2025-11-27 01:00:56,734 [main] INFO  c.p.b.e.r.g.ResultGraphBuilder.save - graph saved. C:/Dev/experiment/expr10/result//244/11/3T/11_3T_235_nopattern_nopattern_39105_EXP1_-6_0.0_0.2.png
2025-11-27 01:00:57,020 [main] INFO  c.p.b.e.r.g.ResultGraphBuilder.save - graph saved. C:/Dev/experiment/expr10/result//244/11/3T/11_3T_236_nopattern_nopattern_39105_EXP1_-23_0.0_0.2.png
2025-11-27 01:00:57,208 [main] DEBUG c.p.b.e.MLResultGenerator.executeExperiment - 246 processed... 20220521/20220603
2025-11-27 01:00:57,360 [main] INFO  c.p.b.e.r.g.ResultGraphBuilder.save - graph saved. C:/Dev/experiment/expr10/result//244/11/3T/11_3T_241_nopattern_nopattern_39105_EXP1_-8_0.0_0.2.png
2025-11-27 01:00:57,645 [main] INFO  c.p.b.e.r.g.ResultGraphBuilder.save - graph saved. C:/Dev/experiment/expr10/result//244/11/3T/11_3T_243_nopattern_nopattern_39105_EXP1_-12_0.0_0.2.png
2025-11-27 01:00:57,927 [main] INFO  c.p.b.e.r.g.ResultGraphBuilder.save - graph saved. C:/Dev/experiment/expr10/result//244/11/3T/11_3T_245_nopattern_nopattern_39105_EXP1_-1_0.0_0.1.png
2025-11-27 01:00:58,096 [main] DEBUG c.p.b.e.MLResultGenerator.executeExperiment - 246 processed... 20220522/20220603
2025-11-27 01:00:58,203 [main] INFO  c.p.b.e.r.g.ResultGraphBuilder.save - graph saved. C:/Dev/experiment/expr10/result//244/11/3T/11_3T_246_nopattern_nopattern_39105_EXP1_3_0.0_0.0.png
2025-11-27 01:00:58,476 [main] INFO  c.p.b.e.r.g.ResultGraphBuilder.save - graph saved. C:/Dev/experiment/expr10/result//244/11/3T/11_3T_251_nopattern_nopattern_39105_EXP1_-7_0.0_0.0.png
2025-11-27 01:00:58,744 [main] INFO  c.p.b.e.r.g.ResultGraphBuilder.save - graph saved. C:/Dev/experiment/expr10/result//244/11/3T/11_3T_253_nopattern_nopattern_39105_EXP1_11_0.0_0.1.png
2025-11-27 01:00:58,763 [main] DEBUG c.p.b.e.MLResultGenerator.executeExperiment - 246 processed... 20220523/20220603
2025-11-27 01:00:59,014 [main] INFO  c.p.b.e.r.g.ResultGraphBuilder.save - graph saved. C:/Dev/experiment/expr10/result//244/11/3T/11_3T_254_nopattern_nopattern_39105_EXP1_5_0.0_0.1.png
2025-11-27 01:00:59,272 [main] INFO  c.p.b.e.r.g.ResultGraphBuilder.save - graph saved. C:/Dev/experiment/expr10/result//244/11/3T/11_3T_256_nopattern_nopattern_39105_EXP1_-5_0.0_0.0.png
2025-11-27 01:00:59,431 [main] DEBUG c.p.b.e.MLResultGenerator.executeExperiment - 246 processed... 20220524/20220603
2025-11-27 01:00:59,541 [main] INFO  c.p.b.e.r.g.ResultGraphBuilder.save - graph saved. C:/Dev/experiment/expr10/result//244/11/3T/11_3T_261_nopattern_nopattern_39105_EXP1_-6_0.0_0.1.png
2025-11-27 01:00:59,802 [main] INFO  c.p.b.e.r.g.ResultGraphBuilder.save - graph saved. C:/Dev/experiment/expr10/result//244/11/3T/11_3T_263_nopattern_nopattern_39105_EXP1_-4_0.0_0.1.png
2025-11-27 01:01:00,042 [main] DEBUG c.p.b.e.MLResultGenerator.executeExperiment - 246 processed... 20220525/20220603
2025-11-27 01:01:00,077 [main] INFO  c.p.b.e.r.g.ResultGraphBuilder.save - graph saved. C:/Dev/experiment/expr10/result//244/11/3T/11_3T_264_nopattern_nopattern_39105_EXP1_-9_0.0_0.0.png
2025-11-27 01:01:00,335 [main] INFO  c.p.b.e.r.g.ResultGraphBuilder.save - graph saved. C:/Dev/experiment/expr10/result//244/11/3T/11_3T_265_nopattern_nopattern_39105_EXP1_-3_0.0_0.0.png
2025-11-27 01:01:00,628 [main] INFO  c.p.b.e.r.g.ResultGraphBuilder.save - graph saved. C:/Dev/experiment/expr10/result//244/11/3T/11_3T_312_nopattern_nopattern_39105_EXP1_3_0.03_1.6.png
2025-11-27 01:01:00,917 [main] INFO  c.p.b.e.r.g.ResultGraphBuilder.save - graph saved. C:/Dev/experiment/expr10/result//244/11/3T/11_3T_314_nopattern_nopattern_39105_EXP1_-178_0.03_3.6.png
2025-11-27 01:01:00,961 [main] DEBUG c.p.b.e.MLResultGenerator.executeExperiment - 246 processed... 20220526/20220603
2025-11-27 01:01:01,201 [main] INFO  c.p.b.e.r.g.ResultGraphBuilder.save - graph saved. C:/Dev/experiment/expr10/result//244/11/3T/11_3T_315_nopattern_nopattern_39105_EXP1_-87_0.01_1.4.png
2025-11-27 01:01:01,483 [main] INFO  c.p.b.e.r.g.ResultGraphBuilder.save - graph saved. C:/Dev/experiment/expr10/result//244/11/3T/11_3T_316_nopattern_nopattern_39105_EXP1_4_0.01_0.7.png
2025-11-27 01:01:01,695 [main] DEBUG c.p.b.e.MLResultGenerator.executeExperiment - 246 processed... 20220527/20220603
2025-11-27 01:01:01,752 [main] INFO  c.p.b.e.r.g.ResultGraphBuilder.save - graph saved. C:/Dev/experiment/expr10/result//244/11/3T/11_3T_321_nopattern_nopattern_39105_EXP1_-10_0.0_0.1.png
2025-11-27 01:01:02,022 [main] INFO  c.p.b.e.r.g.ResultGraphBuilder.save - graph saved. C:/Dev/experiment/expr10/result//244/11/3T/11_3T_324_nopattern_nopattern_39105_EXP1_-37_0.0_0.5.png
2025-11-27 01:01:02,298 [main] INFO  c.p.b.e.r.g.ResultGraphBuilder.save - graph saved. C:/Dev/experiment/expr10/result//244/11/3T/11_3T_325_nopattern_nopattern_39105_EXP1_-13_0.0_0.2.png
2025-11-27 01:01:02,571 [main] INFO  c.p.b.e.r.g.ResultGraphBuilder.save - graph saved. C:/Dev/experiment/expr10/result//244/11/3T/11_3T_326_nopattern_nopattern_39105_EXP1_1_0.0_0.2.png
2025-11-27 01:01:02,731 [main] DEBUG c.p.b.e.MLResultGenerator.executeExperiment - 246 processed... 20220528/20220603
2025-11-27 01:01:02,860 [main] INFO  c.p.b.e.r.g.ResultGraphBuilder.save - graph saved. C:/Dev/experiment/expr10/result//244/11/3T/11_3T_341_nopattern_nopattern_39105_EXP1_-17_0.0_0.1.png
2025-11-27 01:01:03,125 [main] INFO  c.p.b.e.r.g.ResultGraphBuilder.save - graph saved. C:/Dev/experiment/expr10/result//244/11/3T/11_3T_342_nopattern_nopattern_39105_EXP1_-12_0.0_0.1.png
2025-11-27 01:01:03,398 [main] INFO  c.p.b.e.r.g.ResultGraphBuilder.save - graph saved. C:/Dev/experiment/expr10/result//244/11/3T/11_3T_345_nopattern_nopattern_39105_EXP1_-10_0.0_0.1.png
2025-11-27 01:01:03,672 [main] INFO  c.p.b.e.r.g.ResultGraphBuilder.save - graph saved. C:/Dev/experiment/expr10/result//244/11/3T/11_3T_346_nopattern_nopattern_39105_EXP1_15_0.0_0.1.png
2025-11-27 01:01:03,898 [main] DEBUG c.p.b.e.MLResultGenerator.executeExperiment - 246 processed... 20220529/20220603
2025-11-27 01:01:03,927 [main] INFO  c.p.b.e.r.g.ResultGraphBuilder.save - graph saved. C:/Dev/experiment/expr10/result//244/11/3T/11_3T_351_nopattern_nopattern_39105_EXP1_8_0.0_0.0.png
2025-11-27 01:01:04,181 [main] INFO  c.p.b.e.r.g.ResultGraphBuilder.save - graph saved. C:/Dev/experiment/expr10/result//244/11/3T/11_3T_352_nopattern_nopattern_39105_EXP1_7_0.0_0.0.png
2025-11-27 01:01:04,417 [main] INFO  c.p.b.e.r.g.ResultGraphBuilder.save - graph saved. C:/Dev/experiment/expr10/result//244/11/3T/11_3T_354_nopattern_nopattern_39105_EXP1_9_0.0_0.0.png
2025-11-27 01:01:04,729 [main] INFO  c.p.b.e.r.g.ResultGraphBuilder.save - graph saved. C:/Dev/experiment/expr10/result//244/11/3T/11_3T_356_nopattern_nopattern_39105_EXP1_-3_0.0_0.0.png
2025-11-27 01:01:04,817 [main] DEBUG c.p.b.e.MLResultGenerator.executeExperiment - 246 processed... 20220530/20220603
2025-11-27 01:01:04,991 [main] INFO  c.p.b.e.r.g.ResultGraphBuilder.save - graph saved. C:/Dev/experiment/expr10/result//244/11/3T/11_3T_361_nopattern_nopattern_39105_EXP1_6_0.0_0.0.png
2025-11-27 01:01:05,253 [main] INFO  c.p.b.e.r.g.ResultGraphBuilder.save - graph saved. C:/Dev/experiment/expr10/result//244/11/3T/11_3T_362_nopattern_nopattern_39105_EXP1_0_0.0_0.0.png
2025-11-27 01:01:05,477 [main] DEBUG c.p.b.e.MLResultGenerator.executeExperiment - 246 processed... 20220531/20220603
2025-11-27 01:01:05,505 [main] INFO  c.p.b.e.r.g.ResultGraphBuilder.save - graph saved. C:/Dev/experiment/expr10/result//244/11/3T/11_3T_364_nopattern_nopattern_39105_EXP1_6_0.0_0.0.png
2025-11-27 01:01:05,738 [main] INFO  c.p.b.e.r.g.ResultGraphBuilder.save - graph saved. C:/Dev/experiment/expr10/result//244/11/3T/11_3T_365_nopattern_nopattern_39105_EXP1_9_0.0_0.0.png
2025-11-27 01:01:06,021 [main] INFO  c.p.b.e.r.g.ResultGraphBuilder.save - graph saved. C:/Dev/experiment/expr10/result//244/11/3T/11_3T_412_nopattern_nopattern_39105_EXP1_-35_0.01_0.8.png
2025-11-27 01:01:06,267 [main] DEBUG c.p.b.e.MLResultGenerator.executeExperiment - 246 processed... 20220601/20220603
2025-11-27 01:01:06,291 [main] INFO  c.p.b.e.r.g.ResultGraphBuilder.save - graph saved. C:/Dev/experiment/expr10/result//244/11/3T/11_3T_413_nopattern_nopattern_39105_EXP1_-18_0.0_0.2.png
2025-11-27 01:01:06,565 [main] INFO  c.p.b.e.r.g.ResultGraphBuilder.save - graph saved. C:/Dev/experiment/expr10/result//244/11/3T/11_3T_415_nopattern_nopattern_39105_EXP1_-23_0.0_0.6.png
2025-11-27 01:01:06,836 [main] INFO  c.p.b.e.r.g.ResultGraphBuilder.save - graph saved. C:/Dev/experiment/expr10/result//244/11/3T/11_3T_416_nopattern_nopattern_39105_EXP1_-14_0.0_0.5.png
2025-11-27 01:01:07,016 [main] DEBUG c.p.b.e.MLResultGenerator.executeExperiment - 246 processed... 20220602/20220603
2025-11-27 01:01:07,117 [main] INFO  c.p.b.e.r.g.ResultGraphBuilder.save - graph saved. C:/Dev/experiment/expr10/result//244/11/3T/11_3T_421_nopattern_nopattern_39105_EXP1_-23_0.0_0.2.png
2025-11-27 01:01:07,353 [main] INFO  c.p.b.e.r.g.ResultGraphBuilder.save - graph saved. C:/Dev/experiment/expr10/result//244/11/3T/11_3T_423_nopattern_nopattern_39105_EXP1_-2_0.0_0.0.png
2025-11-27 01:01:07,639 [main] INFO  c.p.b.e.r.g.ResultGraphBuilder.save - graph saved. C:/Dev/experiment/expr10/result//244/11/3T/11_3T_425_nopattern_nopattern_39105_EXP1_-3_0.0_0.2.png
2025-11-27 01:01:07,796 [main] DEBUG c.p.b.e.MLResultGenerator.executeExperiment - 246 processed... 20220603/20220603
2025-11-27 01:01:07,915 [main] INFO  c.p.b.e.r.g.ResultGraphBuilder.save - graph saved. C:/Dev/experiment/expr10/result//244/11/3T/11_3T_426_nopattern_nopattern_39105_EXP1_-6_0.0_0.1.png
2025-11-27 01:01:07,986 [main] DEBUG c.p.b.e.r.s.MlEvaluationCreator.create - creating MlEvaluation. 246,39105,3T,123,grade,G1
2025-11-27 01:01:08,033 [main] DEBUG c.p.b.e.r.s.MlEvaluationCreator.create - creating MlEvaluation. 246,39105,3T,123,grade,G2
2025-11-27 01:01:08,043 [main] DEBUG c.p.b.e.r.s.MlEvaluationCreator.create - creating MlEvaluation. 246,39105,3T,123,grade,G3
2025-11-27 01:01:08,054 [main] DEBUG c.p.b.e.r.s.MlEvaluationCreator.create - creating MlEvaluation. 246,39105,3T,123,grade,SG
2025-11-27 01:01:08,063 [main] DEBUG c.p.b.e.r.s.MlEvaluationCreator.create - creating MlEvaluation. 246,39105,3T,123,grade,ip
2025-11-27 01:01:08,095 [main] DEBUG c.p.b.e.r.s.MlEvaluationCreator.create - creating MlEvaluation. 246,39105,3T,124,grade,G1
2025-11-27 01:01:08,101 [main] DEBUG c.p.b.e.r.s.MlEvaluationCreator.create - creating MlEvaluation. 246,39105,3T,124,grade,G2
2025-11-27 01:01:08,106 [main] DEBUG c.p.b.e.r.s.MlEvaluationCreator.create - creating MlEvaluation. 246,39105,3T,124,grade,G3
2025-11-27 01:01:08,112 [main] DEBUG c.p.b.e.r.s.MlEvaluationCreator.create - creating MlEvaluation. 246,39105,3T,124,grade,SG
2025-11-27 01:01:08,118 [main] DEBUG c.p.b.e.r.s.MlEvaluationCreator.create - creating MlEvaluation. 246,39105,3T,124,grade,ip
2025-11-27 01:01:08,135 [main] DEBUG c.p.b.e.r.s.MlEvaluationCreator.create - creating MlEvaluation. 246,39105,3T,125,grade,G1
2025-11-27 01:01:08,139 [main] DEBUG c.p.b.e.r.s.MlEvaluationCreator.create - creating MlEvaluation. 246,39105,3T,125,grade,G2
2025-11-27 01:01:08,143 [main] DEBUG c.p.b.e.r.s.MlEvaluationCreator.create - creating MlEvaluation. 246,39105,3T,125,grade,G3
2025-11-27 01:01:08,147 [main] DEBUG c.p.b.e.r.s.MlEvaluationCreator.create - creating MlEvaluation. 246,39105,3T,125,grade,SG
2025-11-27 01:01:08,152 [main] DEBUG c.p.b.e.r.s.MlEvaluationCreator.create - creating MlEvaluation. 246,39105,3T,125,grade,ip
2025-11-27 01:01:08,161 [main] DEBUG c.p.b.e.r.s.MlEvaluationCreator.create - creating MlEvaluation. 246,39105,3T,126,grade,G1
2025-11-27 01:01:08,177 [main] INFO  c.p.b.e.r.g.ResultGraphBuilder.save - graph saved. C:/Dev/experiment/expr10/result//244/11/3T/11_3T_431_nopattern_nopattern_39105_EXP1_-4_0.0_0.0.png
2025-11-27 01:01:08,234 [main] DEBUG c.p.b.e.r.s.MlEvaluationCreator.create - creating MlEvaluation. 246,39105,3T,126,grade,G2
2025-11-27 01:01:08,241 [main] DEBUG c.p.b.e.r.s.MlEvaluationCreator.create - creating MlEvaluation. 246,39105,3T,126,grade,G3
2025-11-27 01:01:08,246 [main] DEBUG c.p.b.e.r.s.MlEvaluationCreator.create - creating MlEvaluation. 246,39105,3T,126,grade,SG
2025-11-27 01:01:08,253 [main] DEBUG c.p.b.e.r.s.MlEvaluationCreator.create - creating MlEvaluation. 246,39105,3T,126,grade,ip
2025-11-27 01:01:08,261 [main] DEBUG c.p.b.e.r.s.MlEvaluationCreator.create - creating MlEvaluation. 246,39105,3T,132,grade,G1
2025-11-27 01:01:08,266 [main] DEBUG c.p.b.e.r.s.MlEvaluationCreator.create - creating MlEvaluation. 246,39105,3T,132,grade,G2
2025-11-27 01:01:08,269 [main] DEBUG c.p.b.e.r.s.MlEvaluationCreator.create - creating MlEvaluation. 246,39105,3T,132,grade,G3
2025-11-27 01:01:08,274 [main] DEBUG c.p.b.e.r.s.MlEvaluationCreator.create - creating MlEvaluation. 246,39105,3T,132,grade,SG
2025-11-27 01:01:08,279 [main] DEBUG c.p.b.e.r.s.MlEvaluationCreator.create - creating MlEvaluation. 246,39105,3T,132,grade,ip
2025-11-27 01:01:08,291 [main] DEBUG c.p.b.e.r.s.MlEvaluationCreator.create - creating MlEvaluation. 246,39105,3T,134,grade,G1
2025-11-27 01:01:08,295 [main] DEBUG c.p.b.e.r.s.MlEvaluationCreator.create - creating MlEvaluation. 246,39105,3T,134,grade,G2
2025-11-27 01:01:08,298 [main] DEBUG c.p.b.e.r.s.MlEvaluationCreator.create - creating MlEvaluation. 246,39105,3T,134,grade,G3
2025-11-27 01:01:08,302 [main] DEBUG c.p.b.e.r.s.MlEvaluationCreator.create - creating MlEvaluation. 246,39105,3T,134,grade,SG
2025-11-27 01:01:08,307 [main] DEBUG c.p.b.e.r.s.MlEvaluationCreator.create - creating MlEvaluation. 246,39105,3T,134,grade,ip
2025-11-27 01:01:08,316 [main] DEBUG c.p.b.e.r.s.MlEvaluationCreator.create - creating MlEvaluation. 246,39105,3T,135,grade,G1
2025-11-27 01:01:08,319 [main] DEBUG c.p.b.e.r.s.MlEvaluationCreator.create - creating MlEvaluation. 246,39105,3T,135,grade,G2
2025-11-27 01:01:08,323 [main] DEBUG c.p.b.e.r.s.MlEvaluationCreator.create - creating MlEvaluation. 246,39105,3T,135,grade,G3
2025-11-27 01:01:08,327 [main] DEBUG c.p.b.e.r.s.MlEvaluationCreator.create - creating MlEvaluation. 246,39105,3T,135,grade,SG
2025-11-27 01:01:08,331 [main] DEBUG c.p.b.e.r.s.MlEvaluationCreator.create - creating MlEvaluation. 246,39105,3T,135,grade,ip
2025-11-27 01:01:08,340 [main] DEBUG c.p.b.e.r.s.MlEvaluationCreator.create - creating MlEvaluation. 246,39105,3T,136,grade,G1
2025-11-27 01:01:08,343 [main] DEBUG c.p.b.e.r.s.MlEvaluationCreator.create - creating MlEvaluation. 246,39105,3T,136,grade,G2
2025-11-27 01:01:08,346 [main] DEBUG c.p.b.e.r.s.MlEvaluationCreator.create - creating MlEvaluation. 246,39105,3T,136,grade,G3
2025-11-27 01:01:08,349 [main] DEBUG c.p.b.e.r.s.MlEvaluationCreator.create - creating MlEvaluation. 246,39105,3T,136,grade,SG
2025-11-27 01:01:08,354 [main] DEBUG c.p.b.e.r.s.MlEvaluationCreator.create - creating MlEvaluation. 246,39105,3T,136,grade,ip
2025-11-27 01:01:08,361 [main] DEBUG c.p.b.e.r.s.MlEvaluationCreator.create - creating MlEvaluation. 246,39105,3T,142,grade,G1
2025-11-27 01:01:08,364 [main] DEBUG c.p.b.e.r.s.MlEvaluationCreator.create - creating MlEvaluation. 246,39105,3T,142,grade,G2
2025-11-27 01:01:08,368 [main] DEBUG c.p.b.e.r.s.MlEvaluationCreator.create - creating MlEvaluation. 246,39105,3T,142,grade,G3
2025-11-27 01:01:08,372 [main] DEBUG c.p.b.e.r.s.MlEvaluationCreator.create - creating MlEvaluation. 246,39105,3T,142,grade,SG
2025-11-27 01:01:08,378 [main] DEBUG c.p.b.e.r.s.MlEvaluationCreator.create - creating MlEvaluation. 246,39105,3T,142,grade,ip
2025-11-27 01:01:08,388 [main] DEBUG c.p.b.e.r.s.MlEvaluationCreator.create - creating MlEvaluation. 246,39105,3T,143,grade,G1
2025-11-27 01:01:08,392 [main] DEBUG c.p.b.e.r.s.MlEvaluationCreator.create - creating MlEvaluation. 246,39105,3T,143,grade,G2
2025-11-27 01:01:08,396 [main] DEBUG c.p.b.e.r.s.MlEvaluationCreator.create - creating MlEvaluation. 246,39105,3T,143,grade,G3
2025-11-27 01:01:08,400 [main] DEBUG c.p.b.e.r.s.MlEvaluationCreator.create - creating MlEvaluation. 246,39105,3T,143,grade,SG
2025-11-27 01:01:08,404 [main] DEBUG c.p.b.e.r.s.MlEvaluationCreator.create - creating MlEvaluation. 246,39105,3T,143,grade,ip
2025-11-27 01:01:08,412 [main] DEBUG c.p.b.e.r.s.MlEvaluationCreator.create - creating MlEvaluation. 246,39105,3T,145,grade,G1
2025-11-27 01:01:08,415 [main] DEBUG c.p.b.e.r.s.MlEvaluationCreator.create - creating MlEvaluation. 246,39105,3T,145,grade,G2
2025-11-27 01:01:08,418 [main] DEBUG c.p.b.e.r.s.MlEvaluationCreator.create - creating MlEvaluation. 246,39105,3T,145,grade,G3
2025-11-27 01:01:08,421 [main] DEBUG c.p.b.e.r.s.MlEvaluationCreator.create - creating MlEvaluation. 246,39105,3T,145,grade,SG
2025-11-27 01:01:08,426 [main] DEBUG c.p.b.e.r.s.MlEvaluationCreator.create - creating MlEvaluation. 246,39105,3T,145,grade,ip
2025-11-27 01:01:08,431 [main] DEBUG c.p.b.e.r.s.MlEvaluationCreator.create - creating MlEvaluation. 246,39105,3T,146,grade,G1
2025-11-27 01:01:08,434 [main] DEBUG c.p.b.e.r.s.MlEvaluationCreator.create - creating MlEvaluation. 246,39105,3T,146,grade,G2
2025-11-27 01:01:08,437 [main] DEBUG c.p.b.e.r.s.MlEvaluationCreator.create - creating MlEvaluation. 246,39105,3T,146,grade,G3
2025-11-27 01:01:08,440 [main] DEBUG c.p.b.e.r.s.MlEvaluationCreator.create - creating MlEvaluation. 246,39105,3T,146,grade,SG
2025-11-27 01:01:08,444 [main] DEBUG c.p.b.e.r.s.MlEvaluationCreator.create - creating MlEvaluation. 246,39105,3T,146,grade,ip
2025-11-27 01:01:08,448 [main] DEBUG c.p.b.e.r.s.MlEvaluationCreator.create - creating MlEvaluation. 246,39105,3T,152,grade,G1
2025-11-27 01:01:08,451 [main] DEBUG c.p.b.e.r.s.MlEvaluationCreator.create - creating MlEvaluation. 246,39105,3T,152,grade,G2
2025-11-27 01:01:08,454 [main] DEBUG c.p.b.e.r.s.MlEvaluationCreator.create - creating MlEvaluation. 246,39105,3T,152,grade,G3
2025-11-27 01:01:08,457 [main] DEBUG c.p.b.e.r.s.MlEvaluationCreator.create - creating MlEvaluation. 246,39105,3T,152,grade,SG
2025-11-27 01:01:08,461 [main] DEBUG c.p.b.e.r.s.MlEvaluationCreator.create - creating MlEvaluation. 246,39105,3T,152,grade,ip
2025-11-27 01:01:08,466 [main] DEBUG c.p.b.e.r.s.MlEvaluationCreator.create - creating MlEvaluation. 246,39105,3T,153,grade,G1
2025-11-27 01:01:08,469 [main] DEBUG c.p.b.e.r.s.MlEvaluationCreator.create - creating MlEvaluation. 246,39105,3T,153,grade,G2
2025-11-27 01:01:08,471 [main] DEBUG c.p.b.e.r.s.MlEvaluationCreator.create - creating MlEvaluation. 246,39105,3T,153,grade,G3
2025-11-27 01:01:08,474 [main] DEBUG c.p.b.e.r.s.MlEvaluationCreator.create - creating MlEvaluation. 246,39105,3T,153,grade,SG
2025-11-27 01:01:08,477 [main] DEBUG c.p.b.e.r.s.MlEvaluationCreator.create - creating MlEvaluation. 246,39105,3T,153,grade,ip
2025-11-27 01:01:08,481 [main] DEBUG c.p.b.e.r.s.MlEvaluationCreator.create - creating MlEvaluation. 246,39105,3T,154,grade,G1
2025-11-27 01:01:08,484 [main] DEBUG c.p.b.e.r.s.MlEvaluationCreator.create - creating MlEvaluation. 246,39105,3T,154,grade,G2
2025-11-27 01:01:08,491 [main] DEBUG c.p.b.e.r.s.MlEvaluationCreator.create - creating MlEvaluation. 246,39105,3T,154,grade,G3
2025-11-27 01:01:08,491 [main] INFO  c.p.b.e.r.g.ResultGraphBuilder.save - graph saved. C:/Dev/experiment/expr10/result//244/11/3T/11_3T_432_nopattern_nopattern_39105_EXP1_-8_0.0_0.0.png
2025-11-27 01:01:08,494 [main] DEBUG c.p.b.e.r.s.MlEvaluationCreator.create - creating MlEvaluation. 246,39105,3T,154,grade,SG
2025-11-27 01:01:08,496 [main] DEBUG c.p.b.e.r.s.MlEvaluationCreator.create - creating MlEvaluation. 246,39105,3T,154,grade,ip
2025-11-27 01:01:08,500 [main] DEBUG c.p.b.e.r.s.MlEvaluationCreator.create - creating MlEvaluation. 246,39105,3T,156,grade,G1
2025-11-27 01:01:08,502 [main] DEBUG c.p.b.e.r.s.MlEvaluationCreator.create - creating MlEvaluation. 246,39105,3T,156,grade,G2
2025-11-27 01:01:08,503 [main] DEBUG c.p.b.e.r.s.MlEvaluationCreator.create - creating MlEvaluation. 246,39105,3T,156,grade,G3
2025-11-27 01:01:08,505 [main] DEBUG c.p.b.e.r.s.MlEvaluationCreator.create - creating MlEvaluation. 246,39105,3T,156,grade,SG
2025-11-27 01:01:08,507 [main] DEBUG c.p.b.e.r.s.MlEvaluationCreator.create - creating MlEvaluation. 246,39105,3T,156,grade,ip
2025-11-27 01:01:08,510 [main] DEBUG c.p.b.e.r.s.MlEvaluationCreator.create - creating MlEvaluation. 246,39105,3T,162,grade,G1
2025-11-27 01:01:08,512 [main] DEBUG c.p.b.e.r.s.MlEvaluationCreator.create - creating MlEvaluation. 246,39105,3T,162,grade,G2
2025-11-27 01:01:08,515 [main] DEBUG c.p.b.e.r.s.MlEvaluationCreator.create - creating MlEvaluation. 246,39105,3T,162,grade,G3
2025-11-27 01:01:08,517 [main] DEBUG c.p.b.e.r.s.MlEvaluationCreator.create - creating MlEvaluation. 246,39105,3T,162,grade,SG
2025-11-27 01:01:08,520 [main] DEBUG c.p.b.e.r.s.MlEvaluationCreator.create - creating MlEvaluation. 246,39105,3T,162,grade,ip
2025-11-27 01:01:08,523 [main] DEBUG c.p.b.e.r.s.MlEvaluationCreator.create - creating MlEvaluation. 246,39105,3T,163,grade,G1
2025-11-27 01:01:08,526 [main] DEBUG c.p.b.e.r.s.MlEvaluationCreator.create - creating MlEvaluation. 246,39105,3T,163,grade,G2
2025-11-27 01:01:08,528 [main] DEBUG c.p.b.e.r.s.MlEvaluationCreator.create - creating MlEvaluation. 246,39105,3T,163,grade,G3
2025-11-27 01:01:08,531 [main] DEBUG c.p.b.e.r.s.MlEvaluationCreator.create - creating MlEvaluation. 246,39105,3T,163,grade,SG
2025-11-27 01:01:08,533 [main] DEBUG c.p.b.e.r.s.MlEvaluationCreator.create - creating MlEvaluation. 246,39105,3T,163,grade,ip
2025-11-27 01:01:08,536 [main] DEBUG c.p.b.e.r.s.MlEvaluationCreator.create - creating MlEvaluation. 246,39105,3T,164,grade,G1
2025-11-27 01:01:08,539 [main] DEBUG c.p.b.e.r.s.MlEvaluationCreator.create - creating MlEvaluation. 246,39105,3T,164,grade,G2
2025-11-27 01:01:08,540 [main] DEBUG c.p.b.e.r.s.MlEvaluationCreator.create - creating MlEvaluation. 246,39105,3T,164,grade,G3
2025-11-27 01:01:08,542 [main] DEBUG c.p.b.e.r.s.MlEvaluationCreator.create - creating MlEvaluation. 246,39105,3T,164,grade,SG
2025-11-27 01:01:08,543 [main] DEBUG c.p.b.e.r.s.MlEvaluationCreator.create - creating MlEvaluation. 246,39105,3T,164,grade,ip
2025-11-27 01:01:08,547 [main] DEBUG c.p.b.e.r.s.MlEvaluationCreator.create - creating MlEvaluation. 246,39105,3T,165,grade,G3
2025-11-27 01:01:08,549 [main] DEBUG c.p.b.e.r.s.MlEvaluationCreator.create - creating MlEvaluation. 246,39105,3T,165,grade,ip
2025-11-27 01:01:08,553 [main] DEBUG c.p.b.e.r.s.MlEvaluationCreator.create - creating MlEvaluation. 246,39105,3T,213,grade,G1
2025-11-27 01:01:08,556 [main] DEBUG c.p.b.e.r.s.MlEvaluationCreator.create - creating MlEvaluation. 246,39105,3T,213,grade,G2
2025-11-27 01:01:08,559 [main] DEBUG c.p.b.e.r.s.MlEvaluationCreator.create - creating MlEvaluation. 246,39105,3T,213,grade,G3
2025-11-27 01:01:08,563 [main] DEBUG c.p.b.e.r.s.MlEvaluationCreator.create - creating MlEvaluation. 246,39105,3T,213,grade,SG
2025-11-27 01:01:08,567 [main] DEBUG c.p.b.e.r.s.MlEvaluationCreator.create - creating MlEvaluation. 246,39105,3T,213,grade,ip
2025-11-27 01:01:08,572 [main] DEBUG c.p.b.e.r.s.MlEvaluationCreator.create - creating MlEvaluation. 246,39105,3T,214,grade,G1
2025-11-27 01:01:08,575 [main] DEBUG c.p.b.e.r.s.MlEvaluationCreator.create - creating MlEvaluation. 246,39105,3T,214,grade,G2
2025-11-27 01:01:08,578 [main] DEBUG c.p.b.e.r.s.MlEvaluationCreator.create - creating MlEvaluation. 246,39105,3T,214,grade,G3
2025-11-27 01:01:08,580 [main] DEBUG c.p.b.e.r.s.MlEvaluationCreator.create - creating MlEvaluation. 246,39105,3T,214,grade,SG
2025-11-27 01:01:08,584 [main] DEBUG c.p.b.e.r.s.MlEvaluationCreator.create - creating MlEvaluation. 246,39105,3T,214,grade,ip
2025-11-27 01:01:08,589 [main] DEBUG c.p.b.e.r.s.MlEvaluationCreator.create - creating MlEvaluation. 246,39105,3T,215,grade,G1
2025-11-27 01:01:08,593 [main] DEBUG c.p.b.e.r.s.MlEvaluationCreator.create - creating MlEvaluation. 246,39105,3T,215,grade,G2
2025-11-27 01:01:08,594 [main] DEBUG c.p.b.e.r.s.MlEvaluationCreator.create - creating MlEvaluation. 246,39105,3T,215,grade,G3
2025-11-27 01:01:08,597 [main] DEBUG c.p.b.e.r.s.MlEvaluationCreator.create - creating MlEvaluation. 246,39105,3T,215,grade,ip
2025-11-27 01:01:08,601 [main] DEBUG c.p.b.e.r.s.MlEvaluationCreator.create - creating MlEvaluation. 246,39105,3T,216,grade,G2
2025-11-27 01:01:08,601 [main] DEBUG c.p.b.e.r.s.MlEvaluationCreator.create - creating MlEvaluation. 246,39105,3T,216,grade,G3
2025-11-27 01:01:08,604 [main] DEBUG c.p.b.e.r.s.MlEvaluationCreator.create - creating MlEvaluation. 246,39105,3T,216,grade,ip
2025-11-27 01:01:08,607 [main] DEBUG c.p.b.e.r.s.MlEvaluationCreator.create - creating MlEvaluation. 246,39105,3T,231,grade,G3
2025-11-27 01:01:08,609 [main] DEBUG c.p.b.e.r.s.MlEvaluationCreator.create - creating MlEvaluation. 246,39105,3T,231,grade,ip
2025-11-27 01:01:08,612 [main] DEBUG c.p.b.e.r.s.MlEvaluationCreator.create - creating MlEvaluation. 246,39105,3T,234,grade,G3
2025-11-27 01:01:08,614 [main] DEBUG c.p.b.e.r.s.MlEvaluationCreator.create - creating MlEvaluation. 246,39105,3T,234,grade,ip
2025-11-27 01:01:08,617 [main] DEBUG c.p.b.e.r.s.MlEvaluationCreator.create - creating MlEvaluation. 246,39105,3T,235,grade,G3
2025-11-27 01:01:08,618 [main] DEBUG c.p.b.e.r.s.MlEvaluationCreator.create - creating MlEvaluation. 246,39105,3T,235,grade,ip
2025-11-27 01:01:08,621 [main] DEBUG c.p.b.e.r.s.MlEvaluationCreator.create - creating MlEvaluation. 246,39105,3T,236,grade,G3
2025-11-27 01:01:08,624 [main] DEBUG c.p.b.e.r.s.MlEvaluationCreator.create - creating MlEvaluation. 246,39105,3T,236,grade,ip
2025-11-27 01:01:08,625 [main] DEBUG c.p.b.e.r.s.MlEvaluationCreator.create - creating MlEvaluation. 246,39105,3T,241,grade,G3
2025-11-27 01:01:08,627 [main] DEBUG c.p.b.e.r.s.MlEvaluationCreator.create - creating MlEvaluation. 246,39105,3T,241,grade,ip
2025-11-27 01:01:08,629 [main] DEBUG c.p.b.e.r.s.MlEvaluationCreator.create - creating MlEvaluation. 246,39105,3T,243,grade,G3
2025-11-27 01:01:08,631 [main] DEBUG c.p.b.e.r.s.MlEvaluationCreator.create - creating MlEvaluation. 246,39105,3T,243,grade,ip
2025-11-27 01:01:08,632 [main] DEBUG c.p.b.e.r.s.MlEvaluationCreator.create - creating MlEvaluation. 246,39105,3T,245,grade,G2
2025-11-27 01:01:08,633 [main] DEBUG c.p.b.e.r.s.MlEvaluationCreator.create - creating MlEvaluation. 246,39105,3T,245,grade,G3
2025-11-27 01:01:08,634 [main] DEBUG c.p.b.e.r.s.MlEvaluationCreator.create - creating MlEvaluation. 246,39105,3T,245,grade,ip
2025-11-27 01:01:08,637 [main] DEBUG c.p.b.e.r.s.MlEvaluationCreator.create - creating MlEvaluation. 246,39105,3T,246,grade,G3
2025-11-27 01:01:08,639 [main] DEBUG c.p.b.e.r.s.MlEvaluationCreator.create - creating MlEvaluation. 246,39105,3T,246,grade,ip
2025-11-27 01:01:08,641 [main] DEBUG c.p.b.e.r.s.MlEvaluationCreator.create - creating MlEvaluation. 246,39105,3T,251,grade,G3
2025-11-27 01:01:08,643 [main] DEBUG c.p.b.e.r.s.MlEvaluationCreator.create - creating MlEvaluation. 246,39105,3T,251,grade,ip
2025-11-27 01:01:08,645 [main] DEBUG c.p.b.e.r.s.MlEvaluationCreator.create - creating MlEvaluation. 246,39105,3T,253,grade,G3
2025-11-27 01:01:08,647 [main] DEBUG c.p.b.e.r.s.MlEvaluationCreator.create - creating MlEvaluation. 246,39105,3T,253,grade,ip
2025-11-27 01:01:08,650 [main] DEBUG c.p.b.e.r.s.MlEvaluationCreator.create - creating MlEvaluation. 246,39105,3T,254,grade,G3
2025-11-27 01:01:08,652 [main] DEBUG c.p.b.e.r.s.MlEvaluationCreator.create - creating MlEvaluation. 246,39105,3T,254,grade,ip
2025-11-27 01:01:08,656 [main] DEBUG c.p.b.e.r.s.MlEvaluationCreator.create - creating MlEvaluation. 246,39105,3T,256,grade,G2
2025-11-27 01:01:08,657 [main] DEBUG c.p.b.e.r.s.MlEvaluationCreator.create - creating MlEvaluation. 246,39105,3T,256,grade,G3
2025-11-27 01:01:08,658 [main] DEBUG c.p.b.e.r.s.MlEvaluationCreator.create - creating MlEvaluation. 246,39105,3T,256,grade,ip
2025-11-27 01:01:08,660 [main] DEBUG c.p.b.e.r.s.MlEvaluationCreator.create - creating MlEvaluation. 246,39105,3T,261,grade,G3
2025-11-27 01:01:08,662 [main] DEBUG c.p.b.e.r.s.MlEvaluationCreator.create - creating MlEvaluation. 246,39105,3T,261,grade,ip
2025-11-27 01:01:08,664 [main] DEBUG c.p.b.e.r.s.MlEvaluationCreator.create - creating MlEvaluation. 246,39105,3T,263,grade,G3
2025-11-27 01:01:08,666 [main] DEBUG c.p.b.e.r.s.MlEvaluationCreator.create - creating MlEvaluation. 246,39105,3T,263,grade,ip
2025-11-27 01:01:08,669 [main] DEBUG c.p.b.e.r.s.MlEvaluationCreator.create - creating MlEvaluation. 246,39105,3T,264,grade,G3
2025-11-27 01:01:08,670 [main] DEBUG c.p.b.e.r.s.MlEvaluationCreator.create - creating MlEvaluation. 246,39105,3T,264,grade,ip
2025-11-27 01:01:08,672 [main] DEBUG c.p.b.e.r.s.MlEvaluationCreator.create - creating MlEvaluation. 246,39105,3T,265,grade,G3
2025-11-27 01:01:08,673 [main] DEBUG c.p.b.e.r.s.MlEvaluationCreator.create - creating MlEvaluation. 246,39105,3T,265,grade,ip
2025-11-27 01:01:08,675 [main] DEBUG c.p.b.e.r.s.MlEvaluationCreator.create - creating MlEvaluation. 246,39105,3T,312,grade,G1
2025-11-27 01:01:08,676 [main] DEBUG c.p.b.e.r.s.MlEvaluationCreator.create - creating MlEvaluation. 246,39105,3T,312,grade,G2
2025-11-27 01:01:08,677 [main] DEBUG c.p.b.e.r.s.MlEvaluationCreator.create - creating MlEvaluation. 246,39105,3T,312,grade,G3
2025-11-27 01:01:08,680 [main] DEBUG c.p.b.e.r.s.MlEvaluationCreator.create - creating MlEvaluation. 246,39105,3T,312,grade,ip
2025-11-27 01:01:08,683 [main] DEBUG c.p.b.e.r.s.MlEvaluationCreator.create - creating MlEvaluation. 246,39105,3T,314,grade,G1
2025-11-27 01:01:08,687 [main] DEBUG c.p.b.e.r.s.MlEvaluationCreator.create - creating MlEvaluation. 246,39105,3T,314,grade,G2
2025-11-27 01:01:08,689 [main] DEBUG c.p.b.e.r.s.MlEvaluationCreator.create - creating MlEvaluation. 246,39105,3T,314,grade,G3
2025-11-27 01:01:08,691 [main] DEBUG c.p.b.e.r.s.MlEvaluationCreator.create - creating MlEvaluation. 246,39105,3T,314,grade,SG
2025-11-27 01:01:08,694 [main] DEBUG c.p.b.e.r.s.MlEvaluationCreator.create - creating MlEvaluation. 246,39105,3T,314,grade,ip
2025-11-27 01:01:08,697 [main] DEBUG c.p.b.e.r.s.MlEvaluationCreator.create - creating MlEvaluation. 246,39105,3T,315,grade,G1
2025-11-27 01:01:08,698 [main] DEBUG c.p.b.e.r.s.MlEvaluationCreator.create - creating MlEvaluation. 246,39105,3T,315,grade,G2
2025-11-27 01:01:08,700 [main] DEBUG c.p.b.e.r.s.MlEvaluationCreator.create - creating MlEvaluation. 246,39105,3T,315,grade,G3
2025-11-27 01:01:08,701 [main] DEBUG c.p.b.e.r.s.MlEvaluationCreator.create - creating MlEvaluation. 246,39105,3T,315,grade,SG
2025-11-27 01:01:08,702 [main] DEBUG c.p.b.e.r.s.MlEvaluationCreator.create - creating MlEvaluation. 246,39105,3T,315,grade,ip
2025-11-27 01:01:08,705 [main] DEBUG c.p.b.e.r.s.MlEvaluationCreator.create - creating MlEvaluation. 246,39105,3T,316,grade,G2
2025-11-27 01:01:08,706 [main] DEBUG c.p.b.e.r.s.MlEvaluationCreator.create - creating MlEvaluation. 246,39105,3T,316,grade,G3
2025-11-27 01:01:08,709 [main] DEBUG c.p.b.e.r.s.MlEvaluationCreator.create - creating MlEvaluation. 246,39105,3T,316,grade,ip
2025-11-27 01:01:08,711 [main] DEBUG c.p.b.e.r.s.MlEvaluationCreator.create - creating MlEvaluation. 246,39105,3T,321,grade,G3
2025-11-27 01:01:08,714 [main] DEBUG c.p.b.e.r.s.MlEvaluationCreator.create - creating MlEvaluation. 246,39105,3T,321,grade,ip
2025-11-27 01:01:08,716 [main] DEBUG c.p.b.e.r.s.MlEvaluationCreator.create - creating MlEvaluation. 246,39105,3T,324,grade,G3
2025-11-27 01:01:08,718 [main] DEBUG c.p.b.e.r.s.MlEvaluationCreator.create - creating MlEvaluation. 246,39105,3T,324,grade,ip
2025-11-27 01:01:08,721 [main] DEBUG c.p.b.e.r.s.MlEvaluationCreator.create - creating MlEvaluation. 246,39105,3T,325,grade,G3
2025-11-27 01:01:08,724 [main] DEBUG c.p.b.e.r.s.MlEvaluationCreator.create - creating MlEvaluation. 246,39105,3T,325,grade,ip
2025-11-27 01:01:08,726 [main] DEBUG c.p.b.e.r.s.MlEvaluationCreator.create - creating MlEvaluation. 246,39105,3T,326,grade,G3
2025-11-27 01:01:08,728 [main] DEBUG c.p.b.e.r.s.MlEvaluationCreator.create - creating MlEvaluation. 246,39105,3T,326,grade,ip
2025-11-27 01:01:08,731 [main] DEBUG c.p.b.e.r.s.MlEvaluationCreator.create - creating MlEvaluation. 246,39105,3T,341,grade,G3
2025-11-27 01:01:08,733 [main] DEBUG c.p.b.e.r.s.MlEvaluationCreator.create - creating MlEvaluation. 246,39105,3T,341,grade,ip
2025-11-27 01:01:08,735 [main] DEBUG c.p.b.e.r.s.MlEvaluationCreator.create - creating MlEvaluation. 246,39105,3T,342,grade,G3
2025-11-27 01:01:08,736 [main] DEBUG c.p.b.e.r.s.MlEvaluationCreator.create - creating MlEvaluation. 246,39105,3T,342,grade,ip
2025-11-27 01:01:08,738 [main] DEBUG c.p.b.e.r.s.MlEvaluationCreator.create - creating MlEvaluation. 246,39105,3T,345,grade,ip
2025-11-27 01:01:08,740 [main] DEBUG c.p.b.e.r.s.MlEvaluationCreator.create - creating MlEvaluation. 246,39105,3T,346,grade,G3
2025-11-27 01:01:08,741 [main] DEBUG c.p.b.e.r.s.MlEvaluationCreator.create - creating MlEvaluation. 246,39105,3T,346,grade,ip
2025-11-27 01:01:08,744 [main] DEBUG c.p.b.e.r.s.MlEvaluationCreator.create - creating MlEvaluation. 246,39105,3T,351,grade,G3
2025-11-27 01:01:08,745 [main] DEBUG c.p.b.e.r.s.MlEvaluationCreator.create - creating MlEvaluation. 246,39105,3T,351,grade,ip
2025-11-27 01:01:08,747 [main] DEBUG c.p.b.e.r.s.MlEvaluationCreator.create - creating MlEvaluation. 246,39105,3T,352,grade,ip
2025-11-27 01:01:08,749 [main] DEBUG c.p.b.e.r.s.MlEvaluationCreator.create - creating MlEvaluation. 246,39105,3T,354,grade,G3
2025-11-27 01:01:08,750 [main] DEBUG c.p.b.e.r.s.MlEvaluationCreator.create - creating MlEvaluation. 246,39105,3T,354,grade,ip
2025-11-27 01:01:08,752 [main] DEBUG c.p.b.e.r.s.MlEvaluationCreator.create - creating MlEvaluation. 246,39105,3T,356,grade,ip
2025-11-27 01:01:08,755 [main] DEBUG c.p.b.e.r.s.MlEvaluationCreator.create - creating MlEvaluation. 246,39105,3T,361,grade,G3
2025-11-27 01:01:08,756 [main] DEBUG c.p.b.e.r.s.MlEvaluationCreator.create - creating MlEvaluation. 246,39105,3T,361,grade,ip
2025-11-27 01:01:08,758 [main] DEBUG c.p.b.e.r.s.MlEvaluationCreator.create - creating MlEvaluation. 246,39105,3T,362,grade,G3
2025-11-27 01:01:08,759 [main] DEBUG c.p.b.e.r.s.MlEvaluationCreator.create - creating MlEvaluation. 246,39105,3T,362,grade,ip
2025-11-27 01:01:08,762 [main] DEBUG c.p.b.e.r.s.MlEvaluationCreator.create - creating MlEvaluation. 246,39105,3T,364,grade,G3
2025-11-27 01:01:08,763 [main] DEBUG c.p.b.e.r.s.MlEvaluationCreator.create - creating MlEvaluation. 246,39105,3T,364,grade,ip
2025-11-27 01:01:08,766 [main] DEBUG c.p.b.e.r.s.MlEvaluationCreator.create - creating MlEvaluation. 246,39105,3T,365,grade,ip
2025-11-27 01:01:08,768 [main] DEBUG c.p.b.e.r.s.MlEvaluationCreator.create - creating MlEvaluation. 246,39105,3T,412,grade,G3
2025-11-27 01:01:08,770 [main] DEBUG c.p.b.e.r.s.MlEvaluationCreator.create - creating MlEvaluation. 246,39105,3T,412,grade,ip
2025-11-27 01:01:08,772 [main] DEBUG c.p.b.e.r.s.MlEvaluationCreator.create - creating MlEvaluation. 246,39105,3T,413,grade,G3
2025-11-27 01:01:08,775 [main] DEBUG c.p.b.e.r.s.MlEvaluationCreator.create - creating MlEvaluation. 246,39105,3T,413,grade,ip
2025-11-27 01:01:08,778 [main] DEBUG c.p.b.e.r.s.MlEvaluationCreator.create - creating MlEvaluation. 246,39105,3T,415,grade,G3
2025-11-27 01:01:08,780 [main] DEBUG c.p.b.e.r.s.MlEvaluationCreator.create - creating MlEvaluation. 246,39105,3T,415,grade,ip
2025-11-27 01:01:08,783 [main] DEBUG c.p.b.e.r.s.MlEvaluationCreator.create - creating MlEvaluation. 246,39105,3T,416,grade,G3
2025-11-27 01:01:08,785 [main] DEBUG c.p.b.e.r.s.MlEvaluationCreator.create - creating MlEvaluation. 246,39105,3T,416,grade,ip
2025-11-27 01:01:08,788 [main] DEBUG c.p.b.e.r.s.MlEvaluationCreator.create - creating MlEvaluation. 246,39105,3T,421,grade,G3
2025-11-27 01:01:08,791 [main] DEBUG c.p.b.e.r.s.MlEvaluationCreator.create - creating MlEvaluation. 246,39105,3T,421,grade,ip
2025-11-27 01:01:08,794 [main] DEBUG c.p.b.e.r.s.MlEvaluationCreator.create - creating MlEvaluation. 246,39105,3T,423,grade,G3
2025-11-27 01:01:08,795 [main] DEBUG c.p.b.e.r.s.MlEvaluationCreator.create - creating MlEvaluation. 246,39105,3T,423,grade,ip
2025-11-27 01:01:08,797 [main] DEBUG c.p.b.e.r.s.MlEvaluationCreator.create - creating MlEvaluation. 246,39105,3T,425,grade,G3
2025-11-27 01:01:08,799 [main] DEBUG c.p.b.e.r.s.MlEvaluationCreator.create - creating MlEvaluation. 246,39105,3T,425,grade,ip
2025-11-27 01:01:08,801 [main] DEBUG c.p.b.e.r.s.MlEvaluationCreator.create - creating MlEvaluation. 246,39105,3T,426,grade,G3
2025-11-27 01:01:08,802 [main] DEBUG c.p.b.e.r.s.MlEvaluationCreator.create - creating MlEvaluation. 246,39105,3T,426,grade,ip
2025-11-27 01:01:08,805 [main] DEBUG c.p.b.e.r.s.MlEvaluationCreator.create - creating MlEvaluation. 246,39105,3T,431,grade,ip
2025-11-27 01:01:08,808 [main] DEBUG c.p.b.e.r.s.MlEvaluationCreator.create - creating MlEvaluation. 246,39105,3T,432,grade,G3
2025-11-27 01:01:08,808 [main] DEBUG c.p.b.e.r.s.MlEvaluationCreator.create - creating MlEvaluation. 246,39105,3T,432,grade,ip
2025-11-27 01:01:08,810 [main] INFO  c.p.b.e.r.g.ResultGraphBuilder.save - graph saved. C:/Dev/experiment/expr10/result//244/11/3T/11_3T_435_nopattern_nopattern_39105_EXP1_-7_0.0_0.1.png
2025-11-27 01:01:08,810 [main] DEBUG c.p.b.e.r.s.MlEvaluationCreator.create - creating MlEvaluation. 246,39105,3T,435,grade,G3
2025-11-27 01:01:08,813 [main] DEBUG c.p.b.e.r.s.MlEvaluationCreator.create - creating MlEvaluation. 246,39105,3T,435,grade,ip
2025-11-27 01:01:08,817 [main] DEBUG c.p.b.e.r.s.MlEvaluationCreator.create - creating MlEvaluation. 246,39105,3T,436,grade,G3
2025-11-27 01:01:08,818 [main] DEBUG c.p.b.e.r.s.MlEvaluationCreator.create - creating MlEvaluation. 246,39105,3T,436,grade,ip
2025-11-27 01:01:08,820 [main] DEBUG c.p.b.e.r.s.MlEvaluationCreator.create - creating MlEvaluation. 246,39105,3T,451,grade,G3
2025-11-27 01:01:08,824 [main] DEBUG c.p.b.e.r.s.MlEvaluationCreator.create - creating MlEvaluation. 246,39105,3T,451,grade,ip
2025-11-27 01:01:08,827 [main] DEBUG c.p.b.e.r.s.MlEvaluationCreator.create - creating MlEvaluation. 246,39105,3T,452,grade,G3
2025-11-27 01:01:08,829 [main] DEBUG c.p.b.e.r.s.MlEvaluationCreator.create - creating MlEvaluation. 246,39105,3T,452,grade,ip
2025-11-27 01:01:08,831 [main] DEBUG c.p.b.e.r.s.MlEvaluationCreator.create - creating MlEvaluation. 246,39105,3T,453,grade,G3
2025-11-27 01:01:08,832 [main] DEBUG c.p.b.e.r.s.MlEvaluationCreator.create - creating MlEvaluation. 246,39105,3T,453,grade,ip
2025-11-27 01:01:08,835 [main] DEBUG c.p.b.e.r.s.MlEvaluationCreator.create - creating MlEvaluation. 246,39105,3T,456,grade,ip
2025-11-27 01:01:08,841 [main] DEBUG c.p.b.e.r.s.MlEvaluationCreator.create - creating MlEvaluation. 246,39105,3T,461,grade,G3
2025-11-27 01:01:08,842 [main] DEBUG c.p.b.e.r.s.MlEvaluationCreator.create - creating MlEvaluation. 246,39105,3T,461,grade,ip
2025-11-27 01:01:08,844 [main] DEBUG c.p.b.e.r.s.MlEvaluationCreator.create - creating MlEvaluation. 246,39105,3T,462,grade,G3
2025-11-27 01:01:08,847 [main] DEBUG c.p.b.e.r.s.MlEvaluationCreator.create - creating MlEvaluation. 246,39105,3T,462,grade,ip
2025-11-27 01:01:08,849 [main] DEBUG c.p.b.e.r.s.MlEvaluationCreator.create - creating MlEvaluation. 246,39105,3T,463,grade,ip
2025-11-27 01:01:08,852 [main] DEBUG c.p.b.e.r.s.MlEvaluationCreator.create - creating MlEvaluation. 246,39105,3T,512,grade,G3
2025-11-27 01:01:08,855 [main] DEBUG c.p.b.e.r.s.MlEvaluationCreator.create - creating MlEvaluation. 246,39105,3T,512,grade,ip
2025-11-27 01:01:08,857 [main] DEBUG c.p.b.e.r.s.MlEvaluationCreator.create - creating MlEvaluation. 246,39105,3T,513,grade,G3
2025-11-27 01:01:08,859 [main] DEBUG c.p.b.e.r.s.MlEvaluationCreator.create - creating MlEvaluation. 246,39105,3T,513,grade,ip
2025-11-27 01:01:08,862 [main] DEBUG c.p.b.e.r.s.MlEvaluationCreator.create - creating MlEvaluation. 246,39105,3T,514,grade,G3
2025-11-27 01:01:08,863 [main] DEBUG c.p.b.e.r.s.MlEvaluationCreator.create - creating MlEvaluation. 246,39105,3T,514,grade,ip
2025-11-27 01:01:08,865 [main] DEBUG c.p.b.e.r.s.MlEvaluationCreator.create - creating MlEvaluation. 246,39105,3T,516,grade,G3
2025-11-27 01:01:08,866 [main] DEBUG c.p.b.e.r.s.MlEvaluationCreator.create - creating MlEvaluation. 246,39105,3T,516,grade,ip
2025-11-27 01:01:08,870 [main] DEBUG c.p.b.e.r.s.MlEvaluationCreator.create - creating MlEvaluation. 246,39105,3T,521,grade,ip
2025-11-27 01:01:08,871 [main] DEBUG c.p.b.e.r.s.MlEvaluationCreator.create - creating MlEvaluation. 246,39105,3T,523,grade,G3
2025-11-27 01:01:08,873 [main] DEBUG c.p.b.e.r.s.MlEvaluationCreator.create - creating MlEvaluation. 246,39105,3T,523,grade,ip
2025-11-27 01:01:08,875 [main] DEBUG c.p.b.e.r.s.MlEvaluationCreator.create - creating MlEvaluation. 246,39105,3T,524,grade,ip
2025-11-27 01:01:08,878 [main] DEBUG c.p.b.e.r.s.MlEvaluationCreator.create - creating MlEvaluation. 246,39105,3T,526,grade,ip
2025-11-27 01:01:08,880 [main] DEBUG c.p.b.e.r.s.MlEvaluationCreator.create - creating MlEvaluation. 246,39105,3T,531,grade,ip
2025-11-27 01:01:08,882 [main] DEBUG c.p.b.e.r.s.MlEvaluationCreator.create - creating MlEvaluation. 246,39105,3T,532,grade,G3
2025-11-27 01:01:08,883 [main] DEBUG c.p.b.e.r.s.MlEvaluationCreator.create - creating MlEvaluation. 246,39105,3T,532,grade,ip
2025-11-27 01:01:08,885 [main] DEBUG c.p.b.e.r.s.MlEvaluationCreator.create - creating MlEvaluation. 246,39105,3T,534,grade,ip
2025-11-27 01:01:08,886 [main] DEBUG c.p.b.e.r.s.MlEvaluationCreator.create - creating MlEvaluation. 246,39105,3T,536,grade,G3
2025-11-27 01:01:08,887 [main] DEBUG c.p.b.e.r.s.MlEvaluationCreator.create - creating MlEvaluation. 246,39105,3T,536,grade,ip
2025-11-27 01:01:08,890 [main] DEBUG c.p.b.e.r.s.MlEvaluationCreator.create - creating MlEvaluation. 246,39105,3T,541,grade,ip
2025-11-27 01:01:08,893 [main] DEBUG c.p.b.e.r.s.MlEvaluationCreator.create - creating MlEvaluation. 246,39105,3T,542,grade,G3
2025-11-27 01:01:08,894 [main] DEBUG c.p.b.e.r.s.MlEvaluationCreator.create - creating MlEvaluation. 246,39105,3T,542,grade,ip
2025-11-27 01:01:08,896 [main] DEBUG c.p.b.e.r.s.MlEvaluationCreator.create - creating MlEvaluation. 246,39105,3T,546,grade,ip
2025-11-27 01:01:08,899 [main] DEBUG c.p.b.e.r.s.MlEvaluationCreator.create - creating MlEvaluation. 246,39105,3T,561,grade,G3
2025-11-27 01:01:08,901 [main] DEBUG c.p.b.e.r.s.MlEvaluationCreator.create - creating MlEvaluation. 246,39105,3T,561,grade,ip
2025-11-27 01:01:08,903 [main] DEBUG c.p.b.e.r.s.MlEvaluationCreator.create - creating MlEvaluation. 246,39105,3T,562,grade,ip
2025-11-27 01:01:08,905 [main] DEBUG c.p.b.e.r.s.MlEvaluationCreator.create - creating MlEvaluation. 246,39105,3T,563,grade,ip
2025-11-27 01:01:08,908 [main] DEBUG c.p.b.e.r.s.MlEvaluationCreator.create - creating MlEvaluation. 246,39105,3T,564,grade,ip
2025-11-27 01:01:08,909 [main] DEBUG c.p.b.e.r.s.MlEvaluationCreator.create - creating MlEvaluation. 246,39105,3T,612,grade,G3
2025-11-27 01:01:08,912 [main] DEBUG c.p.b.e.r.s.MlEvaluationCreator.create - creating MlEvaluation. 246,39105,3T,612,grade,ip
2025-11-27 01:01:08,915 [main] DEBUG c.p.b.e.r.s.MlEvaluationCreator.create - creating MlEvaluation. 246,39105,3T,613,grade,ip
2025-11-27 01:01:08,918 [main] DEBUG c.p.b.e.r.s.MlEvaluationCreator.create - creating MlEvaluation. 246,39105,3T,614,grade,G3
2025-11-27 01:01:08,919 [main] DEBUG c.p.b.e.r.s.MlEvaluationCreator.create - creating MlEvaluation. 246,39105,3T,614,grade,ip
2025-11-27 01:01:08,921 [main] DEBUG c.p.b.e.r.s.MlEvaluationCreator.create - creating MlEvaluation. 246,39105,3T,615,grade,G3
2025-11-27 01:01:08,922 [main] DEBUG c.p.b.e.r.s.MlEvaluationCreator.create - creating MlEvaluation. 246,39105,3T,615,grade,ip
2025-11-27 01:01:08,925 [main] DEBUG c.p.b.e.r.s.MlEvaluationCreator.create - creating MlEvaluation. 246,39105,3T,621,grade,ip
2025-11-27 01:01:08,927 [main] DEBUG c.p.b.e.r.s.MlEvaluationCreator.create - creating MlEvaluation. 246,39105,3T,623,grade,ip
2025-11-27 01:01:08,929 [main] DEBUG c.p.b.e.r.s.MlEvaluationCreator.create - creating MlEvaluation. 246,39105,3T,624,grade,G3
2025-11-27 01:01:08,929 [main] DEBUG c.p.b.e.r.s.MlEvaluationCreator.create - creating MlEvaluation. 246,39105,3T,624,grade,ip
2025-11-27 01:01:08,933 [main] DEBUG c.p.b.e.r.s.MlEvaluationCreator.create - creating MlEvaluation. 246,39105,3T,625,grade,ip
2025-11-27 01:01:08,934 [main] DEBUG c.p.b.e.r.s.MlEvaluationCreator.create - creating MlEvaluation. 246,39105,3T,631,grade,ip
2025-11-27 01:01:08,936 [main] DEBUG c.p.b.e.r.s.MlEvaluationCreator.create - creating MlEvaluation. 246,39105,3T,632,grade,G3
2025-11-27 01:01:08,937 [main] DEBUG c.p.b.e.r.s.MlEvaluationCreator.create - creating MlEvaluation. 246,39105,3T,632,grade,ip
2025-11-27 01:01:08,940 [main] DEBUG c.p.b.e.r.s.MlEvaluationCreator.create - creating MlEvaluation. 246,39105,3T,634,grade,ip
2025-11-27 01:01:08,942 [main] DEBUG c.p.b.e.r.s.MlEvaluationCreator.create - creating MlEvaluation. 246,39105,3T,635,grade,ip
2025-11-27 01:01:08,945 [main] DEBUG c.p.b.e.r.s.MlEvaluationCreator.create - creating MlEvaluation. 246,39105,3T,641,grade,G3
2025-11-27 01:01:08,945 [main] DEBUG c.p.b.e.r.s.MlEvaluationCreator.create - creating MlEvaluation. 246,39105,3T,641,grade,ip
2025-11-27 01:01:08,947 [main] DEBUG c.p.b.e.r.s.MlEvaluationCreator.create - creating MlEvaluation. 246,39105,3T,642,grade,ip
2025-11-27 01:01:08,948 [main] DEBUG c.p.b.e.r.s.MlEvaluationCreator.create - creating MlEvaluation. 246,39105,3T,643,grade,G3
2025-11-27 01:01:08,950 [main] DEBUG c.p.b.e.r.s.MlEvaluationCreator.create - creating MlEvaluation. 246,39105,3T,643,grade,ip
2025-11-27 01:01:08,952 [main] DEBUG c.p.b.e.r.s.MlEvaluationCreator.create - creating MlEvaluation. 246,39105,3T,645,grade,ip
2025-11-27 01:01:08,952 [main] DEBUG c.p.b.e.r.s.MlEvaluationCreator.create - creating MlEvaluation. 246,39105,3T,651,grade,ip
2025-11-27 01:01:08,954 [main] DEBUG c.p.b.e.r.s.MlEvaluationCreator.create - creating MlEvaluation. 246,39105,3T,652,grade,ip
2025-11-27 01:01:08,957 [main] DEBUG c.p.b.e.r.s.MlEvaluationCreator.create - creating MlEvaluation. 246,39105,3T,653,grade,ip
2025-11-27 01:01:09,111 [main] INFO  c.p.b.e.r.g.ResultGraphBuilder.save - graph saved. C:/Dev/experiment/expr10/result//244/11/3T/11_3T_436_nopattern_nopattern_39105_EXP1_-6_0.0_0.0.png
2025-11-27 01:01:09,401 [main] INFO  c.p.b.e.r.g.ResultGraphBuilder.save - graph saved. C:/Dev/experiment/expr10/result//244/11/3T/11_3T_451_nopattern_nopattern_39105_EXP1_3_0.0_0.2.png
2025-11-27 01:01:09,678 [main] INFO  c.p.b.e.r.g.ResultGraphBuilder.save - graph saved. C:/Dev/experiment/expr10/result//244/11/3T/11_3T_452_nopattern_nopattern_39105_EXP1_-8_0.0_0.0.png
2025-11-27 01:01:09,685 [main] INFO  c.p.b.e.r.g.ResultGraphBuilder.save - graph saved. C:/Dev/experiment/expr10/result//246/11/3T/11_3T_123_grade_G1_39105_EXP1_-8_0.14_3.0.png
2025-11-27 01:01:10,033 [main] INFO  c.p.b.e.r.g.ResultGraphBuilder.save - graph saved. C:/Dev/experiment/expr10/result//244/11/3T/11_3T_453_nopattern_nopattern_39105_EXP1_24_0.0_0.1.png
2025-11-27 01:01:10,178 [main] INFO  c.p.b.e.r.g.ResultGraphBuilder.save - graph saved. C:/Dev/experiment/expr10/result//246/11/3T/11_3T_123_grade_G2_39105_EXP1_-8_0.03_0.7.png
2025-11-27 01:01:10,338 [main] INFO  c.p.b.e.r.g.ResultGraphBuilder.save - graph saved. C:/Dev/experiment/expr10/result//244/11/3T/11_3T_456_nopattern_nopattern_39105_EXP1_13_0.0_0.0.png
2025-11-27 01:01:10,653 [main] INFO  c.p.b.e.r.g.ResultGraphBuilder.save - graph saved. C:/Dev/experiment/expr10/result//246/11/3T/11_3T_123_grade_G3_39105_EXP1_23_0.26_5.3.png
2025-11-27 01:01:10,665 [main] INFO  c.p.b.e.r.g.ResultGraphBuilder.save - graph saved. C:/Dev/experiment/expr10/result//244/11/3T/11_3T_461_nopattern_nopattern_39105_EXP1_-6_0.0_0.0.png
2025-11-27 01:01:10,931 [main] INFO  c.p.b.e.r.g.ResultGraphBuilder.save - graph saved. C:/Dev/experiment/expr10/result//244/11/3T/11_3T_462_nopattern_nopattern_39105_EXP1_-5_0.0_0.0.png
2025-11-27 01:01:11,044 [main] INFO  c.p.b.e.r.g.ResultGraphBuilder.save - graph saved. C:/Dev/experiment/expr10/result//246/11/3T/11_3T_123_grade_SG_39105_EXP1_-19_0.02_0.7.png
2025-11-27 01:01:11,179 [main] INFO  c.p.b.e.r.g.ResultGraphBuilder.save - graph saved. C:/Dev/experiment/expr10/result//244/11/3T/11_3T_463_nopattern_nopattern_39105_EXP1_-2_0.0_0.0.png
2025-11-27 01:01:11,541 [main] INFO  c.p.b.e.r.g.ResultGraphBuilder.save - graph saved. C:/Dev/experiment/expr10/result//246/11/3T/11_3T_123_grade_ip_39105_EXP1_-1173_2.11_52.8.png
2025-11-27 01:01:11,643 [main] INFO  c.p.b.e.r.g.ResultGraphBuilder.save - graph saved. C:/Dev/experiment/expr10/result//244/11/3T/11_3T_512_nopattern_nopattern_39105_EXP1_-17_0.0_0.1.png
2025-11-27 01:01:12,056 [main] INFO  c.p.b.e.r.g.ResultGraphBuilder.save - graph saved. C:/Dev/experiment/expr10/result//244/11/3T/11_3T_513_nopattern_nopattern_39105_EXP1_-15_0.0_0.2.png
2025-11-27 01:01:12,065 [main] INFO  c.p.b.e.r.g.ResultGraphBuilder.save - graph saved. C:/Dev/experiment/expr10/result//246/11/3T/11_3T_124_grade_G1_39105_EXP1_19_0.1_2.3.png
2025-11-27 01:01:12,400 [main] INFO  c.p.b.e.r.g.ResultGraphBuilder.save - graph saved. C:/Dev/experiment/expr10/result//244/11/3T/11_3T_514_nopattern_nopattern_39105_EXP1_-9_0.0_0.0.png
2025-11-27 01:01:12,422 [main] INFO  c.p.b.e.r.g.ResultGraphBuilder.save - graph saved. C:/Dev/experiment/expr10/result//246/11/3T/11_3T_124_grade_G2_39105_EXP1_-4_0.02_0.6.png
2025-11-27 01:01:12,688 [main] INFO  c.p.b.e.r.g.ResultGraphBuilder.save - graph saved. C:/Dev/experiment/expr10/result//244/11/3T/11_3T_516_nopattern_nopattern_39105_EXP1_-16_0.0_0.1.png
2025-11-27 01:01:12,744 [main] INFO  c.p.b.e.r.g.ResultGraphBuilder.save - graph saved. C:/Dev/experiment/expr10/result//246/11/3T/11_3T_124_grade_G3_39105_EXP1_-54_0.12_3.7.png
2025-11-27 01:01:12,956 [main] INFO  c.p.b.e.r.g.ResultGraphBuilder.save - graph saved. C:/Dev/experiment/expr10/result//244/11/3T/11_3T_521_nopattern_nopattern_39105_EXP1_-4_0.0_0.0.png
2025-11-27 01:01:13,033 [main] INFO  c.p.b.e.r.g.ResultGraphBuilder.save - graph saved. C:/Dev/experiment/expr10/result//246/11/3T/11_3T_124_grade_SG_39105_EXP1_-25_0.01_0.5.png
2025-11-27 01:01:13,203 [main] INFO  c.p.b.e.r.g.ResultGraphBuilder.save - graph saved. C:/Dev/experiment/expr10/result//244/11/3T/11_3T_523_nopattern_nopattern_39105_EXP1_10_0.0_0.0.png
2025-11-27 01:01:13,331 [main] INFO  c.p.b.e.r.g.ResultGraphBuilder.save - graph saved. C:/Dev/experiment/expr10/result//246/11/3T/11_3T_124_grade_ip_39105_EXP1_-934_1.17_39.0.png
2025-11-27 01:01:13,426 [main] INFO  c.p.b.e.r.g.ResultGraphBuilder.save - graph saved. C:/Dev/experiment/expr10/result//244/11/3T/11_3T_524_nopattern_nopattern_39105_EXP1_-1_0.0_0.0.png
2025-11-27 01:01:13,615 [main] INFO  c.p.b.e.r.g.ResultGraphBuilder.save - graph saved. C:/Dev/experiment/expr10/result//246/11/3T/11_3T_125_grade_G1_39105_EXP1_15_0.06_2.1.png
2025-11-27 01:01:13,659 [main] INFO  c.p.b.e.r.g.ResultGraphBuilder.save - graph saved. C:/Dev/experiment/expr10/result//244/11/3T/11_3T_526_nopattern_nopattern_39105_EXP1_10_0.0_0.0.png
2025-11-27 01:01:13,884 [main] INFO  c.p.b.e.r.g.ResultGraphBuilder.save - graph saved. C:/Dev/experiment/expr10/result//244/11/3T/11_3T_531_nopattern_nopattern_39105_EXP1_-1_0.0_0.0.png
2025-11-27 01:01:13,900 [main] INFO  c.p.b.e.r.g.ResultGraphBuilder.save - graph saved. C:/Dev/experiment/expr10/result//246/11/3T/11_3T_125_grade_G2_39105_EXP1_-2_0.01_0.5.png
2025-11-27 01:01:14,118 [main] INFO  c.p.b.e.r.g.ResultGraphBuilder.save - graph saved. C:/Dev/experiment/expr10/result//244/11/3T/11_3T_532_nopattern_nopattern_39105_EXP1_-2_0.0_0.0.png
2025-11-27 01:01:14,180 [main] INFO  c.p.b.e.r.g.ResultGraphBuilder.save - graph saved. C:/Dev/experiment/expr10/result//246/11/3T/11_3T_125_grade_G3_39105_EXP1_-70_0.06_2.7.png
2025-11-27 01:01:14,363 [main] INFO  c.p.b.e.r.g.ResultGraphBuilder.save - graph saved. C:/Dev/experiment/expr10/result//244/11/3T/11_3T_536_nopattern_nopattern_39105_EXP1_-4_0.0_0.0.png
2025-11-27 01:01:14,462 [main] INFO  c.p.b.e.r.g.ResultGraphBuilder.save - graph saved. C:/Dev/experiment/expr10/result//246/11/3T/11_3T_125_grade_SG_39105_EXP1_14_0.01_0.4.png
2025-11-27 01:01:14,619 [main] INFO  c.p.b.e.r.g.ResultGraphBuilder.save - graph saved. C:/Dev/experiment/expr10/result//244/11/3T/11_3T_541_nopattern_nopattern_39105_EXP1_-5_0.0_0.0.png
2025-11-27 01:01:14,756 [main] INFO  c.p.b.e.r.g.ResultGraphBuilder.save - graph saved. C:/Dev/experiment/expr10/result//246/11/3T/11_3T_125_grade_ip_39105_EXP1_-541_0.74_29.1.png
2025-11-27 01:01:14,836 [main] INFO  c.p.b.e.r.g.ResultGraphBuilder.save - graph saved. C:/Dev/experiment/expr10/result//244/11/3T/11_3T_542_nopattern_nopattern_39105_EXP1_-1_0.0_0.0.png
2025-11-27 01:01:15,043 [main] INFO  c.p.b.e.r.g.ResultGraphBuilder.save - graph saved. C:/Dev/experiment/expr10/result//246/11/3T/11_3T_126_grade_G1_39105_EXP1_15_0.05_2.0.png
2025-11-27 01:01:15,062 [main] INFO  c.p.b.e.r.g.ResultGraphBuilder.save - graph saved. C:/Dev/experiment/expr10/result//244/11/3T/11_3T_546_nopattern_nopattern_39105_EXP1_-1_0.0_0.0.png
2025-11-27 01:01:15,327 [main] INFO  c.p.b.e.r.g.ResultGraphBuilder.save - graph saved. C:/Dev/experiment/expr10/result//246/11/3T/11_3T_126_grade_G2_39105_EXP1_-2_0.0_0.4.png
2025-11-27 01:01:15,329 [main] INFO  c.p.b.e.r.g.ResultGraphBuilder.save - graph saved. C:/Dev/experiment/expr10/result//244/11/3T/11_3T_561_nopattern_nopattern_39105_EXP1_0_0.0_0.0.png
2025-11-27 01:01:15,556 [main] INFO  c.p.b.e.r.g.ResultGraphBuilder.save - graph saved. C:/Dev/experiment/expr10/result//244/11/3T/11_3T_562_nopattern_nopattern_39105_EXP1_-1_0.0_0.0.png
2025-11-27 01:01:15,615 [main] INFO  c.p.b.e.r.g.ResultGraphBuilder.save - graph saved. C:/Dev/experiment/expr10/result//246/11/3T/11_3T_126_grade_G3_39105_EXP1_-61_0.04_2.1.png
2025-11-27 01:01:15,779 [main] INFO  c.p.b.e.r.g.ResultGraphBuilder.save - graph saved. C:/Dev/experiment/expr10/result//244/11/3T/11_3T_563_nopattern_nopattern_39105_EXP1_-1_0.0_0.0.png
2025-11-27 01:01:15,892 [main] INFO  c.p.b.e.r.g.ResultGraphBuilder.save - graph saved. C:/Dev/experiment/expr10/result//246/11/3T/11_3T_126_grade_SG_39105_EXP1_0_0.01_0.4.png
2025-11-27 01:01:16,041 [main] INFO  c.p.b.e.r.g.ResultGraphBuilder.save - graph saved. C:/Dev/experiment/expr10/result//244/11/3T/11_3T_612_nopattern_nopattern_39105_EXP1_9_0.0_0.1.png
2025-11-27 01:01:16,170 [main] INFO  c.p.b.e.r.g.ResultGraphBuilder.save - graph saved. C:/Dev/experiment/expr10/result//246/11/3T/11_3T_126_grade_ip_39105_EXP1_-412_0.54_23.1.png
2025-11-27 01:01:16,299 [main] INFO  c.p.b.e.r.g.ResultGraphBuilder.save - graph saved. C:/Dev/experiment/expr10/result//244/11/3T/11_3T_613_nopattern_nopattern_39105_EXP1_-9_0.0_0.1.png
2025-11-27 01:01:16,452 [main] INFO  c.p.b.e.r.g.ResultGraphBuilder.save - graph saved. C:/Dev/experiment/expr10/result//246/11/3T/11_3T_132_grade_G1_39105_EXP1_-67_0.07_2.3.png
2025-11-27 01:01:16,562 [main] INFO  c.p.b.e.r.g.ResultGraphBuilder.save - graph saved. C:/Dev/experiment/expr10/result//244/11/3T/11_3T_614_nopattern_nopattern_39105_EXP1_21_0.0_0.0.png
2025-11-27 01:01:16,743 [main] INFO  c.p.b.e.r.g.ResultGraphBuilder.save - graph saved. C:/Dev/experiment/expr10/result//246/11/3T/11_3T_132_grade_G2_39105_EXP1_-9_0.01_0.6.png
2025-11-27 01:01:16,827 [main] INFO  c.p.b.e.r.g.ResultGraphBuilder.save - graph saved. C:/Dev/experiment/expr10/result//244/11/3T/11_3T_615_nopattern_nopattern_39105_EXP1_-7_0.0_0.0.png
2025-11-27 01:01:17,130 [main] INFO  c.p.b.e.r.g.ResultGraphBuilder.save - graph saved. C:/Dev/experiment/expr10/result//246/11/3T/11_3T_132_grade_G3_39105_EXP1_-87_0.12_3.9.png
2025-11-27 01:01:17,209 [main] INFO  c.p.b.e.r.g.ResultGraphBuilder.save - graph saved. C:/Dev/experiment/expr10/result//244/11/3T/11_3T_621_nopattern_nopattern_39105_EXP1_-3_0.0_0.0.png
2025-11-27 01:01:17,414 [main] INFO  c.p.b.e.r.g.ResultGraphBuilder.save - graph saved. C:/Dev/experiment/expr10/result//246/11/3T/11_3T_132_grade_SG_39105_EXP1_12_0.02_0.5.png
2025-11-27 01:01:17,426 [main] INFO  c.p.b.e.r.g.ResultGraphBuilder.save - graph saved. C:/Dev/experiment/expr10/result//244/11/3T/11_3T_623_nopattern_nopattern_39105_EXP1_-1_0.0_0.0.png
2025-11-27 01:01:17,653 [main] INFO  c.p.b.e.r.g.ResultGraphBuilder.save - graph saved. C:/Dev/experiment/expr10/result//244/11/3T/11_3T_624_nopattern_nopattern_39105_EXP1_3_0.0_0.0.png
2025-11-27 01:01:17,714 [main] INFO  c.p.b.e.r.g.ResultGraphBuilder.save - graph saved. C:/Dev/experiment/expr10/result//246/11/3T/11_3T_132_grade_ip_39105_EXP1_-808_1.26_39.9.png
2025-11-27 01:01:17,879 [main] INFO  c.p.b.e.r.g.ResultGraphBuilder.save - graph saved. C:/Dev/experiment/expr10/result//244/11/3T/11_3T_625_nopattern_nopattern_39105_EXP1_-1_0.0_0.0.png
2025-11-27 01:01:18,001 [main] INFO  c.p.b.e.r.g.ResultGraphBuilder.save - graph saved. C:/Dev/experiment/expr10/result//246/11/3T/11_3T_134_grade_G1_39105_EXP1_-1_0.06_2.0.png
2025-11-27 01:01:18,091 [main] INFO  c.p.b.e.r.g.ResultGraphBuilder.save - graph saved. C:/Dev/experiment/expr10/result//244/11/3T/11_3T_631_nopattern_nopattern_39105_EXP1_0_0.0_0.0.png
2025-11-27 01:01:18,274 [main] INFO  c.p.b.e.r.g.ResultGraphBuilder.save - graph saved. C:/Dev/experiment/expr10/result//246/11/3T/11_3T_134_grade_G2_39105_EXP1_-32_0.0_0.5.png
2025-11-27 01:01:18,321 [main] INFO  c.p.b.e.r.g.ResultGraphBuilder.save - graph saved. C:/Dev/experiment/expr10/result//244/11/3T/11_3T_632_nopattern_nopattern_39105_EXP1_-3_0.0_0.0.png
2025-11-27 01:01:18,539 [main] INFO  c.p.b.e.r.g.ResultGraphBuilder.save - graph saved. C:/Dev/experiment/expr10/result//244/11/3T/11_3T_634_nopattern_nopattern_39105_EXP1_-1_0.0_0.0.png
2025-11-27 01:01:18,568 [main] INFO  c.p.b.e.r.g.ResultGraphBuilder.save - graph saved. C:/Dev/experiment/expr10/result//246/11/3T/11_3T_134_grade_G3_39105_EXP1_18_0.1_2.8.png
2025-11-27 01:01:18,761 [main] INFO  c.p.b.e.r.g.ResultGraphBuilder.save - graph saved. C:/Dev/experiment/expr10/result//244/11/3T/11_3T_635_nopattern_nopattern_39105_EXP1_-1_0.0_0.0.png
2025-11-27 01:01:18,895 [main] INFO  c.p.b.e.r.g.ResultGraphBuilder.save - graph saved. C:/Dev/experiment/expr10/result//246/11/3T/11_3T_134_grade_SG_39105_EXP1_22_0.02_0.4.png
2025-11-27 01:01:19,056 [main] INFO  c.p.b.e.r.g.ResultGraphBuilder.save - graph saved. C:/Dev/experiment/expr10/result//244/11/3T/11_3T_641_nopattern_nopattern_39105_EXP1_-3_0.0_0.0.png
2025-11-27 01:01:19,184 [main] INFO  c.p.b.e.r.g.ResultGraphBuilder.save - graph saved. C:/Dev/experiment/expr10/result//246/11/3T/11_3T_134_grade_ip_39105_EXP1_-849_0.73_30.1.png
2025-11-27 01:01:19,291 [main] INFO  c.p.b.e.r.g.ResultGraphBuilder.save - graph saved. C:/Dev/experiment/expr10/result//244/11/3T/11_3T_643_nopattern_nopattern_39105_EXP1_-2_0.0_0.0.png
2025-11-27 01:01:19,468 [main] INFO  c.p.b.e.r.g.ResultGraphBuilder.save - graph saved. C:/Dev/experiment/expr10/result//246/11/3T/11_3T_135_grade_G1_39105_EXP1_-32_0.03_1.4.png
2025-11-27 01:01:19,510 [main] INFO  c.p.b.e.r.g.ResultGraphBuilder.save - graph saved. C:/Dev/experiment/expr10/result//244/11/3T/11_3T_651_nopattern_nopattern_39105_EXP1_-1_0.0_0.0.png
2025-11-27 01:01:19,729 [main] INFO  c.p.b.e.r.g.ResultGraphBuilder.save - graph saved. C:/Dev/experiment/expr10/result//244/11/3T/11_3T_652_nopattern_nopattern_39105_EXP1_-1_0.0_0.0.png
2025-11-27 01:01:19,751 [main] INFO  c.p.b.e.r.g.ResultGraphBuilder.save - graph saved. C:/Dev/experiment/expr10/result//246/11/3T/11_3T_135_grade_G2_39105_EXP1_-42_0.0_0.4.png
2025-11-27 01:01:19,942 [main] INFO  c.p.b.e.r.g.ResultGraphBuilder.save - graph saved. C:/Dev/experiment/expr10/result//244/11/3T/11_3T_653_nopattern_nopattern_39105_EXP1_-1_0.0_0.0.png
2025-11-27 01:01:20,032 [main] INFO  c.p.b.e.r.g.ResultGraphBuilder.save - graph saved. C:/Dev/experiment/expr10/result//246/11/3T/11_3T_135_grade_G3_39105_EXP1_-57_0.03_1.8.png
2025-11-27 01:01:20,318 [main] INFO  c.p.b.e.r.g.ResultGraphBuilder.save - graph saved. C:/Dev/experiment/expr10/result//246/11/3T/11_3T_135_grade_SG_39105_EXP1_-11_0.0_0.3.png
2025-11-27 01:01:20,617 [main] INFO  c.p.b.e.r.g.ResultGraphBuilder.save - graph saved. C:/Dev/experiment/expr10/result//246/11/3T/11_3T_135_grade_ip_39105_EXP1_-681_0.3_18.5.png
2025-11-27 01:01:20,906 [main] INFO  c.p.b.e.r.g.ResultGraphBuilder.save - graph saved. C:/Dev/experiment/expr10/result//246/11/3T/11_3T_136_grade_G1_39105_EXP1_7_0.03_1.5.png
2025-11-27 01:01:21,179 [main] INFO  c.p.b.e.r.g.ResultGraphBuilder.save - graph saved. C:/Dev/experiment/expr10/result//246/11/3T/11_3T_136_grade_G2_39105_EXP1_-4_0.0_0.2.png
2025-11-27 01:01:21,455 [main] INFO  c.p.b.e.r.g.ResultGraphBuilder.save - graph saved. C:/Dev/experiment/expr10/result//246/11/3T/11_3T_136_grade_G3_39105_EXP1_37_0.04_1.3.png
2025-11-27 01:01:21,733 [main] INFO  c.p.b.e.r.g.ResultGraphBuilder.save - graph saved. C:/Dev/experiment/expr10/result//246/11/3T/11_3T_136_grade_SG_39105_EXP1_-19_0.0_0.3.png
2025-11-27 01:01:22,133 [main] INFO  c.p.b.e.r.g.ResultGraphBuilder.save - graph saved. C:/Dev/experiment/expr10/result//246/11/3T/11_3T_136_grade_ip_39105_EXP1_-227_0.28_13.6.png
2025-11-27 01:01:22,483 [main] INFO  c.p.b.e.r.g.ResultGraphBuilder.save - graph saved. C:/Dev/experiment/expr10/result//246/11/3T/11_3T_142_grade_G1_39105_EXP1_-146_0.01_2.0.png
2025-11-27 01:01:22,764 [main] INFO  c.p.b.e.r.g.ResultGraphBuilder.save - graph saved. C:/Dev/experiment/expr10/result//246/11/3T/11_3T_142_grade_G2_39105_EXP1_-32_0.0_0.4.png
2025-11-27 01:01:23,039 [main] INFO  c.p.b.e.r.g.ResultGraphBuilder.save - graph saved. C:/Dev/experiment/expr10/result//246/11/3T/11_3T_142_grade_G3_39105_EXP1_-79_0.05_2.4.png
2025-11-27 01:01:23,302 [main] INFO  c.p.b.e.r.g.ResultGraphBuilder.save - graph saved. C:/Dev/experiment/expr10/result//246/11/3T/11_3T_142_grade_SG_39105_EXP1_-12_0.01_0.4.png
2025-11-27 01:01:23,579 [main] INFO  c.p.b.e.r.g.ResultGraphBuilder.save - graph saved. C:/Dev/experiment/expr10/result//246/11/3T/11_3T_142_grade_ip_39105_EXP1_-514_0.67_26.5.png
2025-11-27 01:01:23,867 [main] INFO  c.p.b.e.r.g.ResultGraphBuilder.save - graph saved. C:/Dev/experiment/expr10/result//246/11/3T/11_3T_143_grade_G1_39105_EXP1_-25_0.03_1.6.png
2025-11-27 01:01:24,143 [main] INFO  c.p.b.e.r.g.ResultGraphBuilder.save - graph saved. C:/Dev/experiment/expr10/result//246/11/3T/11_3T_143_grade_G2_39105_EXP1_-37_0.0_0.4.png
2025-11-27 01:01:24,420 [main] INFO  c.p.b.e.r.g.ResultGraphBuilder.save - graph saved. C:/Dev/experiment/expr10/result//246/11/3T/11_3T_143_grade_G3_39105_EXP1_-32_0.04_1.8.png
2025-11-27 01:01:24,686 [main] INFO  c.p.b.e.r.g.ResultGraphBuilder.save - graph saved. C:/Dev/experiment/expr10/result//246/11/3T/11_3T_143_grade_SG_39105_EXP1_-12_0.0_0.3.png
2025-11-27 01:01:24,969 [main] INFO  c.p.b.e.r.g.ResultGraphBuilder.save - graph saved. C:/Dev/experiment/expr10/result//246/11/3T/11_3T_143_grade_ip_39105_EXP1_-678_0.38_19.3.png
2025-11-27 01:01:25,236 [main] INFO  c.p.b.e.r.g.ResultGraphBuilder.save - graph saved. C:/Dev/experiment/expr10/result//246/11/3T/11_3T_145_grade_G1_39105_EXP1_-44_0.0_0.8.png
2025-11-27 01:01:25,502 [main] INFO  c.p.b.e.r.g.ResultGraphBuilder.save - graph saved. C:/Dev/experiment/expr10/result//246/11/3T/11_3T_145_grade_G2_39105_EXP1_-17_0.0_0.1.png
2025-11-27 01:01:25,776 [main] INFO  c.p.b.e.r.g.ResultGraphBuilder.save - graph saved. C:/Dev/experiment/expr10/result//246/11/3T/11_3T_145_grade_G3_39105_EXP1_-13_0.01_0.7.png
2025-11-27 01:01:26,103 [main] INFO  c.p.b.e.r.g.ResultGraphBuilder.save - graph saved. C:/Dev/experiment/expr10/result//246/11/3T/11_3T_145_grade_SG_39105_EXP1_0_0.0_0.1.png
2025-11-27 01:01:26,386 [main] INFO  c.p.b.e.r.g.ResultGraphBuilder.save - graph saved. C:/Dev/experiment/expr10/result//246/11/3T/11_3T_145_grade_ip_39105_EXP1_-447_0.1_8.6.png
2025-11-27 01:01:26,656 [main] INFO  c.p.b.e.r.g.ResultGraphBuilder.save - graph saved. C:/Dev/experiment/expr10/result//246/11/3T/11_3T_146_grade_G1_39105_EXP1_-40_0.0_0.7.png
2025-11-27 01:01:26,923 [main] INFO  c.p.b.e.r.g.ResultGraphBuilder.save - graph saved. C:/Dev/experiment/expr10/result//246/11/3T/11_3T_146_grade_G2_39105_EXP1_-16_0.0_0.1.png
2025-11-27 01:01:27,201 [main] INFO  c.p.b.e.r.g.ResultGraphBuilder.save - graph saved. C:/Dev/experiment/expr10/result//246/11/3T/11_3T_146_grade_G3_39105_EXP1_-5_0.01_0.6.png
2025-11-27 01:01:27,463 [main] INFO  c.p.b.e.r.g.ResultGraphBuilder.save - graph saved. C:/Dev/experiment/expr10/result//246/11/3T/11_3T_146_grade_SG_39105_EXP1_7_0.0_0.1.png
2025-11-27 01:01:27,755 [main] INFO  c.p.b.e.r.g.ResultGraphBuilder.save - graph saved. C:/Dev/experiment/expr10/result//246/11/3T/11_3T_146_grade_ip_39105_EXP1_-176_0.11_7.0.png
2025-11-27 01:01:28,021 [main] INFO  c.p.b.e.r.g.ResultGraphBuilder.save - graph saved. C:/Dev/experiment/expr10/result//246/11/3T/11_3T_152_grade_G1_39105_EXP1_25_0.02_0.8.png
2025-11-27 01:01:28,275 [main] INFO  c.p.b.e.r.g.ResultGraphBuilder.save - graph saved. C:/Dev/experiment/expr10/result//246/11/3T/11_3T_152_grade_G2_39105_EXP1_-5_0.0_0.2.png
2025-11-27 01:01:28,545 [main] INFO  c.p.b.e.r.g.ResultGraphBuilder.save - graph saved. C:/Dev/experiment/expr10/result//246/11/3T/11_3T_152_grade_G3_39105_EXP1_-4_0.01_0.9.png
2025-11-27 01:01:28,806 [main] INFO  c.p.b.e.r.g.ResultGraphBuilder.save - graph saved. C:/Dev/experiment/expr10/result//246/11/3T/11_3T_152_grade_SG_39105_EXP1_-4_0.0_0.1.png
2025-11-27 01:01:29,093 [main] INFO  c.p.b.e.r.g.ResultGraphBuilder.save - graph saved. C:/Dev/experiment/expr10/result//246/11/3T/11_3T_152_grade_ip_39105_EXP1_-23_0.23_10.5.png
2025-11-27 01:01:29,353 [main] INFO  c.p.b.e.r.g.ResultGraphBuilder.save - graph saved. C:/Dev/experiment/expr10/result//246/11/3T/11_3T_153_grade_G1_39105_EXP1_-43_0.0_0.5.png
2025-11-27 01:01:29,616 [main] INFO  c.p.b.e.r.g.ResultGraphBuilder.save - graph saved. C:/Dev/experiment/expr10/result//246/11/3T/11_3T_153_grade_G2_39105_EXP1_1_0.0_0.1.png
2025-11-27 01:01:29,893 [main] INFO  c.p.b.e.r.g.ResultGraphBuilder.save - graph saved. C:/Dev/experiment/expr10/result//246/11/3T/11_3T_153_grade_G3_39105_EXP1_6_0.01_0.5.png
2025-11-27 01:01:30,149 [main] INFO  c.p.b.e.r.g.ResultGraphBuilder.save - graph saved. C:/Dev/experiment/expr10/result//246/11/3T/11_3T_153_grade_SG_39105_EXP1_-12_0.0_0.1.png
2025-11-27 01:01:30,435 [main] INFO  c.p.b.e.r.g.ResultGraphBuilder.save - graph saved. C:/Dev/experiment/expr10/result//246/11/3T/11_3T_153_grade_ip_39105_EXP1_-4_0.13_6.0.png
2025-11-27 01:01:30,690 [main] INFO  c.p.b.e.r.g.ResultGraphBuilder.save - graph saved. C:/Dev/experiment/expr10/result//246/11/3T/11_3T_154_grade_G1_39105_EXP1_-7_0.0_0.0.png
2025-11-27 01:01:30,915 [main] INFO  c.p.b.e.r.g.ResultGraphBuilder.save - graph saved. C:/Dev/experiment/expr10/result//246/11/3T/11_3T_154_grade_G2_39105_EXP1_-2_0.0_0.0.png
2025-11-27 01:01:31,173 [main] INFO  c.p.b.e.r.g.ResultGraphBuilder.save - graph saved. C:/Dev/experiment/expr10/result//246/11/3T/11_3T_154_grade_G3_39105_EXP1_-20_0.0_0.2.png
2025-11-27 01:01:31,446 [main] INFO  c.p.b.e.r.g.ResultGraphBuilder.save - graph saved. C:/Dev/experiment/expr10/result//246/11/3T/11_3T_154_grade_ip_39105_EXP1_-89_0.03_2.9.png
2025-11-27 01:01:31,673 [main] INFO  c.p.b.e.r.g.ResultGraphBuilder.save - graph saved. C:/Dev/experiment/expr10/result//246/11/3T/11_3T_156_grade_G1_39105_EXP1_-1_0.0_0.0.png
2025-11-27 01:01:31,910 [main] INFO  c.p.b.e.r.g.ResultGraphBuilder.save - graph saved. C:/Dev/experiment/expr10/result//246/11/3T/11_3T_156_grade_G3_39105_EXP1_23_0.0_0.0.png
2025-11-27 01:01:32,179 [main] INFO  c.p.b.e.r.g.ResultGraphBuilder.save - graph saved. C:/Dev/experiment/expr10/result//246/11/3T/11_3T_156_grade_ip_39105_EXP1_-11_0.02_0.9.png
2025-11-27 01:01:32,430 [main] INFO  c.p.b.e.r.g.ResultGraphBuilder.save - graph saved. C:/Dev/experiment/expr10/result//246/11/3T/11_3T_162_grade_G1_39105_EXP1_9_0.0_0.0.png
2025-11-27 01:01:32,662 [main] INFO  c.p.b.e.r.g.ResultGraphBuilder.save - graph saved. C:/Dev/experiment/expr10/result//246/11/3T/11_3T_162_grade_G2_39105_EXP1_-1_0.0_0.0.png
2025-11-27 01:01:32,938 [main] INFO  c.p.b.e.r.g.ResultGraphBuilder.save - graph saved. C:/Dev/experiment/expr10/result//246/11/3T/11_3T_162_grade_G3_39105_EXP1_-5_0.0_0.3.png
2025-11-27 01:01:33,153 [main] INFO  c.p.b.e.r.g.ResultGraphBuilder.save - graph saved. C:/Dev/experiment/expr10/result//246/11/3T/11_3T_162_grade_SG_39105_EXP1_-1_0.0_0.0.png
2025-11-27 01:01:33,419 [main] INFO  c.p.b.e.r.g.ResultGraphBuilder.save - graph saved. C:/Dev/experiment/expr10/result//246/11/3T/11_3T_162_grade_ip_39105_EXP1_-137_0.06_3.6.png
2025-11-27 01:01:33,653 [main] INFO  c.p.b.e.r.g.ResultGraphBuilder.save - graph saved. C:/Dev/experiment/expr10/result//246/11/3T/11_3T_163_grade_G1_39105_EXP1_-2_0.0_0.0.png
2025-11-27 01:01:33,869 [main] INFO  c.p.b.e.r.g.ResultGraphBuilder.save - graph saved. C:/Dev/experiment/expr10/result//246/11/3T/11_3T_163_grade_G2_39105_EXP1_0_0.0_0.0.png
2025-11-27 01:01:34,201 [main] INFO  c.p.b.e.r.g.ResultGraphBuilder.save - graph saved. C:/Dev/experiment/expr10/result//246/11/3T/11_3T_163_grade_G3_39105_EXP1_7_0.0_0.1.png
2025-11-27 01:01:34,421 [main] INFO  c.p.b.e.r.g.ResultGraphBuilder.save - graph saved. C:/Dev/experiment/expr10/result//246/11/3T/11_3T_163_grade_SG_39105_EXP1_-1_0.0_0.0.png
2025-11-27 01:01:34,693 [main] INFO  c.p.b.e.r.g.ResultGraphBuilder.save - graph saved. C:/Dev/experiment/expr10/result//246/11/3T/11_3T_163_grade_ip_39105_EXP1_-55_0.02_1.5.png
2025-11-27 01:01:34,907 [main] INFO  c.p.b.e.r.g.ResultGraphBuilder.save - graph saved. C:/Dev/experiment/expr10/result//246/11/3T/11_3T_164_grade_G1_39105_EXP1_-1_0.0_0.0.png
2025-11-27 01:01:35,160 [main] INFO  c.p.b.e.r.g.ResultGraphBuilder.save - graph saved. C:/Dev/experiment/expr10/result//246/11/3T/11_3T_164_grade_G3_39105_EXP1_-6_0.0_0.0.png
2025-11-27 01:01:35,430 [main] INFO  c.p.b.e.r.g.ResultGraphBuilder.save - graph saved. C:/Dev/experiment/expr10/result//246/11/3T/11_3T_164_grade_ip_39105_EXP1_-7_0.02_0.8.png
2025-11-27 01:01:35,661 [main] INFO  c.p.b.e.r.g.ResultGraphBuilder.save - graph saved. C:/Dev/experiment/expr10/result//246/11/3T/11_3T_165_grade_G3_39105_EXP1_-2_0.0_0.0.png
2025-11-27 01:01:35,920 [main] INFO  c.p.b.e.r.g.ResultGraphBuilder.save - graph saved. C:/Dev/experiment/expr10/result//246/11/3T/11_3T_165_grade_ip_39105_EXP1_7_0.0_0.3.png
2025-11-27 01:01:36,194 [main] INFO  c.p.b.e.r.g.ResultGraphBuilder.save - graph saved. C:/Dev/experiment/expr10/result//246/11/3T/11_3T_213_grade_G1_39105_EXP1_17_0.01_0.6.png
2025-11-27 01:01:36,464 [main] INFO  c.p.b.e.r.g.ResultGraphBuilder.save - graph saved. C:/Dev/experiment/expr10/result//246/11/3T/11_3T_213_grade_G2_39105_EXP1_0_0.0_0.2.png
2025-11-27 01:01:36,743 [main] INFO  c.p.b.e.r.g.ResultGraphBuilder.save - graph saved. C:/Dev/experiment/expr10/result//246/11/3T/11_3T_213_grade_G3_39105_EXP1_-49_0.02_1.3.png
2025-11-27 01:01:37,095 [main] INFO  c.p.b.e.r.g.ResultGraphBuilder.save - graph saved. C:/Dev/experiment/expr10/result//246/11/3T/11_3T_213_grade_SG_39105_EXP1_-11_0.0_0.1.png
2025-11-27 01:01:37,374 [main] INFO  c.p.b.e.r.g.ResultGraphBuilder.save - graph saved. C:/Dev/experiment/expr10/result//246/11/3T/11_3T_213_grade_ip_39105_EXP1_-345_0.31_15.9.png
2025-11-27 01:01:37,640 [main] INFO  c.p.b.e.r.g.ResultGraphBuilder.save - graph saved. C:/Dev/experiment/expr10/result//246/11/3T/11_3T_214_grade_G1_39105_EXP1_-28_0.0_0.2.png
2025-11-27 01:01:37,935 [main] INFO  c.p.b.e.r.g.ResultGraphBuilder.save - graph saved. C:/Dev/experiment/expr10/result//246/11/3T/11_3T_214_grade_G2_39105_EXP1_-10_0.0_0.1.png
2025-11-27 01:01:38,218 [main] INFO  c.p.b.e.r.g.ResultGraphBuilder.save - graph saved. C:/Dev/experiment/expr10/result//246/11/3T/11_3T_214_grade_G3_39105_EXP1_45_0.03_0.8.png
2025-11-27 01:01:38,457 [main] INFO  c.p.b.e.r.g.ResultGraphBuilder.save - graph saved. C:/Dev/experiment/expr10/result//246/11/3T/11_3T_214_grade_SG_39105_EXP1_14_0.0_0.0.png
2025-11-27 01:01:38,743 [main] INFO  c.p.b.e.r.g.ResultGraphBuilder.save - graph saved. C:/Dev/experiment/expr10/result//246/11/3T/11_3T_214_grade_ip_39105_EXP1_-321_0.15_9.8.png
2025-11-27 01:01:38,958 [main] INFO  c.p.b.e.r.g.ResultGraphBuilder.save - graph saved. C:/Dev/experiment/expr10/result//246/11/3T/11_3T_215_grade_G1_39105_EXP1_-1_0.0_0.0.png
2025-11-27 01:01:39,227 [main] INFO  c.p.b.e.r.g.ResultGraphBuilder.save - graph saved. C:/Dev/experiment/expr10/result//246/11/3T/11_3T_215_grade_G3_39105_EXP1_-15_0.0_0.2.png
2025-11-27 01:01:39,518 [main] INFO  c.p.b.e.r.g.ResultGraphBuilder.save - graph saved. C:/Dev/experiment/expr10/result//246/11/3T/11_3T_215_grade_ip_39105_EXP1_-111_0.04_2.9.png
2025-11-27 01:01:39,791 [main] INFO  c.p.b.e.r.g.ResultGraphBuilder.save - graph saved. C:/Dev/experiment/expr10/result//246/11/3T/11_3T_216_grade_G3_39105_EXP1_-10_0.0_0.1.png
2025-11-27 01:01:40,063 [main] INFO  c.p.b.e.r.g.ResultGraphBuilder.save - graph saved. C:/Dev/experiment/expr10/result//246/11/3T/11_3T_216_grade_ip_39105_EXP1_-46_0.03_1.5.png
2025-11-27 01:01:40,303 [main] INFO  c.p.b.e.r.g.ResultGraphBuilder.save - graph saved. C:/Dev/experiment/expr10/result//246/11/3T/11_3T_231_grade_G3_39105_EXP1_-3_0.0_0.0.png
2025-11-27 01:01:40,582 [main] INFO  c.p.b.e.r.g.ResultGraphBuilder.save - graph saved. C:/Dev/experiment/expr10/result//246/11/3T/11_3T_231_grade_ip_39105_EXP1_-14_0.0_0.4.png
2025-11-27 01:01:40,834 [main] INFO  c.p.b.e.r.g.ResultGraphBuilder.save - graph saved. C:/Dev/experiment/expr10/result//246/11/3T/11_3T_234_grade_G3_39105_EXP1_3_0.0_0.0.png
2025-11-27 01:01:41,117 [main] INFO  c.p.b.e.r.g.ResultGraphBuilder.save - graph saved. C:/Dev/experiment/expr10/result//246/11/3T/11_3T_234_grade_ip_39105_EXP1_-5_0.01_0.6.png
2025-11-27 01:01:41,342 [main] INFO  c.p.b.e.r.g.ResultGraphBuilder.save - graph saved. C:/Dev/experiment/expr10/result//246/11/3T/11_3T_235_grade_G3_39105_EXP1_-2_0.0_0.0.png
2025-11-27 01:01:41,617 [main] INFO  c.p.b.e.r.g.ResultGraphBuilder.save - graph saved. C:/Dev/experiment/expr10/result//246/11/3T/11_3T_235_grade_ip_39105_EXP1_-3_0.0_0.2.png
2025-11-27 01:01:41,850 [main] INFO  c.p.b.e.r.g.ResultGraphBuilder.save - graph saved. C:/Dev/experiment/expr10/result//246/11/3T/11_3T_236_grade_G3_39105_EXP1_-3_0.0_0.0.png
2025-11-27 01:01:42,127 [main] INFO  c.p.b.e.r.g.ResultGraphBuilder.save - graph saved. C:/Dev/experiment/expr10/result//246/11/3T/11_3T_236_grade_ip_39105_EXP1_-20_0.0_0.2.png
2025-11-27 01:01:42,354 [main] INFO  c.p.b.e.r.g.ResultGraphBuilder.save - graph saved. C:/Dev/experiment/expr10/result//246/11/3T/11_3T_241_grade_G3_39105_EXP1_-1_0.0_0.0.png
2025-11-27 01:01:42,816 [main] INFO  c.p.b.e.r.g.ResultGraphBuilder.save - graph saved. C:/Dev/experiment/expr10/result//246/11/3T/11_3T_241_grade_ip_39105_EXP1_-7_0.0_0.1.png
2025-11-27 01:01:43,153 [main] INFO  c.p.b.e.r.g.ResultGraphBuilder.save - graph saved. C:/Dev/experiment/expr10/result//246/11/3T/11_3T_243_grade_G3_39105_EXP1_-1_0.0_0.0.png
2025-11-27 01:01:43,420 [main] INFO  c.p.b.e.r.g.ResultGraphBuilder.save - graph saved. C:/Dev/experiment/expr10/result//246/11/3T/11_3T_243_grade_ip_39105_EXP1_-10_0.0_0.2.png
2025-11-27 01:01:43,687 [main] INFO  c.p.b.e.r.g.ResultGraphBuilder.save - graph saved. C:/Dev/experiment/expr10/result//246/11/3T/11_3T_245_grade_ip_39105_EXP1_-1_0.0_0.1.png
2025-11-27 01:01:43,905 [main] INFO  c.p.b.e.r.g.ResultGraphBuilder.save - graph saved. C:/Dev/experiment/expr10/result//246/11/3T/11_3T_246_grade_G3_39105_EXP1_0_0.0_0.0.png
2025-11-27 01:01:44,177 [main] INFO  c.p.b.e.r.g.ResultGraphBuilder.save - graph saved. C:/Dev/experiment/expr10/result//246/11/3T/11_3T_246_grade_ip_39105_EXP1_4_0.0_0.0.png
2025-11-27 01:01:44,400 [main] INFO  c.p.b.e.r.g.ResultGraphBuilder.save - graph saved. C:/Dev/experiment/expr10/result//246/11/3T/11_3T_251_grade_G3_39105_EXP1_-1_0.0_0.0.png
2025-11-27 01:01:44,663 [main] INFO  c.p.b.e.r.g.ResultGraphBuilder.save - graph saved. C:/Dev/experiment/expr10/result//246/11/3T/11_3T_251_grade_ip_39105_EXP1_-6_0.0_0.0.png
2025-11-27 01:01:44,877 [main] INFO  c.p.b.e.r.g.ResultGraphBuilder.save - graph saved. C:/Dev/experiment/expr10/result//246/11/3T/11_3T_253_grade_G3_39105_EXP1_-1_0.0_0.0.png
2025-11-27 01:01:45,154 [main] INFO  c.p.b.e.r.g.ResultGraphBuilder.save - graph saved. C:/Dev/experiment/expr10/result//246/11/3T/11_3T_253_grade_ip_39105_EXP1_12_0.0_0.1.png
2025-11-27 01:01:45,391 [main] INFO  c.p.b.e.r.g.ResultGraphBuilder.save - graph saved. C:/Dev/experiment/expr10/result//246/11/3T/11_3T_254_grade_G3_39105_EXP1_10_0.0_0.0.png
2025-11-27 01:01:45,655 [main] INFO  c.p.b.e.r.g.ResultGraphBuilder.save - graph saved. C:/Dev/experiment/expr10/result//246/11/3T/11_3T_254_grade_ip_39105_EXP1_-4_0.0_0.1.png
2025-11-27 01:01:45,907 [main] INFO  c.p.b.e.r.g.ResultGraphBuilder.save - graph saved. C:/Dev/experiment/expr10/result//246/11/3T/11_3T_256_grade_ip_39105_EXP1_-4_0.0_0.0.png
2025-11-27 01:01:46,144 [main] INFO  c.p.b.e.r.g.ResultGraphBuilder.save - graph saved. C:/Dev/experiment/expr10/result//246/11/3T/11_3T_261_grade_G3_39105_EXP1_-1_0.0_0.0.png
2025-11-27 01:01:46,415 [main] INFO  c.p.b.e.r.g.ResultGraphBuilder.save - graph saved. C:/Dev/experiment/expr10/result//246/11/3T/11_3T_261_grade_ip_39105_EXP1_-5_0.0_0.1.png
2025-11-27 01:01:46,705 [main] INFO  c.p.b.e.r.g.ResultGraphBuilder.save - graph saved. C:/Dev/experiment/expr10/result//246/11/3T/11_3T_263_grade_G3_39105_EXP1_-1_0.0_0.0.png
2025-11-27 01:01:46,979 [main] INFO  c.p.b.e.r.g.ResultGraphBuilder.save - graph saved. C:/Dev/experiment/expr10/result//246/11/3T/11_3T_263_grade_ip_39105_EXP1_-2_0.0_0.1.png
2025-11-27 01:01:47,257 [main] INFO  c.p.b.e.r.g.ResultGraphBuilder.save - graph saved. C:/Dev/experiment/expr10/result//246/11/3T/11_3T_264_grade_ip_39105_EXP1_-9_0.0_0.0.png
2025-11-27 01:01:47,511 [main] INFO  c.p.b.e.r.g.ResultGraphBuilder.save - graph saved. C:/Dev/experiment/expr10/result//246/11/3T/11_3T_265_grade_ip_39105_EXP1_-3_0.0_0.0.png
2025-11-27 01:01:47,736 [main] INFO  c.p.b.e.r.g.ResultGraphBuilder.save - graph saved. C:/Dev/experiment/expr10/result//246/11/3T/11_3T_312_grade_G2_39105_EXP1_0_0.0_0.0.png
2025-11-27 01:01:48,000 [main] INFO  c.p.b.e.r.g.ResultGraphBuilder.save - graph saved. C:/Dev/experiment/expr10/result//246/11/3T/11_3T_312_grade_G3_39105_EXP1_1_0.0_0.1.png
2025-11-27 01:01:48,277 [main] INFO  c.p.b.e.r.g.ResultGraphBuilder.save - graph saved. C:/Dev/experiment/expr10/result//246/11/3T/11_3T_312_grade_ip_39105_EXP1_2_0.03_1.5.png
2025-11-27 01:01:48,539 [main] INFO  c.p.b.e.r.g.ResultGraphBuilder.save - graph saved. C:/Dev/experiment/expr10/result//246/11/3T/11_3T_314_grade_G1_39105_EXP1_6_0.0_0.1.png
2025-11-27 01:01:48,778 [main] INFO  c.p.b.e.r.g.ResultGraphBuilder.save - graph saved. C:/Dev/experiment/expr10/result//246/11/3T/11_3T_314_grade_G2_39105_EXP1_-3_0.0_0.0.png
2025-11-27 01:01:49,044 [main] INFO  c.p.b.e.r.g.ResultGraphBuilder.save - graph saved. C:/Dev/experiment/expr10/result//246/11/3T/11_3T_314_grade_G3_39105_EXP1_-23_0.0_0.2.png
2025-11-27 01:01:49,256 [main] INFO  c.p.b.e.r.g.ResultGraphBuilder.save - graph saved. C:/Dev/experiment/expr10/result//246/11/3T/11_3T_314_grade_SG_39105_EXP1_-1_0.0_0.0.png
2025-11-27 01:01:49,548 [main] INFO  c.p.b.e.r.g.ResultGraphBuilder.save - graph saved. C:/Dev/experiment/expr10/result//246/11/3T/11_3T_314_grade_ip_39105_EXP1_-154_0.03_3.4.png
2025-11-27 01:01:49,820 [main] INFO  c.p.b.e.r.g.ResultGraphBuilder.save - graph saved. C:/Dev/experiment/expr10/result//246/11/3T/11_3T_315_grade_G3_39105_EXP1_-7_0.0_0.0.png
2025-11-27 01:01:50,092 [main] INFO  c.p.b.e.r.g.ResultGraphBuilder.save - graph saved. C:/Dev/experiment/expr10/result//246/11/3T/11_3T_315_grade_ip_39105_EXP1_-79_0.01_1.3.png
2025-11-27 01:01:50,324 [main] INFO  c.p.b.e.r.g.ResultGraphBuilder.save - graph saved. C:/Dev/experiment/expr10/result//246/11/3T/11_3T_316_grade_G3_39105_EXP1_-2_0.0_0.0.png
2025-11-27 01:01:50,602 [main] INFO  c.p.b.e.r.g.ResultGraphBuilder.save - graph saved. C:/Dev/experiment/expr10/result//246/11/3T/11_3T_316_grade_ip_39105_EXP1_6_0.01_0.7.png
2025-11-27 01:01:50,814 [main] INFO  c.p.b.e.r.g.ResultGraphBuilder.save - graph saved. C:/Dev/experiment/expr10/result//246/11/3T/11_3T_321_grade_G3_39105_EXP1_0_0.0_0.0.png
2025-11-27 01:01:51,090 [main] INFO  c.p.b.e.r.g.ResultGraphBuilder.save - graph saved. C:/Dev/experiment/expr10/result//246/11/3T/11_3T_321_grade_ip_39105_EXP1_-9_0.0_0.1.png
2025-11-27 01:01:51,329 [main] INFO  c.p.b.e.r.g.ResultGraphBuilder.save - graph saved. C:/Dev/experiment/expr10/result//246/11/3T/11_3T_324_grade_G3_39105_EXP1_-2_0.0_0.0.png
2025-11-27 01:01:51,604 [main] INFO  c.p.b.e.r.g.ResultGraphBuilder.save - graph saved. C:/Dev/experiment/expr10/result//246/11/3T/11_3T_324_grade_ip_39105_EXP1_-35_0.0_0.5.png
2025-11-27 01:01:51,836 [main] INFO  c.p.b.e.r.g.ResultGraphBuilder.save - graph saved. C:/Dev/experiment/expr10/result//246/11/3T/11_3T_325_grade_G3_39105_EXP1_-1_0.0_0.0.png
2025-11-27 01:01:52,107 [main] INFO  c.p.b.e.r.g.ResultGraphBuilder.save - graph saved. C:/Dev/experiment/expr10/result//246/11/3T/11_3T_325_grade_ip_39105_EXP1_-11_0.0_0.2.png
2025-11-27 01:01:52,334 [main] INFO  c.p.b.e.r.g.ResultGraphBuilder.save - graph saved. C:/Dev/experiment/expr10/result//246/11/3T/11_3T_326_grade_G3_39105_EXP1_-1_0.0_0.0.png
2025-11-27 01:01:52,607 [main] INFO  c.p.b.e.r.g.ResultGraphBuilder.save - graph saved. C:/Dev/experiment/expr10/result//246/11/3T/11_3T_326_grade_ip_39105_EXP1_3_0.0_0.2.png
2025-11-27 01:01:52,862 [main] INFO  c.p.b.e.r.g.ResultGraphBuilder.save - graph saved. C:/Dev/experiment/expr10/result//246/11/3T/11_3T_341_grade_G3_39105_EXP1_-1_0.0_0.0.png
2025-11-27 01:01:53,138 [main] INFO  c.p.b.e.r.g.ResultGraphBuilder.save - graph saved. C:/Dev/experiment/expr10/result//246/11/3T/11_3T_341_grade_ip_39105_EXP1_-15_0.0_0.1.png
2025-11-27 01:01:53,403 [main] INFO  c.p.b.e.r.g.ResultGraphBuilder.save - graph saved. C:/Dev/experiment/expr10/result//246/11/3T/11_3T_342_grade_ip_39105_EXP1_-12_0.0_0.1.png
2025-11-27 01:01:53,692 [main] INFO  c.p.b.e.r.g.ResultGraphBuilder.save - graph saved. C:/Dev/experiment/expr10/result//246/11/3T/11_3T_345_grade_ip_39105_EXP1_-10_0.0_0.1.png
2025-11-27 01:01:53,963 [main] INFO  c.p.b.e.r.g.ResultGraphBuilder.save - graph saved. C:/Dev/experiment/expr10/result//246/11/3T/11_3T_346_grade_ip_39105_EXP1_15_0.0_0.1.png
2025-11-27 01:01:54,206 [main] INFO  c.p.b.e.r.g.ResultGraphBuilder.save - graph saved. C:/Dev/experiment/expr10/result//246/11/3T/11_3T_351_grade_ip_39105_EXP1_8_0.0_0.0.png
2025-11-27 01:01:54,454 [main] INFO  c.p.b.e.r.g.ResultGraphBuilder.save - graph saved. C:/Dev/experiment/expr10/result//246/11/3T/11_3T_352_grade_ip_39105_EXP1_7_0.0_0.0.png
2025-11-27 01:01:54,693 [main] INFO  c.p.b.e.r.g.ResultGraphBuilder.save - graph saved. C:/Dev/experiment/expr10/result//246/11/3T/11_3T_354_grade_ip_39105_EXP1_-2_0.0_0.0.png
2025-11-27 01:01:54,935 [main] INFO  c.p.b.e.r.g.ResultGraphBuilder.save - graph saved. C:/Dev/experiment/expr10/result//246/11/3T/11_3T_356_grade_ip_39105_EXP1_-3_0.0_0.0.png
2025-11-27 01:01:55,201 [main] INFO  c.p.b.e.r.g.ResultGraphBuilder.save - graph saved. C:/Dev/experiment/expr10/result//246/11/3T/11_3T_361_grade_ip_39105_EXP1_6_0.0_0.0.png
2025-11-27 01:01:55,519 [main] INFO  c.p.b.e.r.g.ResultGraphBuilder.save - graph saved. C:/Dev/experiment/expr10/result//246/11/3T/11_3T_362_grade_ip_39105_EXP1_0_0.0_0.0.png
2025-11-27 01:01:55,774 [main] INFO  c.p.b.e.r.g.ResultGraphBuilder.save - graph saved. C:/Dev/experiment/expr10/result//246/11/3T/11_3T_364_grade_ip_39105_EXP1_6_0.0_0.0.png
2025-11-27 01:01:55,999 [main] INFO  c.p.b.e.r.g.ResultGraphBuilder.save - graph saved. C:/Dev/experiment/expr10/result//246/11/3T/11_3T_365_grade_ip_39105_EXP1_9_0.0_0.0.png
2025-11-27 01:01:56,230 [main] INFO  c.p.b.e.r.g.ResultGraphBuilder.save - graph saved. C:/Dev/experiment/expr10/result//246/11/3T/11_3T_412_grade_G3_39105_EXP1_-3_0.0_0.0.png
2025-11-27 01:01:56,489 [main] INFO  c.p.b.e.r.g.ResultGraphBuilder.save - graph saved. C:/Dev/experiment/expr10/result//246/11/3T/11_3T_412_grade_ip_39105_EXP1_-32_0.01_0.7.png
2025-11-27 01:01:56,707 [main] INFO  c.p.b.e.r.g.ResultGraphBuilder.save - graph saved. C:/Dev/experiment/expr10/result//246/11/3T/11_3T_413_grade_G3_39105_EXP1_-1_0.0_0.0.png
2025-11-27 01:01:56,961 [main] INFO  c.p.b.e.r.g.ResultGraphBuilder.save - graph saved. C:/Dev/experiment/expr10/result//246/11/3T/11_3T_413_grade_ip_39105_EXP1_-17_0.0_0.2.png
2025-11-27 01:01:57,206 [main] INFO  c.p.b.e.r.g.ResultGraphBuilder.save - graph saved. C:/Dev/experiment/expr10/result//246/11/3T/11_3T_415_grade_G3_39105_EXP1_-3_0.0_0.0.png
2025-11-27 01:01:57,477 [main] INFO  c.p.b.e.r.g.ResultGraphBuilder.save - graph saved. C:/Dev/experiment/expr10/result//246/11/3T/11_3T_415_grade_ip_39105_EXP1_-20_0.0_0.6.png
2025-11-27 01:01:57,760 [main] INFO  c.p.b.e.r.g.ResultGraphBuilder.save - graph saved. C:/Dev/experiment/expr10/result//246/11/3T/11_3T_416_grade_G3_39105_EXP1_-4_0.0_0.0.png
2025-11-27 01:01:58,039 [main] INFO  c.p.b.e.r.g.ResultGraphBuilder.save - graph saved. C:/Dev/experiment/expr10/result//246/11/3T/11_3T_416_grade_ip_39105_EXP1_-9_0.0_0.4.png
2025-11-27 01:01:58,422 [main] INFO  c.p.b.e.r.g.ResultGraphBuilder.save - graph saved. C:/Dev/experiment/expr10/result//246/11/3T/11_3T_421_grade_G3_39105_EXP1_-1_0.0_0.0.png
2025-11-27 01:01:58,690 [main] INFO  c.p.b.e.r.g.ResultGraphBuilder.save - graph saved. C:/Dev/experiment/expr10/result//246/11/3T/11_3T_421_grade_ip_39105_EXP1_-22_0.0_0.2.png
2025-11-27 01:01:58,917 [main] INFO  c.p.b.e.r.g.ResultGraphBuilder.save - graph saved. C:/Dev/experiment/expr10/result//246/11/3T/11_3T_423_grade_ip_39105_EXP1_-1_0.0_0.0.png
2025-11-27 01:01:59,130 [main] INFO  c.p.b.e.r.g.ResultGraphBuilder.save - graph saved. C:/Dev/experiment/expr10/result//246/11/3T/11_3T_425_grade_G3_39105_EXP1_-1_0.0_0.0.png
2025-11-27 01:01:59,409 [main] INFO  c.p.b.e.r.g.ResultGraphBuilder.save - graph saved. C:/Dev/experiment/expr10/result//246/11/3T/11_3T_425_grade_ip_39105_EXP1_-2_0.0_0.2.png
2025-11-27 01:01:59,703 [main] INFO  c.p.b.e.r.g.ResultGraphBuilder.save - graph saved. C:/Dev/experiment/expr10/result//246/11/3T/11_3T_426_grade_ip_39105_EXP1_-6_0.0_0.1.png
2025-11-27 01:01:59,958 [main] INFO  c.p.b.e.r.g.ResultGraphBuilder.save - graph saved. C:/Dev/experiment/expr10/result//246/11/3T/11_3T_431_grade_ip_39105_EXP1_-4_0.0_0.0.png
2025-11-27 01:02:00,223 [main] INFO  c.p.b.e.r.g.ResultGraphBuilder.save - graph saved. C:/Dev/experiment/expr10/result//246/11/3T/11_3T_432_grade_ip_39105_EXP1_-7_0.0_0.0.png
2025-11-27 01:02:00,442 [main] INFO  c.p.b.e.r.g.ResultGraphBuilder.save - graph saved. C:/Dev/experiment/expr10/result//246/11/3T/11_3T_435_grade_G3_39105_EXP1_0_0.0_0.0.png
2025-11-27 01:02:00,730 [main] INFO  c.p.b.e.r.g.ResultGraphBuilder.save - graph saved. C:/Dev/experiment/expr10/result//246/11/3T/11_3T_435_grade_ip_39105_EXP1_-6_0.0_0.1.png
2025-11-27 01:02:00,987 [main] INFO  c.p.b.e.r.g.ResultGraphBuilder.save - graph saved. C:/Dev/experiment/expr10/result//246/11/3T/11_3T_436_grade_ip_39105_EXP1_-6_0.0_0.0.png
2025-11-27 01:02:01,203 [main] INFO  c.p.b.e.r.g.ResultGraphBuilder.save - graph saved. C:/Dev/experiment/expr10/result//246/11/3T/11_3T_451_grade_G3_39105_EXP1_-1_0.0_0.0.png
2025-11-27 01:02:01,473 [main] INFO  c.p.b.e.r.g.ResultGraphBuilder.save - graph saved. C:/Dev/experiment/expr10/result//246/11/3T/11_3T_451_grade_ip_39105_EXP1_4_0.0_0.1.png
2025-11-27 01:02:01,690 [main] INFO  c.p.b.e.r.g.ResultGraphBuilder.save - graph saved. C:/Dev/experiment/expr10/result//246/11/3T/11_3T_452_grade_G3_39105_EXP1_0_0.0_0.0.png
2025-11-27 01:02:01,961 [main] INFO  c.p.b.e.r.g.ResultGraphBuilder.save - graph saved. C:/Dev/experiment/expr10/result//246/11/3T/11_3T_452_grade_ip_39105_EXP1_-7_0.0_0.0.png
2025-11-27 01:02:02,222 [main] INFO  c.p.b.e.r.g.ResultGraphBuilder.save - graph saved. C:/Dev/experiment/expr10/result//246/11/3T/11_3T_453_grade_ip_39105_EXP1_24_0.0_0.0.png
2025-11-27 01:02:02,484 [main] INFO  c.p.b.e.r.g.ResultGraphBuilder.save - graph saved. C:/Dev/experiment/expr10/result//246/11/3T/11_3T_456_grade_ip_39105_EXP1_13_0.0_0.0.png
2025-11-27 01:02:02,739 [main] INFO  c.p.b.e.r.g.ResultGraphBuilder.save - graph saved. C:/Dev/experiment/expr10/result//246/11/3T/11_3T_461_grade_ip_39105_EXP1_-6_0.0_0.0.png
2025-11-27 01:02:02,961 [main] INFO  c.p.b.e.r.g.ResultGraphBuilder.save - graph saved. C:/Dev/experiment/expr10/result//246/11/3T/11_3T_462_grade_G3_39105_EXP1_-1_0.0_0.0.png
2025-11-27 01:02:03,191 [main] INFO  c.p.b.e.r.g.ResultGraphBuilder.save - graph saved. C:/Dev/experiment/expr10/result//246/11/3T/11_3T_462_grade_ip_39105_EXP1_-3_0.0_0.0.png
2025-11-27 01:02:03,416 [main] INFO  c.p.b.e.r.g.ResultGraphBuilder.save - graph saved. C:/Dev/experiment/expr10/result//246/11/3T/11_3T_463_grade_ip_39105_EXP1_-2_0.0_0.0.png
2025-11-27 01:02:03,638 [main] INFO  c.p.b.e.r.g.ResultGraphBuilder.save - graph saved. C:/Dev/experiment/expr10/result//246/11/3T/11_3T_512_grade_G3_39105_EXP1_-1_0.0_0.0.png
2025-11-27 01:02:03,911 [main] INFO  c.p.b.e.r.g.ResultGraphBuilder.save - graph saved. C:/Dev/experiment/expr10/result//246/11/3T/11_3T_512_grade_ip_39105_EXP1_-15_0.0_0.1.png
2025-11-27 01:02:04,127 [main] INFO  c.p.b.e.r.g.ResultGraphBuilder.save - graph saved. C:/Dev/experiment/expr10/result//246/11/3T/11_3T_513_grade_G3_39105_EXP1_0_0.0_0.0.png
2025-11-27 01:02:04,392 [main] INFO  c.p.b.e.r.g.ResultGraphBuilder.save - graph saved. C:/Dev/experiment/expr10/result//246/11/3T/11_3T_513_grade_ip_39105_EXP1_-14_0.0_0.2.png
2025-11-27 01:02:04,665 [main] INFO  c.p.b.e.r.g.ResultGraphBuilder.save - graph saved. C:/Dev/experiment/expr10/result//246/11/3T/11_3T_514_grade_ip_39105_EXP1_-8_0.0_0.0.png
2025-11-27 01:02:04,932 [main] INFO  c.p.b.e.r.g.ResultGraphBuilder.save - graph saved. C:/Dev/experiment/expr10/result//246/11/3T/11_3T_516_grade_ip_39105_EXP1_-16_0.0_0.1.png
2025-11-27 01:02:05,182 [main] INFO  c.p.b.e.r.g.ResultGraphBuilder.save - graph saved. C:/Dev/experiment/expr10/result//246/11/3T/11_3T_521_grade_ip_39105_EXP1_-4_0.0_0.0.png
2025-11-27 01:02:05,420 [main] INFO  c.p.b.e.r.g.ResultGraphBuilder.save - graph saved. C:/Dev/experiment/expr10/result//246/11/3T/11_3T_523_grade_ip_39105_EXP1_10_0.0_0.0.png
2025-11-27 01:02:05,640 [main] INFO  c.p.b.e.r.g.ResultGraphBuilder.save - graph saved. C:/Dev/experiment/expr10/result//246/11/3T/11_3T_524_grade_ip_39105_EXP1_-1_0.0_0.0.png
2025-11-27 01:02:05,874 [main] INFO  c.p.b.e.r.g.ResultGraphBuilder.save - graph saved. C:/Dev/experiment/expr10/result//246/11/3T/11_3T_526_grade_ip_39105_EXP1_10_0.0_0.0.png
2025-11-27 01:02:06,098 [main] INFO  c.p.b.e.r.g.ResultGraphBuilder.save - graph saved. C:/Dev/experiment/expr10/result//246/11/3T/11_3T_531_grade_ip_39105_EXP1_-1_0.0_0.0.png
2025-11-27 01:02:06,327 [main] INFO  c.p.b.e.r.g.ResultGraphBuilder.save - graph saved. C:/Dev/experiment/expr10/result//246/11/3T/11_3T_532_grade_ip_39105_EXP1_-2_0.0_0.0.png
2025-11-27 01:02:06,566 [main] INFO  c.p.b.e.r.g.ResultGraphBuilder.save - graph saved. C:/Dev/experiment/expr10/result//246/11/3T/11_3T_536_grade_ip_39105_EXP1_-4_0.0_0.0.png
2025-11-27 01:02:06,816 [main] INFO  c.p.b.e.r.g.ResultGraphBuilder.save - graph saved. C:/Dev/experiment/expr10/result//246/11/3T/11_3T_541_grade_ip_39105_EXP1_-5_0.0_0.0.png
2025-11-27 01:02:07,023 [main] INFO  c.p.b.e.r.g.ResultGraphBuilder.save - graph saved. C:/Dev/experiment/expr10/result//246/11/3T/11_3T_542_grade_ip_39105_EXP1_0_0.0_0.0.png
2025-11-27 01:02:07,329 [main] INFO  c.p.b.e.r.g.ResultGraphBuilder.save - graph saved. C:/Dev/experiment/expr10/result//246/11/3T/11_3T_546_grade_ip_39105_EXP1_-1_0.0_0.0.png
2025-11-27 01:02:07,556 [main] INFO  c.p.b.e.r.g.ResultGraphBuilder.save - graph saved. C:/Dev/experiment/expr10/result//246/11/3T/11_3T_561_grade_G3_39105_EXP1_7_0.0_0.0.png
2025-11-27 01:02:07,835 [main] INFO  c.p.b.e.r.g.ResultGraphBuilder.save - graph saved. C:/Dev/experiment/expr10/result//246/11/3T/11_3T_561_grade_ip_39105_EXP1_-7_0.0_0.0.png
2025-11-27 01:02:08,057 [main] INFO  c.p.b.e.r.g.ResultGraphBuilder.save - graph saved. C:/Dev/experiment/expr10/result//246/11/3T/11_3T_562_grade_ip_39105_EXP1_-1_0.0_0.0.png
2025-11-27 01:02:08,398 [main] INFO  c.p.b.e.r.g.ResultGraphBuilder.save - graph saved. C:/Dev/experiment/expr10/result//246/11/3T/11_3T_563_grade_ip_39105_EXP1_-1_0.0_0.0.png
2025-11-27 01:02:08,621 [main] INFO  c.p.b.e.r.g.ResultGraphBuilder.save - graph saved. C:/Dev/experiment/expr10/result//246/11/3T/11_3T_612_grade_G3_39105_EXP1_-1_0.0_0.0.png
2025-11-27 01:02:08,878 [main] INFO  c.p.b.e.r.g.ResultGraphBuilder.save - graph saved. C:/Dev/experiment/expr10/result//246/11/3T/11_3T_612_grade_ip_39105_EXP1_10_0.0_0.1.png
2025-11-27 01:02:09,131 [main] INFO  c.p.b.e.r.g.ResultGraphBuilder.save - graph saved. C:/Dev/experiment/expr10/result//246/11/3T/11_3T_613_grade_ip_39105_EXP1_-9_0.0_0.1.png
2025-11-27 01:02:09,382 [main] INFO  c.p.b.e.r.g.ResultGraphBuilder.save - graph saved. C:/Dev/experiment/expr10/result//246/11/3T/11_3T_614_grade_ip_39105_EXP1_22_0.0_0.0.png
2025-11-27 01:02:09,637 [main] INFO  c.p.b.e.r.g.ResultGraphBuilder.save - graph saved. C:/Dev/experiment/expr10/result//246/11/3T/11_3T_615_grade_ip_39105_EXP1_-6_0.0_0.0.png
2025-11-27 01:02:09,875 [main] INFO  c.p.b.e.r.g.ResultGraphBuilder.save - graph saved. C:/Dev/experiment/expr10/result//246/11/3T/11_3T_621_grade_ip_39105_EXP1_-3_0.0_0.0.png
2025-11-27 01:02:10,086 [main] INFO  c.p.b.e.r.g.ResultGraphBuilder.save - graph saved. C:/Dev/experiment/expr10/result//246/11/3T/11_3T_623_grade_ip_39105_EXP1_-1_0.0_0.0.png
2025-11-27 01:02:10,301 [main] INFO  c.p.b.e.r.g.ResultGraphBuilder.save - graph saved. C:/Dev/experiment/expr10/result//246/11/3T/11_3T_624_grade_ip_39105_EXP1_4_0.0_0.0.png
2025-11-27 01:02:10,518 [main] INFO  c.p.b.e.r.g.ResultGraphBuilder.save - graph saved. C:/Dev/experiment/expr10/result//246/11/3T/11_3T_625_grade_ip_39105_EXP1_-1_0.0_0.0.png
2025-11-27 01:02:10,763 [main] INFO  c.p.b.e.r.g.ResultGraphBuilder.save - graph saved. C:/Dev/experiment/expr10/result//246/11/3T/11_3T_631_grade_ip_39105_EXP1_0_0.0_0.0.png
2025-11-27 01:02:11,000 [main] INFO  c.p.b.e.r.g.ResultGraphBuilder.save - graph saved. C:/Dev/experiment/expr10/result//246/11/3T/11_3T_632_grade_ip_39105_EXP1_-2_0.0_0.0.png
2025-11-27 01:02:11,235 [main] INFO  c.p.b.e.r.g.ResultGraphBuilder.save - graph saved. C:/Dev/experiment/expr10/result//246/11/3T/11_3T_634_grade_ip_39105_EXP1_-1_0.0_0.0.png
2025-11-27 01:02:11,447 [main] INFO  c.p.b.e.r.g.ResultGraphBuilder.save - graph saved. C:/Dev/experiment/expr10/result//246/11/3T/11_3T_635_grade_ip_39105_EXP1_-1_0.0_0.0.png
2025-11-27 01:02:11,676 [main] INFO  c.p.b.e.r.g.ResultGraphBuilder.save - graph saved. C:/Dev/experiment/expr10/result//246/11/3T/11_3T_641_grade_ip_39105_EXP1_-3_0.0_0.0.png
2025-11-27 01:02:11,898 [main] INFO  c.p.b.e.r.g.ResultGraphBuilder.save - graph saved. C:/Dev/experiment/expr10/result//246/11/3T/11_3T_643_grade_ip_39105_EXP1_-2_0.0_0.0.png
2025-11-27 01:02:12,113 [main] INFO  c.p.b.e.r.g.ResultGraphBuilder.save - graph saved. C:/Dev/experiment/expr10/result//246/11/3T/11_3T_651_grade_ip_39105_EXP1_-1_0.0_0.0.png
2025-11-27 01:02:12,327 [main] INFO  c.p.b.e.r.g.ResultGraphBuilder.save - graph saved. C:/Dev/experiment/expr10/result//246/11/3T/11_3T_652_grade_ip_39105_EXP1_-1_0.0_0.0.png
2025-11-27 01:02:12,539 [main] INFO  c.p.b.e.r.g.ResultGraphBuilder.save - graph saved. C:/Dev/experiment/expr10/result//246/11/3T/11_3T_653_grade_ip_39105_EXP1_-1_0.0_0.0.png
2025-11-27 01:13:38,778 [main] INFO  c.p.b.u.DatabaseUtil.open - open targetDb: mybatis-config.0.xml
2025-11-27 01:14:03,369 [main] DEBUG c.p.b.e.MLModelGenerator.executeExperiment - generating : 39104_nopattern_20210603_rank1.model
2025-11-27 01:18:31,136 [main] DEBUG c.p.b.e.MLModelGenerator.executeExperiment - generating : 39104_nopattern_20210703_rank1.model
2025-11-27 01:23:17,253 [main] DEBUG c.p.b.e.MLModelGenerator.executeExperiment - generating : 39104_nopattern_20210802_rank1.model
2025-11-27 01:28:17,463 [main] DEBUG c.p.b.e.MLModelGenerator.executeExperiment - generating : 39104_nopattern_20210901_rank1.model
2025-11-27 01:33:12,312 [main] DEBUG c.p.b.e.MLModelGenerator.executeExperiment - generating : 39104_nopattern_20211001_rank1.model
2025-11-27 01:38:00,785 [main] DEBUG c.p.b.e.MLModelGenerator.executeExperiment - generating : 39104_nopattern_20211031_rank1.model
2025-11-27 01:42:53,431 [main] DEBUG c.p.b.e.MLModelGenerator.executeExperiment - generating : 39104_nopattern_20211130_rank1.model
2025-11-27 01:47:44,578 [main] DEBUG c.p.b.e.MLModelGenerator.executeExperiment - generating : 39104_nopattern_20211230_rank1.model
2025-11-27 01:52:34,760 [main] DEBUG c.p.b.e.MLModelGenerator.executeExperiment - generating : 39104_nopattern_20220129_rank1.model
2025-11-27 01:57:05,417 [main] DEBUG c.p.b.e.MLModelGenerator.executeExperiment - generating : 39104_nopattern_20220228_rank1.model
2025-11-27 02:01:42,044 [main] DEBUG c.p.b.e.MLModelGenerator.executeExperiment - generating : 39104_nopattern_20220330_rank1.model
2025-11-27 02:06:40,590 [main] DEBUG c.p.b.e.MLModelGenerator.executeExperiment - generating : 39104_nopattern_20220429_rank1.model
2025-11-27 02:11:42,950 [main] DEBUG c.p.b.e.MLModelGenerator.executeExperiment - generating : 39104_nopattern_20220529_rank1.model
2025-11-27 02:16:36,825 [main] DEBUG c.p.b.e.MLModelGenerator.executeExperiment - generating : 39104_nopattern_20220628_rank1.model
2025-11-27 02:21:38,936 [main] DEBUG c.p.b.e.MLModelGenerator.executeExperiment - generating : 39104_nopattern_20220728_rank1.model
2025-11-27 02:26:30,748 [main] DEBUG c.p.b.e.MLModelGenerator.executeExperiment - generating : 39104_nopattern_20220827_rank1.model
2025-11-27 02:31:30,061 [main] DEBUG c.p.b.e.MLModelGenerator.executeExperiment - generating : 39104_nopattern_20220926_rank1.model
2025-11-27 02:36:23,086 [main] DEBUG c.p.b.e.MLModelGenerator.executeExperiment - generating : 39104_nopattern_20221026_rank1.model
2025-11-27 02:41:15,114 [main] DEBUG c.p.b.e.MLModelGenerator.executeExperiment - generating : 39104_nopattern_20221125_rank1.model
2025-11-27 02:46:11,149 [main] DEBUG c.p.b.e.MLModelGenerator.executeExperiment - generating : 39104_nopattern_20221225_rank1.model
2025-11-27 02:51:01,592 [main] DEBUG c.p.b.e.MLModelGenerator.executeExperiment - generating : 39104_nopattern_20230124_rank1.model
2025-11-27 02:55:50,966 [main] DEBUG c.p.b.e.MLModelGenerator.executeExperiment - generating : 39104_nopattern_20230223_rank1.model
2025-11-27 03:00:42,343 [main] DEBUG c.p.b.e.MLModelGenerator.executeExperiment - generating : 39104_nopattern_20230325_rank1.model
2025-11-27 03:05:24,601 [main] DEBUG c.p.b.e.MLModelGenerator.executeExperiment - generating : 39104_nopattern_20230424_rank1.model
2025-11-27 03:10:21,681 [main] DEBUG c.p.b.e.MLModelGenerator.executeExperiment - generating : 39104_nopattern_20230524_rank1.model
2025-11-27 03:15:21,020 [main] DEBUG c.p.b.e.MLModelGenerator.executeExperiment - generating : 39104_nopattern_20230623_rank1.model
2025-11-27 03:20:12,744 [main] DEBUG c.p.b.e.MLModelGenerator.executeExperiment - generating : 39104_nopattern_20230723_rank1.model
2025-11-27 03:25:08,360 [main] DEBUG c.p.b.e.MLModelGenerator.executeExperiment - generating : 39104_nopattern_20230822_rank1.model
2025-11-27 03:29:59,745 [main] DEBUG c.p.b.e.MLModelGenerator.executeExperiment - generating : 39104_nopattern_20230921_rank1.model
2025-11-27 03:34:54,670 [main] DEBUG c.p.b.e.MLModelGenerator.executeExperiment - generating : 39104_nopattern_20231021_rank1.model
2025-11-27 03:39:54,319 [main] DEBUG c.p.b.e.MLModelGenerator.executeExperiment - generating : 39104_nopattern_20231120_rank1.model
2025-11-27 03:44:45,586 [main] DEBUG c.p.b.e.MLModelGenerator.executeExperiment - generating : 39104_nopattern_20231220_rank1.model
2025-11-27 03:49:37,676 [main] DEBUG c.p.b.e.MLModelGenerator.executeExperiment - generating : 39104_nopattern_20240119_rank1.model
2025-11-27 03:53:27,225 [main] DEBUG c.p.b.e.MLModelGenerator.executeExperiment - generating : 39104_nopattern_20240218_rank1.model
2025-11-27 03:57:12,224 [main] DEBUG c.p.b.e.MLModelGenerator.executeExperiment - generating : 39104_nopattern_20240319_rank1.model
2025-11-27 04:01:01,295 [main] DEBUG c.p.b.e.MLModelGenerator.executeExperiment - generating : 39104_nopattern_20240418_rank1.model
2025-11-27 04:04:41,740 [main] DEBUG c.p.b.e.MLModelGenerator.executeExperiment - generating : 39104_nopattern_20240518_rank1.model
2025-11-27 04:08:30,875 [main] DEBUG c.p.b.e.MLModelGenerator.executeExperiment - generating : 39104_nopattern_20240617_rank1.model
2025-11-27 04:12:24,002 [main] DEBUG c.p.b.e.MLModelGenerator.executeExperiment - generating : 39104_nopattern_20240717_rank1.model
2025-11-27 04:16:07,628 [main] DEBUG c.p.b.e.MLModelGenerator.executeExperiment - generating : 39104_nopattern_20240816_rank1.model
2025-11-27 04:19:53,641 [main] DEBUG c.p.b.e.MLModelGenerator.executeExperiment - generating : 39104_nopattern_20240915_rank1.model
2025-11-27 04:23:36,158 [main] DEBUG c.p.b.e.MLModelGenerator.executeExperiment - generating : 39104_nopattern_20241015_rank1.model
2025-11-27 04:27:20,242 [main] DEBUG c.p.b.e.MLModelGenerator.executeExperiment - generating : 39104_nopattern_20241103_rank1.model
2025-11-27 23:03:59,297 [main] WARN  c.p.b.e.m.ModelInfoManager.scan - No such directory exist. C:/Dev/experiment/expr10/model_release/11609/1
2025-11-27 23:03:59,300 [main] WARN  c.p.b.e.m.ModelInfoManager.scan - No such directory exist. C:/Dev/experiment/expr10/model_release/11609/2
2025-11-27 23:03:59,301 [main] WARN  c.p.b.e.m.ModelInfoManager.scan - No such directory exist. C:/Dev/experiment/expr10/model_release/11609/3
2025-11-27 23:03:59,341 [main] WARN  c.p.b.e.m.ModelInfoManager.scan - No such directory exist. C:/Dev/experiment/expr10/model_release/98104/1
2025-11-27 23:03:59,366 [main] WARN  c.p.b.e.m.ModelInfoManager.scan - No such directory exist. C:/Dev/experiment/expr10/model_release/99106/2
2025-11-27 23:03:59,367 [main] WARN  c.p.b.e.m.ModelInfoManager.scan - No such directory exist. C:/Dev/experiment/expr10/model_release/99106/3
2025-11-27 23:03:59,368 [main] WARN  c.p.b.e.m.ModelInfoManager.scan - No such directory exist. C:/Dev/experiment/expr10/model_release/99106/4
2025-11-27 23:03:59,393 [main] WARN  c.p.b.e.m.ModelInfoManager.scan - No such directory exist. C:/Dev/experiment/expr10/model_release/99108/2
2025-11-27 23:03:59,394 [main] WARN  c.p.b.e.m.ModelInfoManager.scan - No such directory exist. C:/Dev/experiment/expr10/model_release/99108/3
2025-11-27 23:03:59,396 [main] WARN  c.p.b.e.m.ModelInfoManager.scan - No such directory exist. C:/Dev/experiment/expr10/model_release/99108/4
2025-11-27 23:03:59,396 [main] WARN  c.p.b.e.m.ModelInfoManager.scan - No such directory exist. C:/Dev/experiment/expr10/model_release/99109/1
2025-11-27 23:03:59,398 [main] WARN  c.p.b.e.m.ModelInfoManager.scan - No such directory exist. C:/Dev/experiment/expr10/model_release/99109/2
2025-11-27 23:03:59,398 [main] WARN  c.p.b.e.m.ModelInfoManager.scan - No such directory exist. C:/Dev/experiment/expr10/model_release/99109/3
2025-11-27 23:03:59,400 [main] WARN  c.p.b.e.m.ModelInfoManager.scan - No such directory exist. C:/Dev/experiment/expr10/model_release/99109/4
2025-11-27 23:03:59,452 [main] INFO  c.p.b.u.DatabaseUtil.open - open targetDb: mybatis-config.0.xml
2025-11-27 23:03:59,527 [WebSocketConnectReadThread-14] DEBUG c.p.b.e.r.c.BoatWebSocketClient.onOpen - new connection opened
2025-11-27 23:04:12,844 [main] DEBUG c.p.b.e.MLClassificationGenerator.executeExperiment - 39104 ml_(pork)_classification inserted. 20210604/20241104
2025-11-27 23:04:17,011 [main] DEBUG c.p.b.e.MLClassificationGenerator.executeExperiment - 39104 ml_(pork)_classification inserted. 20210605/20241104
2025-11-27 23:04:20,806 [main] DEBUG c.p.b.e.MLClassificationGenerator.executeExperiment - 39104 ml_(pork)_classification inserted. 20210606/20241104
2025-11-27 23:04:24,666 [main] DEBUG c.p.b.e.MLClassificationGenerator.executeExperiment - 39104 ml_(pork)_classification inserted. 20210607/20241104
2025-11-27 23:04:28,844 [main] DEBUG c.p.b.e.MLClassificationGenerator.executeExperiment - 39104 ml_(pork)_classification inserted. 20210608/20241104
2025-11-27 23:04:33,835 [main] DEBUG c.p.b.e.MLClassificationGenerator.executeExperiment - 39104 ml_(pork)_classification inserted. 20210609/20241104
2025-11-27 23:04:39,036 [main] DEBUG c.p.b.e.MLClassificationGenerator.executeExperiment - 39104 ml_(pork)_classification inserted. 20210610/20241104
2025-11-27 23:04:43,988 [main] DEBUG c.p.b.e.MLClassificationGenerator.executeExperiment - 39104 ml_(pork)_classification inserted. 20210611/20241104
2025-11-27 23:04:49,019 [main] DEBUG c.p.b.e.MLClassificationGenerator.executeExperiment - 39104 ml_(pork)_classification inserted. 20210612/20241104
2025-11-27 23:04:53,813 [main] DEBUG c.p.b.e.MLClassificationGenerator.executeExperiment - 39104 ml_(pork)_classification inserted. 20210613/20241104
2025-11-27 23:04:58,366 [main] DEBUG c.p.b.e.MLClassificationGenerator.executeExperiment - 39104 ml_(pork)_classification inserted. 20210614/20241104
2025-11-27 23:05:03,759 [main] DEBUG c.p.b.e.MLClassificationGenerator.executeExperiment - 39104 ml_(pork)_classification inserted. 20210615/20241104
2025-11-27 23:05:08,791 [main] DEBUG c.p.b.e.MLClassificationGenerator.executeExperiment - 39104 ml_(pork)_classification inserted. 20210616/20241104
2025-11-27 23:05:14,252 [main] DEBUG c.p.b.e.MLClassificationGenerator.executeExperiment - 39104 ml_(pork)_classification inserted. 20210617/20241104
2025-11-27 23:05:19,688 [main] DEBUG c.p.b.e.MLClassificationGenerator.executeExperiment - 39104 ml_(pork)_classification inserted. 20210618/20241104
2025-11-27 23:05:25,327 [main] DEBUG c.p.b.e.MLClassificationGenerator.executeExperiment - 39104 ml_(pork)_classification inserted. 20210619/20241104
2025-11-27 23:05:31,080 [main] DEBUG c.p.b.e.MLClassificationGenerator.executeExperiment - 39104 ml_(pork)_classification inserted. 20210620/20241104
2025-11-27 23:05:36,208 [main] DEBUG c.p.b.e.MLClassificationGenerator.executeExperiment - 39104 ml_(pork)_classification inserted. 20210621/20241104
2025-11-27 23:05:41,002 [main] DEBUG c.p.b.e.MLClassificationGenerator.executeExperiment - 39104 ml_(pork)_classification inserted. 20210622/20241104
2025-11-27 23:05:49,477 [main] DEBUG c.p.b.e.MLClassificationGenerator.executeExperiment - 39104 ml_(pork)_classification inserted. 20210623/20241104
2025-11-27 23:05:57,872 [main] DEBUG c.p.b.e.MLClassificationGenerator.executeExperiment - 39104 ml_(pork)_classification inserted. 20210624/20241104
2025-11-27 23:06:05,408 [main] DEBUG c.p.b.e.MLClassificationGenerator.executeExperiment - 39104 ml_(pork)_classification inserted. 20210625/20241104
2025-11-27 23:06:10,698 [main] DEBUG c.p.b.e.MLClassificationGenerator.executeExperiment - 39104 ml_(pork)_classification inserted. 20210626/20241104
2025-11-27 23:06:15,020 [main] DEBUG c.p.b.e.MLClassificationGenerator.executeExperiment - 39104 ml_(pork)_classification inserted. 20210627/20241104
2025-11-27 23:06:18,605 [main] DEBUG c.p.b.e.MLClassificationGenerator.executeExperiment - 39104 ml_(pork)_classification inserted. 20210628/20241104
2025-11-27 23:06:22,843 [main] DEBUG c.p.b.e.MLClassificationGenerator.executeExperiment - 39104 ml_(pork)_classification inserted. 20210629/20241104
2025-11-27 23:06:27,301 [main] DEBUG c.p.b.e.MLClassificationGenerator.executeExperiment - 39104 ml_(pork)_classification inserted. 20210630/20241104
2025-11-27 23:06:31,793 [main] DEBUG c.p.b.e.MLClassificationGenerator.executeExperiment - 39104 ml_(pork)_classification inserted. 20210701/20241104
2025-11-27 23:06:36,920 [main] DEBUG c.p.b.e.MLClassificationGenerator.executeExperiment - 39104 ml_(pork)_classification inserted. 20210702/20241104
2025-11-27 23:06:41,997 [main] DEBUG c.p.b.e.MLClassificationGenerator.executeExperiment - 39104 ml_(pork)_classification inserted. 20210703/20241104
2025-11-27 23:06:48,105 [main] DEBUG c.p.b.e.MLClassificationGenerator.executeExperiment - 39104 ml_(pork)_classification inserted. 20210704/20241104
2025-11-27 23:06:53,008 [main] DEBUG c.p.b.e.MLClassificationGenerator.executeExperiment - 39104 ml_(pork)_classification inserted. 20210705/20241104
2025-11-27 23:06:57,761 [main] DEBUG c.p.b.e.MLClassificationGenerator.executeExperiment - 39104 ml_(pork)_classification inserted. 20210706/20241104
2025-11-27 23:07:02,441 [main] DEBUG c.p.b.e.MLClassificationGenerator.executeExperiment - 39104 ml_(pork)_classification inserted. 20210707/20241104
2025-11-27 23:07:07,333 [main] DEBUG c.p.b.e.MLClassificationGenerator.executeExperiment - 39104 ml_(pork)_classification inserted. 20210708/20241104
2025-11-27 23:07:11,632 [main] DEBUG c.p.b.e.MLClassificationGenerator.executeExperiment - 39104 ml_(pork)_classification inserted. 20210709/20241104
2025-11-27 23:07:15,590 [main] DEBUG c.p.b.e.MLClassificationGenerator.executeExperiment - 39104 ml_(pork)_classification inserted. 20210710/20241104
2025-11-27 23:07:19,029 [main] DEBUG c.p.b.e.MLClassificationGenerator.executeExperiment - 39104 ml_(pork)_classification inserted. 20210711/20241104
2025-11-27 23:07:23,333 [main] DEBUG c.p.b.e.MLClassificationGenerator.executeExperiment - 39104 ml_(pork)_classification inserted. 20210712/20241104
2025-11-27 23:07:27,610 [main] DEBUG c.p.b.e.MLClassificationGenerator.executeExperiment - 39104 ml_(pork)_classification inserted. 20210713/20241104
2025-11-27 23:07:31,510 [main] DEBUG c.p.b.e.MLClassificationGenerator.executeExperiment - 39104 ml_(pork)_classification inserted. 20210714/20241104
2025-11-27 23:07:36,886 [main] DEBUG c.p.b.e.MLClassificationGenerator.executeExperiment - 39104 ml_(pork)_classification inserted. 20210715/20241104
2025-11-27 23:07:40,828 [main] DEBUG c.p.b.e.MLClassificationGenerator.executeExperiment - 39104 ml_(pork)_classification inserted. 20210716/20241104
2025-11-27 23:07:46,090 [main] DEBUG c.p.b.e.MLClassificationGenerator.executeExperiment - 39104 ml_(pork)_classification inserted. 20210717/20241104
2025-11-27 23:07:51,339 [main] DEBUG c.p.b.e.MLClassificationGenerator.executeExperiment - 39104 ml_(pork)_classification inserted. 20210718/20241104
2025-11-27 23:07:55,797 [main] DEBUG c.p.b.e.MLClassificationGenerator.executeExperiment - 39104 ml_(pork)_classification inserted. 20210719/20241104
2025-11-27 23:08:00,087 [main] DEBUG c.p.b.e.MLClassificationGenerator.executeExperiment - 39104 ml_(pork)_classification inserted. 20210720/20241104
2025-11-27 23:08:04,699 [main] DEBUG c.p.b.e.MLClassificationGenerator.executeExperiment - 39104 ml_(pork)_classification inserted. 20210721/20241104
2025-11-27 23:08:09,988 [main] DEBUG c.p.b.e.MLClassificationGenerator.executeExperiment - 39104 ml_(pork)_classification inserted. 20210722/20241104
2025-11-27 23:08:15,393 [main] DEBUG c.p.b.e.MLClassificationGenerator.executeExperiment - 39104 ml_(pork)_classification inserted. 20210723/20241104
2025-11-27 23:08:20,625 [main] DEBUG c.p.b.e.MLClassificationGenerator.executeExperiment - 39104 ml_(pork)_classification inserted. 20210724/20241104
2025-11-27 23:08:26,148 [main] DEBUG c.p.b.e.MLClassificationGenerator.executeExperiment - 39104 ml_(pork)_classification inserted. 20210725/20241104
2025-11-27 23:08:32,083 [main] DEBUG c.p.b.e.MLClassificationGenerator.executeExperiment - 39104 ml_(pork)_classification inserted. 20210726/20241104
2025-11-27 23:08:37,203 [main] DEBUG c.p.b.e.MLClassificationGenerator.executeExperiment - 39104 ml_(pork)_classification inserted. 20210727/20241104
2025-11-27 23:08:40,830 [main] DEBUG c.p.b.e.MLClassificationGenerator.executeExperiment - 39104 ml_(pork)_classification inserted. 20210728/20241104
2025-11-27 23:08:45,153 [main] DEBUG c.p.b.e.MLClassificationGenerator.executeExperiment - 39104 ml_(pork)_classification inserted. 20210729/20241104
2025-11-27 23:08:49,888 [main] DEBUG c.p.b.e.MLClassificationGenerator.executeExperiment - 39104 ml_(pork)_classification inserted. 20210730/20241104
2025-11-27 23:08:54,666 [main] DEBUG c.p.b.e.MLClassificationGenerator.executeExperiment - 39104 ml_(pork)_classification inserted. 20210731/20241104
2025-11-27 23:08:59,812 [main] DEBUG c.p.b.e.MLClassificationGenerator.executeExperiment - 39104 ml_(pork)_classification inserted. 20210801/20241104
2025-11-27 23:09:04,426 [main] DEBUG c.p.b.e.MLClassificationGenerator.executeExperiment - 39104 ml_(pork)_classification inserted. 20210802/20241104
2025-11-27 23:09:09,563 [main] DEBUG c.p.b.e.MLClassificationGenerator.executeExperiment - 39104 ml_(pork)_classification inserted. 20210803/20241104
2025-11-27 23:09:13,543 [main] DEBUG c.p.b.e.MLClassificationGenerator.executeExperiment - 39104 ml_(pork)_classification inserted. 20210804/20241104
2025-11-27 23:09:18,149 [main] DEBUG c.p.b.e.MLClassificationGenerator.executeExperiment - 39104 ml_(pork)_classification inserted. 20210805/20241104
2025-11-27 23:09:22,860 [main] DEBUG c.p.b.e.MLClassificationGenerator.executeExperiment - 39104 ml_(pork)_classification inserted. 20210806/20241104
2025-11-27 23:09:27,679 [main] DEBUG c.p.b.e.MLClassificationGenerator.executeExperiment - 39104 ml_(pork)_classification inserted. 20210807/20241104
2025-11-27 23:09:32,498 [main] DEBUG c.p.b.e.MLClassificationGenerator.executeExperiment - 39104 ml_(pork)_classification inserted. 20210808/20241104
2025-11-27 23:09:36,765 [main] DEBUG c.p.b.e.MLClassificationGenerator.executeExperiment - 39104 ml_(pork)_classification inserted. 20210809/20241104
2025-11-27 23:09:41,995 [main] DEBUG c.p.b.e.MLClassificationGenerator.executeExperiment - 39104 ml_(pork)_classification inserted. 20210810/20241104
2025-11-27 23:09:46,851 [main] DEBUG c.p.b.e.MLClassificationGenerator.executeExperiment - 39104 ml_(pork)_classification inserted. 20210811/20241104
2025-11-27 23:09:52,545 [main] DEBUG c.p.b.e.MLClassificationGenerator.executeExperiment - 39104 ml_(pork)_classification inserted. 20210812/20241104
2025-11-27 23:09:57,723 [main] DEBUG c.p.b.e.MLClassificationGenerator.executeExperiment - 39104 ml_(pork)_classification inserted. 20210813/20241104
2025-11-27 23:10:03,134 [main] DEBUG c.p.b.e.MLClassificationGenerator.executeExperiment - 39104 ml_(pork)_classification inserted. 20210814/20241104
2025-11-27 23:10:09,174 [main] DEBUG c.p.b.e.MLClassificationGenerator.executeExperiment - 39104 ml_(pork)_classification inserted. 20210815/20241104
2025-11-27 23:10:14,880 [main] DEBUG c.p.b.e.MLClassificationGenerator.executeExperiment - 39104 ml_(pork)_classification inserted. 20210816/20241104
2025-11-27 23:10:19,594 [main] DEBUG c.p.b.e.MLClassificationGenerator.executeExperiment - 39104 ml_(pork)_classification inserted. 20210817/20241104
2025-11-27 23:10:23,375 [main] DEBUG c.p.b.e.MLClassificationGenerator.executeExperiment - 39104 ml_(pork)_classification inserted. 20210818/20241104
2025-11-27 23:10:28,153 [main] DEBUG c.p.b.e.MLClassificationGenerator.executeExperiment - 39104 ml_(pork)_classification inserted. 20210819/20241104
2025-11-27 23:10:33,078 [main] DEBUG c.p.b.e.MLClassificationGenerator.executeExperiment - 39104 ml_(pork)_classification inserted. 20210820/20241104
2025-11-27 23:10:37,885 [main] DEBUG c.p.b.e.MLClassificationGenerator.executeExperiment - 39104 ml_(pork)_classification inserted. 20210821/20241104
2025-11-27 23:10:43,340 [main] DEBUG c.p.b.e.MLClassificationGenerator.executeExperiment - 39104 ml_(pork)_classification inserted. 20210822/20241104
2025-11-27 23:10:47,713 [main] DEBUG c.p.b.e.MLClassificationGenerator.executeExperiment - 39104 ml_(pork)_classification inserted. 20210823/20241104
2025-11-27 23:10:52,100 [main] DEBUG c.p.b.e.MLClassificationGenerator.executeExperiment - 39104 ml_(pork)_classification inserted. 20210824/20241104
2025-11-27 23:10:55,960 [main] DEBUG c.p.b.e.MLClassificationGenerator.executeExperiment - 39104 ml_(pork)_classification inserted. 20210825/20241104
2025-11-27 23:11:00,274 [main] DEBUG c.p.b.e.MLClassificationGenerator.executeExperiment - 39104 ml_(pork)_classification inserted. 20210826/20241104
2025-11-27 23:11:04,345 [main] DEBUG c.p.b.e.MLClassificationGenerator.executeExperiment - 39104 ml_(pork)_classification inserted. 20210827/20241104
2025-11-27 23:11:08,178 [main] DEBUG c.p.b.e.MLClassificationGenerator.executeExperiment - 39104 ml_(pork)_classification inserted. 20210828/20241104
2025-11-27 23:11:11,698 [main] DEBUG c.p.b.e.MLClassificationGenerator.executeExperiment - 39104 ml_(pork)_classification inserted. 20210829/20241104
2025-11-27 23:11:15,221 [main] DEBUG c.p.b.e.MLClassificationGenerator.executeExperiment - 39104 ml_(pork)_classification inserted. 20210830/20241104
2025-11-27 23:11:19,523 [main] DEBUG c.p.b.e.MLClassificationGenerator.executeExperiment - 39104 ml_(pork)_classification inserted. 20210831/20241104
2025-11-27 23:11:23,462 [main] DEBUG c.p.b.e.MLClassificationGenerator.executeExperiment - 39104 ml_(pork)_classification inserted. 20210901/20241104
2025-11-27 23:11:27,591 [main] DEBUG c.p.b.e.MLClassificationGenerator.executeExperiment - 39104 ml_(pork)_classification inserted. 20210902/20241104
2025-11-27 23:11:31,855 [main] DEBUG c.p.b.e.MLClassificationGenerator.executeExperiment - 39104 ml_(pork)_classification inserted. 20210903/20241104
2025-11-27 23:11:36,722 [main] DEBUG c.p.b.e.MLClassificationGenerator.executeExperiment - 39104 ml_(pork)_classification inserted. 20210904/20241104
2025-11-27 23:11:42,406 [main] DEBUG c.p.b.e.MLClassificationGenerator.executeExperiment - 39104 ml_(pork)_classification inserted. 20210905/20241104
2025-11-27 23:11:46,837 [main] DEBUG c.p.b.e.MLClassificationGenerator.executeExperiment - 39104 ml_(pork)_classification inserted. 20210906/20241104
2025-11-27 23:11:51,223 [main] DEBUG c.p.b.e.MLClassificationGenerator.executeExperiment - 39104 ml_(pork)_classification inserted. 20210907/20241104
2025-11-27 23:11:55,573 [main] DEBUG c.p.b.e.MLClassificationGenerator.executeExperiment - 39104 ml_(pork)_classification inserted. 20210908/20241104
2025-11-27 23:12:00,332 [main] DEBUG c.p.b.e.MLClassificationGenerator.executeExperiment - 39104 ml_(pork)_classification inserted. 20210909/20241104
2025-11-27 23:12:05,004 [main] DEBUG c.p.b.e.MLClassificationGenerator.executeExperiment - 39104 ml_(pork)_classification inserted. 20210910/20241104
2025-11-27 23:12:09,693 [main] DEBUG c.p.b.e.MLClassificationGenerator.executeExperiment - 39104 ml_(pork)_classification inserted. 20210911/20241104
2025-11-27 23:12:14,388 [main] DEBUG c.p.b.e.MLClassificationGenerator.executeExperiment - 39104 ml_(pork)_classification inserted. 20210912/20241104
2025-11-27 23:12:18,658 [main] DEBUG c.p.b.e.MLClassificationGenerator.executeExperiment - 39104 ml_(pork)_classification inserted. 20210913/20241104
2025-11-27 23:12:22,875 [main] DEBUG c.p.b.e.MLClassificationGenerator.executeExperiment - 39104 ml_(pork)_classification inserted. 20210914/20241104
2025-11-27 23:12:27,749 [main] DEBUG c.p.b.e.MLClassificationGenerator.executeExperiment - 39104 ml_(pork)_classification inserted. 20210915/20241104
2025-11-27 23:12:32,527 [main] DEBUG c.p.b.e.MLClassificationGenerator.executeExperiment - 39104 ml_(pork)_classification inserted. 20210916/20241104
2025-11-27 23:12:36,014 [main] DEBUG c.p.b.e.MLClassificationGenerator.executeExperiment - 39104 ml_(pork)_classification inserted. 20210917/20241104
2025-11-27 23:12:38,939 [main] DEBUG c.p.b.e.MLClassificationGenerator.executeExperiment - 39104 ml_(pork)_classification inserted. 20210918/20241104
2025-11-27 23:12:46,416 [main] DEBUG c.p.b.e.MLClassificationGenerator.executeExperiment - 39104 ml_(pork)_classification inserted. 20210919/20241104
2025-11-27 23:12:51,641 [main] DEBUG c.p.b.e.MLClassificationGenerator.executeExperiment - 39104 ml_(pork)_classification inserted. 20210920/20241104
2025-11-27 23:12:57,667 [main] DEBUG c.p.b.e.MLClassificationGenerator.executeExperiment - 39104 ml_(pork)_classification inserted. 20210921/20241104
2025-11-27 23:13:02,416 [main] DEBUG c.p.b.e.MLClassificationGenerator.executeExperiment - 39104 ml_(pork)_classification inserted. 20210922/20241104
2025-11-27 23:13:08,954 [main] DEBUG c.p.b.e.MLClassificationGenerator.executeExperiment - 39104 ml_(pork)_classification inserted. 20210923/20241104
2025-11-27 23:13:14,204 [main] DEBUG c.p.b.e.MLClassificationGenerator.executeExperiment - 39104 ml_(pork)_classification inserted. 20210924/20241104
2025-11-27 23:13:19,280 [main] DEBUG c.p.b.e.MLClassificationGenerator.executeExperiment - 39104 ml_(pork)_classification inserted. 20210925/20241104
2025-11-27 23:13:24,505 [main] DEBUG c.p.b.e.MLClassificationGenerator.executeExperiment - 39104 ml_(pork)_classification inserted. 20210926/20241104
2025-11-27 23:13:28,528 [main] DEBUG c.p.b.e.MLClassificationGenerator.executeExperiment - 39104 ml_(pork)_classification inserted. 20210927/20241104
2025-11-27 23:13:31,999 [main] DEBUG c.p.b.e.MLClassificationGenerator.executeExperiment - 39104 ml_(pork)_classification inserted. 20210928/20241104
2025-11-27 23:13:35,686 [main] DEBUG c.p.b.e.MLClassificationGenerator.executeExperiment - 39104 ml_(pork)_classification inserted. 20210929/20241104
2025-11-27 23:13:40,117 [main] DEBUG c.p.b.e.MLClassificationGenerator.executeExperiment - 39104 ml_(pork)_classification inserted. 20210930/20241104
2025-11-27 23:13:44,563 [main] DEBUG c.p.b.e.MLClassificationGenerator.executeExperiment - 39104 ml_(pork)_classification inserted. 20211001/20241104
2025-11-27 23:13:50,163 [main] DEBUG c.p.b.e.MLClassificationGenerator.executeExperiment - 39104 ml_(pork)_classification inserted. 20211002/20241104
2025-11-27 23:13:54,865 [main] DEBUG c.p.b.e.MLClassificationGenerator.executeExperiment - 39104 ml_(pork)_classification inserted. 20211003/20241104
2025-11-27 23:13:59,817 [main] DEBUG c.p.b.e.MLClassificationGenerator.executeExperiment - 39104 ml_(pork)_classification inserted. 20211004/20241104
2025-11-27 23:14:04,434 [main] DEBUG c.p.b.e.MLClassificationGenerator.executeExperiment - 39104 ml_(pork)_classification inserted. 20211005/20241104
2025-11-27 23:14:08,746 [main] DEBUG c.p.b.e.MLClassificationGenerator.executeExperiment - 39104 ml_(pork)_classification inserted. 20211006/20241104
2025-11-27 23:14:13,459 [main] DEBUG c.p.b.e.MLClassificationGenerator.executeExperiment - 39104 ml_(pork)_classification inserted. 20211007/20241104
2025-11-27 23:14:18,190 [main] DEBUG c.p.b.e.MLClassificationGenerator.executeExperiment - 39104 ml_(pork)_classification inserted. 20211008/20241104
2025-11-27 23:14:22,938 [main] DEBUG c.p.b.e.MLClassificationGenerator.executeExperiment - 39104 ml_(pork)_classification inserted. 20211009/20241104
2025-11-27 23:14:27,625 [main] DEBUG c.p.b.e.MLClassificationGenerator.executeExperiment - 39104 ml_(pork)_classification inserted. 20211010/20241104
2025-11-27 23:14:32,257 [main] DEBUG c.p.b.e.MLClassificationGenerator.executeExperiment - 39104 ml_(pork)_classification inserted. 20211011/20241104
2025-11-27 23:14:36,513 [main] DEBUG c.p.b.e.MLClassificationGenerator.executeExperiment - 39104 ml_(pork)_classification inserted. 20211012/20241104
2025-11-27 23:14:41,129 [main] DEBUG c.p.b.e.MLClassificationGenerator.executeExperiment - 39104 ml_(pork)_classification inserted. 20211013/20241104
2025-11-27 23:14:45,759 [main] DEBUG c.p.b.e.MLClassificationGenerator.executeExperiment - 39104 ml_(pork)_classification inserted. 20211014/20241104
2025-11-27 23:14:50,653 [main] DEBUG c.p.b.e.MLClassificationGenerator.executeExperiment - 39104 ml_(pork)_classification inserted. 20211015/20241104
2025-11-27 23:14:55,351 [main] DEBUG c.p.b.e.MLClassificationGenerator.executeExperiment - 39104 ml_(pork)_classification inserted. 20211016/20241104
2025-11-27 23:14:59,698 [main] DEBUG c.p.b.e.MLClassificationGenerator.executeExperiment - 39104 ml_(pork)_classification inserted. 20211017/20241104
2025-11-27 23:15:04,044 [main] DEBUG c.p.b.e.MLClassificationGenerator.executeExperiment - 39104 ml_(pork)_classification inserted. 20211018/20241104
2025-11-27 23:15:08,330 [main] DEBUG c.p.b.e.MLClassificationGenerator.executeExperiment - 39104 ml_(pork)_classification inserted. 20211019/20241104
2025-11-27 23:15:12,631 [main] DEBUG c.p.b.e.MLClassificationGenerator.executeExperiment - 39104 ml_(pork)_classification inserted. 20211020/20241104
2025-11-27 23:15:16,845 [main] DEBUG c.p.b.e.MLClassificationGenerator.executeExperiment - 39104 ml_(pork)_classification inserted. 20211021/20241104
2025-11-27 23:15:21,129 [main] DEBUG c.p.b.e.MLClassificationGenerator.executeExperiment - 39104 ml_(pork)_classification inserted. 20211022/20241104
2025-11-27 23:15:25,821 [main] DEBUG c.p.b.e.MLClassificationGenerator.executeExperiment - 39104 ml_(pork)_classification inserted. 20211023/20241104
2025-11-27 23:15:30,863 [main] DEBUG c.p.b.e.MLClassificationGenerator.executeExperiment - 39104 ml_(pork)_classification inserted. 20211024/20241104
2025-11-27 23:15:35,925 [main] DEBUG c.p.b.e.MLClassificationGenerator.executeExperiment - 39104 ml_(pork)_classification inserted. 20211025/20241104
2025-11-27 23:15:40,218 [main] DEBUG c.p.b.e.MLClassificationGenerator.executeExperiment - 39104 ml_(pork)_classification inserted. 20211026/20241104
2025-11-27 23:15:44,909 [main] DEBUG c.p.b.e.MLClassificationGenerator.executeExperiment - 39104 ml_(pork)_classification inserted. 20211027/20241104
2025-11-27 23:15:49,455 [main] DEBUG c.p.b.e.MLClassificationGenerator.executeExperiment - 39104 ml_(pork)_classification inserted. 20211028/20241104
2025-11-27 23:15:54,140 [main] DEBUG c.p.b.e.MLClassificationGenerator.executeExperiment - 39104 ml_(pork)_classification inserted. 20211029/20241104
2025-11-27 23:15:59,171 [main] DEBUG c.p.b.e.MLClassificationGenerator.executeExperiment - 39104 ml_(pork)_classification inserted. 20211030/20241104
2025-11-27 23:16:03,722 [main] DEBUG c.p.b.e.MLClassificationGenerator.executeExperiment - 39104 ml_(pork)_classification inserted. 20211031/20241104
2025-11-27 23:16:07,798 [main] DEBUG c.p.b.e.MLClassificationGenerator.executeExperiment - 39104 ml_(pork)_classification inserted. 20211101/20241104
2025-11-27 23:16:12,493 [main] DEBUG c.p.b.e.MLClassificationGenerator.executeExperiment - 39104 ml_(pork)_classification inserted. 20211102/20241104
2025-11-27 23:16:17,879 [main] DEBUG c.p.b.e.MLClassificationGenerator.executeExperiment - 39104 ml_(pork)_classification inserted. 20211103/20241104
2025-11-27 23:16:22,950 [main] DEBUG c.p.b.e.MLClassificationGenerator.executeExperiment - 39104 ml_(pork)_classification inserted. 20211104/20241104
2025-11-27 23:16:27,166 [main] DEBUG c.p.b.e.MLClassificationGenerator.executeExperiment - 39104 ml_(pork)_classification inserted. 20211105/20241104
2025-11-27 23:16:31,805 [main] DEBUG c.p.b.e.MLClassificationGenerator.executeExperiment - 39104 ml_(pork)_classification inserted. 20211106/20241104
2025-11-27 23:16:38,053 [main] DEBUG c.p.b.e.MLClassificationGenerator.executeExperiment - 39104 ml_(pork)_classification inserted. 20211107/20241104
2025-11-27 23:16:42,330 [main] DEBUG c.p.b.e.MLClassificationGenerator.executeExperiment - 39104 ml_(pork)_classification inserted. 20211108/20241104
2025-11-27 23:16:46,904 [main] DEBUG c.p.b.e.MLClassificationGenerator.executeExperiment - 39104 ml_(pork)_classification inserted. 20211109/20241104
2025-11-27 23:16:52,043 [main] DEBUG c.p.b.e.MLClassificationGenerator.executeExperiment - 39104 ml_(pork)_classification inserted. 20211110/20241104
2025-11-27 23:16:57,027 [main] DEBUG c.p.b.e.MLClassificationGenerator.executeExperiment - 39104 ml_(pork)_classification inserted. 20211111/20241104
2025-11-27 23:17:02,492 [main] DEBUG c.p.b.e.MLClassificationGenerator.executeExperiment - 39104 ml_(pork)_classification inserted. 20211112/20241104
2025-11-27 23:17:08,343 [main] DEBUG c.p.b.e.MLClassificationGenerator.executeExperiment - 39104 ml_(pork)_classification inserted. 20211113/20241104
2025-11-27 23:17:13,809 [main] DEBUG c.p.b.e.MLClassificationGenerator.executeExperiment - 39104 ml_(pork)_classification inserted. 20211114/20241104
2025-11-27 23:17:18,615 [main] DEBUG c.p.b.e.MLClassificationGenerator.executeExperiment - 39104 ml_(pork)_classification inserted. 20211115/20241104
2025-11-27 23:17:23,407 [main] DEBUG c.p.b.e.MLClassificationGenerator.executeExperiment - 39104 ml_(pork)_classification inserted. 20211116/20241104
2025-11-27 23:17:27,797 [main] DEBUG c.p.b.e.MLClassificationGenerator.executeExperiment - 39104 ml_(pork)_classification inserted. 20211117/20241104
2025-11-27 23:17:31,762 [main] DEBUG c.p.b.e.MLClassificationGenerator.executeExperiment - 39104 ml_(pork)_classification inserted. 20211118/20241104
2025-11-27 23:17:35,605 [main] DEBUG c.p.b.e.MLClassificationGenerator.executeExperiment - 39104 ml_(pork)_classification inserted. 20211119/20241104
2025-11-27 23:17:40,137 [main] DEBUG c.p.b.e.MLClassificationGenerator.executeExperiment - 39104 ml_(pork)_classification inserted. 20211120/20241104
2025-11-27 23:17:45,548 [main] DEBUG c.p.b.e.MLClassificationGenerator.executeExperiment - 39104 ml_(pork)_classification inserted. 20211121/20241104
2025-11-27 23:17:50,645 [main] DEBUG c.p.b.e.MLClassificationGenerator.executeExperiment - 39104 ml_(pork)_classification inserted. 20211122/20241104
2025-11-27 23:17:56,051 [main] DEBUG c.p.b.e.MLClassificationGenerator.executeExperiment - 39104 ml_(pork)_classification inserted. 20211123/20241104
2025-11-27 23:18:00,722 [main] DEBUG c.p.b.e.MLClassificationGenerator.executeExperiment - 39104 ml_(pork)_classification inserted. 20211124/20241104
2025-11-27 23:18:05,002 [main] DEBUG c.p.b.e.MLClassificationGenerator.executeExperiment - 39104 ml_(pork)_classification inserted. 20211125/20241104
2025-11-27 23:18:09,694 [main] DEBUG c.p.b.e.MLClassificationGenerator.executeExperiment - 39104 ml_(pork)_classification inserted. 20211126/20241104
2025-11-27 23:18:14,706 [main] DEBUG c.p.b.e.MLClassificationGenerator.executeExperiment - 39104 ml_(pork)_classification inserted. 20211127/20241104
2025-11-27 23:18:20,471 [main] DEBUG c.p.b.e.MLClassificationGenerator.executeExperiment - 39104 ml_(pork)_classification inserted. 20211128/20241104
2025-11-27 23:18:25,313 [main] DEBUG c.p.b.e.MLClassificationGenerator.executeExperiment - 39104 ml_(pork)_classification inserted. 20211129/20241104
2025-11-27 23:18:30,595 [main] DEBUG c.p.b.e.MLClassificationGenerator.executeExperiment - 39104 ml_(pork)_classification inserted. 20211130/20241104
2025-11-27 23:18:34,367 [main] DEBUG c.p.b.e.MLClassificationGenerator.executeExperiment - 39104 ml_(pork)_classification inserted. 20211201/20241104
2025-11-27 23:18:40,601 [main] DEBUG c.p.b.e.MLClassificationGenerator.executeExperiment - 39104 ml_(pork)_classification inserted. 20211202/20241104
2025-11-27 23:18:46,855 [main] DEBUG c.p.b.e.MLClassificationGenerator.executeExperiment - 39104 ml_(pork)_classification inserted. 20211203/20241104
2025-11-27 23:18:53,112 [main] DEBUG c.p.b.e.MLClassificationGenerator.executeExperiment - 39104 ml_(pork)_classification inserted. 20211204/20241104
2025-11-27 23:18:58,579 [main] DEBUG c.p.b.e.MLClassificationGenerator.executeExperiment - 39104 ml_(pork)_classification inserted. 20211205/20241104
2025-11-27 23:19:03,559 [main] DEBUG c.p.b.e.MLClassificationGenerator.executeExperiment - 39104 ml_(pork)_classification inserted. 20211206/20241104
2025-11-27 23:19:08,591 [main] DEBUG c.p.b.e.MLClassificationGenerator.executeExperiment - 39104 ml_(pork)_classification inserted. 20211207/20241104
2025-11-27 23:19:12,834 [main] DEBUG c.p.b.e.MLClassificationGenerator.executeExperiment - 39104 ml_(pork)_classification inserted. 20211208/20241104
2025-11-27 23:19:18,751 [main] DEBUG c.p.b.e.MLClassificationGenerator.executeExperiment - 39104 ml_(pork)_classification inserted. 20211209/20241104
2025-11-27 23:19:25,406 [main] DEBUG c.p.b.e.MLClassificationGenerator.executeExperiment - 39104 ml_(pork)_classification inserted. 20211210/20241104
2025-11-27 23:19:31,716 [main] DEBUG c.p.b.e.MLClassificationGenerator.executeExperiment - 39104 ml_(pork)_classification inserted. 20211211/20241104
2025-11-27 23:19:37,185 [main] DEBUG c.p.b.e.MLClassificationGenerator.executeExperiment - 39104 ml_(pork)_classification inserted. 20211212/20241104
2025-11-27 23:19:41,436 [main] DEBUG c.p.b.e.MLClassificationGenerator.executeExperiment - 39104 ml_(pork)_classification inserted. 20211213/20241104
2025-11-27 23:19:46,232 [main] DEBUG c.p.b.e.MLClassificationGenerator.executeExperiment - 39104 ml_(pork)_classification inserted. 20211214/20241104
2025-11-27 23:19:50,143 [main] DEBUG c.p.b.e.MLClassificationGenerator.executeExperiment - 39104 ml_(pork)_classification inserted. 20211215/20241104
2025-11-27 23:19:53,708 [main] DEBUG c.p.b.e.MLClassificationGenerator.executeExperiment - 39104 ml_(pork)_classification inserted. 20211216/20241104
2025-11-27 23:19:57,607 [main] DEBUG c.p.b.e.MLClassificationGenerator.executeExperiment - 39104 ml_(pork)_classification inserted. 20211217/20241104
2025-11-27 23:20:02,727 [main] DEBUG c.p.b.e.MLClassificationGenerator.executeExperiment - 39104 ml_(pork)_classification inserted. 20211218/20241104
2025-11-27 23:20:07,677 [main] DEBUG c.p.b.e.MLClassificationGenerator.executeExperiment - 39104 ml_(pork)_classification inserted. 20211219/20241104
2025-11-27 23:20:13,593 [main] DEBUG c.p.b.e.MLClassificationGenerator.executeExperiment - 39104 ml_(pork)_classification inserted. 20211220/20241104
2025-11-27 23:20:19,315 [main] DEBUG c.p.b.e.MLClassificationGenerator.executeExperiment - 39104 ml_(pork)_classification inserted. 20211221/20241104
2025-11-27 23:20:24,503 [main] DEBUG c.p.b.e.MLClassificationGenerator.executeExperiment - 39104 ml_(pork)_classification inserted. 20211222/20241104
2025-11-27 23:20:29,732 [main] DEBUG c.p.b.e.MLClassificationGenerator.executeExperiment - 39104 ml_(pork)_classification inserted. 20211223/20241104
2025-11-27 23:20:34,687 [main] DEBUG c.p.b.e.MLClassificationGenerator.executeExperiment - 39104 ml_(pork)_classification inserted. 20211224/20241104
2025-11-27 23:20:39,086 [main] DEBUG c.p.b.e.MLClassificationGenerator.executeExperiment - 39104 ml_(pork)_classification inserted. 20211225/20241104
2025-11-27 23:20:42,550 [main] DEBUG c.p.b.e.MLClassificationGenerator.executeExperiment - 39104 ml_(pork)_classification inserted. 20211226/20241104
2025-11-27 23:20:47,955 [main] DEBUG c.p.b.e.MLClassificationGenerator.executeExperiment - 39104 ml_(pork)_classification inserted. 20211227/20241104
2025-11-27 23:20:54,118 [main] DEBUG c.p.b.e.MLClassificationGenerator.executeExperiment - 39104 ml_(pork)_classification inserted. 20211228/20241104
2025-11-27 23:21:01,257 [main] DEBUG c.p.b.e.MLClassificationGenerator.executeExperiment - 39104 ml_(pork)_classification inserted. 20211229/20241104
2025-11-27 23:21:07,554 [main] DEBUG c.p.b.e.MLClassificationGenerator.executeExperiment - 39104 ml_(pork)_classification inserted. 20211230/20241104
2025-11-27 23:21:14,844 [main] DEBUG c.p.b.e.MLClassificationGenerator.executeExperiment - 39104 ml_(pork)_classification inserted. 20211231/20241104
2025-11-27 23:21:20,803 [main] DEBUG c.p.b.e.MLClassificationGenerator.executeExperiment - 39104 ml_(pork)_classification inserted. 20220101/20241104
2025-11-27 23:21:27,203 [main] DEBUG c.p.b.e.MLClassificationGenerator.executeExperiment - 39104 ml_(pork)_classification inserted. 20220102/20241104
2025-11-27 23:21:35,153 [main] DEBUG c.p.b.e.MLClassificationGenerator.executeExperiment - 39104 ml_(pork)_classification inserted. 20220103/20241104
2025-11-27 23:21:42,305 [main] DEBUG c.p.b.e.MLClassificationGenerator.executeExperiment - 39104 ml_(pork)_classification inserted. 20220104/20241104
2025-11-27 23:21:48,693 [main] DEBUG c.p.b.e.MLClassificationGenerator.executeExperiment - 39104 ml_(pork)_classification inserted. 20220105/20241104
2025-11-27 23:21:54,647 [main] DEBUG c.p.b.e.MLClassificationGenerator.executeExperiment - 39104 ml_(pork)_classification inserted. 20220106/20241104
2025-11-27 23:22:00,354 [main] DEBUG c.p.b.e.MLClassificationGenerator.executeExperiment - 39104 ml_(pork)_classification inserted. 20220107/20241104
2025-11-27 23:22:05,546 [main] DEBUG c.p.b.e.MLClassificationGenerator.executeExperiment - 39104 ml_(pork)_classification inserted. 20220108/20241104
2025-11-27 23:22:10,372 [main] DEBUG c.p.b.e.MLClassificationGenerator.executeExperiment - 39104 ml_(pork)_classification inserted. 20220109/20241104
2025-11-27 23:22:14,356 [main] DEBUG c.p.b.e.MLClassificationGenerator.executeExperiment - 39104 ml_(pork)_classification inserted. 20220110/20241104
2025-11-27 23:22:18,235 [main] DEBUG c.p.b.e.MLClassificationGenerator.executeExperiment - 39104 ml_(pork)_classification inserted. 20220111/20241104
2025-11-27 23:22:23,494 [main] DEBUG c.p.b.e.MLClassificationGenerator.executeExperiment - 39104 ml_(pork)_classification inserted. 20220112/20241104
2025-11-27 23:22:27,869 [main] DEBUG c.p.b.e.MLClassificationGenerator.executeExperiment - 39104 ml_(pork)_classification inserted. 20220113/20241104
2025-11-27 23:22:32,167 [main] DEBUG c.p.b.e.MLClassificationGenerator.executeExperiment - 39104 ml_(pork)_classification inserted. 20220114/20241104
2025-11-27 23:22:37,750 [main] DEBUG c.p.b.e.MLClassificationGenerator.executeExperiment - 39104 ml_(pork)_classification inserted. 20220115/20241104
2025-11-27 23:22:42,487 [main] DEBUG c.p.b.e.MLClassificationGenerator.executeExperiment - 39104 ml_(pork)_classification inserted. 20220116/20241104
2025-11-27 23:22:47,254 [main] DEBUG c.p.b.e.MLClassificationGenerator.executeExperiment - 39104 ml_(pork)_classification inserted. 20220117/20241104
2025-11-27 23:22:51,441 [main] DEBUG c.p.b.e.MLClassificationGenerator.executeExperiment - 39104 ml_(pork)_classification inserted. 20220118/20241104
2025-11-27 23:22:56,217 [main] DEBUG c.p.b.e.MLClassificationGenerator.executeExperiment - 39104 ml_(pork)_classification inserted. 20220119/20241104
2025-11-27 23:23:00,427 [main] DEBUG c.p.b.e.MLClassificationGenerator.executeExperiment - 39104 ml_(pork)_classification inserted. 20220120/20241104
2025-11-27 23:23:05,912 [main] DEBUG c.p.b.e.MLClassificationGenerator.executeExperiment - 39104 ml_(pork)_classification inserted. 20220121/20241104
2025-11-27 23:23:12,235 [main] DEBUG c.p.b.e.MLClassificationGenerator.executeExperiment - 39104 ml_(pork)_classification inserted. 20220122/20241104
2025-11-27 23:23:19,313 [main] DEBUG c.p.b.e.MLClassificationGenerator.executeExperiment - 39104 ml_(pork)_classification inserted. 20220123/20241104
2025-11-27 23:23:23,922 [main] DEBUG c.p.b.e.MLClassificationGenerator.executeExperiment - 39104 ml_(pork)_classification inserted. 20220124/20241104
2025-11-27 23:23:29,343 [main] DEBUG c.p.b.e.MLClassificationGenerator.executeExperiment - 39104 ml_(pork)_classification inserted. 20220125/20241104
2025-11-27 23:23:34,572 [main] DEBUG c.p.b.e.MLClassificationGenerator.executeExperiment - 39104 ml_(pork)_classification inserted. 20220126/20241104
2025-11-27 23:23:39,194 [main] DEBUG c.p.b.e.MLClassificationGenerator.executeExperiment - 39104 ml_(pork)_classification inserted. 20220127/20241104
2025-11-27 23:23:43,959 [main] DEBUG c.p.b.e.MLClassificationGenerator.executeExperiment - 39104 ml_(pork)_classification inserted. 20220128/20241104
2025-11-27 23:23:49,340 [main] DEBUG c.p.b.e.MLClassificationGenerator.executeExperiment - 39104 ml_(pork)_classification inserted. 20220129/20241104
2025-11-27 23:23:55,010 [main] DEBUG c.p.b.e.MLClassificationGenerator.executeExperiment - 39104 ml_(pork)_classification inserted. 20220130/20241104
2025-11-27 23:24:00,479 [main] DEBUG c.p.b.e.MLClassificationGenerator.executeExperiment - 39104 ml_(pork)_classification inserted. 20220131/20241104
2025-11-27 23:24:05,086 [main] DEBUG c.p.b.e.MLClassificationGenerator.executeExperiment - 39104 ml_(pork)_classification inserted. 20220201/20241104
2025-11-27 23:24:09,281 [main] DEBUG c.p.b.e.MLClassificationGenerator.executeExperiment - 39104 ml_(pork)_classification inserted. 20220202/20241104
2025-11-27 23:24:14,036 [main] DEBUG c.p.b.e.MLClassificationGenerator.executeExperiment - 39104 ml_(pork)_classification inserted. 20220203/20241104
2025-11-27 23:24:19,120 [main] DEBUG c.p.b.e.MLClassificationGenerator.executeExperiment - 39104 ml_(pork)_classification inserted. 20220204/20241104
2025-11-27 23:24:23,487 [main] DEBUG c.p.b.e.MLClassificationGenerator.executeExperiment - 39104 ml_(pork)_classification inserted. 20220205/20241104
2025-11-27 23:24:28,889 [main] DEBUG c.p.b.e.MLClassificationGenerator.executeExperiment - 39104 ml_(pork)_classification inserted. 20220206/20241104
2025-11-27 23:24:33,539 [main] DEBUG c.p.b.e.MLClassificationGenerator.executeExperiment - 39104 ml_(pork)_classification inserted. 20220207/20241104
2025-11-27 23:24:38,859 [main] DEBUG c.p.b.e.MLClassificationGenerator.executeExperiment - 39104 ml_(pork)_classification inserted. 20220208/20241104
2025-11-27 23:24:43,601 [main] DEBUG c.p.b.e.MLClassificationGenerator.executeExperiment - 39104 ml_(pork)_classification inserted. 20220209/20241104
2025-11-27 23:24:48,211 [main] DEBUG c.p.b.e.MLClassificationGenerator.executeExperiment - 39104 ml_(pork)_classification inserted. 20220210/20241104
2025-11-27 23:24:54,310 [main] DEBUG c.p.b.e.MLClassificationGenerator.executeExperiment - 39104 ml_(pork)_classification inserted. 20220211/20241104
2025-11-27 23:24:59,366 [main] DEBUG c.p.b.e.MLClassificationGenerator.executeExperiment - 39104 ml_(pork)_classification inserted. 20220212/20241104
2025-11-27 23:25:04,493 [main] DEBUG c.p.b.e.MLClassificationGenerator.executeExperiment - 39104 ml_(pork)_classification inserted. 20220213/20241104
2025-11-27 23:25:09,144 [main] DEBUG c.p.b.e.MLClassificationGenerator.executeExperiment - 39104 ml_(pork)_classification inserted. 20220214/20241104
2025-11-27 23:25:13,930 [main] DEBUG c.p.b.e.MLClassificationGenerator.executeExperiment - 39104 ml_(pork)_classification inserted. 20220215/20241104
2025-11-27 23:25:19,081 [main] DEBUG c.p.b.e.MLClassificationGenerator.executeExperiment - 39104 ml_(pork)_classification inserted. 20220216/20241104
2025-11-27 23:25:24,161 [main] DEBUG c.p.b.e.MLClassificationGenerator.executeExperiment - 39104 ml_(pork)_classification inserted. 20220217/20241104
2025-11-27 23:25:29,174 [main] DEBUG c.p.b.e.MLClassificationGenerator.executeExperiment - 39104 ml_(pork)_classification inserted. 20220218/20241104
2025-11-27 23:25:35,189 [main] DEBUG c.p.b.e.MLClassificationGenerator.executeExperiment - 39104 ml_(pork)_classification inserted. 20220219/20241104
2025-11-27 23:25:40,335 [main] DEBUG c.p.b.e.MLClassificationGenerator.executeExperiment - 39104 ml_(pork)_classification inserted. 20220220/20241104
2025-11-27 23:25:45,715 [main] DEBUG c.p.b.e.MLClassificationGenerator.executeExperiment - 39104 ml_(pork)_classification inserted. 20220221/20241104
2025-11-27 23:25:51,329 [main] DEBUG c.p.b.e.MLClassificationGenerator.executeExperiment - 39104 ml_(pork)_classification inserted. 20220222/20241104
2025-11-27 23:25:56,742 [main] DEBUG c.p.b.e.MLClassificationGenerator.executeExperiment - 39104 ml_(pork)_classification inserted. 20220223/20241104
2025-11-27 23:26:01,999 [main] DEBUG c.p.b.e.MLClassificationGenerator.executeExperiment - 39104 ml_(pork)_classification inserted. 20220224/20241104
2025-11-27 23:26:07,985 [main] DEBUG c.p.b.e.MLClassificationGenerator.executeExperiment - 39104 ml_(pork)_classification inserted. 20220225/20241104
2025-11-27 23:26:13,643 [main] DEBUG c.p.b.e.MLClassificationGenerator.executeExperiment - 39104 ml_(pork)_classification inserted. 20220226/20241104
2025-11-27 23:26:19,175 [main] DEBUG c.p.b.e.MLClassificationGenerator.executeExperiment - 39104 ml_(pork)_classification inserted. 20220227/20241104
2025-11-27 23:26:25,031 [main] DEBUG c.p.b.e.MLClassificationGenerator.executeExperiment - 39104 ml_(pork)_classification inserted. 20220228/20241104
2025-11-27 23:26:31,653 [main] DEBUG c.p.b.e.MLClassificationGenerator.executeExperiment - 39104 ml_(pork)_classification inserted. 20220301/20241104
2025-11-27 23:26:36,744 [main] DEBUG c.p.b.e.MLClassificationGenerator.executeExperiment - 39104 ml_(pork)_classification inserted. 20220302/20241104
2025-11-27 23:26:41,361 [main] DEBUG c.p.b.e.MLClassificationGenerator.executeExperiment - 39104 ml_(pork)_classification inserted. 20220303/20241104
2025-11-27 23:26:46,478 [main] DEBUG c.p.b.e.MLClassificationGenerator.executeExperiment - 39104 ml_(pork)_classification inserted. 20220304/20241104
2025-11-27 23:26:52,986 [main] DEBUG c.p.b.e.MLClassificationGenerator.executeExperiment - 39104 ml_(pork)_classification inserted. 20220305/20241104
2025-11-27 23:26:58,760 [main] DEBUG c.p.b.e.MLClassificationGenerator.executeExperiment - 39104 ml_(pork)_classification inserted. 20220306/20241104
2025-11-27 23:27:04,789 [main] DEBUG c.p.b.e.MLClassificationGenerator.executeExperiment - 39104 ml_(pork)_classification inserted. 20220307/20241104
2025-11-27 23:27:11,542 [main] DEBUG c.p.b.e.MLClassificationGenerator.executeExperiment - 39104 ml_(pork)_classification inserted. 20220308/20241104
2025-11-27 23:27:16,868 [main] DEBUG c.p.b.e.MLClassificationGenerator.executeExperiment - 39104 ml_(pork)_classification inserted. 20220309/20241104
2025-11-27 23:27:21,759 [main] DEBUG c.p.b.e.MLClassificationGenerator.executeExperiment - 39104 ml_(pork)_classification inserted. 20220310/20241104
2025-11-27 23:27:26,868 [main] DEBUG c.p.b.e.MLClassificationGenerator.executeExperiment - 39104 ml_(pork)_classification inserted. 20220311/20241104
2025-11-27 23:27:31,901 [main] DEBUG c.p.b.e.MLClassificationGenerator.executeExperiment - 39104 ml_(pork)_classification inserted. 20220312/20241104
2025-11-27 23:27:37,511 [main] DEBUG c.p.b.e.MLClassificationGenerator.executeExperiment - 39104 ml_(pork)_classification inserted. 20220313/20241104
2025-11-27 23:27:42,940 [main] DEBUG c.p.b.e.MLClassificationGenerator.executeExperiment - 39104 ml_(pork)_classification inserted. 20220314/20241104
2025-11-27 23:27:47,866 [main] DEBUG c.p.b.e.MLClassificationGenerator.executeExperiment - 39104 ml_(pork)_classification inserted. 20220315/20241104
2025-11-27 23:27:52,360 [main] DEBUG c.p.b.e.MLClassificationGenerator.executeExperiment - 39104 ml_(pork)_classification inserted. 20220316/20241104
2025-11-27 23:27:57,659 [main] DEBUG c.p.b.e.MLClassificationGenerator.executeExperiment - 39104 ml_(pork)_classification inserted. 20220317/20241104
2025-11-27 23:28:03,559 [main] DEBUG c.p.b.e.MLClassificationGenerator.executeExperiment - 39104 ml_(pork)_classification inserted. 20220318/20241104
2025-11-27 23:28:09,291 [main] DEBUG c.p.b.e.MLClassificationGenerator.executeExperiment - 39104 ml_(pork)_classification inserted. 20220319/20241104
2025-11-27 23:28:14,502 [main] DEBUG c.p.b.e.MLClassificationGenerator.executeExperiment - 39104 ml_(pork)_classification inserted. 20220320/20241104
2025-11-27 23:28:19,698 [main] DEBUG c.p.b.e.MLClassificationGenerator.executeExperiment - 39104 ml_(pork)_classification inserted. 20220321/20241104
2025-11-27 23:28:24,031 [main] DEBUG c.p.b.e.MLClassificationGenerator.executeExperiment - 39104 ml_(pork)_classification inserted. 20220322/20241104
2025-11-27 23:28:29,163 [main] DEBUG c.p.b.e.MLClassificationGenerator.executeExperiment - 39104 ml_(pork)_classification inserted. 20220323/20241104
2025-11-27 23:28:34,929 [main] DEBUG c.p.b.e.MLClassificationGenerator.executeExperiment - 39104 ml_(pork)_classification inserted. 20220324/20241104
2025-11-27 23:28:40,408 [main] DEBUG c.p.b.e.MLClassificationGenerator.executeExperiment - 39104 ml_(pork)_classification inserted. 20220325/20241104
2025-11-27 23:28:44,913 [main] DEBUG c.p.b.e.MLClassificationGenerator.executeExperiment - 39104 ml_(pork)_classification inserted. 20220326/20241104
2025-11-27 23:28:49,959 [main] DEBUG c.p.b.e.MLClassificationGenerator.executeExperiment - 39104 ml_(pork)_classification inserted. 20220327/20241104
2025-11-27 23:28:54,530 [main] DEBUG c.p.b.e.MLClassificationGenerator.executeExperiment - 39104 ml_(pork)_classification inserted. 20220328/20241104
2025-11-27 23:28:59,620 [main] DEBUG c.p.b.e.MLClassificationGenerator.executeExperiment - 39104 ml_(pork)_classification inserted. 20220329/20241104
2025-11-27 23:29:04,387 [main] DEBUG c.p.b.e.MLClassificationGenerator.executeExperiment - 39104 ml_(pork)_classification inserted. 20220330/20241104
2025-11-27 23:29:09,032 [main] DEBUG c.p.b.e.MLClassificationGenerator.executeExperiment - 39104 ml_(pork)_classification inserted. 20220331/20241104
2025-11-27 23:29:12,713 [main] DEBUG c.p.b.e.MLClassificationGenerator.executeExperiment - 39104 ml_(pork)_classification inserted. 20220401/20241104
2025-11-27 23:29:17,545 [main] DEBUG c.p.b.e.MLClassificationGenerator.executeExperiment - 39104 ml_(pork)_classification inserted. 20220402/20241104
2025-11-27 23:29:22,281 [main] DEBUG c.p.b.e.MLClassificationGenerator.executeExperiment - 39104 ml_(pork)_classification inserted. 20220403/20241104
2025-11-27 23:29:28,630 [main] DEBUG c.p.b.e.MLClassificationGenerator.executeExperiment - 39104 ml_(pork)_classification inserted. 20220404/20241104
2025-11-27 23:29:33,340 [main] DEBUG c.p.b.e.MLClassificationGenerator.executeExperiment - 39104 ml_(pork)_classification inserted. 20220405/20241104
2025-11-27 23:29:38,055 [main] DEBUG c.p.b.e.MLClassificationGenerator.executeExperiment - 39104 ml_(pork)_classification inserted. 20220406/20241104
2025-11-27 23:29:42,295 [main] DEBUG c.p.b.e.MLClassificationGenerator.executeExperiment - 39104 ml_(pork)_classification inserted. 20220407/20241104
2025-11-27 23:29:46,301 [main] DEBUG c.p.b.e.MLClassificationGenerator.executeExperiment - 39104 ml_(pork)_classification inserted. 20220408/20241104
2025-11-27 23:29:51,358 [main] DEBUG c.p.b.e.MLClassificationGenerator.executeExperiment - 39104 ml_(pork)_classification inserted. 20220409/20241104
2025-11-27 23:29:55,868 [main] DEBUG c.p.b.e.MLClassificationGenerator.executeExperiment - 39104 ml_(pork)_classification inserted. 20220410/20241104
2025-11-27 23:29:59,787 [main] DEBUG c.p.b.e.MLClassificationGenerator.executeExperiment - 39104 ml_(pork)_classification inserted. 20220411/20241104
2025-11-27 23:30:03,674 [main] DEBUG c.p.b.e.MLClassificationGenerator.executeExperiment - 39104 ml_(pork)_classification inserted. 20220412/20241104
2025-11-27 23:30:08,379 [main] DEBUG c.p.b.e.MLClassificationGenerator.executeExperiment - 39104 ml_(pork)_classification inserted. 20220413/20241104
2025-11-27 23:30:13,001 [main] DEBUG c.p.b.e.MLClassificationGenerator.executeExperiment - 39104 ml_(pork)_classification inserted. 20220414/20241104
2025-11-27 23:30:18,113 [main] DEBUG c.p.b.e.MLClassificationGenerator.executeExperiment - 39104 ml_(pork)_classification inserted. 20220415/20241104
2025-11-27 23:30:23,512 [main] DEBUG c.p.b.e.MLClassificationGenerator.executeExperiment - 39104 ml_(pork)_classification inserted. 20220416/20241104
2025-11-27 23:30:29,699 [main] DEBUG c.p.b.e.MLClassificationGenerator.executeExperiment - 39104 ml_(pork)_classification inserted. 20220417/20241104
2025-11-27 23:30:35,181 [main] DEBUG c.p.b.e.MLClassificationGenerator.executeExperiment - 39104 ml_(pork)_classification inserted. 20220418/20241104
2025-11-27 23:30:40,166 [main] DEBUG c.p.b.e.MLClassificationGenerator.executeExperiment - 39104 ml_(pork)_classification inserted. 20220419/20241104
2025-11-27 23:30:45,564 [main] DEBUG c.p.b.e.MLClassificationGenerator.executeExperiment - 39104 ml_(pork)_classification inserted. 20220420/20241104
2025-11-27 23:30:51,181 [main] DEBUG c.p.b.e.MLClassificationGenerator.executeExperiment - 39104 ml_(pork)_classification inserted. 20220421/20241104
2025-11-27 23:30:56,519 [main] DEBUG c.p.b.e.MLClassificationGenerator.executeExperiment - 39104 ml_(pork)_classification inserted. 20220422/20241104
2025-11-27 23:31:01,975 [main] DEBUG c.p.b.e.MLClassificationGenerator.executeExperiment - 39104 ml_(pork)_classification inserted. 20220423/20241104
2025-11-27 23:31:08,356 [main] DEBUG c.p.b.e.MLClassificationGenerator.executeExperiment - 39104 ml_(pork)_classification inserted. 20220424/20241104
2025-11-27 23:31:14,145 [main] DEBUG c.p.b.e.MLClassificationGenerator.executeExperiment - 39104 ml_(pork)_classification inserted. 20220425/20241104
2025-11-27 23:31:19,783 [main] DEBUG c.p.b.e.MLClassificationGenerator.executeExperiment - 39104 ml_(pork)_classification inserted. 20220426/20241104
2025-11-27 23:31:25,713 [main] DEBUG c.p.b.e.MLClassificationGenerator.executeExperiment - 39104 ml_(pork)_classification inserted. 20220427/20241104
2025-11-27 23:31:30,581 [main] DEBUG c.p.b.e.MLClassificationGenerator.executeExperiment - 39104 ml_(pork)_classification inserted. 20220428/20241104
2025-11-27 23:31:35,299 [main] DEBUG c.p.b.e.MLClassificationGenerator.executeExperiment - 39104 ml_(pork)_classification inserted. 20220429/20241104
2025-11-27 23:31:41,759 [main] DEBUG c.p.b.e.MLClassificationGenerator.executeExperiment - 39104 ml_(pork)_classification inserted. 20220430/20241104
2025-11-27 23:31:48,394 [main] DEBUG c.p.b.e.MLClassificationGenerator.executeExperiment - 39104 ml_(pork)_classification inserted. 20220501/20241104
2025-11-27 23:31:54,275 [main] DEBUG c.p.b.e.MLClassificationGenerator.executeExperiment - 39104 ml_(pork)_classification inserted. 20220502/20241104
2025-11-27 23:32:01,346 [main] DEBUG c.p.b.e.MLClassificationGenerator.executeExperiment - 39104 ml_(pork)_classification inserted. 20220503/20241104
2025-11-27 23:32:07,570 [main] DEBUG c.p.b.e.MLClassificationGenerator.executeExperiment - 39104 ml_(pork)_classification inserted. 20220504/20241104
2025-11-27 23:32:12,867 [main] DEBUG c.p.b.e.MLClassificationGenerator.executeExperiment - 39104 ml_(pork)_classification inserted. 20220505/20241104
2025-11-27 23:32:17,248 [main] DEBUG c.p.b.e.MLClassificationGenerator.executeExperiment - 39104 ml_(pork)_classification inserted. 20220506/20241104
2025-11-27 23:32:21,992 [main] DEBUG c.p.b.e.MLClassificationGenerator.executeExperiment - 39104 ml_(pork)_classification inserted. 20220507/20241104
2025-11-27 23:32:27,128 [main] DEBUG c.p.b.e.MLClassificationGenerator.executeExperiment - 39104 ml_(pork)_classification inserted. 20220508/20241104
2025-11-27 23:32:32,106 [main] DEBUG c.p.b.e.MLClassificationGenerator.executeExperiment - 39104 ml_(pork)_classification inserted. 20220509/20241104
2025-11-27 23:32:37,716 [main] DEBUG c.p.b.e.MLClassificationGenerator.executeExperiment - 39104 ml_(pork)_classification inserted. 20220510/20241104
2025-11-27 23:32:42,711 [main] DEBUG c.p.b.e.MLClassificationGenerator.executeExperiment - 39104 ml_(pork)_classification inserted. 20220511/20241104
2025-11-27 23:32:47,000 [main] DEBUG c.p.b.e.MLClassificationGenerator.executeExperiment - 39104 ml_(pork)_classification inserted. 20220512/20241104
2025-11-27 23:32:51,373 [main] DEBUG c.p.b.e.MLClassificationGenerator.executeExperiment - 39104 ml_(pork)_classification inserted. 20220513/20241104
2025-11-27 23:32:55,932 [main] DEBUG c.p.b.e.MLClassificationGenerator.executeExperiment - 39104 ml_(pork)_classification inserted. 20220514/20241104
2025-11-27 23:33:00,641 [main] DEBUG c.p.b.e.MLClassificationGenerator.executeExperiment - 39104 ml_(pork)_classification inserted. 20220515/20241104
2025-11-27 23:33:04,917 [main] DEBUG c.p.b.e.MLClassificationGenerator.executeExperiment - 39104 ml_(pork)_classification inserted. 20220516/20241104
2025-11-27 23:33:08,315 [main] DEBUG c.p.b.e.MLClassificationGenerator.executeExperiment - 39104 ml_(pork)_classification inserted. 20220517/20241104
2025-11-27 23:33:12,159 [main] DEBUG c.p.b.e.MLClassificationGenerator.executeExperiment - 39104 ml_(pork)_classification inserted. 20220518/20241104
2025-11-27 23:33:16,740 [main] DEBUG c.p.b.e.MLClassificationGenerator.executeExperiment - 39104 ml_(pork)_classification inserted. 20220519/20241104
2025-11-27 23:33:21,390 [main] DEBUG c.p.b.e.MLClassificationGenerator.executeExperiment - 39104 ml_(pork)_classification inserted. 20220520/20241104
2025-11-27 23:33:26,478 [main] DEBUG c.p.b.e.MLClassificationGenerator.executeExperiment - 39104 ml_(pork)_classification inserted. 20220521/20241104
2025-11-27 23:33:31,438 [main] DEBUG c.p.b.e.MLClassificationGenerator.executeExperiment - 39104 ml_(pork)_classification inserted. 20220522/20241104
2025-11-27 23:33:35,292 [main] DEBUG c.p.b.e.MLClassificationGenerator.executeExperiment - 39104 ml_(pork)_classification inserted. 20220523/20241104
2025-11-27 23:33:39,203 [main] DEBUG c.p.b.e.MLClassificationGenerator.executeExperiment - 39104 ml_(pork)_classification inserted. 20220524/20241104
2025-11-27 23:33:42,653 [main] DEBUG c.p.b.e.MLClassificationGenerator.executeExperiment - 39104 ml_(pork)_classification inserted. 20220525/20241104
2025-11-27 23:33:48,142 [main] DEBUG c.p.b.e.MLClassificationGenerator.executeExperiment - 39104 ml_(pork)_classification inserted. 20220526/20241104
2025-11-27 23:33:52,702 [main] DEBUG c.p.b.e.MLClassificationGenerator.executeExperiment - 39104 ml_(pork)_classification inserted. 20220527/20241104
2025-11-27 23:33:58,830 [main] DEBUG c.p.b.e.MLClassificationGenerator.executeExperiment - 39104 ml_(pork)_classification inserted. 20220528/20241104
2025-11-27 23:34:05,825 [main] DEBUG c.p.b.e.MLClassificationGenerator.executeExperiment - 39104 ml_(pork)_classification inserted. 20220529/20241104
2025-11-27 23:34:11,070 [main] DEBUG c.p.b.e.MLClassificationGenerator.executeExperiment - 39104 ml_(pork)_classification inserted. 20220530/20241104
2025-11-27 23:34:14,891 [main] DEBUG c.p.b.e.MLClassificationGenerator.executeExperiment - 39104 ml_(pork)_classification inserted. 20220531/20241104
2025-11-27 23:34:19,145 [main] DEBUG c.p.b.e.MLClassificationGenerator.executeExperiment - 39104 ml_(pork)_classification inserted. 20220601/20241104
2025-11-27 23:34:23,447 [main] DEBUG c.p.b.e.MLClassificationGenerator.executeExperiment - 39104 ml_(pork)_classification inserted. 20220602/20241104
2025-11-27 23:34:27,685 [main] DEBUG c.p.b.e.MLClassificationGenerator.executeExperiment - 39104 ml_(pork)_classification inserted. 20220603/20241104
2025-11-27 23:34:32,341 [main] DEBUG c.p.b.e.MLClassificationGenerator.executeExperiment - 39104 ml_(pork)_classification inserted. 20220604/20241104
2025-11-27 23:34:36,974 [main] DEBUG c.p.b.e.MLClassificationGenerator.executeExperiment - 39104 ml_(pork)_classification inserted. 20220605/20241104
2025-11-27 23:34:42,045 [main] DEBUG c.p.b.e.MLClassificationGenerator.executeExperiment - 39104 ml_(pork)_classification inserted. 20220606/20241104
2025-11-27 23:34:46,664 [main] DEBUG c.p.b.e.MLClassificationGenerator.executeExperiment - 39104 ml_(pork)_classification inserted. 20220607/20241104
2025-11-27 23:34:50,950 [main] DEBUG c.p.b.e.MLClassificationGenerator.executeExperiment - 39104 ml_(pork)_classification inserted. 20220608/20241104
2025-11-27 23:34:54,849 [main] DEBUG c.p.b.e.MLClassificationGenerator.executeExperiment - 39104 ml_(pork)_classification inserted. 20220609/20241104
2025-11-27 23:34:59,142 [main] DEBUG c.p.b.e.MLClassificationGenerator.executeExperiment - 39104 ml_(pork)_classification inserted. 20220610/20241104
2025-11-27 23:35:04,155 [main] DEBUG c.p.b.e.MLClassificationGenerator.executeExperiment - 39104 ml_(pork)_classification inserted. 20220611/20241104
2025-11-27 23:35:09,217 [main] DEBUG c.p.b.e.MLClassificationGenerator.executeExperiment - 39104 ml_(pork)_classification inserted. 20220612/20241104
2025-11-27 23:35:13,933 [main] DEBUG c.p.b.e.MLClassificationGenerator.executeExperiment - 39104 ml_(pork)_classification inserted. 20220613/20241104
2025-11-27 23:35:18,601 [main] DEBUG c.p.b.e.MLClassificationGenerator.executeExperiment - 39104 ml_(pork)_classification inserted. 20220614/20241104
2025-11-27 23:35:22,903 [main] DEBUG c.p.b.e.MLClassificationGenerator.executeExperiment - 39104 ml_(pork)_classification inserted. 20220615/20241104
2025-11-27 23:35:27,486 [main] DEBUG c.p.b.e.MLClassificationGenerator.executeExperiment - 39104 ml_(pork)_classification inserted. 20220616/20241104
2025-11-27 23:35:32,445 [main] DEBUG c.p.b.e.MLClassificationGenerator.executeExperiment - 39104 ml_(pork)_classification inserted. 20220617/20241104
2025-11-27 23:35:37,947 [main] DEBUG c.p.b.e.MLClassificationGenerator.executeExperiment - 39104 ml_(pork)_classification inserted. 20220618/20241104
2025-11-27 23:35:43,229 [main] DEBUG c.p.b.e.MLClassificationGenerator.executeExperiment - 39104 ml_(pork)_classification inserted. 20220619/20241104
2025-11-27 23:35:47,529 [main] DEBUG c.p.b.e.MLClassificationGenerator.executeExperiment - 39104 ml_(pork)_classification inserted. 20220620/20241104
2025-11-27 23:35:52,607 [main] DEBUG c.p.b.e.MLClassificationGenerator.executeExperiment - 39104 ml_(pork)_classification inserted. 20220621/20241104
2025-11-27 23:35:57,363 [main] DEBUG c.p.b.e.MLClassificationGenerator.executeExperiment - 39104 ml_(pork)_classification inserted. 20220622/20241104
2025-11-27 23:36:01,259 [main] DEBUG c.p.b.e.MLClassificationGenerator.executeExperiment - 39104 ml_(pork)_classification inserted. 20220623/20241104
2025-11-27 23:36:05,242 [main] DEBUG c.p.b.e.MLClassificationGenerator.executeExperiment - 39104 ml_(pork)_classification inserted. 20220624/20241104
2025-11-27 23:36:09,927 [main] DEBUG c.p.b.e.MLClassificationGenerator.executeExperiment - 39104 ml_(pork)_classification inserted. 20220625/20241104
2025-11-27 23:36:15,235 [main] DEBUG c.p.b.e.MLClassificationGenerator.executeExperiment - 39104 ml_(pork)_classification inserted. 20220626/20241104
2025-11-27 23:36:20,675 [main] DEBUG c.p.b.e.MLClassificationGenerator.executeExperiment - 39104 ml_(pork)_classification inserted. 20220627/20241104
2025-11-27 23:36:26,035 [main] DEBUG c.p.b.e.MLClassificationGenerator.executeExperiment - 39104 ml_(pork)_classification inserted. 20220628/20241104
2025-11-27 23:36:31,721 [main] DEBUG c.p.b.e.MLClassificationGenerator.executeExperiment - 39104 ml_(pork)_classification inserted. 20220629/20241104
2025-11-27 23:36:36,899 [main] DEBUG c.p.b.e.MLClassificationGenerator.executeExperiment - 39104 ml_(pork)_classification inserted. 20220630/20241104
2025-11-27 23:36:41,510 [main] DEBUG c.p.b.e.MLClassificationGenerator.executeExperiment - 39104 ml_(pork)_classification inserted. 20220701/20241104
2025-11-27 23:36:46,939 [main] DEBUG c.p.b.e.MLClassificationGenerator.executeExperiment - 39104 ml_(pork)_classification inserted. 20220702/20241104
2025-11-27 23:36:52,803 [main] DEBUG c.p.b.e.MLClassificationGenerator.executeExperiment - 39104 ml_(pork)_classification inserted. 20220703/20241104
2025-11-27 23:36:57,696 [main] DEBUG c.p.b.e.MLClassificationGenerator.executeExperiment - 39104 ml_(pork)_classification inserted. 20220704/20241104
2025-11-27 23:37:03,899 [main] DEBUG c.p.b.e.MLClassificationGenerator.executeExperiment - 39104 ml_(pork)_classification inserted. 20220705/20241104
2025-11-27 23:37:09,264 [main] DEBUG c.p.b.e.MLClassificationGenerator.executeExperiment - 39104 ml_(pork)_classification inserted. 20220706/20241104
2025-11-27 23:37:14,395 [main] DEBUG c.p.b.e.MLClassificationGenerator.executeExperiment - 39104 ml_(pork)_classification inserted. 20220707/20241104
2025-11-27 23:37:19,096 [main] DEBUG c.p.b.e.MLClassificationGenerator.executeExperiment - 39104 ml_(pork)_classification inserted. 20220708/20241104
2025-11-27 23:37:25,026 [main] DEBUG c.p.b.e.MLClassificationGenerator.executeExperiment - 39104 ml_(pork)_classification inserted. 20220709/20241104
2025-11-27 23:37:30,411 [main] DEBUG c.p.b.e.MLClassificationGenerator.executeExperiment - 39104 ml_(pork)_classification inserted. 20220710/20241104
2025-11-27 23:37:35,920 [main] DEBUG c.p.b.e.MLClassificationGenerator.executeExperiment - 39104 ml_(pork)_classification inserted. 20220711/20241104
2025-11-27 23:37:41,477 [main] DEBUG c.p.b.e.MLClassificationGenerator.executeExperiment - 39104 ml_(pork)_classification inserted. 20220712/20241104
2025-11-27 23:37:46,451 [main] DEBUG c.p.b.e.MLClassificationGenerator.executeExperiment - 39104 ml_(pork)_classification inserted. 20220713/20241104
2025-11-27 23:37:51,151 [main] DEBUG c.p.b.e.MLClassificationGenerator.executeExperiment - 39104 ml_(pork)_classification inserted. 20220714/20241104
2025-11-27 23:37:56,319 [main] DEBUG c.p.b.e.MLClassificationGenerator.executeExperiment - 39104 ml_(pork)_classification inserted. 20220715/20241104
2025-11-27 23:38:01,888 [main] DEBUG c.p.b.e.MLClassificationGenerator.executeExperiment - 39104 ml_(pork)_classification inserted. 20220716/20241104
2025-11-27 23:38:07,456 [main] DEBUG c.p.b.e.MLClassificationGenerator.executeExperiment - 39104 ml_(pork)_classification inserted. 20220717/20241104
2025-11-27 23:38:12,268 [main] DEBUG c.p.b.e.MLClassificationGenerator.executeExperiment - 39104 ml_(pork)_classification inserted. 20220718/20241104
2025-11-27 23:38:17,415 [main] DEBUG c.p.b.e.MLClassificationGenerator.executeExperiment - 39104 ml_(pork)_classification inserted. 20220719/20241104
2025-11-27 23:38:22,159 [main] DEBUG c.p.b.e.MLClassificationGenerator.executeExperiment - 39104 ml_(pork)_classification inserted. 20220720/20241104
2025-11-27 23:38:25,981 [main] DEBUG c.p.b.e.MLClassificationGenerator.executeExperiment - 39104 ml_(pork)_classification inserted. 20220721/20241104
2025-11-27 23:38:30,724 [main] DEBUG c.p.b.e.MLClassificationGenerator.executeExperiment - 39104 ml_(pork)_classification inserted. 20220722/20241104
2025-11-27 23:38:34,964 [main] DEBUG c.p.b.e.MLClassificationGenerator.executeExperiment - 39104 ml_(pork)_classification inserted. 20220723/20241104
2025-11-27 23:38:39,586 [main] DEBUG c.p.b.e.MLClassificationGenerator.executeExperiment - 39104 ml_(pork)_classification inserted. 20220724/20241104
2025-11-27 23:38:43,715 [main] DEBUG c.p.b.e.MLClassificationGenerator.executeExperiment - 39104 ml_(pork)_classification inserted. 20220725/20241104
2025-11-27 23:38:48,671 [main] DEBUG c.p.b.e.MLClassificationGenerator.executeExperiment - 39104 ml_(pork)_classification inserted. 20220726/20241104
2025-11-27 23:38:53,692 [main] DEBUG c.p.b.e.MLClassificationGenerator.executeExperiment - 39104 ml_(pork)_classification inserted. 20220727/20241104
2025-11-27 23:38:58,227 [main] DEBUG c.p.b.e.MLClassificationGenerator.executeExperiment - 39104 ml_(pork)_classification inserted. 20220728/20241104
2025-11-27 23:39:03,583 [main] DEBUG c.p.b.e.MLClassificationGenerator.executeExperiment - 39104 ml_(pork)_classification inserted. 20220729/20241104
2025-11-27 23:39:08,611 [main] DEBUG c.p.b.e.MLClassificationGenerator.executeExperiment - 39104 ml_(pork)_classification inserted. 20220730/20241104
2025-11-27 23:39:14,023 [main] DEBUG c.p.b.e.MLClassificationGenerator.executeExperiment - 39104 ml_(pork)_classification inserted. 20220731/20241104
2025-11-27 23:39:18,830 [main] DEBUG c.p.b.e.MLClassificationGenerator.executeExperiment - 39104 ml_(pork)_classification inserted. 20220801/20241104
2025-11-27 23:39:22,756 [main] DEBUG c.p.b.e.MLClassificationGenerator.executeExperiment - 39104 ml_(pork)_classification inserted. 20220802/20241104
2025-11-27 23:39:27,038 [main] DEBUG c.p.b.e.MLClassificationGenerator.executeExperiment - 39104 ml_(pork)_classification inserted. 20220803/20241104
2025-11-27 23:39:31,276 [main] DEBUG c.p.b.e.MLClassificationGenerator.executeExperiment - 39104 ml_(pork)_classification inserted. 20220804/20241104
2025-11-27 23:39:35,979 [main] DEBUG c.p.b.e.MLClassificationGenerator.executeExperiment - 39104 ml_(pork)_classification inserted. 20220805/20241104
2025-11-27 23:39:40,327 [main] DEBUG c.p.b.e.MLClassificationGenerator.executeExperiment - 39104 ml_(pork)_classification inserted. 20220806/20241104
2025-11-27 23:39:44,309 [main] DEBUG c.p.b.e.MLClassificationGenerator.executeExperiment - 39104 ml_(pork)_classification inserted. 20220807/20241104
2025-11-27 23:39:47,820 [main] DEBUG c.p.b.e.MLClassificationGenerator.executeExperiment - 39104 ml_(pork)_classification inserted. 20220808/20241104
2025-11-27 23:39:52,113 [main] DEBUG c.p.b.e.MLClassificationGenerator.executeExperiment - 39104 ml_(pork)_classification inserted. 20220809/20241104
2025-11-27 23:39:57,181 [main] DEBUG c.p.b.e.MLClassificationGenerator.executeExperiment - 39104 ml_(pork)_classification inserted. 20220810/20241104
2025-11-27 23:40:04,117 [main] DEBUG c.p.b.e.MLClassificationGenerator.executeExperiment - 39104 ml_(pork)_classification inserted. 20220811/20241104
2025-11-27 23:40:10,422 [main] DEBUG c.p.b.e.MLClassificationGenerator.executeExperiment - 39104 ml_(pork)_classification inserted. 20220812/20241104
2025-11-27 23:40:17,044 [main] DEBUG c.p.b.e.MLClassificationGenerator.executeExperiment - 39104 ml_(pork)_classification inserted. 20220813/20241104
2025-11-27 23:40:24,030 [main] DEBUG c.p.b.e.MLClassificationGenerator.executeExperiment - 39104 ml_(pork)_classification inserted. 20220814/20241104
2025-11-27 23:40:29,767 [main] DEBUG c.p.b.e.MLClassificationGenerator.executeExperiment - 39104 ml_(pork)_classification inserted. 20220815/20241104
2025-11-27 23:40:34,483 [main] DEBUG c.p.b.e.MLClassificationGenerator.executeExperiment - 39104 ml_(pork)_classification inserted. 20220816/20241104
2025-11-27 23:40:39,240 [main] DEBUG c.p.b.e.MLClassificationGenerator.executeExperiment - 39104 ml_(pork)_classification inserted. 20220817/20241104
2025-11-27 23:40:43,809 [main] DEBUG c.p.b.e.MLClassificationGenerator.executeExperiment - 39104 ml_(pork)_classification inserted. 20220818/20241104
2025-11-27 23:40:50,373 [main] DEBUG c.p.b.e.MLClassificationGenerator.executeExperiment - 39104 ml_(pork)_classification inserted. 20220819/20241104
2025-11-27 23:40:57,709 [main] DEBUG c.p.b.e.MLClassificationGenerator.executeExperiment - 39104 ml_(pork)_classification inserted. 20220820/20241104
2025-11-27 23:41:03,690 [main] DEBUG c.p.b.e.MLClassificationGenerator.executeExperiment - 39104 ml_(pork)_classification inserted. 20220821/20241104
2025-11-27 23:41:10,046 [main] DEBUG c.p.b.e.MLClassificationGenerator.executeExperiment - 39104 ml_(pork)_classification inserted. 20220822/20241104
2025-11-27 23:41:15,956 [main] DEBUG c.p.b.e.MLClassificationGenerator.executeExperiment - 39104 ml_(pork)_classification inserted. 20220823/20241104
2025-11-27 23:41:21,430 [main] DEBUG c.p.b.e.MLClassificationGenerator.executeExperiment - 39104 ml_(pork)_classification inserted. 20220824/20241104
2025-11-27 23:41:26,419 [main] DEBUG c.p.b.e.MLClassificationGenerator.executeExperiment - 39104 ml_(pork)_classification inserted. 20220825/20241104
2025-11-27 23:41:30,987 [main] DEBUG c.p.b.e.MLClassificationGenerator.executeExperiment - 39104 ml_(pork)_classification inserted. 20220826/20241104
2025-11-27 23:41:36,152 [main] DEBUG c.p.b.e.MLClassificationGenerator.executeExperiment - 39104 ml_(pork)_classification inserted. 20220827/20241104
2025-11-27 23:41:41,578 [main] DEBUG c.p.b.e.MLClassificationGenerator.executeExperiment - 39104 ml_(pork)_classification inserted. 20220828/20241104
2025-11-27 23:41:46,208 [main] DEBUG c.p.b.e.MLClassificationGenerator.executeExperiment - 39104 ml_(pork)_classification inserted. 20220829/20241104
2025-11-27 23:41:51,687 [main] DEBUG c.p.b.e.MLClassificationGenerator.executeExperiment - 39104 ml_(pork)_classification inserted. 20220830/20241104
2025-11-27 23:41:57,259 [main] DEBUG c.p.b.e.MLClassificationGenerator.executeExperiment - 39104 ml_(pork)_classification inserted. 20220831/20241104
2025-11-27 23:42:01,914 [main] DEBUG c.p.b.e.MLClassificationGenerator.executeExperiment - 39104 ml_(pork)_classification inserted. 20220901/20241104
2025-11-27 23:42:06,529 [main] DEBUG c.p.b.e.MLClassificationGenerator.executeExperiment - 39104 ml_(pork)_classification inserted. 20220902/20241104
2025-11-27 23:42:11,118 [main] DEBUG c.p.b.e.MLClassificationGenerator.executeExperiment - 39104 ml_(pork)_classification inserted. 20220903/20241104
2025-11-27 23:42:15,668 [main] DEBUG c.p.b.e.MLClassificationGenerator.executeExperiment - 39104 ml_(pork)_classification inserted. 20220904/20241104
2025-11-27 23:42:18,990 [main] DEBUG c.p.b.e.MLClassificationGenerator.executeExperiment - 39104 ml_(pork)_classification inserted. 20220905/20241104
2025-11-27 23:42:21,407 [main] DEBUG c.p.b.e.MLClassificationGenerator.executeExperiment - 39104 ml_(pork)_classification inserted. 20220906/20241104
2025-11-27 23:42:25,687 [main] DEBUG c.p.b.e.MLClassificationGenerator.executeExperiment - 39104 ml_(pork)_classification inserted. 20220907/20241104
2025-11-27 23:42:30,363 [main] DEBUG c.p.b.e.MLClassificationGenerator.executeExperiment - 39104 ml_(pork)_classification inserted. 20220908/20241104
2025-11-27 23:42:34,678 [main] DEBUG c.p.b.e.MLClassificationGenerator.executeExperiment - 39104 ml_(pork)_classification inserted. 20220909/20241104
2025-11-27 23:42:39,603 [main] DEBUG c.p.b.e.MLClassificationGenerator.executeExperiment - 39104 ml_(pork)_classification inserted. 20220910/20241104
2025-11-27 23:42:44,598 [main] DEBUG c.p.b.e.MLClassificationGenerator.executeExperiment - 39104 ml_(pork)_classification inserted. 20220911/20241104
2025-11-27 23:42:49,986 [main] DEBUG c.p.b.e.MLClassificationGenerator.executeExperiment - 39104 ml_(pork)_classification inserted. 20220912/20241104
2025-11-27 23:42:55,016 [main] DEBUG c.p.b.e.MLClassificationGenerator.executeExperiment - 39104 ml_(pork)_classification inserted. 20220913/20241104
2025-11-27 23:42:59,994 [main] DEBUG c.p.b.e.MLClassificationGenerator.executeExperiment - 39104 ml_(pork)_classification inserted. 20220914/20241104
2025-11-27 23:43:04,209 [main] DEBUG c.p.b.e.MLClassificationGenerator.executeExperiment - 39104 ml_(pork)_classification inserted. 20220915/20241104
2025-11-27 23:43:08,783 [main] DEBUG c.p.b.e.MLClassificationGenerator.executeExperiment - 39104 ml_(pork)_classification inserted. 20220916/20241104
2025-11-27 23:43:14,419 [main] DEBUG c.p.b.e.MLClassificationGenerator.executeExperiment - 39104 ml_(pork)_classification inserted. 20220917/20241104
2025-11-27 23:43:18,275 [main] DEBUG c.p.b.e.MLClassificationGenerator.executeExperiment - 39104 ml_(pork)_classification inserted. 20220918/20241104
2025-11-27 23:43:19,870 [main] DEBUG c.p.b.e.MLClassificationGenerator.executeExperiment - 39104 ml_(pork)_classification inserted. 20220919/20241104
2025-11-27 23:43:24,707 [main] DEBUG c.p.b.e.MLClassificationGenerator.executeExperiment - 39104 ml_(pork)_classification inserted. 20220920/20241104
2025-11-27 23:43:30,106 [main] DEBUG c.p.b.e.MLClassificationGenerator.executeExperiment - 39104 ml_(pork)_classification inserted. 20220921/20241104
2025-11-27 23:43:36,053 [main] DEBUG c.p.b.e.MLClassificationGenerator.executeExperiment - 39104 ml_(pork)_classification inserted. 20220922/20241104
2025-11-27 23:43:42,024 [main] DEBUG c.p.b.e.MLClassificationGenerator.executeExperiment - 39104 ml_(pork)_classification inserted. 20220923/20241104
2025-11-27 23:43:47,552 [main] DEBUG c.p.b.e.MLClassificationGenerator.executeExperiment - 39104 ml_(pork)_classification inserted. 20220924/20241104
2025-11-27 23:43:52,990 [main] DEBUG c.p.b.e.MLClassificationGenerator.executeExperiment - 39104 ml_(pork)_classification inserted. 20220925/20241104
2025-11-27 23:43:58,258 [main] DEBUG c.p.b.e.MLClassificationGenerator.executeExperiment - 39104 ml_(pork)_classification inserted. 20220926/20241104
2025-11-27 23:44:02,750 [main] DEBUG c.p.b.e.MLClassificationGenerator.executeExperiment - 39104 ml_(pork)_classification inserted. 20220927/20241104
2025-11-27 23:44:06,884 [main] DEBUG c.p.b.e.MLClassificationGenerator.executeExperiment - 39104 ml_(pork)_classification inserted. 20220928/20241104
2025-11-27 23:44:10,996 [main] DEBUG c.p.b.e.MLClassificationGenerator.executeExperiment - 39104 ml_(pork)_classification inserted. 20220929/20241104
2025-11-27 23:44:15,646 [main] DEBUG c.p.b.e.MLClassificationGenerator.executeExperiment - 39104 ml_(pork)_classification inserted. 20220930/20241104
2025-11-27 23:44:20,734 [main] DEBUG c.p.b.e.MLClassificationGenerator.executeExperiment - 39104 ml_(pork)_classification inserted. 20221001/20241104
2025-11-27 23:44:26,072 [main] DEBUG c.p.b.e.MLClassificationGenerator.executeExperiment - 39104 ml_(pork)_classification inserted. 20221002/20241104
2025-11-27 23:44:31,083 [main] DEBUG c.p.b.e.MLClassificationGenerator.executeExperiment - 39104 ml_(pork)_classification inserted. 20221003/20241104
2025-11-27 23:44:34,756 [main] DEBUG c.p.b.e.MLClassificationGenerator.executeExperiment - 39104 ml_(pork)_classification inserted. 20221004/20241104
2025-11-27 23:44:38,641 [main] DEBUG c.p.b.e.MLClassificationGenerator.executeExperiment - 39104 ml_(pork)_classification inserted. 20221005/20241104
2025-11-27 23:44:42,421 [main] DEBUG c.p.b.e.MLClassificationGenerator.executeExperiment - 39104 ml_(pork)_classification inserted. 20221006/20241104
2025-11-27 23:44:46,119 [main] DEBUG c.p.b.e.MLClassificationGenerator.executeExperiment - 39104 ml_(pork)_classification inserted. 20221007/20241104
2025-11-27 23:44:51,539 [main] DEBUG c.p.b.e.MLClassificationGenerator.executeExperiment - 39104 ml_(pork)_classification inserted. 20221008/20241104
2025-11-27 23:44:56,979 [main] DEBUG c.p.b.e.MLClassificationGenerator.executeExperiment - 39104 ml_(pork)_classification inserted. 20221009/20241104
2025-11-27 23:45:01,595 [main] DEBUG c.p.b.e.MLClassificationGenerator.executeExperiment - 39104 ml_(pork)_classification inserted. 20221010/20241104
2025-11-27 23:45:06,683 [main] DEBUG c.p.b.e.MLClassificationGenerator.executeExperiment - 39104 ml_(pork)_classification inserted. 20221011/20241104
2025-11-27 23:45:10,895 [main] DEBUG c.p.b.e.MLClassificationGenerator.executeExperiment - 39104 ml_(pork)_classification inserted. 20221012/20241104
2025-11-27 23:45:15,195 [main] DEBUG c.p.b.e.MLClassificationGenerator.executeExperiment - 39104 ml_(pork)_classification inserted. 20221013/20241104
2025-11-27 23:45:19,407 [main] DEBUG c.p.b.e.MLClassificationGenerator.executeExperiment - 39104 ml_(pork)_classification inserted. 20221014/20241104
2025-11-27 23:45:23,523 [main] DEBUG c.p.b.e.MLClassificationGenerator.executeExperiment - 39104 ml_(pork)_classification inserted. 20221015/20241104
2025-11-27 23:45:28,563 [main] DEBUG c.p.b.e.MLClassificationGenerator.executeExperiment - 39104 ml_(pork)_classification inserted. 20221016/20241104
2025-11-27 23:45:32,685 [main] DEBUG c.p.b.e.MLClassificationGenerator.executeExperiment - 39104 ml_(pork)_classification inserted. 20221017/20241104
2025-11-27 23:45:36,559 [main] DEBUG c.p.b.e.MLClassificationGenerator.executeExperiment - 39104 ml_(pork)_classification inserted. 20221018/20241104
2025-11-27 23:45:40,894 [main] DEBUG c.p.b.e.MLClassificationGenerator.executeExperiment - 39104 ml_(pork)_classification inserted. 20221019/20241104
2025-11-27 23:45:45,529 [main] DEBUG c.p.b.e.MLClassificationGenerator.executeExperiment - 39104 ml_(pork)_classification inserted. 20221020/20241104
2025-11-27 23:45:49,731 [main] DEBUG c.p.b.e.MLClassificationGenerator.executeExperiment - 39104 ml_(pork)_classification inserted. 20221021/20241104
2025-11-27 23:45:53,870 [main] DEBUG c.p.b.e.MLClassificationGenerator.executeExperiment - 39104 ml_(pork)_classification inserted. 20221022/20241104
2025-11-27 23:45:58,444 [main] DEBUG c.p.b.e.MLClassificationGenerator.executeExperiment - 39104 ml_(pork)_classification inserted. 20221023/20241104
2025-11-27 23:46:02,666 [main] DEBUG c.p.b.e.MLClassificationGenerator.executeExperiment - 39104 ml_(pork)_classification inserted. 20221024/20241104
2025-11-27 23:46:07,652 [main] DEBUG c.p.b.e.MLClassificationGenerator.executeExperiment - 39104 ml_(pork)_classification inserted. 20221025/20241104
2025-11-27 23:46:12,301 [main] DEBUG c.p.b.e.MLClassificationGenerator.executeExperiment - 39104 ml_(pork)_classification inserted. 20221026/20241104
2025-11-27 23:46:16,814 [main] DEBUG c.p.b.e.MLClassificationGenerator.executeExperiment - 39104 ml_(pork)_classification inserted. 20221027/20241104
2025-11-27 23:46:21,100 [main] DEBUG c.p.b.e.MLClassificationGenerator.executeExperiment - 39104 ml_(pork)_classification inserted. 20221028/20241104
2025-11-27 23:46:26,482 [main] DEBUG c.p.b.e.MLClassificationGenerator.executeExperiment - 39104 ml_(pork)_classification inserted. 20221029/20241104
2025-11-27 23:46:31,935 [main] DEBUG c.p.b.e.MLClassificationGenerator.executeExperiment - 39104 ml_(pork)_classification inserted. 20221030/20241104
2025-11-27 23:46:36,208 [main] DEBUG c.p.b.e.MLClassificationGenerator.executeExperiment - 39104 ml_(pork)_classification inserted. 20221031/20241104
2025-11-27 23:46:40,890 [main] DEBUG c.p.b.e.MLClassificationGenerator.executeExperiment - 39104 ml_(pork)_classification inserted. 20221101/20241104
2025-11-27 23:46:45,596 [main] DEBUG c.p.b.e.MLClassificationGenerator.executeExperiment - 39104 ml_(pork)_classification inserted. 20221102/20241104
2025-11-27 23:46:50,747 [main] DEBUG c.p.b.e.MLClassificationGenerator.executeExperiment - 39104 ml_(pork)_classification inserted. 20221103/20241104
2025-11-27 23:46:55,524 [main] DEBUG c.p.b.e.MLClassificationGenerator.executeExperiment - 39104 ml_(pork)_classification inserted. 20221104/20241104
2025-11-27 23:46:56,813 [main] DEBUG c.p.b.e.MLClassificationGenerator.executeExperiment - 39104 ml_(pork)_classification inserted. 20221105/20241104
2025-11-27 23:47:01,143 [main] DEBUG c.p.b.e.MLClassificationGenerator.executeExperiment - 39104 ml_(pork)_classification inserted. 20221106/20241104
2025-11-27 23:47:05,044 [main] DEBUG c.p.b.e.MLClassificationGenerator.executeExperiment - 39104 ml_(pork)_classification inserted. 20221107/20241104
2025-11-27 23:47:08,437 [main] DEBUG c.p.b.e.MLClassificationGenerator.executeExperiment - 39104 ml_(pork)_classification inserted. 20221108/20241104
2025-11-27 23:47:11,941 [main] DEBUG c.p.b.e.MLClassificationGenerator.executeExperiment - 39104 ml_(pork)_classification inserted. 20221109/20241104
2025-11-27 23:47:16,521 [main] DEBUG c.p.b.e.MLClassificationGenerator.executeExperiment - 39104 ml_(pork)_classification inserted. 20221110/20241104
2025-11-27 23:47:21,325 [main] DEBUG c.p.b.e.MLClassificationGenerator.executeExperiment - 39104 ml_(pork)_classification inserted. 20221111/20241104
2025-11-27 23:47:25,965 [main] DEBUG c.p.b.e.MLClassificationGenerator.executeExperiment - 39104 ml_(pork)_classification inserted. 20221112/20241104
2025-11-27 23:47:30,687 [main] DEBUG c.p.b.e.MLClassificationGenerator.executeExperiment - 39104 ml_(pork)_classification inserted. 20221113/20241104
2025-11-27 23:47:35,043 [main] DEBUG c.p.b.e.MLClassificationGenerator.executeExperiment - 39104 ml_(pork)_classification inserted. 20221114/20241104
2025-11-27 23:47:39,781 [main] DEBUG c.p.b.e.MLClassificationGenerator.executeExperiment - 39104 ml_(pork)_classification inserted. 20221115/20241104
2025-11-27 23:47:44,513 [main] DEBUG c.p.b.e.MLClassificationGenerator.executeExperiment - 39104 ml_(pork)_classification inserted. 20221116/20241104
2025-11-27 23:47:48,814 [main] DEBUG c.p.b.e.MLClassificationGenerator.executeExperiment - 39104 ml_(pork)_classification inserted. 20221117/20241104
2025-11-27 23:47:53,929 [main] DEBUG c.p.b.e.MLClassificationGenerator.executeExperiment - 39104 ml_(pork)_classification inserted. 20221118/20241104
2025-11-27 23:47:59,454 [main] DEBUG c.p.b.e.MLClassificationGenerator.executeExperiment - 39104 ml_(pork)_classification inserted. 20221119/20241104
2025-11-27 23:48:04,612 [main] DEBUG c.p.b.e.MLClassificationGenerator.executeExperiment - 39104 ml_(pork)_classification inserted. 20221120/20241104
2025-11-27 23:48:08,588 [main] DEBUG c.p.b.e.MLClassificationGenerator.executeExperiment - 39104 ml_(pork)_classification inserted. 20221121/20241104
2025-11-27 23:48:13,032 [main] DEBUG c.p.b.e.MLClassificationGenerator.executeExperiment - 39104 ml_(pork)_classification inserted. 20221122/20241104
2025-11-27 23:48:17,398 [main] DEBUG c.p.b.e.MLClassificationGenerator.executeExperiment - 39104 ml_(pork)_classification inserted. 20221123/20241104
2025-11-27 23:48:21,718 [main] DEBUG c.p.b.e.MLClassificationGenerator.executeExperiment - 39104 ml_(pork)_classification inserted. 20221124/20241104
2025-11-27 23:48:26,398 [main] DEBUG c.p.b.e.MLClassificationGenerator.executeExperiment - 39104 ml_(pork)_classification inserted. 20221125/20241104
2025-11-27 23:48:31,403 [main] DEBUG c.p.b.e.MLClassificationGenerator.executeExperiment - 39104 ml_(pork)_classification inserted. 20221126/20241104
2025-11-27 23:48:36,579 [main] DEBUG c.p.b.e.MLClassificationGenerator.executeExperiment - 39104 ml_(pork)_classification inserted. 20221127/20241104
2025-11-27 23:48:41,268 [main] DEBUG c.p.b.e.MLClassificationGenerator.executeExperiment - 39104 ml_(pork)_classification inserted. 20221128/20241104
2025-11-27 23:48:45,751 [main] DEBUG c.p.b.e.MLClassificationGenerator.executeExperiment - 39104 ml_(pork)_classification inserted. 20221129/20241104
2025-11-27 23:48:50,370 [main] DEBUG c.p.b.e.MLClassificationGenerator.executeExperiment - 39104 ml_(pork)_classification inserted. 20221130/20241104
2025-11-27 23:48:55,230 [main] DEBUG c.p.b.e.MLClassificationGenerator.executeExperiment - 39104 ml_(pork)_classification inserted. 20221201/20241104
2025-11-27 23:49:00,256 [main] DEBUG c.p.b.e.MLClassificationGenerator.executeExperiment - 39104 ml_(pork)_classification inserted. 20221202/20241104
2025-11-27 23:49:05,314 [main] DEBUG c.p.b.e.MLClassificationGenerator.executeExperiment - 39104 ml_(pork)_classification inserted. 20221203/20241104
2025-11-27 23:49:09,588 [main] DEBUG c.p.b.e.MLClassificationGenerator.executeExperiment - 39104 ml_(pork)_classification inserted. 20221204/20241104
2025-11-27 23:49:14,540 [main] DEBUG c.p.b.e.MLClassificationGenerator.executeExperiment - 39104 ml_(pork)_classification inserted. 20221205/20241104
2025-11-27 23:49:20,876 [main] DEBUG c.p.b.e.MLClassificationGenerator.executeExperiment - 39104 ml_(pork)_classification inserted. 20221206/20241104
2025-11-27 23:49:25,979 [main] DEBUG c.p.b.e.MLClassificationGenerator.executeExperiment - 39104 ml_(pork)_classification inserted. 20221207/20241104
2025-11-27 23:49:31,962 [main] DEBUG c.p.b.e.MLClassificationGenerator.executeExperiment - 39104 ml_(pork)_classification inserted. 20221208/20241104
2025-11-27 23:49:38,399 [main] DEBUG c.p.b.e.MLClassificationGenerator.executeExperiment - 39104 ml_(pork)_classification inserted. 20221209/20241104
2025-11-27 23:49:45,685 [main] DEBUG c.p.b.e.MLClassificationGenerator.executeExperiment - 39104 ml_(pork)_classification inserted. 20221210/20241104
2025-11-27 23:49:51,599 [main] DEBUG c.p.b.e.MLClassificationGenerator.executeExperiment - 39104 ml_(pork)_classification inserted. 20221211/20241104
2025-11-27 23:49:57,103 [main] DEBUG c.p.b.e.MLClassificationGenerator.executeExperiment - 39104 ml_(pork)_classification inserted. 20221212/20241104
2025-11-27 23:50:02,076 [main] DEBUG c.p.b.e.MLClassificationGenerator.executeExperiment - 39104 ml_(pork)_classification inserted. 20221213/20241104
2025-11-27 23:50:05,830 [main] DEBUG c.p.b.e.MLClassificationGenerator.executeExperiment - 39104 ml_(pork)_classification inserted. 20221214/20241104
2025-11-27 23:50:10,312 [main] DEBUG c.p.b.e.MLClassificationGenerator.executeExperiment - 39104 ml_(pork)_classification inserted. 20221215/20241104
2025-11-27 23:50:14,591 [main] DEBUG c.p.b.e.MLClassificationGenerator.executeExperiment - 39104 ml_(pork)_classification inserted. 20221216/20241104
2025-11-27 23:50:19,300 [main] DEBUG c.p.b.e.MLClassificationGenerator.executeExperiment - 39104 ml_(pork)_classification inserted. 20221217/20241104
2025-11-27 23:50:24,003 [main] DEBUG c.p.b.e.MLClassificationGenerator.executeExperiment - 39104 ml_(pork)_classification inserted. 20221218/20241104
2025-11-27 23:50:29,118 [main] DEBUG c.p.b.e.MLClassificationGenerator.executeExperiment - 39104 ml_(pork)_classification inserted. 20221219/20241104
2025-11-27 23:50:34,523 [main] DEBUG c.p.b.e.MLClassificationGenerator.executeExperiment - 39104 ml_(pork)_classification inserted. 20221220/20241104
2025-11-27 23:50:40,162 [main] DEBUG c.p.b.e.MLClassificationGenerator.executeExperiment - 39104 ml_(pork)_classification inserted. 20221221/20241104
2025-11-27 23:50:44,582 [main] DEBUG c.p.b.e.MLClassificationGenerator.executeExperiment - 39104 ml_(pork)_classification inserted. 20221222/20241104
2025-11-27 23:50:46,808 [main] DEBUG c.p.b.e.MLClassificationGenerator.executeExperiment - 39104 ml_(pork)_classification inserted. 20221223/20241104
2025-11-27 23:50:51,914 [main] DEBUG c.p.b.e.MLClassificationGenerator.executeExperiment - 39104 ml_(pork)_classification inserted. 20221224/20241104
2025-11-27 23:50:57,308 [main] DEBUG c.p.b.e.MLClassificationGenerator.executeExperiment - 39104 ml_(pork)_classification inserted. 20221225/20241104
2025-11-27 23:51:03,410 [main] DEBUG c.p.b.e.MLClassificationGenerator.executeExperiment - 39104 ml_(pork)_classification inserted. 20221226/20241104
2025-11-27 23:51:09,259 [main] DEBUG c.p.b.e.MLClassificationGenerator.executeExperiment - 39104 ml_(pork)_classification inserted. 20221227/20241104
2025-11-27 23:51:14,957 [main] DEBUG c.p.b.e.MLClassificationGenerator.executeExperiment - 39104 ml_(pork)_classification inserted. 20221228/20241104
2025-11-27 23:51:21,211 [main] DEBUG c.p.b.e.MLClassificationGenerator.executeExperiment - 39104 ml_(pork)_classification inserted. 20221229/20241104
2025-11-27 23:51:28,466 [main] DEBUG c.p.b.e.MLClassificationGenerator.executeExperiment - 39104 ml_(pork)_classification inserted. 20221230/20241104
2025-11-27 23:51:35,538 [main] DEBUG c.p.b.e.MLClassificationGenerator.executeExperiment - 39104 ml_(pork)_classification inserted. 20221231/20241104
2025-11-27 23:51:41,291 [main] DEBUG c.p.b.e.MLClassificationGenerator.executeExperiment - 39104 ml_(pork)_classification inserted. 20230101/20241104
2025-11-27 23:51:47,184 [main] DEBUG c.p.b.e.MLClassificationGenerator.executeExperiment - 39104 ml_(pork)_classification inserted. 20230102/20241104
2025-11-27 23:51:54,641 [main] DEBUG c.p.b.e.MLClassificationGenerator.executeExperiment - 39104 ml_(pork)_classification inserted. 20230103/20241104
2025-11-27 23:52:01,690 [main] DEBUG c.p.b.e.MLClassificationGenerator.executeExperiment - 39104 ml_(pork)_classification inserted. 20230104/20241104
2025-11-27 23:52:07,320 [main] DEBUG c.p.b.e.MLClassificationGenerator.executeExperiment - 39104 ml_(pork)_classification inserted. 20230105/20241104
2025-11-27 23:52:13,361 [main] DEBUG c.p.b.e.MLClassificationGenerator.executeExperiment - 39104 ml_(pork)_classification inserted. 20230106/20241104
2025-11-27 23:52:19,211 [main] DEBUG c.p.b.e.MLClassificationGenerator.executeExperiment - 39104 ml_(pork)_classification inserted. 20230107/20241104
2025-11-27 23:52:24,009 [main] DEBUG c.p.b.e.MLClassificationGenerator.executeExperiment - 39104 ml_(pork)_classification inserted. 20230108/20241104
2025-11-27 23:52:28,263 [main] DEBUG c.p.b.e.MLClassificationGenerator.executeExperiment - 39104 ml_(pork)_classification inserted. 20230109/20241104
2025-11-27 23:52:33,179 [main] DEBUG c.p.b.e.MLClassificationGenerator.executeExperiment - 39104 ml_(pork)_classification inserted. 20230110/20241104
2025-11-27 23:52:38,216 [main] DEBUG c.p.b.e.MLClassificationGenerator.executeExperiment - 39104 ml_(pork)_classification inserted. 20230111/20241104
2025-11-27 23:52:43,381 [main] DEBUG c.p.b.e.MLClassificationGenerator.executeExperiment - 39104 ml_(pork)_classification inserted. 20230112/20241104
2025-11-27 23:52:48,412 [main] DEBUG c.p.b.e.MLClassificationGenerator.executeExperiment - 39104 ml_(pork)_classification inserted. 20230113/20241104
2025-11-27 23:52:53,783 [main] DEBUG c.p.b.e.MLClassificationGenerator.executeExperiment - 39104 ml_(pork)_classification inserted. 20230114/20241104
2025-11-27 23:52:58,917 [main] DEBUG c.p.b.e.MLClassificationGenerator.executeExperiment - 39104 ml_(pork)_classification inserted. 20230115/20241104
2025-11-27 23:53:03,829 [main] DEBUG c.p.b.e.MLClassificationGenerator.executeExperiment - 39104 ml_(pork)_classification inserted. 20230116/20241104
2025-11-27 23:53:08,458 [main] DEBUG c.p.b.e.MLClassificationGenerator.executeExperiment - 39104 ml_(pork)_classification inserted. 20230117/20241104
2025-11-27 23:53:13,098 [main] DEBUG c.p.b.e.MLClassificationGenerator.executeExperiment - 39104 ml_(pork)_classification inserted. 20230118/20241104
2025-11-27 23:53:18,100 [main] DEBUG c.p.b.e.MLClassificationGenerator.executeExperiment - 39104 ml_(pork)_classification inserted. 20230119/20241104
2025-11-27 23:53:22,888 [main] DEBUG c.p.b.e.MLClassificationGenerator.executeExperiment - 39104 ml_(pork)_classification inserted. 20230120/20241104
2025-11-27 23:53:28,333 [main] DEBUG c.p.b.e.MLClassificationGenerator.executeExperiment - 39104 ml_(pork)_classification inserted. 20230121/20241104
2025-11-27 23:53:33,464 [main] DEBUG c.p.b.e.MLClassificationGenerator.executeExperiment - 39104 ml_(pork)_classification inserted. 20230122/20241104
2025-11-27 23:53:38,667 [main] DEBUG c.p.b.e.MLClassificationGenerator.executeExperiment - 39104 ml_(pork)_classification inserted. 20230123/20241104
2025-11-27 23:53:41,447 [main] DEBUG c.p.b.e.MLClassificationGenerator.executeExperiment - 39104 ml_(pork)_classification inserted. 20230124/20241104
2025-11-27 23:53:46,554 [main] DEBUG c.p.b.e.MLClassificationGenerator.executeExperiment - 39104 ml_(pork)_classification inserted. 20230125/20241104
2025-11-27 23:53:52,113 [main] DEBUG c.p.b.e.MLClassificationGenerator.executeExperiment - 39104 ml_(pork)_classification inserted. 20230126/20241104
2025-11-27 23:53:57,366 [main] DEBUG c.p.b.e.MLClassificationGenerator.executeExperiment - 39104 ml_(pork)_classification inserted. 20230127/20241104
2025-11-27 23:54:02,964 [main] DEBUG c.p.b.e.MLClassificationGenerator.executeExperiment - 39104 ml_(pork)_classification inserted. 20230128/20241104
2025-11-27 23:54:08,829 [main] DEBUG c.p.b.e.MLClassificationGenerator.executeExperiment - 39104 ml_(pork)_classification inserted. 20230129/20241104
2025-11-27 23:54:14,318 [main] DEBUG c.p.b.e.MLClassificationGenerator.executeExperiment - 39104 ml_(pork)_classification inserted. 20230130/20241104
2025-11-27 23:54:19,265 [main] DEBUG c.p.b.e.MLClassificationGenerator.executeExperiment - 39104 ml_(pork)_classification inserted. 20230131/20241104
2025-11-27 23:54:23,452 [main] DEBUG c.p.b.e.MLClassificationGenerator.executeExperiment - 39104 ml_(pork)_classification inserted. 20230201/20241104
2025-11-27 23:54:28,427 [main] DEBUG c.p.b.e.MLClassificationGenerator.executeExperiment - 39104 ml_(pork)_classification inserted. 20230202/20241104
2025-11-27 23:54:33,906 [main] DEBUG c.p.b.e.MLClassificationGenerator.executeExperiment - 39104 ml_(pork)_classification inserted. 20230203/20241104
2025-11-27 23:54:39,336 [main] DEBUG c.p.b.e.MLClassificationGenerator.executeExperiment - 39104 ml_(pork)_classification inserted. 20230204/20241104
2025-11-27 23:54:44,761 [main] DEBUG c.p.b.e.MLClassificationGenerator.executeExperiment - 39104 ml_(pork)_classification inserted. 20230205/20241104
2025-11-27 23:54:49,630 [main] DEBUG c.p.b.e.MLClassificationGenerator.executeExperiment - 39104 ml_(pork)_classification inserted. 20230206/20241104
2025-11-27 23:54:54,325 [main] DEBUG c.p.b.e.MLClassificationGenerator.executeExperiment - 39104 ml_(pork)_classification inserted. 20230207/20241104
2025-11-27 23:54:58,561 [main] DEBUG c.p.b.e.MLClassificationGenerator.executeExperiment - 39104 ml_(pork)_classification inserted. 20230208/20241104
2025-11-27 23:55:02,754 [main] DEBUG c.p.b.e.MLClassificationGenerator.executeExperiment - 39104 ml_(pork)_classification inserted. 20230209/20241104
2025-11-27 23:55:07,435 [main] DEBUG c.p.b.e.MLClassificationGenerator.executeExperiment - 39104 ml_(pork)_classification inserted. 20230210/20241104
2025-11-27 23:55:12,053 [main] DEBUG c.p.b.e.MLClassificationGenerator.executeExperiment - 39104 ml_(pork)_classification inserted. 20230211/20241104
2025-11-27 23:55:17,090 [main] DEBUG c.p.b.e.MLClassificationGenerator.executeExperiment - 39104 ml_(pork)_classification inserted. 20230212/20241104
2025-11-27 23:55:21,387 [main] DEBUG c.p.b.e.MLClassificationGenerator.executeExperiment - 39104 ml_(pork)_classification inserted. 20230213/20241104
2025-11-27 23:55:25,290 [main] DEBUG c.p.b.e.MLClassificationGenerator.executeExperiment - 39104 ml_(pork)_classification inserted. 20230214/20241104
2025-11-27 23:55:29,966 [main] DEBUG c.p.b.e.MLClassificationGenerator.executeExperiment - 39104 ml_(pork)_classification inserted. 20230215/20241104
2025-11-27 23:55:34,171 [main] DEBUG c.p.b.e.MLClassificationGenerator.executeExperiment - 39104 ml_(pork)_classification inserted. 20230216/20241104
2025-11-27 23:55:39,265 [main] DEBUG c.p.b.e.MLClassificationGenerator.executeExperiment - 39104 ml_(pork)_classification inserted. 20230217/20241104
2025-11-27 23:55:44,729 [main] DEBUG c.p.b.e.MLClassificationGenerator.executeExperiment - 39104 ml_(pork)_classification inserted. 20230218/20241104
2025-11-27 23:55:49,451 [main] DEBUG c.p.b.e.MLClassificationGenerator.executeExperiment - 39104 ml_(pork)_classification inserted. 20230219/20241104
2025-11-27 23:55:53,675 [main] DEBUG c.p.b.e.MLClassificationGenerator.executeExperiment - 39104 ml_(pork)_classification inserted. 20230220/20241104
2025-11-27 23:55:58,670 [main] DEBUG c.p.b.e.MLClassificationGenerator.executeExperiment - 39104 ml_(pork)_classification inserted. 20230221/20241104
2025-11-27 23:56:03,499 [main] DEBUG c.p.b.e.MLClassificationGenerator.executeExperiment - 39104 ml_(pork)_classification inserted. 20230222/20241104
2025-11-27 23:56:09,003 [main] DEBUG c.p.b.e.MLClassificationGenerator.executeExperiment - 39104 ml_(pork)_classification inserted. 20230223/20241104
2025-11-27 23:56:14,804 [main] DEBUG c.p.b.e.MLClassificationGenerator.executeExperiment - 39104 ml_(pork)_classification inserted. 20230224/20241104
2025-11-27 23:56:20,775 [main] DEBUG c.p.b.e.MLClassificationGenerator.executeExperiment - 39104 ml_(pork)_classification inserted. 20230225/20241104
2025-11-27 23:56:26,240 [main] DEBUG c.p.b.e.MLClassificationGenerator.executeExperiment - 39104 ml_(pork)_classification inserted. 20230226/20241104
2025-11-27 23:56:31,081 [main] DEBUG c.p.b.e.MLClassificationGenerator.executeExperiment - 39104 ml_(pork)_classification inserted. 20230227/20241104
2025-11-27 23:56:36,590 [main] DEBUG c.p.b.e.MLClassificationGenerator.executeExperiment - 39104 ml_(pork)_classification inserted. 20230228/20241104
2025-11-27 23:56:41,821 [main] DEBUG c.p.b.e.MLClassificationGenerator.executeExperiment - 39104 ml_(pork)_classification inserted. 20230301/20241104
2025-11-27 23:56:47,073 [main] DEBUG c.p.b.e.MLClassificationGenerator.executeExperiment - 39104 ml_(pork)_classification inserted. 20230302/20241104
2025-11-27 23:56:52,179 [main] DEBUG c.p.b.e.MLClassificationGenerator.executeExperiment - 39104 ml_(pork)_classification inserted. 20230303/20241104
2025-11-27 23:56:57,628 [main] DEBUG c.p.b.e.MLClassificationGenerator.executeExperiment - 39104 ml_(pork)_classification inserted. 20230304/20241104
2025-11-27 23:57:03,139 [main] DEBUG c.p.b.e.MLClassificationGenerator.executeExperiment - 39104 ml_(pork)_classification inserted. 20230305/20241104
2025-11-27 23:57:07,486 [main] DEBUG c.p.b.e.MLClassificationGenerator.executeExperiment - 39104 ml_(pork)_classification inserted. 20230306/20241104
2025-11-27 23:57:12,555 [main] DEBUG c.p.b.e.MLClassificationGenerator.executeExperiment - 39104 ml_(pork)_classification inserted. 20230307/20241104
2025-11-27 23:57:17,322 [main] DEBUG c.p.b.e.MLClassificationGenerator.executeExperiment - 39104 ml_(pork)_classification inserted. 20230308/20241104
2025-11-27 23:57:21,614 [main] DEBUG c.p.b.e.MLClassificationGenerator.executeExperiment - 39104 ml_(pork)_classification inserted. 20230309/20241104
2025-11-27 23:57:26,691 [main] DEBUG c.p.b.e.MLClassificationGenerator.executeExperiment - 39104 ml_(pork)_classification inserted. 20230310/20241104
2025-11-27 23:57:32,477 [main] DEBUG c.p.b.e.MLClassificationGenerator.executeExperiment - 39104 ml_(pork)_classification inserted. 20230311/20241104
2025-11-27 23:57:37,875 [main] DEBUG c.p.b.e.MLClassificationGenerator.executeExperiment - 39104 ml_(pork)_classification inserted. 20230312/20241104
2025-11-27 23:57:42,940 [main] DEBUG c.p.b.e.MLClassificationGenerator.executeExperiment - 39104 ml_(pork)_classification inserted. 20230313/20241104
2025-11-27 23:57:47,998 [main] DEBUG c.p.b.e.MLClassificationGenerator.executeExperiment - 39104 ml_(pork)_classification inserted. 20230314/20241104
2025-11-27 23:57:52,324 [main] DEBUG c.p.b.e.MLClassificationGenerator.executeExperiment - 39104 ml_(pork)_classification inserted. 20230315/20241104
2025-11-27 23:57:56,361 [main] DEBUG c.p.b.e.MLClassificationGenerator.executeExperiment - 39104 ml_(pork)_classification inserted. 20230316/20241104
2025-11-27 23:58:01,057 [main] DEBUG c.p.b.e.MLClassificationGenerator.executeExperiment - 39104 ml_(pork)_classification inserted. 20230317/20241104
2025-11-27 23:58:05,847 [main] DEBUG c.p.b.e.MLClassificationGenerator.executeExperiment - 39104 ml_(pork)_classification inserted. 20230318/20241104
2025-11-27 23:58:10,534 [main] DEBUG c.p.b.e.MLClassificationGenerator.executeExperiment - 39104 ml_(pork)_classification inserted. 20230319/20241104
2025-11-27 23:58:15,487 [main] DEBUG c.p.b.e.MLClassificationGenerator.executeExperiment - 39104 ml_(pork)_classification inserted. 20230320/20241104
2025-11-27 23:58:20,970 [main] DEBUG c.p.b.e.MLClassificationGenerator.executeExperiment - 39104 ml_(pork)_classification inserted. 20230321/20241104
2025-11-27 23:58:26,399 [main] DEBUG c.p.b.e.MLClassificationGenerator.executeExperiment - 39104 ml_(pork)_classification inserted. 20230322/20241104
2025-11-27 23:58:31,100 [main] DEBUG c.p.b.e.MLClassificationGenerator.executeExperiment - 39104 ml_(pork)_classification inserted. 20230323/20241104
2025-11-27 23:58:35,704 [main] DEBUG c.p.b.e.MLClassificationGenerator.executeExperiment - 39104 ml_(pork)_classification inserted. 20230324/20241104
2025-11-27 23:58:41,581 [main] DEBUG c.p.b.e.MLClassificationGenerator.executeExperiment - 39104 ml_(pork)_classification inserted. 20230325/20241104
2025-11-27 23:58:47,262 [main] DEBUG c.p.b.e.MLClassificationGenerator.executeExperiment - 39104 ml_(pork)_classification inserted. 20230326/20241104
2025-11-27 23:58:51,891 [main] DEBUG c.p.b.e.MLClassificationGenerator.executeExperiment - 39104 ml_(pork)_classification inserted. 20230327/20241104
2025-11-27 23:58:56,390 [main] DEBUG c.p.b.e.MLClassificationGenerator.executeExperiment - 39104 ml_(pork)_classification inserted. 20230328/20241104
2025-11-27 23:59:00,608 [main] DEBUG c.p.b.e.MLClassificationGenerator.executeExperiment - 39104 ml_(pork)_classification inserted. 20230329/20241104
2025-11-27 23:59:05,045 [main] DEBUG c.p.b.e.MLClassificationGenerator.executeExperiment - 39104 ml_(pork)_classification inserted. 20230330/20241104
2025-11-27 23:59:08,806 [main] DEBUG c.p.b.e.MLClassificationGenerator.executeExperiment - 39104 ml_(pork)_classification inserted. 20230331/20241104
2025-11-27 23:59:12,347 [main] DEBUG c.p.b.e.MLClassificationGenerator.executeExperiment - 39104 ml_(pork)_classification inserted. 20230401/20241104
2025-11-27 23:59:16,636 [main] DEBUG c.p.b.e.MLClassificationGenerator.executeExperiment - 39104 ml_(pork)_classification inserted. 20230402/20241104
2025-11-27 23:59:20,908 [main] DEBUG c.p.b.e.MLClassificationGenerator.executeExperiment - 39104 ml_(pork)_classification inserted. 20230403/20241104
2025-11-27 23:59:25,474 [main] DEBUG c.p.b.e.MLClassificationGenerator.executeExperiment - 39104 ml_(pork)_classification inserted. 20230404/20241104
2025-11-27 23:59:30,537 [main] DEBUG c.p.b.e.MLClassificationGenerator.executeExperiment - 39104 ml_(pork)_classification inserted. 20230405/20241104
2025-11-27 23:59:34,851 [main] DEBUG c.p.b.e.MLClassificationGenerator.executeExperiment - 39104 ml_(pork)_classification inserted. 20230406/20241104
2025-11-27 23:59:38,970 [main] DEBUG c.p.b.e.MLClassificationGenerator.executeExperiment - 39104 ml_(pork)_classification inserted. 20230407/20241104
2025-11-27 23:59:43,811 [main] DEBUG c.p.b.e.MLClassificationGenerator.executeExperiment - 39104 ml_(pork)_classification inserted. 20230408/20241104
2025-11-27 23:59:49,611 [main] DEBUG c.p.b.e.MLClassificationGenerator.executeExperiment - 39104 ml_(pork)_classification inserted. 20230409/20241104
2025-11-27 23:59:55,230 [main] DEBUG c.p.b.e.MLClassificationGenerator.executeExperiment - 39104 ml_(pork)_classification inserted. 20230410/20241104
