2025-12-16 22:35:36,686 [main] INFO  c.p.b.u.DatabaseUtil.open - open targetDb: mybatis-config.0.xml
2025-12-16 22:35:41,159 [main] DEBUG c.p.b.e.MLResultGenerator.executeExperiment - db data retrieved. 20210604~20220603
2025-12-16 22:35:41,160 [main] INFO  c.p.b.u.DatabaseUtil.open - open targetDb: mybatis-config.0.xml
2025-12-16 22:35:42,705 [main] DEBUG c.p.b.e.MLResultGenerator.executeExperiment - 291 processed... 20210604/20220603
2025-12-16 22:35:43,531 [main] DEBUG c.p.b.e.MLResultGenerator.executeExperiment - 291 processed... 20210605/20220603
2025-12-16 22:35:44,329 [main] DEBUG c.p.b.e.MLResultGenerator.executeExperiment - 291 processed... 20210606/20220603
2025-12-16 22:35:45,071 [main] DEBUG c.p.b.e.MLResultGenerator.executeExperiment - 291 processed... 20210607/20220603
2025-12-16 22:35:46,185 [main] DEBUG c.p.b.e.MLResultGenerator.executeExperiment - 291 processed... 20210608/20220603
2025-12-16 22:35:47,274 [main] DEBUG c.p.b.e.MLResultGenerator.executeExperiment - 291 processed... 20210609/20220603
2025-12-16 22:35:48,310 [main] DEBUG c.p.b.e.MLResultGenerator.executeExperiment - 291 processed... 20210610/20220603
2025-12-16 22:35:49,354 [main] DEBUG c.p.b.e.MLResultGenerator.executeExperiment - 291 processed... 20210611/20220603
2025-12-16 22:35:50,308 [main] DEBUG c.p.b.e.MLResultGenerator.executeExperiment - 291 processed... 20210612/20220603
2025-12-16 22:35:51,209 [main] DEBUG c.p.b.e.MLResultGenerator.executeExperiment - 291 processed... 20210613/20220603
2025-12-16 22:35:52,401 [main] DEBUG c.p.b.e.MLResultGenerator.executeExperiment - 291 processed... 20210614/20220603
2025-12-16 22:35:53,372 [main] DEBUG c.p.b.e.MLResultGenerator.executeExperiment - 291 processed... 20210615/20220603
2025-12-16 22:35:54,250 [main] DEBUG c.p.b.e.MLResultGenerator.executeExperiment - 291 processed... 20210616/20220603
2025-12-16 22:35:55,224 [main] DEBUG c.p.b.e.MLResultGenerator.executeExperiment - 291 processed... 20210617/20220603
2025-12-16 22:35:56,453 [main] DEBUG c.p.b.e.MLResultGenerator.executeExperiment - 291 processed... 20210618/20220603
2025-12-16 22:35:57,375 [main] DEBUG c.p.b.e.MLResultGenerator.executeExperiment - 291 processed... 20210619/20220603
2025-12-16 22:35:58,475 [main] DEBUG c.p.b.e.MLResultGenerator.executeExperiment - 291 processed... 20210620/20220603
2025-12-16 22:35:59,922 [main] DEBUG c.p.b.e.MLResultGenerator.executeExperiment - 291 processed... 20210621/20220603
2025-12-16 22:36:01,102 [main] DEBUG c.p.b.e.MLResultGenerator.executeExperiment - 291 processed... 20210622/20220603
2025-12-16 22:36:02,534 [main] DEBUG c.p.b.e.MLResultGenerator.executeExperiment - 291 processed... 20210623/20220603
2025-12-16 22:36:54,919 [main] INFO  c.p.b.u.DatabaseUtil.open - open targetDb: mybatis-config.0.xml
2025-12-16 22:36:58,113 [main] DEBUG c.p.b.e.MLResultGenerator.executeExperiment - db data retrieved. 20210604~20220603
2025-12-16 22:36:58,114 [main] INFO  c.p.b.u.DatabaseUtil.open - open targetDb: mybatis-config.0.xml
2025-12-16 22:40:19,035 [main] INFO  c.p.b.u.DatabaseUtil.open - open targetDb: mybatis-config.0.xml
2025-12-16 22:40:22,458 [main] DEBUG c.p.b.e.MLResultGenerator.executeExperiment - db data retrieved. 20210604~20220603
2025-12-16 22:40:22,458 [main] INFO  c.p.b.u.DatabaseUtil.open - open targetDb: mybatis-config.0.xml
2025-12-16 23:16:34,743 [main] INFO  c.p.b.u.DatabaseUtil.open - open targetDb: mybatis-config.0.xml
2025-12-16 23:16:38,117 [main] DEBUG c.p.b.e.MLResultGenerator.executeExperiment - db data retrieved. 20210604~20220603
2025-12-16 23:16:38,117 [main] INFO  c.p.b.u.DatabaseUtil.open - open targetDb: mybatis-config.0.xml
2025-12-16 23:18:35,861 [main] DEBUG c.p.b.e.MLResultGenerator.executeExperiment - 291 processed... 20210604/20220603
2025-12-16 23:18:36,717 [main] DEBUG c.p.b.e.MLResultGenerator.executeExperiment - 291 processed... 20210605/20220603
2025-12-16 23:18:37,543 [main] DEBUG c.p.b.e.MLResultGenerator.executeExperiment - 291 processed... 20210606/20220603
2025-12-16 23:18:38,312 [main] DEBUG c.p.b.e.MLResultGenerator.executeExperiment - 291 processed... 20210607/20220603
2025-12-16 23:18:39,218 [main] DEBUG c.p.b.e.MLResultGenerator.executeExperiment - 291 processed... 20210608/20220603
2025-12-16 23:18:40,150 [main] DEBUG c.p.b.e.MLResultGenerator.executeExperiment - 291 processed... 20210609/20220603
2025-12-16 23:18:41,229 [main] DEBUG c.p.b.e.MLResultGenerator.executeExperiment - 291 processed... 20210610/20220603
2025-12-16 23:20:42,224 [main] INFO  c.p.b.u.DatabaseUtil.open - open targetDb: mybatis-config.0.xml
2025-12-16 23:20:45,609 [main] DEBUG c.p.b.e.MLResultGenerator.executeExperiment - db data retrieved. 20210604~20220603
2025-12-16 23:20:45,610 [main] INFO  c.p.b.u.DatabaseUtil.open - open targetDb: mybatis-config.0.xml
2025-12-16 23:20:46,908 [main] DEBUG c.p.b.e.MLResultGenerator.executeExperiment - 291 processed...12 20210604/20220603
2025-12-16 23:20:47,704 [main] DEBUG c.p.b.e.MLResultGenerator.executeExperiment - 291 processed...14 20210605/20220603
2025-12-16 23:20:48,490 [main] DEBUG c.p.b.e.MLResultGenerator.executeExperiment - 291 processed...15 20210606/20220603
2025-12-16 23:20:49,251 [main] DEBUG c.p.b.e.MLResultGenerator.executeExperiment - 291 processed...11 20210607/20220603
2025-12-16 23:20:50,176 [main] DEBUG c.p.b.e.MLResultGenerator.executeExperiment - 291 processed...13 20210608/20220603
2025-12-16 23:20:51,039 [main] DEBUG c.p.b.e.MLResultGenerator.executeExperiment - 291 processed...12 20210609/20220603
2025-12-16 23:20:52,029 [main] DEBUG c.p.b.e.MLResultGenerator.executeExperiment - 291 processed...15 20210610/20220603
2025-12-16 23:20:53,039 [main] DEBUG c.p.b.e.MLResultGenerator.executeExperiment - 291 processed...11 20210611/20220603
2025-12-16 23:20:53,855 [main] DEBUG c.p.b.e.MLResultGenerator.executeExperiment - 291 processed...11 20210612/20220603
2025-12-16 23:20:54,704 [main] DEBUG c.p.b.e.MLResultGenerator.executeExperiment - 291 processed...11 20210613/20220603
2025-12-16 23:20:55,586 [main] DEBUG c.p.b.e.MLResultGenerator.executeExperiment - 291 processed...14 20210614/20220603
2025-12-16 23:20:56,542 [main] DEBUG c.p.b.e.MLResultGenerator.executeExperiment - 291 processed...10 20210615/20220603
2025-12-16 23:20:57,506 [main] DEBUG c.p.b.e.MLResultGenerator.executeExperiment - 291 processed...9 20210616/20220603
2025-12-16 23:20:58,356 [main] DEBUG c.p.b.e.MLResultGenerator.executeExperiment - 291 processed...15 20210617/20220603
2025-12-16 23:22:02,013 [main] INFO  c.p.b.u.DatabaseUtil.open - open targetDb: mybatis-config.0.xml
2025-12-16 23:22:05,238 [main] DEBUG c.p.b.e.MLResultGenerator.executeExperiment - db data retrieved. 20210604~20220603
2025-12-16 23:22:05,238 [main] INFO  c.p.b.u.DatabaseUtil.open - open targetDb: mybatis-config.0.xml
2025-12-16 23:22:06,695 [main] DEBUG c.p.b.e.MLResultGenerator.executeExperiment - 291 processed...12 20210604/20220603
2025-12-16 23:22:07,582 [main] DEBUG c.p.b.e.MLResultGenerator.executeExperiment - 291 processed...14 20210605/20220603
2025-12-16 23:22:08,374 [main] DEBUG c.p.b.e.MLResultGenerator.executeExperiment - 291 processed...15 20210606/20220603
2025-12-16 23:22:09,057 [main] DEBUG c.p.b.e.MLResultGenerator.executeExperiment - 291 processed...11 20210607/20220603
2025-12-16 23:22:09,800 [main] DEBUG c.p.b.e.MLResultGenerator.executeExperiment - 291 processed...13 20210608/20220603
2025-12-16 23:22:10,645 [main] DEBUG c.p.b.e.MLResultGenerator.executeExperiment - 291 processed...12 20210609/20220603
2025-12-16 23:22:11,583 [main] DEBUG c.p.b.e.MLResultGenerator.executeExperiment - 291 processed...15 20210610/20220603
2025-12-16 23:22:12,557 [main] DEBUG c.p.b.e.MLResultGenerator.executeExperiment - 291 processed...11 20210611/20220603
2025-12-16 23:22:13,411 [main] DEBUG c.p.b.e.MLResultGenerator.executeExperiment - 291 processed...11 20210612/20220603
2025-12-16 23:22:14,028 [main] DEBUG c.p.b.e.MLResultGenerator.executeExperiment - 291 processed...11 20210613/20220603
2025-12-16 23:22:14,765 [main] DEBUG c.p.b.e.MLResultGenerator.executeExperiment - 291 processed...14 20210614/20220603
2025-12-16 23:22:15,651 [main] DEBUG c.p.b.e.MLResultGenerator.executeExperiment - 291 processed...10 20210615/20220603
2025-12-16 23:22:16,335 [main] DEBUG c.p.b.e.MLResultGenerator.executeExperiment - 291 processed...9 20210616/20220603
2025-12-16 23:22:17,033 [main] DEBUG c.p.b.e.MLResultGenerator.executeExperiment - 291 processed...15 20210617/20220603
2025-12-16 23:22:18,082 [main] DEBUG c.p.b.e.MLResultGenerator.executeExperiment - 291 processed...13 20210618/20220603
2025-12-16 23:22:18,841 [main] DEBUG c.p.b.e.MLResultGenerator.executeExperiment - 291 processed...14 20210619/20220603
2025-12-16 23:22:19,433 [main] DEBUG c.p.b.e.MLResultGenerator.executeExperiment - 291 processed...12 20210620/20220603
2025-12-16 23:22:20,052 [main] DEBUG c.p.b.e.MLResultGenerator.executeExperiment - 291 processed...11 20210621/20220603
2025-12-16 23:22:20,667 [main] DEBUG c.p.b.e.MLResultGenerator.executeExperiment - 291 processed...14 20210622/20220603
2025-12-16 23:22:21,385 [main] DEBUG c.p.b.e.MLResultGenerator.executeExperiment - 291 processed...9 20210623/20220603
2025-12-16 23:22:22,187 [main] DEBUG c.p.b.e.MLResultGenerator.executeExperiment - 291 processed...16 20210624/20220603
2025-12-16 23:22:22,822 [main] DEBUG c.p.b.e.MLResultGenerator.executeExperiment - 291 processed...13 20210625/20220603
2025-12-16 23:22:23,437 [main] DEBUG c.p.b.e.MLResultGenerator.executeExperiment - 291 processed...17 20210626/20220603
2025-12-16 23:22:24,047 [main] DEBUG c.p.b.e.MLResultGenerator.executeExperiment - 291 processed...11 20210627/20220603
2025-12-16 23:22:24,537 [main] DEBUG c.p.b.e.MLResultGenerator.executeExperiment - 291 processed...14 20210628/20220603
2025-12-16 23:22:25,241 [main] DEBUG c.p.b.e.MLResultGenerator.executeExperiment - 291 processed...14 20210629/20220603
2025-12-16 23:22:25,839 [main] DEBUG c.p.b.e.MLResultGenerator.executeExperiment - 291 processed...18 20210630/20220603
2025-12-16 23:22:26,436 [main] DEBUG c.p.b.e.MLResultGenerator.executeExperiment - 291 processed...11 20210701/20220603
2025-12-16 23:22:27,143 [main] DEBUG c.p.b.e.MLResultGenerator.executeExperiment - 291 processed...13 20210702/20220603
2025-12-16 23:22:27,875 [main] DEBUG c.p.b.e.MLResultGenerator.executeExperiment - 291 processed...12 20210703/20220603
2025-12-16 23:22:28,742 [main] DEBUG c.p.b.e.MLResultGenerator.executeExperiment - 291 processed...12 20210704/20220603
2025-12-16 23:22:29,408 [main] DEBUG c.p.b.e.MLResultGenerator.executeExperiment - 291 processed...10 20210705/20220603
2025-12-16 23:22:30,067 [main] DEBUG c.p.b.e.MLResultGenerator.executeExperiment - 291 processed...10 20210706/20220603
2025-12-16 23:22:30,738 [main] DEBUG c.p.b.e.MLResultGenerator.executeExperiment - 291 processed...15 20210707/20220603
2025-12-16 23:22:31,388 [main] DEBUG c.p.b.e.MLResultGenerator.executeExperiment - 291 processed...12 20210708/20220603
2025-12-16 23:22:31,980 [main] DEBUG c.p.b.e.MLResultGenerator.executeExperiment - 291 processed...13 20210709/20220603
2025-12-16 23:22:32,641 [main] DEBUG c.p.b.e.MLResultGenerator.executeExperiment - 291 processed...16 20210710/20220603
2025-12-16 23:22:33,167 [main] DEBUG c.p.b.e.MLResultGenerator.executeExperiment - 291 processed...12 20210711/20220603
2025-12-16 23:22:33,759 [main] DEBUG c.p.b.e.MLResultGenerator.executeExperiment - 291 processed...13 20210712/20220603
2025-12-16 23:22:34,371 [main] DEBUG c.p.b.e.MLResultGenerator.executeExperiment - 291 processed...12 20210713/20220603
2025-12-16 23:22:35,072 [main] DEBUG c.p.b.e.MLResultGenerator.executeExperiment - 291 processed...14 20210714/20220603
2025-12-16 23:22:35,785 [main] DEBUG c.p.b.e.MLResultGenerator.executeExperiment - 291 processed...10 20210715/20220603
2025-12-16 23:22:36,324 [main] DEBUG c.p.b.e.MLResultGenerator.executeExperiment - 291 processed...12 20210716/20220603
2025-12-16 23:22:37,030 [main] DEBUG c.p.b.e.MLResultGenerator.executeExperiment - 291 processed...11 20210717/20220603
2025-12-16 23:22:37,758 [main] DEBUG c.p.b.e.MLResultGenerator.executeExperiment - 291 processed...13 20210718/20220603
2025-12-16 23:22:38,361 [main] DEBUG c.p.b.e.MLResultGenerator.executeExperiment - 291 processed...11 20210719/20220603
2025-12-16 23:22:39,080 [main] DEBUG c.p.b.e.MLResultGenerator.executeExperiment - 291 processed...12 20210720/20220603
2025-12-16 23:22:39,734 [main] DEBUG c.p.b.e.MLResultGenerator.executeExperiment - 291 processed...14 20210721/20220603
2025-12-16 23:22:40,672 [main] DEBUG c.p.b.e.MLResultGenerator.executeExperiment - 291 processed...17 20210722/20220603
2025-12-16 23:22:41,437 [main] DEBUG c.p.b.e.MLResultGenerator.executeExperiment - 291 processed...17 20210723/20220603
2025-12-16 23:22:42,161 [main] DEBUG c.p.b.e.MLResultGenerator.executeExperiment - 291 processed...15 20210724/20220603
2025-12-16 23:22:42,914 [main] DEBUG c.p.b.e.MLResultGenerator.executeExperiment - 291 processed...17 20210725/20220603
2025-12-16 23:22:43,630 [main] DEBUG c.p.b.e.MLResultGenerator.executeExperiment - 291 processed...15 20210726/20220603
2025-12-16 23:22:44,452 [main] DEBUG c.p.b.e.MLResultGenerator.executeExperiment - 291 processed...17 20210727/20220603
2025-12-16 23:22:44,952 [main] DEBUG c.p.b.e.MLResultGenerator.executeExperiment - 291 processed...13 20210728/20220603
2025-12-16 23:22:45,571 [main] DEBUG c.p.b.e.MLResultGenerator.executeExperiment - 291 processed...11 20210729/20220603
2025-12-16 23:22:46,253 [main] DEBUG c.p.b.e.MLResultGenerator.executeExperiment - 291 processed...16 20210730/20220603
2025-12-16 23:22:46,922 [main] DEBUG c.p.b.e.MLResultGenerator.executeExperiment - 291 processed...16 20210731/20220603
2025-12-16 23:22:47,792 [main] DEBUG c.p.b.e.MLResultGenerator.executeExperiment - 291 processed...13 20210801/20220603
2025-12-16 23:22:48,438 [main] DEBUG c.p.b.e.MLResultGenerator.executeExperiment - 291 processed...16 20210802/20220603
2025-12-16 23:22:49,213 [main] DEBUG c.p.b.e.MLResultGenerator.executeExperiment - 291 processed...11 20210803/20220603
2025-12-16 23:22:49,765 [main] DEBUG c.p.b.e.MLResultGenerator.executeExperiment - 291 processed...15 20210804/20220603
2025-12-16 23:22:50,448 [main] DEBUG c.p.b.e.MLResultGenerator.executeExperiment - 291 processed...11 20210805/20220603
2025-12-16 23:22:51,117 [main] DEBUG c.p.b.e.MLResultGenerator.executeExperiment - 291 processed...16 20210806/20220603
2025-12-16 23:22:51,766 [main] DEBUG c.p.b.e.MLResultGenerator.executeExperiment - 291 processed...9 20210807/20220603
2025-12-16 23:22:52,534 [main] DEBUG c.p.b.e.MLResultGenerator.executeExperiment - 291 processed...13 20210808/20220603
2025-12-16 23:22:53,174 [main] DEBUG c.p.b.e.MLResultGenerator.executeExperiment - 291 processed...16 20210809/20220603
2025-12-16 23:22:53,910 [main] DEBUG c.p.b.e.MLResultGenerator.executeExperiment - 291 processed...14 20210810/20220603
2025-12-16 23:22:54,572 [main] DEBUG c.p.b.e.MLResultGenerator.executeExperiment - 291 processed...11 20210811/20220603
2025-12-16 23:22:55,373 [main] DEBUG c.p.b.e.MLResultGenerator.executeExperiment - 291 processed...12 20210812/20220603
2025-12-16 23:22:56,244 [main] DEBUG c.p.b.e.MLResultGenerator.executeExperiment - 291 processed...14 20210813/20220603
2025-12-16 23:22:57,038 [main] DEBUG c.p.b.e.MLResultGenerator.executeExperiment - 291 processed...18 20210814/20220603
2025-12-16 23:22:57,880 [main] DEBUG c.p.b.e.MLResultGenerator.executeExperiment - 291 processed...17 20210815/20220603
2025-12-16 23:22:58,738 [main] DEBUG c.p.b.e.MLResultGenerator.executeExperiment - 291 processed...14 20210816/20220603
2025-12-16 23:22:59,404 [main] DEBUG c.p.b.e.MLResultGenerator.executeExperiment - 291 processed...11 20210817/20220603
2025-12-16 23:22:59,942 [main] DEBUG c.p.b.e.MLResultGenerator.executeExperiment - 291 processed...13 20210818/20220603
2025-12-16 23:23:00,641 [main] DEBUG c.p.b.e.MLResultGenerator.executeExperiment - 291 processed...17 20210819/20220603
2025-12-16 23:23:01,303 [main] DEBUG c.p.b.e.MLResultGenerator.executeExperiment - 291 processed...13 20210820/20220603
2025-12-16 23:23:02,054 [main] DEBUG c.p.b.e.MLResultGenerator.executeExperiment - 291 processed...13 20210821/20220603
2025-12-16 23:23:02,837 [main] DEBUG c.p.b.e.MLResultGenerator.executeExperiment - 291 processed...16 20210822/20220603
2025-12-16 23:23:03,510 [main] DEBUG c.p.b.e.MLResultGenerator.executeExperiment - 291 processed...15 20210823/20220603
2025-12-16 23:23:04,114 [main] DEBUG c.p.b.e.MLResultGenerator.executeExperiment - 291 processed...15 20210824/20220603
2025-12-16 23:23:04,666 [main] DEBUG c.p.b.e.MLResultGenerator.executeExperiment - 291 processed...14 20210825/20220603
2025-12-16 23:23:05,427 [main] DEBUG c.p.b.e.MLResultGenerator.executeExperiment - 291 processed...16 20210826/20220603
2025-12-16 23:23:06,022 [main] DEBUG c.p.b.e.MLResultGenerator.executeExperiment - 291 processed...18 20210827/20220603
2025-12-16 23:23:06,576 [main] DEBUG c.p.b.e.MLResultGenerator.executeExperiment - 291 processed...14 20210828/20220603
2025-12-16 23:23:07,073 [main] DEBUG c.p.b.e.MLResultGenerator.executeExperiment - 291 processed...13 20210829/20220603
2025-12-16 23:23:07,664 [main] DEBUG c.p.b.e.MLResultGenerator.executeExperiment - 291 processed...14 20210830/20220603
2025-12-16 23:23:08,271 [main] DEBUG c.p.b.e.MLResultGenerator.executeExperiment - 291 processed...13 20210831/20220603
2025-12-16 23:23:08,819 [main] DEBUG c.p.b.e.MLResultGenerator.executeExperiment - 291 processed...11 20210901/20220603
2025-12-16 23:23:09,370 [main] DEBUG c.p.b.e.MLResultGenerator.executeExperiment - 291 processed...15 20210902/20220603
2025-12-16 23:23:09,985 [main] DEBUG c.p.b.e.MLResultGenerator.executeExperiment - 291 processed...11 20210903/20220603
2025-12-16 23:23:10,671 [main] DEBUG c.p.b.e.MLResultGenerator.executeExperiment - 291 processed...16 20210904/20220603
2025-12-16 23:23:11,567 [main] DEBUG c.p.b.e.MLResultGenerator.executeExperiment - 291 processed...14 20210905/20220603
2025-12-16 23:23:12,175 [main] DEBUG c.p.b.e.MLResultGenerator.executeExperiment - 291 processed...15 20210906/20220603
2025-12-16 23:23:12,776 [main] DEBUG c.p.b.e.MLResultGenerator.executeExperiment - 291 processed...13 20210907/20220603
2025-12-16 23:23:13,398 [main] DEBUG c.p.b.e.MLResultGenerator.executeExperiment - 291 processed...13 20210908/20220603
2025-12-16 23:23:14,178 [main] DEBUG c.p.b.e.MLResultGenerator.executeExperiment - 291 processed...13 20210909/20220603
2025-12-16 23:23:14,834 [main] DEBUG c.p.b.e.MLResultGenerator.executeExperiment - 291 processed...9 20210910/20220603
2025-12-16 23:23:15,495 [main] DEBUG c.p.b.e.MLResultGenerator.executeExperiment - 291 processed...13 20210911/20220603
2025-12-16 23:23:16,153 [main] DEBUG c.p.b.e.MLResultGenerator.executeExperiment - 291 processed...9 20210912/20220603
2025-12-16 23:23:16,742 [main] DEBUG c.p.b.e.MLResultGenerator.executeExperiment - 291 processed...17 20210913/20220603
2025-12-16 23:23:17,468 [main] DEBUG c.p.b.e.MLResultGenerator.executeExperiment - 291 processed...16 20210914/20220603
2025-12-16 23:23:18,137 [main] DEBUG c.p.b.e.MLResultGenerator.executeExperiment - 291 processed...16 20210915/20220603
2025-12-16 23:23:18,777 [main] DEBUG c.p.b.e.MLResultGenerator.executeExperiment - 291 processed...16 20210916/20220603
2025-12-16 23:23:19,271 [main] DEBUG c.p.b.e.MLResultGenerator.executeExperiment - 291 processed...16 20210917/20220603
2025-12-16 23:23:19,902 [main] DEBUG c.p.b.e.MLResultGenerator.executeExperiment - 291 processed...10 20210918/20220603
2025-12-16 23:23:20,881 [main] DEBUG c.p.b.e.MLResultGenerator.executeExperiment - 291 processed...12 20210919/20220603
2025-12-16 23:23:21,570 [main] DEBUG c.p.b.e.MLResultGenerator.executeExperiment - 291 processed...9 20210920/20220603
2025-12-16 23:23:22,392 [main] DEBUG c.p.b.e.MLResultGenerator.executeExperiment - 291 processed...13 20210921/20220603
2025-12-16 23:23:23,073 [main] DEBUG c.p.b.e.MLResultGenerator.executeExperiment - 291 processed...17 20210922/20220603
2025-12-16 23:23:23,965 [main] DEBUG c.p.b.e.MLResultGenerator.executeExperiment - 291 processed...11 20210923/20220603
2025-12-16 23:23:24,692 [main] DEBUG c.p.b.e.MLResultGenerator.executeExperiment - 291 processed...14 20210924/20220603
2025-12-16 23:23:25,324 [main] DEBUG c.p.b.e.MLResultGenerator.executeExperiment - 291 processed...15 20210925/20220603
2025-12-16 23:23:26,059 [main] DEBUG c.p.b.e.MLResultGenerator.executeExperiment - 291 processed...13 20210926/20220603
2025-12-16 23:23:26,610 [main] DEBUG c.p.b.e.MLResultGenerator.executeExperiment - 291 processed...11 20210927/20220603
2025-12-16 23:23:27,102 [main] DEBUG c.p.b.e.MLResultGenerator.executeExperiment - 291 processed...10 20210928/20220603
2025-12-16 23:23:27,764 [main] DEBUG c.p.b.e.MLResultGenerator.executeExperiment - 291 processed...14 20210929/20220603
2025-12-16 23:23:28,367 [main] DEBUG c.p.b.e.MLResultGenerator.executeExperiment - 291 processed...14 20210930/20220603
2025-12-16 23:23:29,107 [main] DEBUG c.p.b.e.MLResultGenerator.executeExperiment - 291 processed...13 20211001/20220603
2025-12-16 23:23:29,836 [main] DEBUG c.p.b.e.MLResultGenerator.executeExperiment - 291 processed...18 20211002/20220603
2025-12-16 23:23:30,524 [main] DEBUG c.p.b.e.MLResultGenerator.executeExperiment - 291 processed...10 20211003/20220603
2025-12-16 23:23:31,234 [main] DEBUG c.p.b.e.MLResultGenerator.executeExperiment - 291 processed...13 20211004/20220603
2025-12-16 23:23:31,895 [main] DEBUG c.p.b.e.MLResultGenerator.executeExperiment - 291 processed...13 20211005/20220603
2025-12-16 23:23:32,606 [main] DEBUG c.p.b.e.MLResultGenerator.executeExperiment - 291 processed...16 20211006/20220603
2025-12-16 23:23:33,269 [main] DEBUG c.p.b.e.MLResultGenerator.executeExperiment - 291 processed...12 20211007/20220603
2025-12-16 23:23:33,962 [main] DEBUG c.p.b.e.MLResultGenerator.executeExperiment - 291 processed...15 20211008/20220603
2025-12-16 23:23:34,624 [main] DEBUG c.p.b.e.MLResultGenerator.executeExperiment - 291 processed...13 20211009/20220603
2025-12-16 23:23:35,311 [main] DEBUG c.p.b.e.MLResultGenerator.executeExperiment - 291 processed...15 20211010/20220603
2025-12-16 23:23:36,103 [main] DEBUG c.p.b.e.MLResultGenerator.executeExperiment - 291 processed...12 20211011/20220603
2025-12-16 23:23:36,719 [main] DEBUG c.p.b.e.MLResultGenerator.executeExperiment - 291 processed...13 20211012/20220603
2025-12-16 23:23:37,377 [main] DEBUG c.p.b.e.MLResultGenerator.executeExperiment - 291 processed...12 20211013/20220603
2025-12-16 23:23:37,991 [main] DEBUG c.p.b.e.MLResultGenerator.executeExperiment - 291 processed...11 20211014/20220603
2025-12-16 23:23:38,648 [main] DEBUG c.p.b.e.MLResultGenerator.executeExperiment - 291 processed...13 20211015/20220603
2025-12-16 23:23:39,454 [main] DEBUG c.p.b.e.MLResultGenerator.executeExperiment - 291 processed...12 20211016/20220603
2025-12-16 23:23:40,059 [main] DEBUG c.p.b.e.MLResultGenerator.executeExperiment - 291 processed...10 20211017/20220603
2025-12-16 23:23:40,688 [main] DEBUG c.p.b.e.MLResultGenerator.executeExperiment - 291 processed...13 20211018/20220603
2025-12-16 23:23:41,403 [main] DEBUG c.p.b.e.MLResultGenerator.executeExperiment - 291 processed...12 20211019/20220603
2025-12-16 23:23:42,008 [main] DEBUG c.p.b.e.MLResultGenerator.executeExperiment - 291 processed...15 20211020/20220603
2025-12-16 23:23:42,625 [main] DEBUG c.p.b.e.MLResultGenerator.executeExperiment - 291 processed...13 20211021/20220603
2025-12-16 23:23:43,278 [main] DEBUG c.p.b.e.MLResultGenerator.executeExperiment - 291 processed...11 20211022/20220603
2025-12-16 23:23:43,982 [main] DEBUG c.p.b.e.MLResultGenerator.executeExperiment - 291 processed...14 20211023/20220603
2025-12-16 23:23:44,793 [main] DEBUG c.p.b.e.MLResultGenerator.executeExperiment - 291 processed...12 20211024/20220603
2025-12-16 23:23:45,513 [main] DEBUG c.p.b.e.MLResultGenerator.executeExperiment - 291 processed...13 20211025/20220603
2025-12-16 23:23:46,143 [main] DEBUG c.p.b.e.MLResultGenerator.executeExperiment - 291 processed...13 20211026/20220603
2025-12-16 23:23:46,800 [main] DEBUG c.p.b.e.MLResultGenerator.executeExperiment - 291 processed...14 20211027/20220603
2025-12-16 23:23:47,456 [main] DEBUG c.p.b.e.MLResultGenerator.executeExperiment - 291 processed...16 20211028/20220603
2025-12-16 23:23:48,239 [main] DEBUG c.p.b.e.MLResultGenerator.executeExperiment - 291 processed...11 20211029/20220603
2025-12-16 23:23:48,970 [main] DEBUG c.p.b.e.MLResultGenerator.executeExperiment - 291 processed...14 20211030/20220603
2025-12-16 23:23:49,616 [main] DEBUG c.p.b.e.MLResultGenerator.executeExperiment - 291 processed...10 20211031/20220603
2025-12-16 23:23:50,162 [main] DEBUG c.p.b.e.MLResultGenerator.executeExperiment - 291 processed...10 20211101/20220603
2025-12-16 23:23:50,849 [main] DEBUG c.p.b.e.MLResultGenerator.executeExperiment - 291 processed...15 20211102/20220603
2025-12-16 23:23:51,735 [main] DEBUG c.p.b.e.MLResultGenerator.executeExperiment - 291 processed...15 20211103/20220603
2025-12-16 23:23:52,480 [main] DEBUG c.p.b.e.MLResultGenerator.executeExperiment - 291 processed...12 20211104/20220603
2025-12-16 23:23:53,079 [main] DEBUG c.p.b.e.MLResultGenerator.executeExperiment - 291 processed...10 20211105/20220603
2025-12-16 23:23:53,748 [main] DEBUG c.p.b.e.MLResultGenerator.executeExperiment - 291 processed...14 20211106/20220603
2025-12-16 23:23:54,839 [main] DEBUG c.p.b.e.MLResultGenerator.executeExperiment - 291 processed...13 20211107/20220603
2025-12-16 23:23:55,664 [main] DEBUG c.p.b.e.MLResultGenerator.executeExperiment - 291 processed...16 20211108/20220603
2025-12-16 23:23:56,320 [main] DEBUG c.p.b.e.MLResultGenerator.executeExperiment - 291 processed...13 20211109/20220603
2025-12-16 23:23:57,042 [main] DEBUG c.p.b.e.MLResultGenerator.executeExperiment - 291 processed...13 20211110/20220603
2025-12-16 23:23:57,755 [main] DEBUG c.p.b.e.MLResultGenerator.executeExperiment - 291 processed...13 20211111/20220603
2025-12-16 23:23:58,653 [main] DEBUG c.p.b.e.MLResultGenerator.executeExperiment - 291 processed...17 20211112/20220603
2025-12-16 23:23:59,480 [main] DEBUG c.p.b.e.MLResultGenerator.executeExperiment - 291 processed...10 20211113/20220603
2025-12-16 23:24:00,286 [main] DEBUG c.p.b.e.MLResultGenerator.executeExperiment - 291 processed...13 20211114/20220603
2025-12-16 23:24:00,968 [main] DEBUG c.p.b.e.MLResultGenerator.executeExperiment - 291 processed...14 20211115/20220603
2025-12-16 23:24:01,749 [main] DEBUG c.p.b.e.MLResultGenerator.executeExperiment - 291 processed...13 20211116/20220603
2025-12-16 23:24:02,399 [main] DEBUG c.p.b.e.MLResultGenerator.executeExperiment - 291 processed...16 20211117/20220603
2025-12-16 23:24:02,969 [main] DEBUG c.p.b.e.MLResultGenerator.executeExperiment - 291 processed...12 20211118/20220603
2025-12-16 23:24:03,531 [main] DEBUG c.p.b.e.MLResultGenerator.executeExperiment - 291 processed...11 20211119/20220603
2025-12-16 23:24:04,196 [main] DEBUG c.p.b.e.MLResultGenerator.executeExperiment - 291 processed...12 20211120/20220603
2025-12-16 23:24:05,103 [main] DEBUG c.p.b.e.MLResultGenerator.executeExperiment - 291 processed...12 20211121/20220603
2025-12-16 23:24:05,852 [main] DEBUG c.p.b.e.MLResultGenerator.executeExperiment - 291 processed...12 20211122/20220603
2025-12-16 23:24:06,615 [main] DEBUG c.p.b.e.MLResultGenerator.executeExperiment - 291 processed...9 20211123/20220603
2025-12-16 23:24:07,289 [main] DEBUG c.p.b.e.MLResultGenerator.executeExperiment - 291 processed...13 20211124/20220603
2025-12-16 23:24:08,043 [main] DEBUG c.p.b.e.MLResultGenerator.executeExperiment - 291 processed...15 20211125/20220603
2025-12-16 23:24:08,722 [main] DEBUG c.p.b.e.MLResultGenerator.executeExperiment - 291 processed...12 20211126/20220603
2025-12-16 23:24:09,436 [main] DEBUG c.p.b.e.MLResultGenerator.executeExperiment - 291 processed...10 20211127/20220603
2025-12-16 23:24:10,262 [main] DEBUG c.p.b.e.MLResultGenerator.executeExperiment - 291 processed...10 20211128/20220603
2025-12-16 23:24:11,095 [main] DEBUG c.p.b.e.MLResultGenerator.executeExperiment - 291 processed...9 20211129/20220603
2025-12-16 23:24:11,829 [main] DEBUG c.p.b.e.MLResultGenerator.executeExperiment - 291 processed...13 20211130/20220603
2025-12-16 23:24:12,320 [main] DEBUG c.p.b.e.MLResultGenerator.executeExperiment - 291 processed...13 20211201/20220603
2025-12-16 23:24:13,206 [main] DEBUG c.p.b.e.MLResultGenerator.executeExperiment - 291 processed...15 20211202/20220603
2025-12-16 23:24:14,276 [main] DEBUG c.p.b.e.MLResultGenerator.executeExperiment - 291 processed...14 20211203/20220603
2025-12-16 23:24:15,180 [main] DEBUG c.p.b.e.MLResultGenerator.executeExperiment - 291 processed...13 20211204/20220603
2025-12-16 23:24:16,009 [main] DEBUG c.p.b.e.MLResultGenerator.executeExperiment - 291 processed...14 20211205/20220603
2025-12-16 23:24:16,828 [main] DEBUG c.p.b.e.MLResultGenerator.executeExperiment - 291 processed...10 20211206/20220603
2025-12-16 23:24:17,554 [main] DEBUG c.p.b.e.MLResultGenerator.executeExperiment - 291 processed...12 20211207/20220603
2025-12-16 23:24:18,160 [main] DEBUG c.p.b.e.MLResultGenerator.executeExperiment - 291 processed...16 20211208/20220603
2025-12-16 23:24:18,998 [main] DEBUG c.p.b.e.MLResultGenerator.executeExperiment - 291 processed...12 20211209/20220603
2025-12-16 23:24:20,130 [main] DEBUG c.p.b.e.MLResultGenerator.executeExperiment - 291 processed...9 20211210/20220603
2025-12-16 23:24:21,090 [main] DEBUG c.p.b.e.MLResultGenerator.executeExperiment - 291 processed...15 20211211/20220603
2025-12-16 23:24:21,864 [main] DEBUG c.p.b.e.MLResultGenerator.executeExperiment - 291 processed...13 20211212/20220603
2025-12-16 23:24:22,450 [main] DEBUG c.p.b.e.MLResultGenerator.executeExperiment - 291 processed...11 20211213/20220603
2025-12-16 23:24:23,198 [main] DEBUG c.p.b.e.MLResultGenerator.executeExperiment - 291 processed...13 20211214/20220603
2025-12-16 23:24:23,725 [main] DEBUG c.p.b.e.MLResultGenerator.executeExperiment - 291 processed...12 20211215/20220603
2025-12-16 23:24:24,223 [main] DEBUG c.p.b.e.MLResultGenerator.executeExperiment - 291 processed...13 20211216/20220603
2025-12-16 23:24:24,851 [main] DEBUG c.p.b.e.MLResultGenerator.executeExperiment - 291 processed...13 20211217/20220603
2025-12-16 23:24:25,674 [main] DEBUG c.p.b.e.MLResultGenerator.executeExperiment - 291 processed...15 20211218/20220603
2025-12-16 23:24:26,434 [main] DEBUG c.p.b.e.MLResultGenerator.executeExperiment - 291 processed...15 20211219/20220603
2025-12-16 23:24:27,251 [main] DEBUG c.p.b.e.MLResultGenerator.executeExperiment - 291 processed...13 20211220/20220603
2025-12-16 23:24:28,043 [main] DEBUG c.p.b.e.MLResultGenerator.executeExperiment - 291 processed...13 20211221/20220603
2025-12-16 23:24:28,905 [main] DEBUG c.p.b.e.MLResultGenerator.executeExperiment - 291 processed...8 20211222/20220603
2025-12-16 23:24:29,632 [main] DEBUG c.p.b.e.MLResultGenerator.executeExperiment - 291 processed...9 20211223/20220603
2025-12-16 23:24:30,354 [main] DEBUG c.p.b.e.MLResultGenerator.executeExperiment - 291 processed...18 20211224/20220603
2025-12-16 23:24:31,056 [main] DEBUG c.p.b.e.MLResultGenerator.executeExperiment - 291 processed...11 20211225/20220603
2025-12-16 23:24:31,708 [main] DEBUG c.p.b.e.MLResultGenerator.executeExperiment - 291 processed...10 20211226/20220603
2025-12-16 23:24:32,493 [main] DEBUG c.p.b.e.MLResultGenerator.executeExperiment - 291 processed...11 20211227/20220603
2025-12-16 23:24:33,334 [main] DEBUG c.p.b.e.MLResultGenerator.executeExperiment - 291 processed...12 20211228/20220603
2025-12-16 23:24:34,485 [main] DEBUG c.p.b.e.MLResultGenerator.executeExperiment - 291 processed...16 20211229/20220603
2025-12-16 23:24:35,460 [main] DEBUG c.p.b.e.MLResultGenerator.executeExperiment - 291 processed...16 20211230/20220603
2025-12-16 23:24:36,449 [main] DEBUG c.p.b.e.MLResultGenerator.executeExperiment - 291 processed...18 20211231/20220603
2025-12-16 23:24:37,407 [main] DEBUG c.p.b.e.MLResultGenerator.executeExperiment - 291 processed...15 20220101/20220603
2025-12-16 23:24:38,310 [main] DEBUG c.p.b.e.MLResultGenerator.executeExperiment - 291 processed...16 20220102/20220603
2025-12-16 23:24:39,515 [main] DEBUG c.p.b.e.MLResultGenerator.executeExperiment - 291 processed...14 20220103/20220603
2025-12-16 23:24:40,587 [main] DEBUG c.p.b.e.MLResultGenerator.executeExperiment - 291 processed...13 20220104/20220603
2025-12-16 23:24:40,588 [main] WARN  c.p.b.e.o.l.OddsMonitorFileLoader.load - odds monitor file does not exist. C:/boatrace/offline/data/oddsmonitor/odds_20220105.csv
2025-12-16 23:24:40,618 [main] DEBUG c.p.b.e.MLResultGenerator.executeExperiment - 291 processed...0 20220105/20220603
2025-12-16 23:24:41,542 [main] DEBUG c.p.b.e.MLResultGenerator.executeExperiment - 291 processed...10 20220106/20220603
2025-12-16 23:24:42,450 [main] DEBUG c.p.b.e.MLResultGenerator.executeExperiment - 291 processed...13 20220107/20220603
2025-12-16 23:24:43,163 [main] DEBUG c.p.b.e.MLResultGenerator.executeExperiment - 291 processed...15 20220108/20220603
2025-12-16 23:24:43,809 [main] DEBUG c.p.b.e.MLResultGenerator.executeExperiment - 291 processed...12 20220109/20220603
2025-12-16 23:24:44,404 [main] DEBUG c.p.b.e.MLResultGenerator.executeExperiment - 291 processed...14 20220110/20220603
2025-12-16 23:24:44,933 [main] DEBUG c.p.b.e.MLResultGenerator.executeExperiment - 291 processed...10 20220111/20220603
2025-12-16 23:24:45,738 [main] DEBUG c.p.b.e.MLResultGenerator.executeExperiment - 291 processed...16 20220112/20220603
2025-12-16 23:24:46,382 [main] DEBUG c.p.b.e.MLResultGenerator.executeExperiment - 291 processed...12 20220113/20220603
2025-12-16 23:24:46,991 [main] DEBUG c.p.b.e.MLResultGenerator.executeExperiment - 291 processed...13 20220114/20220603
2025-12-16 23:24:47,843 [main] DEBUG c.p.b.e.MLResultGenerator.executeExperiment - 291 processed...12 20220115/20220603
2025-12-16 23:24:48,453 [main] DEBUG c.p.b.e.MLResultGenerator.executeExperiment - 291 processed...15 20220116/20220603
2025-12-16 23:24:49,128 [main] DEBUG c.p.b.e.MLResultGenerator.executeExperiment - 291 processed...13 20220117/20220603
2025-12-16 23:24:49,746 [main] DEBUG c.p.b.e.MLResultGenerator.executeExperiment - 291 processed...13 20220118/20220603
2025-12-16 23:24:50,628 [main] DEBUG c.p.b.e.MLResultGenerator.executeExperiment - 291 processed...13 20220119/20220603
2025-12-16 23:24:51,346 [main] DEBUG c.p.b.e.MLResultGenerator.executeExperiment - 291 processed...11 20220120/20220603
2025-12-16 23:24:52,127 [main] DEBUG c.p.b.e.MLResultGenerator.executeExperiment - 291 processed...15 20220121/20220603
2025-12-16 23:24:53,210 [main] DEBUG c.p.b.e.MLResultGenerator.executeExperiment - 291 processed...14 20220122/20220603
2025-12-16 23:24:54,275 [main] DEBUG c.p.b.e.MLResultGenerator.executeExperiment - 291 processed...16 20220123/20220603
2025-12-16 23:24:55,083 [main] DEBUG c.p.b.e.MLResultGenerator.executeExperiment - 291 processed...12 20220124/20220603
2025-12-16 23:24:56,206 [main] DEBUG c.p.b.e.MLResultGenerator.executeExperiment - 291 processed...11 20220125/20220603
2025-12-16 23:24:57,181 [main] DEBUG c.p.b.e.MLResultGenerator.executeExperiment - 291 processed...10 20220126/20220603
2025-12-16 23:24:57,866 [main] DEBUG c.p.b.e.MLResultGenerator.executeExperiment - 291 processed...16 20220127/20220603
2025-12-16 23:24:58,697 [main] DEBUG c.p.b.e.MLResultGenerator.executeExperiment - 291 processed...13 20220128/20220603
2025-12-16 23:24:59,500 [main] DEBUG c.p.b.e.MLResultGenerator.executeExperiment - 291 processed...16 20220129/20220603
2025-12-16 23:25:00,278 [main] DEBUG c.p.b.e.MLResultGenerator.executeExperiment - 291 processed...8 20220130/20220603
2025-12-16 23:25:01,225 [main] DEBUG c.p.b.e.MLResultGenerator.executeExperiment - 291 processed...17 20220131/20220603
2025-12-16 23:25:01,894 [main] DEBUG c.p.b.e.MLResultGenerator.executeExperiment - 291 processed...15 20220201/20220603
2025-12-16 23:25:02,513 [main] DEBUG c.p.b.e.MLResultGenerator.executeExperiment - 291 processed...14 20220202/20220603
2025-12-16 23:25:03,228 [main] DEBUG c.p.b.e.MLResultGenerator.executeExperiment - 291 processed...16 20220203/20220603
2025-12-16 23:25:04,113 [main] DEBUG c.p.b.e.MLResultGenerator.executeExperiment - 291 processed...13 20220204/20220603
2025-12-16 23:25:04,745 [main] DEBUG c.p.b.e.MLResultGenerator.executeExperiment - 291 processed...11 20220205/20220603
2025-12-16 23:25:05,548 [main] DEBUG c.p.b.e.MLResultGenerator.executeExperiment - 291 processed...14 20220206/20220603
2025-12-16 23:25:06,379 [main] DEBUG c.p.b.e.MLResultGenerator.executeExperiment - 291 processed...17 20220207/20220603
2025-12-16 23:25:07,283 [main] DEBUG c.p.b.e.MLResultGenerator.executeExperiment - 291 processed...16 20220208/20220603
2025-12-16 23:25:08,044 [main] DEBUG c.p.b.e.MLResultGenerator.executeExperiment - 291 processed...14 20220209/20220603
2025-12-16 23:25:09,092 [main] DEBUG c.p.b.e.MLResultGenerator.executeExperiment - 291 processed...11 20220210/20220603
2025-12-16 23:25:10,585 [main] DEBUG c.p.b.e.MLResultGenerator.executeExperiment - 291 processed...14 20220211/20220603
2025-12-16 23:25:11,518 [main] DEBUG c.p.b.e.MLResultGenerator.executeExperiment - 291 processed...13 20220212/20220603
2025-12-16 23:25:12,248 [main] DEBUG c.p.b.e.MLResultGenerator.executeExperiment - 291 processed...12 20220213/20220603
2025-12-16 23:25:12,927 [main] DEBUG c.p.b.e.MLResultGenerator.executeExperiment - 291 processed...15 20220214/20220603
2025-12-16 23:25:13,762 [main] DEBUG c.p.b.e.MLResultGenerator.executeExperiment - 291 processed...12 20220215/20220603
2025-12-16 23:25:14,589 [main] DEBUG c.p.b.e.MLResultGenerator.executeExperiment - 291 processed...16 20220216/20220603
2025-12-16 23:25:15,332 [main] DEBUG c.p.b.e.MLResultGenerator.executeExperiment - 291 processed...14 20220217/20220603
2025-12-16 23:25:16,077 [main] DEBUG c.p.b.e.MLResultGenerator.executeExperiment - 291 processed...11 20220218/20220603
2025-12-16 23:25:16,943 [main] DEBUG c.p.b.e.MLResultGenerator.executeExperiment - 291 processed...13 20220219/20220603
2025-12-16 23:25:17,692 [main] DEBUG c.p.b.e.MLResultGenerator.executeExperiment - 291 processed...13 20220220/20220603
2025-12-16 23:25:18,550 [main] DEBUG c.p.b.e.MLResultGenerator.executeExperiment - 291 processed...13 20220221/20220603
2025-12-16 23:25:19,342 [main] DEBUG c.p.b.e.MLResultGenerator.executeExperiment - 291 processed...17 20220222/20220603
2025-12-16 23:25:20,123 [main] DEBUG c.p.b.e.MLResultGenerator.executeExperiment - 291 processed...9 20220223/20220603
2025-12-16 23:25:20,899 [main] DEBUG c.p.b.e.MLResultGenerator.executeExperiment - 291 processed...16 20220224/20220603
2025-12-16 23:25:21,740 [main] DEBUG c.p.b.e.MLResultGenerator.executeExperiment - 291 processed...15 20220225/20220603
2025-12-16 23:25:22,627 [main] DEBUG c.p.b.e.MLResultGenerator.executeExperiment - 291 processed...15 20220226/20220603
2025-12-16 23:25:23,437 [main] DEBUG c.p.b.e.MLResultGenerator.executeExperiment - 291 processed...10 20220227/20220603
2025-12-16 23:25:24,279 [main] DEBUG c.p.b.e.MLResultGenerator.executeExperiment - 291 processed...10 20220228/20220603
2025-12-16 23:25:25,176 [main] DEBUG c.p.b.e.MLResultGenerator.executeExperiment - 291 processed...10 20220301/20220603
2025-12-16 23:25:26,057 [main] DEBUG c.p.b.e.MLResultGenerator.executeExperiment - 291 processed...12 20220302/20220603
2025-12-16 23:25:26,794 [main] DEBUG c.p.b.e.MLResultGenerator.executeExperiment - 291 processed...15 20220303/20220603
2025-12-16 23:25:27,525 [main] DEBUG c.p.b.e.MLResultGenerator.executeExperiment - 291 processed...17 20220304/20220603
2025-12-16 23:25:28,397 [main] DEBUG c.p.b.e.MLResultGenerator.executeExperiment - 291 processed...15 20220305/20220603
2025-12-16 23:25:29,212 [main] DEBUG c.p.b.e.MLResultGenerator.executeExperiment - 291 processed...16 20220306/20220603
2025-12-16 23:25:30,253 [main] DEBUG c.p.b.e.MLResultGenerator.executeExperiment - 291 processed...15 20220307/20220603
2025-12-16 23:25:31,065 [main] DEBUG c.p.b.e.MLResultGenerator.executeExperiment - 291 processed...17 20220308/20220603
2025-12-16 23:25:31,963 [main] DEBUG c.p.b.e.MLResultGenerator.executeExperiment - 291 processed...13 20220309/20220603
2025-12-16 23:25:32,624 [main] DEBUG c.p.b.e.MLResultGenerator.executeExperiment - 291 processed...11 20220310/20220603
2025-12-16 23:25:33,383 [main] DEBUG c.p.b.e.MLResultGenerator.executeExperiment - 291 processed...17 20220311/20220603
2025-12-16 23:25:34,112 [main] DEBUG c.p.b.e.MLResultGenerator.executeExperiment - 291 processed...16 20220312/20220603
2025-12-16 23:25:34,852 [main] DEBUG c.p.b.e.MLResultGenerator.executeExperiment - 291 processed...12 20220313/20220603
2025-12-16 23:25:35,672 [main] DEBUG c.p.b.e.MLResultGenerator.executeExperiment - 291 processed...12 20220314/20220603
2025-12-16 23:25:36,399 [main] DEBUG c.p.b.e.MLResultGenerator.executeExperiment - 291 processed...14 20220315/20220603
2025-12-16 23:25:37,014 [main] DEBUG c.p.b.e.MLResultGenerator.executeExperiment - 291 processed...11 20220316/20220603
2025-12-16 23:25:37,739 [main] DEBUG c.p.b.e.MLResultGenerator.executeExperiment - 291 processed...18 20220317/20220603
2025-12-16 23:25:38,471 [main] DEBUG c.p.b.e.MLResultGenerator.executeExperiment - 291 processed...10 20220318/20220603
2025-12-16 23:25:39,274 [main] DEBUG c.p.b.e.MLResultGenerator.executeExperiment - 291 processed...18 20220319/20220603
2025-12-16 23:25:40,125 [main] DEBUG c.p.b.e.MLResultGenerator.executeExperiment - 291 processed...10 20220320/20220603
2025-12-16 23:25:40,876 [main] DEBUG c.p.b.e.MLResultGenerator.executeExperiment - 291 processed...10 20220321/20220603
2025-12-16 23:25:41,496 [main] DEBUG c.p.b.e.MLResultGenerator.executeExperiment - 291 processed...16 20220322/20220603
2025-12-16 23:25:42,200 [main] DEBUG c.p.b.e.MLResultGenerator.executeExperiment - 291 processed...8 20220323/20220603
2025-12-16 23:25:43,048 [main] DEBUG c.p.b.e.MLResultGenerator.executeExperiment - 291 processed...8 20220324/20220603
2025-12-16 23:25:43,953 [main] DEBUG c.p.b.e.MLResultGenerator.executeExperiment - 291 processed...13 20220325/20220603
2025-12-16 23:25:44,572 [main] DEBUG c.p.b.e.MLResultGenerator.executeExperiment - 291 processed...13 20220326/20220603
2025-12-16 23:25:45,308 [main] DEBUG c.p.b.e.MLResultGenerator.executeExperiment - 291 processed...16 20220327/20220603
2025-12-16 23:25:46,003 [main] DEBUG c.p.b.e.MLResultGenerator.executeExperiment - 291 processed...12 20220328/20220603
2025-12-16 23:25:46,759 [main] DEBUG c.p.b.e.MLResultGenerator.executeExperiment - 291 processed...10 20220329/20220603
2025-12-16 23:25:47,582 [main] DEBUG c.p.b.e.MLResultGenerator.executeExperiment - 291 processed...12 20220330/20220603
2025-12-16 23:25:48,089 [main] DEBUG c.p.b.e.MLResultGenerator.executeExperiment - 291 processed...9 20220331/20220603
2025-12-16 23:25:48,634 [main] DEBUG c.p.b.e.MLResultGenerator.executeExperiment - 291 processed...13 20220401/20220603
2025-12-16 23:25:49,325 [main] DEBUG c.p.b.e.MLResultGenerator.executeExperiment - 291 processed...15 20220402/20220603
2025-12-16 23:25:50,162 [main] DEBUG c.p.b.e.MLResultGenerator.executeExperiment - 291 processed...17 20220403/20220603
2025-12-16 23:25:50,998 [main] DEBUG c.p.b.e.MLResultGenerator.executeExperiment - 291 processed...11 20220404/20220603
2025-12-16 23:25:51,663 [main] DEBUG c.p.b.e.MLResultGenerator.executeExperiment - 291 processed...17 20220405/20220603
2025-12-16 23:25:52,339 [main] DEBUG c.p.b.e.MLResultGenerator.executeExperiment - 291 processed...13 20220406/20220603
2025-12-16 23:25:52,959 [main] DEBUG c.p.b.e.MLResultGenerator.executeExperiment - 291 processed...14 20220407/20220603
2025-12-16 23:25:53,668 [main] DEBUG c.p.b.e.MLResultGenerator.executeExperiment - 291 processed...10 20220408/20220603
2025-12-16 23:25:54,413 [main] DEBUG c.p.b.e.MLResultGenerator.executeExperiment - 291 processed...15 20220409/20220603
2025-12-16 23:25:55,032 [main] DEBUG c.p.b.e.MLResultGenerator.executeExperiment - 291 processed...14 20220410/20220603
2025-12-16 23:25:55,614 [main] DEBUG c.p.b.e.MLResultGenerator.executeExperiment - 291 processed...14 20220411/20220603
2025-12-16 23:25:56,246 [main] DEBUG c.p.b.e.MLResultGenerator.executeExperiment - 291 processed...14 20220412/20220603
2025-12-16 23:25:56,929 [main] DEBUG c.p.b.e.MLResultGenerator.executeExperiment - 291 processed...15 20220413/20220603
2025-12-16 23:25:57,734 [main] DEBUG c.p.b.e.MLResultGenerator.executeExperiment - 291 processed...14 20220414/20220603
2025-12-16 23:25:58,471 [main] DEBUG c.p.b.e.MLResultGenerator.executeExperiment - 291 processed...13 20220415/20220603
2025-12-16 23:25:59,277 [main] DEBUG c.p.b.e.MLResultGenerator.executeExperiment - 291 processed...10 20220416/20220603
2025-12-16 23:26:00,176 [main] DEBUG c.p.b.e.MLResultGenerator.executeExperiment - 291 processed...11 20220417/20220603
2025-12-16 23:26:01,161 [main] DEBUG c.p.b.e.MLResultGenerator.executeExperiment - 291 processed...8 20220418/20220603
2025-12-16 23:26:01,925 [main] DEBUG c.p.b.e.MLResultGenerator.executeExperiment - 291 processed...13 20220419/20220603
2025-12-16 23:26:02,842 [main] DEBUG c.p.b.e.MLResultGenerator.executeExperiment - 291 processed...12 20220420/20220603
2025-12-16 23:26:03,537 [main] DEBUG c.p.b.e.MLResultGenerator.executeExperiment - 291 processed...13 20220421/20220603
2025-12-16 23:26:04,264 [main] DEBUG c.p.b.e.MLResultGenerator.executeExperiment - 291 processed...13 20220422/20220603
2025-12-16 23:26:05,021 [main] DEBUG c.p.b.e.MLResultGenerator.executeExperiment - 291 processed...8 20220423/20220603
2025-12-16 23:26:06,041 [main] DEBUG c.p.b.e.MLResultGenerator.executeExperiment - 291 processed...13 20220424/20220603
2025-12-16 23:26:06,883 [main] DEBUG c.p.b.e.MLResultGenerator.executeExperiment - 291 processed...16 20220425/20220603
2025-12-16 23:26:07,720 [main] DEBUG c.p.b.e.MLResultGenerator.executeExperiment - 291 processed...11 20220426/20220603
2025-12-16 23:26:08,473 [main] DEBUG c.p.b.e.MLResultGenerator.executeExperiment - 291 processed...13 20220427/20220603
2025-12-16 23:26:09,170 [main] DEBUG c.p.b.e.MLResultGenerator.executeExperiment - 291 processed...14 20220428/20220603
2025-12-16 23:26:10,022 [main] DEBUG c.p.b.e.MLResultGenerator.executeExperiment - 291 processed...11 20220429/20220603
2025-12-16 23:26:10,984 [main] DEBUG c.p.b.e.MLResultGenerator.executeExperiment - 291 processed...15 20220430/20220603
2025-12-16 23:26:11,958 [main] DEBUG c.p.b.e.MLResultGenerator.executeExperiment - 291 processed...13 20220501/20220603
2025-12-16 23:26:12,813 [main] DEBUG c.p.b.e.MLResultGenerator.executeExperiment - 291 processed...15 20220502/20220603
2025-12-16 23:26:13,929 [main] DEBUG c.p.b.e.MLResultGenerator.executeExperiment - 291 processed...12 20220503/20220603
2025-12-16 23:26:14,703 [main] DEBUG c.p.b.e.MLResultGenerator.executeExperiment - 291 processed...9 20220504/20220603
2025-12-16 23:26:15,450 [main] DEBUG c.p.b.e.MLResultGenerator.executeExperiment - 291 processed...19 20220505/20220603
2025-12-16 23:26:16,099 [main] DEBUG c.p.b.e.MLResultGenerator.executeExperiment - 291 processed...10 20220506/20220603
2025-12-16 23:26:16,912 [main] DEBUG c.p.b.e.MLResultGenerator.executeExperiment - 291 processed...13 20220507/20220603
2025-12-16 23:26:17,645 [main] DEBUG c.p.b.e.MLResultGenerator.executeExperiment - 291 processed...8 20220508/20220603
2025-12-16 23:26:18,367 [main] DEBUG c.p.b.e.MLResultGenerator.executeExperiment - 291 processed...15 20220509/20220603
2025-12-16 23:26:19,196 [main] DEBUG c.p.b.e.MLResultGenerator.executeExperiment - 291 processed...12 20220510/20220603
2025-12-16 23:26:20,034 [main] DEBUG c.p.b.e.MLResultGenerator.executeExperiment - 291 processed...14 20220511/20220603
2025-12-16 23:26:20,654 [main] DEBUG c.p.b.e.MLResultGenerator.executeExperiment - 291 processed...13 20220512/20220603
2025-12-16 23:26:21,275 [main] DEBUG c.p.b.e.MLResultGenerator.executeExperiment - 291 processed...9 20220513/20220603
2025-12-16 23:26:21,942 [main] DEBUG c.p.b.e.MLResultGenerator.executeExperiment - 291 processed...11 20220514/20220603
2025-12-16 23:26:22,625 [main] DEBUG c.p.b.e.MLResultGenerator.executeExperiment - 291 processed...14 20220515/20220603
2025-12-16 23:26:23,406 [main] DEBUG c.p.b.e.MLResultGenerator.executeExperiment - 291 processed...8 20220516/20220603
2025-12-16 23:26:23,861 [main] DEBUG c.p.b.e.MLResultGenerator.executeExperiment - 291 processed...13 20220517/20220603
2025-12-16 23:26:24,421 [main] DEBUG c.p.b.e.MLResultGenerator.executeExperiment - 291 processed...16 20220518/20220603
2025-12-16 23:26:25,097 [main] DEBUG c.p.b.e.MLResultGenerator.executeExperiment - 291 processed...14 20220519/20220603
2025-12-16 23:26:25,805 [main] DEBUG c.p.b.e.MLResultGenerator.executeExperiment - 291 processed...17 20220520/20220603
2025-12-16 23:26:26,712 [main] DEBUG c.p.b.e.MLResultGenerator.executeExperiment - 291 processed...14 20220521/20220603
2025-12-16 23:26:27,439 [main] DEBUG c.p.b.e.MLResultGenerator.executeExperiment - 291 processed...11 20220522/20220603
2025-12-16 23:26:28,003 [main] DEBUG c.p.b.e.MLResultGenerator.executeExperiment - 291 processed...12 20220523/20220603
2025-12-16 23:26:28,630 [main] DEBUG c.p.b.e.MLResultGenerator.executeExperiment - 291 processed...16 20220524/20220603
2025-12-16 23:26:29,193 [main] DEBUG c.p.b.e.MLResultGenerator.executeExperiment - 291 processed...16 20220525/20220603
2025-12-16 23:26:30,140 [main] DEBUG c.p.b.e.MLResultGenerator.executeExperiment - 291 processed...10 20220526/20220603
2025-12-16 23:26:30,842 [main] DEBUG c.p.b.e.MLResultGenerator.executeExperiment - 291 processed...15 20220527/20220603
2025-12-16 23:26:31,768 [main] DEBUG c.p.b.e.MLResultGenerator.executeExperiment - 291 processed...11 20220528/20220603
2025-12-16 23:26:32,920 [main] DEBUG c.p.b.e.MLResultGenerator.executeExperiment - 291 processed...16 20220529/20220603
2025-12-16 23:26:33,634 [main] DEBUG c.p.b.e.MLResultGenerator.executeExperiment - 291 processed...14 20220530/20220603
2025-12-16 23:26:34,190 [main] DEBUG c.p.b.e.MLResultGenerator.executeExperiment - 291 processed...11 20220531/20220603
2025-12-16 23:26:34,812 [main] DEBUG c.p.b.e.MLResultGenerator.executeExperiment - 291 processed...15 20220601/20220603
2025-12-16 23:26:35,452 [main] DEBUG c.p.b.e.MLResultGenerator.executeExperiment - 291 processed...10 20220602/20220603
2025-12-16 23:26:36,248 [main] DEBUG c.p.b.e.MLResultGenerator.executeExperiment - 291 processed...13 20220603/20220603
2025-12-16 23:26:36,516 [main] DEBUG c.p.b.e.r.s.MlEvaluationCreator.create - creating MlEvaluation. 291,40001,1T,1,nopattern,nopattern
2025-12-16 23:26:36,627 [main] DEBUG c.p.b.e.r.s.MlEvaluationCreator.create - creating MlEvaluation. 291,40001,1T,2,nopattern,nopattern
2025-12-16 23:26:36,668 [main] DEBUG c.p.b.e.r.s.MlEvaluationCreator.create - creating MlEvaluation. 291,40001,1T,3,nopattern,nopattern
2025-12-16 23:26:36,695 [main] DEBUG c.p.b.e.r.s.MlEvaluationCreator.create - creating MlEvaluation. 291,40001,1T,4,nopattern,nopattern
2025-12-16 23:26:36,718 [main] DEBUG c.p.b.e.r.s.MlEvaluationCreator.create - creating MlEvaluation. 291,40001,1T,5,nopattern,nopattern
2025-12-16 23:26:36,732 [main] DEBUG c.p.b.e.r.s.MlEvaluationCreator.create - creating MlEvaluation. 291,40001,1T,6,nopattern,nopattern
2025-12-16 23:26:36,768 [main] DEBUG c.p.b.e.r.s.MlEvaluationCreator.create - creating MlEvaluation. 291,40001,2F,12,nopattern,nopattern
2025-12-16 23:26:36,810 [main] DEBUG c.p.b.e.r.s.MlEvaluationCreator.create - creating MlEvaluation. 291,40001,2F,13,nopattern,nopattern
2025-12-16 23:26:36,856 [main] DEBUG c.p.b.e.r.s.MlEvaluationCreator.create - creating MlEvaluation. 291,40001,2F,14,nopattern,nopattern
2025-12-16 23:26:36,901 [main] DEBUG c.p.b.e.r.s.MlEvaluationCreator.create - creating MlEvaluation. 291,40001,2F,15,nopattern,nopattern
2025-12-16 23:26:36,933 [main] DEBUG c.p.b.e.r.s.MlEvaluationCreator.create - creating MlEvaluation. 291,40001,2F,16,nopattern,nopattern
2025-12-16 23:26:36,950 [main] DEBUG c.p.b.e.r.s.MlEvaluationCreator.create - creating MlEvaluation. 291,40001,2F,23,nopattern,nopattern
2025-12-16 23:26:36,960 [main] DEBUG c.p.b.e.r.s.MlEvaluationCreator.create - creating MlEvaluation. 291,40001,2F,24,nopattern,nopattern
2025-12-16 23:26:36,966 [main] DEBUG c.p.b.e.r.s.MlEvaluationCreator.create - creating MlEvaluation. 291,40001,2F,25,nopattern,nopattern
2025-12-16 23:26:36,971 [main] DEBUG c.p.b.e.r.s.MlEvaluationCreator.create - creating MlEvaluation. 291,40001,2F,26,nopattern,nopattern
2025-12-16 23:26:36,978 [main] DEBUG c.p.b.e.r.s.MlEvaluationCreator.create - creating MlEvaluation. 291,40001,2F,34,nopattern,nopattern
2025-12-16 23:26:37,059 [main] DEBUG c.p.b.e.r.s.MlEvaluationCreator.create - creating MlEvaluation. 291,40001,2F,35,nopattern,nopattern
2025-12-16 23:26:37,069 [main] DEBUG c.p.b.e.r.s.MlEvaluationCreator.create - creating MlEvaluation. 291,40001,2F,36,nopattern,nopattern
2025-12-16 23:26:37,074 [main] DEBUG c.p.b.e.r.s.MlEvaluationCreator.create - creating MlEvaluation. 291,40001,2F,45,nopattern,nopattern
2025-12-16 23:26:37,080 [main] DEBUG c.p.b.e.r.s.MlEvaluationCreator.create - creating MlEvaluation. 291,40001,2F,46,nopattern,nopattern
2025-12-16 23:26:37,084 [main] DEBUG c.p.b.e.r.s.MlEvaluationCreator.create - creating MlEvaluation. 291,40001,2F,56,nopattern,nopattern
2025-12-16 23:26:37,104 [main] DEBUG c.p.b.e.r.s.MlEvaluationCreator.create - creating MlEvaluation. 291,40001,2T,12,nopattern,nopattern
2025-12-16 23:26:37,134 [main] DEBUG c.p.b.e.r.s.MlEvaluationCreator.create - creating MlEvaluation. 291,40001,2T,13,nopattern,nopattern
2025-12-16 23:26:37,172 [main] DEBUG c.p.b.e.r.s.MlEvaluationCreator.create - creating MlEvaluation. 291,40001,2T,14,nopattern,nopattern
2025-12-16 23:26:37,207 [main] DEBUG c.p.b.e.r.s.MlEvaluationCreator.create - creating MlEvaluation. 291,40001,2T,15,nopattern,nopattern
2025-12-16 23:26:37,244 [main] DEBUG c.p.b.e.r.s.MlEvaluationCreator.create - creating MlEvaluation. 291,40001,2T,16,nopattern,nopattern
2025-12-16 23:26:37,292 [main] DEBUG c.p.b.e.r.s.MlEvaluationCreator.create - creating MlEvaluation. 291,40001,2T,21,nopattern,nopattern
2025-12-16 23:26:37,310 [main] DEBUG c.p.b.e.r.s.MlEvaluationCreator.create - creating MlEvaluation. 291,40001,2T,23,nopattern,nopattern
2025-12-16 23:26:37,318 [main] DEBUG c.p.b.e.r.s.MlEvaluationCreator.create - creating MlEvaluation. 291,40001,2T,24,nopattern,nopattern
2025-12-16 23:26:37,323 [main] DEBUG c.p.b.e.r.s.MlEvaluationCreator.create - creating MlEvaluation. 291,40001,2T,25,nopattern,nopattern
2025-12-16 23:26:37,328 [main] DEBUG c.p.b.e.r.s.MlEvaluationCreator.create - creating MlEvaluation. 291,40001,2T,26,nopattern,nopattern
2025-12-16 23:26:37,361 [main] DEBUG c.p.b.e.r.s.MlEvaluationCreator.create - creating MlEvaluation. 291,40001,2T,31,nopattern,nopattern
2025-12-16 23:26:37,380 [main] DEBUG c.p.b.e.r.s.MlEvaluationCreator.create - creating MlEvaluation. 291,40001,2T,32,nopattern,nopattern
2025-12-16 23:26:37,387 [main] DEBUG c.p.b.e.r.s.MlEvaluationCreator.create - creating MlEvaluation. 291,40001,2T,34,nopattern,nopattern
2025-12-16 23:26:37,394 [main] DEBUG c.p.b.e.r.s.MlEvaluationCreator.create - creating MlEvaluation. 291,40001,2T,35,nopattern,nopattern
2025-12-16 23:26:37,399 [main] DEBUG c.p.b.e.r.s.MlEvaluationCreator.create - creating MlEvaluation. 291,40001,2T,36,nopattern,nopattern
2025-12-16 23:26:37,427 [main] DEBUG c.p.b.e.r.s.MlEvaluationCreator.create - creating MlEvaluation. 291,40001,2T,41,nopattern,nopattern
2025-12-16 23:26:37,443 [main] DEBUG c.p.b.e.r.s.MlEvaluationCreator.create - creating MlEvaluation. 291,40001,2T,42,nopattern,nopattern
2025-12-16 23:26:37,449 [main] DEBUG c.p.b.e.r.s.MlEvaluationCreator.create - creating MlEvaluation. 291,40001,2T,43,nopattern,nopattern
2025-12-16 23:26:37,454 [main] DEBUG c.p.b.e.r.s.MlEvaluationCreator.create - creating MlEvaluation. 291,40001,2T,45,nopattern,nopattern
2025-12-16 23:26:37,457 [main] DEBUG c.p.b.e.r.s.MlEvaluationCreator.create - creating MlEvaluation. 291,40001,2T,46,nopattern,nopattern
2025-12-16 23:26:37,468 [main] DEBUG c.p.b.e.r.s.MlEvaluationCreator.create - creating MlEvaluation. 291,40001,2T,51,nopattern,nopattern
2025-12-16 23:26:37,475 [main] DEBUG c.p.b.e.r.s.MlEvaluationCreator.create - creating MlEvaluation. 291,40001,2T,52,nopattern,nopattern
2025-12-16 23:26:37,480 [main] DEBUG c.p.b.e.r.s.MlEvaluationCreator.create - creating MlEvaluation. 291,40001,2T,53,nopattern,nopattern
2025-12-16 23:26:37,483 [main] DEBUG c.p.b.e.r.s.MlEvaluationCreator.create - creating MlEvaluation. 291,40001,2T,54,nopattern,nopattern
2025-12-16 23:26:37,487 [main] DEBUG c.p.b.e.r.s.MlEvaluationCreator.create - creating MlEvaluation. 291,40001,2T,56,nopattern,nopattern
2025-12-16 23:26:37,497 [main] DEBUG c.p.b.e.r.s.MlEvaluationCreator.create - creating MlEvaluation. 291,40001,2T,61,nopattern,nopattern
2025-12-16 23:26:37,503 [main] DEBUG c.p.b.e.r.s.MlEvaluationCreator.create - creating MlEvaluation. 291,40001,2T,62,nopattern,nopattern
2025-12-16 23:26:37,507 [main] DEBUG c.p.b.e.r.s.MlEvaluationCreator.create - creating MlEvaluation. 291,40001,2T,63,nopattern,nopattern
2025-12-16 23:26:37,513 [main] DEBUG c.p.b.e.r.s.MlEvaluationCreator.create - creating MlEvaluation. 291,40001,2T,64,nopattern,nopattern
2025-12-16 23:26:37,516 [main] DEBUG c.p.b.e.r.s.MlEvaluationCreator.create - creating MlEvaluation. 291,40001,2T,65,nopattern,nopattern
2025-12-16 23:26:37,552 [main] DEBUG c.p.b.e.r.s.MlEvaluationCreator.create - creating MlEvaluation. 291,40001,3F,123,nopattern,nopattern
2025-12-16 23:26:37,606 [main] DEBUG c.p.b.e.r.s.MlEvaluationCreator.create - creating MlEvaluation. 291,40001,3F,124,nopattern,nopattern
2025-12-16 23:26:37,657 [main] DEBUG c.p.b.e.r.s.MlEvaluationCreator.create - creating MlEvaluation. 291,40001,3F,125,nopattern,nopattern
2025-12-16 23:26:37,708 [main] DEBUG c.p.b.e.r.s.MlEvaluationCreator.create - creating MlEvaluation. 291,40001,3F,126,nopattern,nopattern
2025-12-16 23:26:37,753 [main] DEBUG c.p.b.e.r.s.MlEvaluationCreator.create - creating MlEvaluation. 291,40001,3F,134,nopattern,nopattern
2025-12-16 23:26:37,792 [main] DEBUG c.p.b.e.r.s.MlEvaluationCreator.create - creating MlEvaluation. 291,40001,3F,135,nopattern,nopattern
2025-12-16 23:26:37,827 [main] DEBUG c.p.b.e.r.s.MlEvaluationCreator.create - creating MlEvaluation. 291,40001,3F,136,nopattern,nopattern
2025-12-16 23:26:37,862 [main] DEBUG c.p.b.e.r.s.MlEvaluationCreator.create - creating MlEvaluation. 291,40001,3F,145,nopattern,nopattern
2025-12-16 23:26:37,889 [main] DEBUG c.p.b.e.r.s.MlEvaluationCreator.create - creating MlEvaluation. 291,40001,3F,146,nopattern,nopattern
2025-12-16 23:26:37,906 [main] DEBUG c.p.b.e.r.s.MlEvaluationCreator.create - creating MlEvaluation. 291,40001,3F,156,nopattern,nopattern
2025-12-16 23:26:37,918 [main] DEBUG c.p.b.e.r.s.MlEvaluationCreator.create - creating MlEvaluation. 291,40001,3F,234,nopattern,nopattern
2025-12-16 23:26:37,927 [main] DEBUG c.p.b.e.r.s.MlEvaluationCreator.create - creating MlEvaluation. 291,40001,3F,235,nopattern,nopattern
2025-12-16 23:26:37,932 [main] DEBUG c.p.b.e.r.s.MlEvaluationCreator.create - creating MlEvaluation. 291,40001,3F,236,nopattern,nopattern
2025-12-16 23:26:37,938 [main] DEBUG c.p.b.e.r.s.MlEvaluationCreator.create - creating MlEvaluation. 291,40001,3F,245,nopattern,nopattern
2025-12-16 23:26:37,944 [main] DEBUG c.p.b.e.r.s.MlEvaluationCreator.create - creating MlEvaluation. 291,40001,3F,246,nopattern,nopattern
2025-12-16 23:26:37,948 [main] DEBUG c.p.b.e.r.s.MlEvaluationCreator.create - creating MlEvaluation. 291,40001,3F,256,nopattern,nopattern
2025-12-16 23:26:37,952 [main] DEBUG c.p.b.e.r.s.MlEvaluationCreator.create - creating MlEvaluation. 291,40001,3F,345,nopattern,nopattern
2025-12-16 23:26:37,957 [main] DEBUG c.p.b.e.r.s.MlEvaluationCreator.create - creating MlEvaluation. 291,40001,3F,346,nopattern,nopattern
2025-12-16 23:26:37,962 [main] DEBUG c.p.b.e.r.s.MlEvaluationCreator.create - creating MlEvaluation. 291,40001,3F,356,nopattern,nopattern
2025-12-16 23:26:37,965 [main] DEBUG c.p.b.e.r.s.MlEvaluationCreator.create - creating MlEvaluation. 291,40001,3F,456,nopattern,nopattern
2025-12-16 23:26:37,977 [main] DEBUG c.p.b.e.r.s.MlEvaluationCreator.create - creating MlEvaluation. 291,40001,3T,123,nopattern,nopattern
2025-12-16 23:26:37,995 [main] DEBUG c.p.b.e.r.s.MlEvaluationCreator.create - creating MlEvaluation. 291,40001,3T,124,nopattern,nopattern
2025-12-16 23:26:38,009 [main] DEBUG c.p.b.e.r.s.MlEvaluationCreator.create - creating MlEvaluation. 291,40001,3T,125,nopattern,nopattern
2025-12-16 23:26:38,020 [main] DEBUG c.p.b.e.r.s.MlEvaluationCreator.create - creating MlEvaluation. 291,40001,3T,126,nopattern,nopattern
2025-12-16 23:26:38,047 [main] DEBUG c.p.b.e.r.s.MlEvaluationCreator.create - creating MlEvaluation. 291,40001,3T,132,nopattern,nopattern
2025-12-16 23:26:38,063 [main] DEBUG c.p.b.e.r.s.MlEvaluationCreator.create - creating MlEvaluation. 291,40001,3T,134,nopattern,nopattern
2025-12-16 23:26:38,071 [main] DEBUG c.p.b.e.r.s.MlEvaluationCreator.create - creating MlEvaluation. 291,40001,3T,135,nopattern,nopattern
2025-12-16 23:26:38,079 [main] DEBUG c.p.b.e.r.s.MlEvaluationCreator.create - creating MlEvaluation. 291,40001,3T,136,nopattern,nopattern
2025-12-16 23:26:38,104 [main] DEBUG c.p.b.e.r.s.MlEvaluationCreator.create - creating MlEvaluation. 291,40001,3T,142,nopattern,nopattern
2025-12-16 23:26:38,134 [main] DEBUG c.p.b.e.r.s.MlEvaluationCreator.create - creating MlEvaluation. 291,40001,3T,143,nopattern,nopattern
2025-12-16 23:26:38,145 [main] DEBUG c.p.b.e.r.s.MlEvaluationCreator.create - creating MlEvaluation. 291,40001,3T,145,nopattern,nopattern
2025-12-16 23:26:38,152 [main] DEBUG c.p.b.e.r.s.MlEvaluationCreator.create - creating MlEvaluation. 291,40001,3T,146,nopattern,nopattern
2025-12-16 23:26:38,172 [main] DEBUG c.p.b.e.r.s.MlEvaluationCreator.create - creating MlEvaluation. 291,40001,3T,152,nopattern,nopattern
2025-12-16 23:26:38,190 [main] DEBUG c.p.b.e.r.s.MlEvaluationCreator.create - creating MlEvaluation. 291,40001,3T,153,nopattern,nopattern
2025-12-16 23:26:38,207 [main] DEBUG c.p.b.e.r.s.MlEvaluationCreator.create - creating MlEvaluation. 291,40001,3T,154,nopattern,nopattern
2025-12-16 23:26:38,215 [main] DEBUG c.p.b.e.r.s.MlEvaluationCreator.create - creating MlEvaluation. 291,40001,3T,156,nopattern,nopattern
2025-12-16 23:26:38,230 [main] DEBUG c.p.b.e.r.s.MlEvaluationCreator.create - creating MlEvaluation. 291,40001,3T,162,nopattern,nopattern
2025-12-16 23:26:38,246 [main] DEBUG c.p.b.e.r.s.MlEvaluationCreator.create - creating MlEvaluation. 291,40001,3T,163,nopattern,nopattern
2025-12-16 23:26:38,255 [main] DEBUG c.p.b.e.r.s.MlEvaluationCreator.create - creating MlEvaluation. 291,40001,3T,164,nopattern,nopattern
2025-12-16 23:26:38,265 [main] DEBUG c.p.b.e.r.s.MlEvaluationCreator.create - creating MlEvaluation. 291,40001,3T,165,nopattern,nopattern
2025-12-16 23:26:38,294 [main] DEBUG c.p.b.e.r.s.MlEvaluationCreator.create - creating MlEvaluation. 291,40001,3T,213,nopattern,nopattern
2025-12-16 23:26:38,321 [main] DEBUG c.p.b.e.r.s.MlEvaluationCreator.create - creating MlEvaluation. 291,40001,3T,214,nopattern,nopattern
2025-12-16 23:26:38,334 [main] DEBUG c.p.b.e.r.s.MlEvaluationCreator.create - creating MlEvaluation. 291,40001,3T,215,nopattern,nopattern
2025-12-16 23:26:38,341 [main] DEBUG c.p.b.e.r.s.MlEvaluationCreator.create - creating MlEvaluation. 291,40001,3T,216,nopattern,nopattern
2025-12-16 23:26:38,352 [main] DEBUG c.p.b.e.r.s.MlEvaluationCreator.create - creating MlEvaluation. 291,40001,3T,231,nopattern,nopattern
2025-12-16 23:26:38,359 [main] DEBUG c.p.b.e.r.s.MlEvaluationCreator.create - creating MlEvaluation. 291,40001,3T,234,nopattern,nopattern
2025-12-16 23:26:38,365 [main] DEBUG c.p.b.e.r.s.MlEvaluationCreator.create - creating MlEvaluation. 291,40001,3T,235,nopattern,nopattern
2025-12-16 23:26:38,368 [main] DEBUG c.p.b.e.r.s.MlEvaluationCreator.create - creating MlEvaluation. 291,40001,3T,236,nopattern,nopattern
2025-12-16 23:26:38,382 [main] DEBUG c.p.b.e.r.s.MlEvaluationCreator.create - creating MlEvaluation. 291,40001,3T,241,nopattern,nopattern
2025-12-16 23:26:38,388 [main] DEBUG c.p.b.e.r.s.MlEvaluationCreator.create - creating MlEvaluation. 291,40001,3T,243,nopattern,nopattern
2025-12-16 23:26:38,393 [main] DEBUG c.p.b.e.r.s.MlEvaluationCreator.create - creating MlEvaluation. 291,40001,3T,245,nopattern,nopattern
2025-12-16 23:26:38,398 [main] DEBUG c.p.b.e.r.s.MlEvaluationCreator.create - creating MlEvaluation. 291,40001,3T,246,nopattern,nopattern
2025-12-16 23:26:38,403 [main] DEBUG c.p.b.e.r.s.MlEvaluationCreator.create - creating MlEvaluation. 291,40001,3T,251,nopattern,nopattern
2025-12-16 23:26:38,408 [main] DEBUG c.p.b.e.r.s.MlEvaluationCreator.create - creating MlEvaluation. 291,40001,3T,253,nopattern,nopattern
2025-12-16 23:26:38,413 [main] DEBUG c.p.b.e.r.s.MlEvaluationCreator.create - creating MlEvaluation. 291,40001,3T,254,nopattern,nopattern
2025-12-16 23:26:38,417 [main] DEBUG c.p.b.e.r.s.MlEvaluationCreator.create - creating MlEvaluation. 291,40001,3T,261,nopattern,nopattern
2025-12-16 23:26:38,422 [main] DEBUG c.p.b.e.r.s.MlEvaluationCreator.create - creating MlEvaluation. 291,40001,3T,263,nopattern,nopattern
2025-12-16 23:26:38,426 [main] DEBUG c.p.b.e.r.s.MlEvaluationCreator.create - creating MlEvaluation. 291,40001,3T,264,nopattern,nopattern
2025-12-16 23:26:38,430 [main] DEBUG c.p.b.e.r.s.MlEvaluationCreator.create - creating MlEvaluation. 291,40001,3T,265,nopattern,nopattern
2025-12-16 23:26:38,455 [main] DEBUG c.p.b.e.r.s.MlEvaluationCreator.create - creating MlEvaluation. 291,40001,3T,312,nopattern,nopattern
2025-12-16 23:26:38,476 [main] DEBUG c.p.b.e.r.s.MlEvaluationCreator.create - creating MlEvaluation. 291,40001,3T,314,nopattern,nopattern
2025-12-16 23:26:38,483 [main] DEBUG c.p.b.e.r.s.MlEvaluationCreator.create - creating MlEvaluation. 291,40001,3T,315,nopattern,nopattern
2025-12-16 23:26:38,489 [main] DEBUG c.p.b.e.r.s.MlEvaluationCreator.create - creating MlEvaluation. 291,40001,3T,316,nopattern,nopattern
2025-12-16 23:26:38,502 [main] DEBUG c.p.b.e.r.s.MlEvaluationCreator.create - creating MlEvaluation. 291,40001,3T,321,nopattern,nopattern
2025-12-16 23:26:38,509 [main] DEBUG c.p.b.e.r.s.MlEvaluationCreator.create - creating MlEvaluation. 291,40001,3T,324,nopattern,nopattern
2025-12-16 23:26:38,513 [main] DEBUG c.p.b.e.r.s.MlEvaluationCreator.create - creating MlEvaluation. 291,40001,3T,325,nopattern,nopattern
2025-12-16 23:26:38,517 [main] DEBUG c.p.b.e.r.s.MlEvaluationCreator.create - creating MlEvaluation. 291,40001,3T,326,nopattern,nopattern
2025-12-16 23:26:38,527 [main] DEBUG c.p.b.e.r.s.MlEvaluationCreator.create - creating MlEvaluation. 291,40001,3T,341,nopattern,nopattern
2025-12-16 23:26:38,531 [main] DEBUG c.p.b.e.r.s.MlEvaluationCreator.create - creating MlEvaluation. 291,40001,3T,342,nopattern,nopattern
2025-12-16 23:26:38,537 [main] DEBUG c.p.b.e.r.s.MlEvaluationCreator.create - creating MlEvaluation. 291,40001,3T,351,nopattern,nopattern
2025-12-16 23:26:38,541 [main] DEBUG c.p.b.e.r.s.MlEvaluationCreator.create - creating MlEvaluation. 291,40001,3T,352,nopattern,nopattern
2025-12-16 23:26:38,544 [main] DEBUG c.p.b.e.r.s.MlEvaluationCreator.create - creating MlEvaluation. 291,40001,3T,354,nopattern,nopattern
2025-12-16 23:26:38,547 [main] DEBUG c.p.b.e.r.s.MlEvaluationCreator.create - creating MlEvaluation. 291,40001,3T,356,nopattern,nopattern
2025-12-16 23:26:38,549 [main] DEBUG c.p.b.e.r.s.MlEvaluationCreator.create - creating MlEvaluation. 291,40001,3T,361,nopattern,nopattern
2025-12-16 23:26:38,553 [main] DEBUG c.p.b.e.r.s.MlEvaluationCreator.create - creating MlEvaluation. 291,40001,3T,362,nopattern,nopattern
2025-12-16 23:26:38,555 [main] DEBUG c.p.b.e.r.s.MlEvaluationCreator.create - creating MlEvaluation. 291,40001,3T,364,nopattern,nopattern
2025-12-16 23:26:38,557 [main] DEBUG c.p.b.e.r.s.MlEvaluationCreator.create - creating MlEvaluation. 291,40001,3T,365,nopattern,nopattern
2025-12-16 23:26:38,573 [main] DEBUG c.p.b.e.r.s.MlEvaluationCreator.create - creating MlEvaluation. 291,40001,3T,412,nopattern,nopattern
2025-12-16 23:26:38,590 [main] DEBUG c.p.b.e.r.s.MlEvaluationCreator.create - creating MlEvaluation. 291,40001,3T,413,nopattern,nopattern
2025-12-16 23:26:38,599 [main] DEBUG c.p.b.e.r.s.MlEvaluationCreator.create - creating MlEvaluation. 291,40001,3T,415,nopattern,nopattern
2025-12-16 23:26:38,604 [main] DEBUG c.p.b.e.r.s.MlEvaluationCreator.create - creating MlEvaluation. 291,40001,3T,416,nopattern,nopattern
2025-12-16 23:26:38,615 [main] DEBUG c.p.b.e.r.s.MlEvaluationCreator.create - creating MlEvaluation. 291,40001,3T,421,nopattern,nopattern
2025-12-16 23:26:38,620 [main] DEBUG c.p.b.e.r.s.MlEvaluationCreator.create - creating MlEvaluation. 291,40001,3T,423,nopattern,nopattern
2025-12-16 23:26:38,624 [main] DEBUG c.p.b.e.r.s.MlEvaluationCreator.create - creating MlEvaluation. 291,40001,3T,425,nopattern,nopattern
2025-12-16 23:26:38,631 [main] DEBUG c.p.b.e.r.s.MlEvaluationCreator.create - creating MlEvaluation. 291,40001,3T,426,nopattern,nopattern
2025-12-16 23:26:38,636 [main] DEBUG c.p.b.e.r.s.MlEvaluationCreator.create - creating MlEvaluation. 291,40001,3T,431,nopattern,nopattern
2025-12-16 23:26:38,641 [main] DEBUG c.p.b.e.r.s.MlEvaluationCreator.create - creating MlEvaluation. 291,40001,3T,432,nopattern,nopattern
2025-12-16 23:26:38,647 [main] DEBUG c.p.b.e.r.s.MlEvaluationCreator.create - creating MlEvaluation. 291,40001,3T,435,nopattern,nopattern
2025-12-16 23:26:38,650 [main] DEBUG c.p.b.e.r.s.MlEvaluationCreator.create - creating MlEvaluation. 291,40001,3T,436,nopattern,nopattern
2025-12-16 23:26:38,651 [main] DEBUG c.p.b.e.r.s.MlEvaluationCreator.create - creating MlEvaluation. 291,40001,3T,451,nopattern,nopattern
2025-12-16 23:26:38,655 [main] DEBUG c.p.b.e.r.s.MlEvaluationCreator.create - creating MlEvaluation. 291,40001,3T,452,nopattern,nopattern
2025-12-16 23:26:38,659 [main] DEBUG c.p.b.e.r.s.MlEvaluationCreator.create - creating MlEvaluation. 291,40001,3T,453,nopattern,nopattern
2025-12-16 23:26:38,663 [main] DEBUG c.p.b.e.r.s.MlEvaluationCreator.create - creating MlEvaluation. 291,40001,3T,461,nopattern,nopattern
2025-12-16 23:26:38,667 [main] DEBUG c.p.b.e.r.s.MlEvaluationCreator.create - creating MlEvaluation. 291,40001,3T,462,nopattern,nopattern
2025-12-16 23:26:38,670 [main] DEBUG c.p.b.e.r.s.MlEvaluationCreator.create - creating MlEvaluation. 291,40001,3T,463,nopattern,nopattern
2025-12-16 23:26:38,675 [main] DEBUG c.p.b.e.r.s.MlEvaluationCreator.create - creating MlEvaluation. 291,40001,3T,512,nopattern,nopattern
2025-12-16 23:26:38,684 [main] DEBUG c.p.b.e.r.s.MlEvaluationCreator.create - creating MlEvaluation. 291,40001,3T,513,nopattern,nopattern
2025-12-16 23:26:38,690 [main] DEBUG c.p.b.e.r.s.MlEvaluationCreator.create - creating MlEvaluation. 291,40001,3T,514,nopattern,nopattern
2025-12-16 23:26:38,696 [main] DEBUG c.p.b.e.r.s.MlEvaluationCreator.create - creating MlEvaluation. 291,40001,3T,516,nopattern,nopattern
2025-12-16 23:26:38,701 [main] DEBUG c.p.b.e.r.s.MlEvaluationCreator.create - creating MlEvaluation. 291,40001,3T,521,nopattern,nopattern
2025-12-16 23:26:38,705 [main] DEBUG c.p.b.e.r.s.MlEvaluationCreator.create - creating MlEvaluation. 291,40001,3T,523,nopattern,nopattern
2025-12-16 23:26:38,710 [main] DEBUG c.p.b.e.r.s.MlEvaluationCreator.create - creating MlEvaluation. 291,40001,3T,524,nopattern,nopattern
2025-12-16 23:26:38,713 [main] DEBUG c.p.b.e.r.s.MlEvaluationCreator.create - creating MlEvaluation. 291,40001,3T,531,nopattern,nopattern
2025-12-16 23:26:38,721 [main] DEBUG c.p.b.e.r.s.MlEvaluationCreator.create - creating MlEvaluation. 291,40001,3T,532,nopattern,nopattern
2025-12-16 23:26:38,725 [main] DEBUG c.p.b.e.r.s.MlEvaluationCreator.create - creating MlEvaluation. 291,40001,3T,534,nopattern,nopattern
2025-12-16 23:26:38,732 [main] DEBUG c.p.b.e.r.s.MlEvaluationCreator.create - creating MlEvaluation. 291,40001,3T,541,nopattern,nopattern
2025-12-16 23:26:38,737 [main] DEBUG c.p.b.e.r.s.MlEvaluationCreator.create - creating MlEvaluation. 291,40001,3T,542,nopattern,nopattern
2025-12-16 23:26:38,740 [main] DEBUG c.p.b.e.r.s.MlEvaluationCreator.create - creating MlEvaluation. 291,40001,3T,543,nopattern,nopattern
2025-12-16 23:26:38,745 [main] DEBUG c.p.b.e.r.s.MlEvaluationCreator.create - creating MlEvaluation. 291,40001,3T,561,nopattern,nopattern
2025-12-16 23:26:38,747 [main] DEBUG c.p.b.e.r.s.MlEvaluationCreator.create - creating MlEvaluation. 291,40001,3T,563,nopattern,nopattern
2025-12-16 23:26:38,750 [main] DEBUG c.p.b.e.r.s.MlEvaluationCreator.create - creating MlEvaluation. 291,40001,3T,612,nopattern,nopattern
2025-12-16 23:26:38,755 [main] DEBUG c.p.b.e.r.s.MlEvaluationCreator.create - creating MlEvaluation. 291,40001,3T,613,nopattern,nopattern
2025-12-16 23:26:38,763 [main] DEBUG c.p.b.e.r.s.MlEvaluationCreator.create - creating MlEvaluation. 291,40001,3T,614,nopattern,nopattern
2025-12-16 23:26:38,767 [main] DEBUG c.p.b.e.r.s.MlEvaluationCreator.create - creating MlEvaluation. 291,40001,3T,615,nopattern,nopattern
2025-12-16 23:26:38,772 [main] DEBUG c.p.b.e.r.s.MlEvaluationCreator.create - creating MlEvaluation. 291,40001,3T,621,nopattern,nopattern
2025-12-16 23:26:38,777 [main] DEBUG c.p.b.e.r.s.MlEvaluationCreator.create - creating MlEvaluation. 291,40001,3T,623,nopattern,nopattern
2025-12-16 23:26:38,782 [main] DEBUG c.p.b.e.r.s.MlEvaluationCreator.create - creating MlEvaluation. 291,40001,3T,624,nopattern,nopattern
2025-12-16 23:26:38,786 [main] DEBUG c.p.b.e.r.s.MlEvaluationCreator.create - creating MlEvaluation. 291,40001,3T,625,nopattern,nopattern
2025-12-16 23:26:38,788 [main] DEBUG c.p.b.e.r.s.MlEvaluationCreator.create - creating MlEvaluation. 291,40001,3T,631,nopattern,nopattern
2025-12-16 23:26:38,792 [main] DEBUG c.p.b.e.r.s.MlEvaluationCreator.create - creating MlEvaluation. 291,40001,3T,632,nopattern,nopattern
2025-12-16 23:26:38,797 [main] DEBUG c.p.b.e.r.s.MlEvaluationCreator.create - creating MlEvaluation. 291,40001,3T,634,nopattern,nopattern
2025-12-16 23:26:38,801 [main] DEBUG c.p.b.e.r.s.MlEvaluationCreator.create - creating MlEvaluation. 291,40001,3T,635,nopattern,nopattern
2025-12-16 23:26:38,804 [main] DEBUG c.p.b.e.r.s.MlEvaluationCreator.create - creating MlEvaluation. 291,40001,3T,641,nopattern,nopattern
2025-12-16 23:26:38,810 [main] DEBUG c.p.b.e.r.s.MlEvaluationCreator.create - creating MlEvaluation. 291,40001,3T,642,nopattern,nopattern
2025-12-16 23:26:38,814 [main] DEBUG c.p.b.e.r.s.MlEvaluationCreator.create - creating MlEvaluation. 291,40001,3T,643,nopattern,nopattern
2025-12-16 23:26:38,818 [main] DEBUG c.p.b.e.r.s.MlEvaluationCreator.create - creating MlEvaluation. 291,40001,3T,645,nopattern,nopattern
2025-12-16 23:26:38,819 [main] DEBUG c.p.b.e.r.s.MlEvaluationCreator.create - creating MlEvaluation. 291,40001,3T,651,nopattern,nopattern
2025-12-16 23:26:38,824 [main] DEBUG c.p.b.e.r.s.MlEvaluationCreator.create - creating MlEvaluation. 291,40001,3T,652,nopattern,nopattern
2025-12-16 23:26:38,825 [main] DEBUG c.p.b.e.r.s.MlEvaluationCreator.create - creating MlEvaluation. 291,40001,3T,653,nopattern,nopattern
2025-12-16 23:26:39,855 [main] INFO  c.p.b.e.r.g.ResultGraphBuilder.save - graph saved. C:/Dev/experiment/expr10/result//23-1-rnk-no-ipsg/1T/1_1T_1_nopattern_nopattern_40001_23-1-rnk-no-ipsg_-303_6.96_19.3.png
2025-12-16 23:26:40,398 [main] INFO  c.p.b.e.r.g.ResultGraphBuilder.save - graph saved. C:/Dev/experiment/expr10/result//23-1-rnk-no-ipsg/1T/1_1T_2_nopattern_nopattern_40001_23-1-rnk-no-ipsg_-586_4.84_32.9.png
2025-12-16 23:26:40,834 [main] INFO  c.p.b.e.r.g.ResultGraphBuilder.save - graph saved. C:/Dev/experiment/expr10/result//23-1-rnk-no-ipsg/1T/1_1T_3_nopattern_nopattern_40001_23-1-rnk-no-ipsg_-261_3.85_25.6.png
2025-12-16 23:26:41,234 [main] INFO  c.p.b.e.r.g.ResultGraphBuilder.save - graph saved. C:/Dev/experiment/expr10/result//23-1-rnk-no-ipsg/1T/1_1T_4_nopattern_nopattern_40001_23-1-rnk-no-ipsg_-340_2.59_18.6.png
2025-12-16 23:26:41,566 [main] INFO  c.p.b.e.r.g.ResultGraphBuilder.save - graph saved. C:/Dev/experiment/expr10/result//23-1-rnk-no-ipsg/1T/1_1T_5_nopattern_nopattern_40001_23-1-rnk-no-ipsg_-156_1.18_9.9.png
2025-12-16 23:26:41,888 [main] INFO  c.p.b.e.r.g.ResultGraphBuilder.save - graph saved. C:/Dev/experiment/expr10/result//23-1-rnk-no-ipsg/1T/1_1T_6_nopattern_nopattern_40001_23-1-rnk-no-ipsg_-253_0.62_6.7.png
2025-12-16 23:26:42,236 [main] INFO  c.p.b.e.r.g.ResultGraphBuilder.save - graph saved. C:/Dev/experiment/expr10/result//23-1-rnk-no-ipsg/2F/1_2F_12_nopattern_nopattern_40001_23-1-rnk-no-ipsg_-361_6.64_36.5.png
2025-12-16 23:26:42,608 [main] INFO  c.p.b.e.r.g.ResultGraphBuilder.save - graph saved. C:/Dev/experiment/expr10/result//23-1-rnk-no-ipsg/2F/1_2F_13_nopattern_nopattern_40001_23-1-rnk-no-ipsg_-499_6.54_42.6.png
2025-12-16 23:26:42,916 [main] INFO  c.p.b.e.r.g.ResultGraphBuilder.save - graph saved. C:/Dev/experiment/expr10/result//23-1-rnk-no-ipsg/2F/1_2F_14_nopattern_nopattern_40001_23-1-rnk-no-ipsg_-1092_6.62_54.6.png
2025-12-16 23:26:43,211 [main] INFO  c.p.b.e.r.g.ResultGraphBuilder.save - graph saved. C:/Dev/experiment/expr10/result//23-1-rnk-no-ipsg/2F/1_2F_15_nopattern_nopattern_40001_23-1-rnk-no-ipsg_-533_4.39_46.7.png
2025-12-16 23:26:43,501 [main] INFO  c.p.b.e.r.g.ResultGraphBuilder.save - graph saved. C:/Dev/experiment/expr10/result//23-1-rnk-no-ipsg/2F/1_2F_16_nopattern_nopattern_40001_23-1-rnk-no-ipsg_-544_2.37_31.3.png
2025-12-16 23:26:43,792 [main] INFO  c.p.b.e.r.g.ResultGraphBuilder.save - graph saved. C:/Dev/experiment/expr10/result//23-1-rnk-no-ipsg/2F/1_2F_23_nopattern_nopattern_40001_23-1-rnk-no-ipsg_-51_0.81_7.7.png
2025-12-16 23:26:44,082 [main] INFO  c.p.b.e.r.g.ResultGraphBuilder.save - graph saved. C:/Dev/experiment/expr10/result//23-1-rnk-no-ipsg/2F/1_2F_24_nopattern_nopattern_40001_23-1-rnk-no-ipsg_-70_0.5_5.5.png
2025-12-16 23:26:44,376 [main] INFO  c.p.b.e.r.g.ResultGraphBuilder.save - graph saved. C:/Dev/experiment/expr10/result//23-1-rnk-no-ipsg/2F/1_2F_25_nopattern_nopattern_40001_23-1-rnk-no-ipsg_-56_0.16_2.2.png
2025-12-16 23:26:44,673 [main] INFO  c.p.b.e.r.g.ResultGraphBuilder.save - graph saved. C:/Dev/experiment/expr10/result//23-1-rnk-no-ipsg/2F/1_2F_26_nopattern_nopattern_40001_23-1-rnk-no-ipsg_-15_0.15_1.9.png
2025-12-16 23:26:44,979 [main] INFO  c.p.b.e.r.g.ResultGraphBuilder.save - graph saved. C:/Dev/experiment/expr10/result//23-1-rnk-no-ipsg/2F/1_2F_34_nopattern_nopattern_40001_23-1-rnk-no-ipsg_-30_0.26_2.7.png
2025-12-16 23:26:45,272 [main] INFO  c.p.b.e.r.g.ResultGraphBuilder.save - graph saved. C:/Dev/experiment/expr10/result//23-1-rnk-no-ipsg/2F/1_2F_35_nopattern_nopattern_40001_23-1-rnk-no-ipsg_-23_0.09_1.0.png
2025-12-16 23:26:45,558 [main] INFO  c.p.b.e.r.g.ResultGraphBuilder.save - graph saved. C:/Dev/experiment/expr10/result//23-1-rnk-no-ipsg/2F/1_2F_36_nopattern_nopattern_40001_23-1-rnk-no-ipsg_14_0.08_0.8.png
2025-12-16 23:26:45,863 [main] INFO  c.p.b.e.r.g.ResultGraphBuilder.save - graph saved. C:/Dev/experiment/expr10/result//23-1-rnk-no-ipsg/2F/1_2F_45_nopattern_nopattern_40001_23-1-rnk-no-ipsg_-16_0.03_0.4.png
2025-12-16 23:26:46,143 [main] INFO  c.p.b.e.r.g.ResultGraphBuilder.save - graph saved. C:/Dev/experiment/expr10/result//23-1-rnk-no-ipsg/2F/1_2F_46_nopattern_nopattern_40001_23-1-rnk-no-ipsg_-15_0.01_0.3.png
2025-12-16 23:26:46,418 [main] INFO  c.p.b.e.r.g.ResultGraphBuilder.save - graph saved. C:/Dev/experiment/expr10/result//23-1-rnk-no-ipsg/2F/1_2F_56_nopattern_nopattern_40001_23-1-rnk-no-ipsg_10_0.01_0.1.png
2025-12-16 23:26:46,720 [main] INFO  c.p.b.e.r.g.ResultGraphBuilder.save - graph saved. C:/Dev/experiment/expr10/result//23-1-rnk-no-ipsg/2T/1_2T_12_nopattern_nopattern_40001_23-1-rnk-no-ipsg_-292_2.78_23.3.png
2025-12-16 23:26:47,010 [main] INFO  c.p.b.e.r.g.ResultGraphBuilder.save - graph saved. C:/Dev/experiment/expr10/result//23-1-rnk-no-ipsg/2T/1_2T_13_nopattern_nopattern_40001_23-1-rnk-no-ipsg_-273_2.89_26.5.png
2025-12-16 23:26:47,305 [main] INFO  c.p.b.e.r.g.ResultGraphBuilder.save - graph saved. C:/Dev/experiment/expr10/result//23-1-rnk-no-ipsg/2T/1_2T_14_nopattern_nopattern_40001_23-1-rnk-no-ipsg_-741_3.32_40.1.png
2025-12-16 23:26:47,597 [main] INFO  c.p.b.e.r.g.ResultGraphBuilder.save - graph saved. C:/Dev/experiment/expr10/result//23-1-rnk-no-ipsg/2T/1_2T_15_nopattern_nopattern_40001_23-1-rnk-no-ipsg_-551_2.64_41.1.png
2025-12-16 23:26:47,889 [main] INFO  c.p.b.e.r.g.ResultGraphBuilder.save - graph saved. C:/Dev/experiment/expr10/result//23-1-rnk-no-ipsg/2T/1_2T_16_nopattern_nopattern_40001_23-1-rnk-no-ipsg_-482_1.93_35.8.png
2025-12-16 23:26:48,191 [main] INFO  c.p.b.e.r.g.ResultGraphBuilder.save - graph saved. C:/Dev/experiment/expr10/result//23-1-rnk-no-ipsg/2T/1_2T_21_nopattern_nopattern_40001_23-1-rnk-no-ipsg_-1078_3.14_58.3.png
2025-12-16 23:26:48,488 [main] INFO  c.p.b.e.r.g.ResultGraphBuilder.save - graph saved. C:/Dev/experiment/expr10/result//23-1-rnk-no-ipsg/2T/1_2T_23_nopattern_nopattern_40001_23-1-rnk-no-ipsg_-34_0.24_4.3.png
2025-12-16 23:26:48,913 [main] INFO  c.p.b.e.r.g.ResultGraphBuilder.save - graph saved. C:/Dev/experiment/expr10/result//23-1-rnk-no-ipsg/2T/1_2T_24_nopattern_nopattern_40001_23-1-rnk-no-ipsg_-19_0.14_2.9.png
2025-12-16 23:26:49,220 [main] INFO  c.p.b.e.r.g.ResultGraphBuilder.save - graph saved. C:/Dev/experiment/expr10/result//23-1-rnk-no-ipsg/2T/1_2T_25_nopattern_nopattern_40001_23-1-rnk-no-ipsg_-14_0.04_1.0.png
2025-12-16 23:26:49,528 [main] INFO  c.p.b.e.r.g.ResultGraphBuilder.save - graph saved. C:/Dev/experiment/expr10/result//23-1-rnk-no-ipsg/2T/1_2T_26_nopattern_nopattern_40001_23-1-rnk-no-ipsg_-5_0.03_0.8.png
2025-12-16 23:26:49,830 [main] INFO  c.p.b.e.r.g.ResultGraphBuilder.save - graph saved. C:/Dev/experiment/expr10/result//23-1-rnk-no-ipsg/2T/1_2T_31_nopattern_nopattern_40001_23-1-rnk-no-ipsg_-1066_2.0_45.7.png
2025-12-16 23:26:50,141 [main] INFO  c.p.b.e.r.g.ResultGraphBuilder.save - graph saved. C:/Dev/experiment/expr10/result//23-1-rnk-no-ipsg/2T/1_2T_32_nopattern_nopattern_40001_23-1-rnk-no-ipsg_16_0.4_6.7.png
2025-12-16 23:26:50,440 [main] INFO  c.p.b.e.r.g.ResultGraphBuilder.save - graph saved. C:/Dev/experiment/expr10/result//23-1-rnk-no-ipsg/2T/1_2T_34_nopattern_nopattern_40001_23-1-rnk-no-ipsg_-19_0.05_1.1.png
2025-12-16 23:26:50,754 [main] INFO  c.p.b.e.r.g.ResultGraphBuilder.save - graph saved. C:/Dev/experiment/expr10/result//23-1-rnk-no-ipsg/2T/1_2T_35_nopattern_nopattern_40001_23-1-rnk-no-ipsg_17_0.02_0.3.png
2025-12-16 23:26:51,045 [main] INFO  c.p.b.e.r.g.ResultGraphBuilder.save - graph saved. C:/Dev/experiment/expr10/result//23-1-rnk-no-ipsg/2T/1_2T_36_nopattern_nopattern_40001_23-1-rnk-no-ipsg_13_0.02_0.2.png
2025-12-16 23:26:51,351 [main] INFO  c.p.b.e.r.g.ResultGraphBuilder.save - graph saved. C:/Dev/experiment/expr10/result//23-1-rnk-no-ipsg/2T/1_2T_41_nopattern_nopattern_40001_23-1-rnk-no-ipsg_-991_1.33_35.1.png
2025-12-16 23:26:51,656 [main] INFO  c.p.b.e.r.g.ResultGraphBuilder.save - graph saved. C:/Dev/experiment/expr10/result//23-1-rnk-no-ipsg/2T/1_2T_42_nopattern_nopattern_40001_23-1-rnk-no-ipsg_0_0.23_4.2.png
2025-12-16 23:26:51,961 [main] INFO  c.p.b.e.r.g.ResultGraphBuilder.save - graph saved. C:/Dev/experiment/expr10/result//23-1-rnk-no-ipsg/2T/1_2T_43_nopattern_nopattern_40001_23-1-rnk-no-ipsg_-1_0.12_2.5.png
2025-12-16 23:26:52,271 [main] INFO  c.p.b.e.r.g.ResultGraphBuilder.save - graph saved. C:/Dev/experiment/expr10/result//23-1-rnk-no-ipsg/2T/1_2T_45_nopattern_nopattern_40001_23-1-rnk-no-ipsg_8_0.01_0.1.png
2025-12-16 23:26:52,578 [main] INFO  c.p.b.e.r.g.ResultGraphBuilder.save - graph saved. C:/Dev/experiment/expr10/result//23-1-rnk-no-ipsg/2T/1_2T_46_nopattern_nopattern_40001_23-1-rnk-no-ipsg_-6_0.0_0.0.png
2025-12-16 23:26:52,912 [main] INFO  c.p.b.e.r.g.ResultGraphBuilder.save - graph saved. C:/Dev/experiment/expr10/result//23-1-rnk-no-ipsg/2T/1_2T_51_nopattern_nopattern_40001_23-1-rnk-no-ipsg_-80_0.54_12.2.png
2025-12-16 23:26:53,240 [main] INFO  c.p.b.e.r.g.ResultGraphBuilder.save - graph saved. C:/Dev/experiment/expr10/result//23-1-rnk-no-ipsg/2T/1_2T_52_nopattern_nopattern_40001_23-1-rnk-no-ipsg_-45_0.08_1.9.png
2025-12-16 23:26:53,562 [main] INFO  c.p.b.e.r.g.ResultGraphBuilder.save - graph saved. C:/Dev/experiment/expr10/result//23-1-rnk-no-ipsg/2T/1_2T_53_nopattern_nopattern_40001_23-1-rnk-no-ipsg_-44_0.02_0.9.png
2025-12-16 23:26:53,886 [main] INFO  c.p.b.e.r.g.ResultGraphBuilder.save - graph saved. C:/Dev/experiment/expr10/result//23-1-rnk-no-ipsg/2T/1_2T_54_nopattern_nopattern_40001_23-1-rnk-no-ipsg_-10_0.01_0.5.png
2025-12-16 23:26:54,162 [main] INFO  c.p.b.e.r.g.ResultGraphBuilder.save - graph saved. C:/Dev/experiment/expr10/result//23-1-rnk-no-ipsg/2T/1_2T_56_nopattern_nopattern_40001_23-1-rnk-no-ipsg_-4_0.0_0.0.png
2025-12-16 23:26:54,486 [main] INFO  c.p.b.e.r.g.ResultGraphBuilder.save - graph saved. C:/Dev/experiment/expr10/result//23-1-rnk-no-ipsg/2T/1_2T_61_nopattern_nopattern_40001_23-1-rnk-no-ipsg_-257_0.23_7.2.png
2025-12-16 23:26:54,811 [main] INFO  c.p.b.e.r.g.ResultGraphBuilder.save - graph saved. C:/Dev/experiment/expr10/result//23-1-rnk-no-ipsg/2T/1_2T_62_nopattern_nopattern_40001_23-1-rnk-no-ipsg_-22_0.05_1.2.png
2025-12-16 23:26:55,120 [main] INFO  c.p.b.e.r.g.ResultGraphBuilder.save - graph saved. C:/Dev/experiment/expr10/result//23-1-rnk-no-ipsg/2T/1_2T_63_nopattern_nopattern_40001_23-1-rnk-no-ipsg_-12_0.03_0.7.png
2025-12-16 23:26:55,429 [main] INFO  c.p.b.e.r.g.ResultGraphBuilder.save - graph saved. C:/Dev/experiment/expr10/result//23-1-rnk-no-ipsg/2T/1_2T_64_nopattern_nopattern_40001_23-1-rnk-no-ipsg_-4_0.01_0.3.png
2025-12-16 23:26:55,738 [main] INFO  c.p.b.e.r.g.ResultGraphBuilder.save - graph saved. C:/Dev/experiment/expr10/result//23-1-rnk-no-ipsg/2T/1_2T_65_nopattern_nopattern_40001_23-1-rnk-no-ipsg_-5_0.0_0.0.png
2025-12-16 23:26:56,053 [main] INFO  c.p.b.e.r.g.ResultGraphBuilder.save - graph saved. C:/Dev/experiment/expr10/result//23-1-rnk-no-ipsg/3F/1_3F_123_nopattern_nopattern_40001_23-1-rnk-no-ipsg_-770_6.66_51.1.png
2025-12-16 23:26:56,373 [main] INFO  c.p.b.e.r.g.ResultGraphBuilder.save - graph saved. C:/Dev/experiment/expr10/result//23-1-rnk-no-ipsg/3F/1_3F_124_nopattern_nopattern_40001_23-1-rnk-no-ipsg_-1179_5.96_62.2.png
2025-12-16 23:26:56,700 [main] INFO  c.p.b.e.r.g.ResultGraphBuilder.save - graph saved. C:/Dev/experiment/expr10/result//23-1-rnk-no-ipsg/3F/1_3F_125_nopattern_nopattern_40001_23-1-rnk-no-ipsg_-775_4.32_58.4.png
2025-12-16 23:26:57,016 [main] INFO  c.p.b.e.r.g.ResultGraphBuilder.save - graph saved. C:/Dev/experiment/expr10/result//23-1-rnk-no-ipsg/3F/1_3F_126_nopattern_nopattern_40001_23-1-rnk-no-ipsg_-805_3.17_56.4.png
2025-12-16 23:26:57,333 [main] INFO  c.p.b.e.r.g.ResultGraphBuilder.save - graph saved. C:/Dev/experiment/expr10/result//23-1-rnk-no-ipsg/3F/1_3F_134_nopattern_nopattern_40001_23-1-rnk-no-ipsg_-1011_4.66_54.6.png
2025-12-16 23:26:57,651 [main] INFO  c.p.b.e.r.g.ResultGraphBuilder.save - graph saved. C:/Dev/experiment/expr10/result//23-1-rnk-no-ipsg/3F/1_3F_135_nopattern_nopattern_40001_23-1-rnk-no-ipsg_-924_2.14_37.6.png
2025-12-16 23:26:57,958 [main] INFO  c.p.b.e.r.g.ResultGraphBuilder.save - graph saved. C:/Dev/experiment/expr10/result//23-1-rnk-no-ipsg/3F/1_3F_136_nopattern_nopattern_40001_23-1-rnk-no-ipsg_-557_1.9_38.8.png
2025-12-16 23:26:58,251 [main] INFO  c.p.b.e.r.g.ResultGraphBuilder.save - graph saved. C:/Dev/experiment/expr10/result//23-1-rnk-no-ipsg/3F/1_3F_145_nopattern_nopattern_40001_23-1-rnk-no-ipsg_-798_2.01_39.0.png
2025-12-16 23:26:58,544 [main] INFO  c.p.b.e.r.g.ResultGraphBuilder.save - graph saved. C:/Dev/experiment/expr10/result//23-1-rnk-no-ipsg/3F/1_3F_146_nopattern_nopattern_40001_23-1-rnk-no-ipsg_-456_1.25_27.2.png
2025-12-16 23:26:58,843 [main] INFO  c.p.b.e.r.g.ResultGraphBuilder.save - graph saved. C:/Dev/experiment/expr10/result//23-1-rnk-no-ipsg/3F/1_3F_156_nopattern_nopattern_40001_23-1-rnk-no-ipsg_-180_0.5_11.9.png
2025-12-16 23:26:59,135 [main] INFO  c.p.b.e.r.g.ResultGraphBuilder.save - graph saved. C:/Dev/experiment/expr10/result//23-1-rnk-no-ipsg/3F/1_3F_234_nopattern_nopattern_40001_23-1-rnk-no-ipsg_-153_0.43_7.8.png
2025-12-16 23:26:59,505 [main] INFO  c.p.b.e.r.g.ResultGraphBuilder.save - graph saved. C:/Dev/experiment/expr10/result//23-1-rnk-no-ipsg/3F/1_3F_235_nopattern_nopattern_40001_23-1-rnk-no-ipsg_69_0.21_3.6.png
2025-12-16 23:26:59,795 [main] INFO  c.p.b.e.r.g.ResultGraphBuilder.save - graph saved. C:/Dev/experiment/expr10/result//23-1-rnk-no-ipsg/3F/1_3F_236_nopattern_nopattern_40001_23-1-rnk-no-ipsg_-15_0.14_2.8.png
2025-12-16 23:27:00,085 [main] INFO  c.p.b.e.r.g.ResultGraphBuilder.save - graph saved. C:/Dev/experiment/expr10/result//23-1-rnk-no-ipsg/3F/1_3F_245_nopattern_nopattern_40001_23-1-rnk-no-ipsg_28_0.13_2.5.png
2025-12-16 23:27:00,372 [main] INFO  c.p.b.e.r.g.ResultGraphBuilder.save - graph saved. C:/Dev/experiment/expr10/result//23-1-rnk-no-ipsg/3F/1_3F_246_nopattern_nopattern_40001_23-1-rnk-no-ipsg_-19_0.06_1.3.png
2025-12-16 23:27:00,672 [main] INFO  c.p.b.e.r.g.ResultGraphBuilder.save - graph saved. C:/Dev/experiment/expr10/result//23-1-rnk-no-ipsg/3F/1_3F_256_nopattern_nopattern_40001_23-1-rnk-no-ipsg_21_0.03_0.5.png
2025-12-16 23:27:01,034 [main] INFO  c.p.b.e.r.g.ResultGraphBuilder.save - graph saved. C:/Dev/experiment/expr10/result//23-1-rnk-no-ipsg/3F/1_3F_345_nopattern_nopattern_40001_23-1-rnk-no-ipsg_-11_0.04_0.9.png
2025-12-16 23:27:01,328 [main] INFO  c.p.b.e.r.g.ResultGraphBuilder.save - graph saved. C:/Dev/experiment/expr10/result//23-1-rnk-no-ipsg/3F/1_3F_346_nopattern_nopattern_40001_23-1-rnk-no-ipsg_16_0.03_0.6.png
2025-12-16 23:27:01,602 [main] INFO  c.p.b.e.r.g.ResultGraphBuilder.save - graph saved. C:/Dev/experiment/expr10/result//23-1-rnk-no-ipsg/3F/1_3F_356_nopattern_nopattern_40001_23-1-rnk-no-ipsg_-7_0.0_0.2.png
2025-12-16 23:27:01,845 [main] INFO  c.p.b.e.r.g.ResultGraphBuilder.save - graph saved. C:/Dev/experiment/expr10/result//23-1-rnk-no-ipsg/3F/1_3F_456_nopattern_nopattern_40001_23-1-rnk-no-ipsg_-3_0.0_0.0.png
2025-12-16 23:27:02,133 [main] INFO  c.p.b.e.r.g.ResultGraphBuilder.save - graph saved. C:/Dev/experiment/expr10/result//23-1-rnk-no-ipsg/3T/1_3T_123_nopattern_nopattern_40001_23-1-rnk-no-ipsg_-127_0.91_16.4.png
2025-12-16 23:27:02,422 [main] INFO  c.p.b.e.r.g.ResultGraphBuilder.save - graph saved. C:/Dev/experiment/expr10/result//23-1-rnk-no-ipsg/3T/1_3T_124_nopattern_nopattern_40001_23-1-rnk-no-ipsg_-319_0.64_15.0.png
2025-12-16 23:27:02,741 [main] INFO  c.p.b.e.r.g.ResultGraphBuilder.save - graph saved. C:/Dev/experiment/expr10/result//23-1-rnk-no-ipsg/3T/1_3T_125_nopattern_nopattern_40001_23-1-rnk-no-ipsg_-127_0.33_8.5.png
2025-12-16 23:27:03,089 [main] INFO  c.p.b.e.r.g.ResultGraphBuilder.save - graph saved. C:/Dev/experiment/expr10/result//23-1-rnk-no-ipsg/3T/1_3T_126_nopattern_nopattern_40001_23-1-rnk-no-ipsg_-56_0.3_7.8.png
2025-12-16 23:27:03,492 [main] INFO  c.p.b.e.r.g.ResultGraphBuilder.save - graph saved. C:/Dev/experiment/expr10/result//23-1-rnk-no-ipsg/3T/1_3T_132_nopattern_nopattern_40001_23-1-rnk-no-ipsg_-506_1.51_31.6.png
2025-12-16 23:27:03,831 [main] INFO  c.p.b.e.r.g.ResultGraphBuilder.save - graph saved. C:/Dev/experiment/expr10/result//23-1-rnk-no-ipsg/3T/1_3T_134_nopattern_nopattern_40001_23-1-rnk-no-ipsg_-76_0.39_9.3.png
2025-12-16 23:27:04,116 [main] INFO  c.p.b.e.r.g.ResultGraphBuilder.save - graph saved. C:/Dev/experiment/expr10/result//23-1-rnk-no-ipsg/3T/1_3T_135_nopattern_nopattern_40001_23-1-rnk-no-ipsg_-83_0.08_2.6.png
2025-12-16 23:27:04,405 [main] INFO  c.p.b.e.r.g.ResultGraphBuilder.save - graph saved. C:/Dev/experiment/expr10/result//23-1-rnk-no-ipsg/3T/1_3T_136_nopattern_nopattern_40001_23-1-rnk-no-ipsg_13_0.12_3.0.png
2025-12-16 23:27:04,697 [main] INFO  c.p.b.e.r.g.ResultGraphBuilder.save - graph saved. C:/Dev/experiment/expr10/result//23-1-rnk-no-ipsg/3T/1_3T_142_nopattern_nopattern_40001_23-1-rnk-no-ipsg_-757_1.17_32.6.png
2025-12-16 23:27:04,985 [main] INFO  c.p.b.e.r.g.ResultGraphBuilder.save - graph saved. C:/Dev/experiment/expr10/result//23-1-rnk-no-ipsg/3T/1_3T_143_nopattern_nopattern_40001_23-1-rnk-no-ipsg_-736_0.87_26.3.png
2025-12-16 23:27:05,266 [main] INFO  c.p.b.e.r.g.ResultGraphBuilder.save - graph saved. C:/Dev/experiment/expr10/result//23-1-rnk-no-ipsg/3T/1_3T_145_nopattern_nopattern_40001_23-1-rnk-no-ipsg_-89_0.11_3.6.png
2025-12-16 23:27:05,547 [main] INFO  c.p.b.e.r.g.ResultGraphBuilder.save - graph saved. C:/Dev/experiment/expr10/result//23-1-rnk-no-ipsg/3T/1_3T_146_nopattern_nopattern_40001_23-1-rnk-no-ipsg_-17_0.07_1.9.png
2025-12-16 23:27:05,846 [main] INFO  c.p.b.e.r.g.ResultGraphBuilder.save - graph saved. C:/Dev/experiment/expr10/result//23-1-rnk-no-ipsg/3T/1_3T_152_nopattern_nopattern_40001_23-1-rnk-no-ipsg_-127_0.62_20.6.png
2025-12-16 23:27:06,133 [main] INFO  c.p.b.e.r.g.ResultGraphBuilder.save - graph saved. C:/Dev/experiment/expr10/result//23-1-rnk-no-ipsg/3T/1_3T_153_nopattern_nopattern_40001_23-1-rnk-no-ipsg_-177_0.35_12.8.png
2025-12-16 23:27:06,429 [main] INFO  c.p.b.e.r.g.ResultGraphBuilder.save - graph saved. C:/Dev/experiment/expr10/result//23-1-rnk-no-ipsg/3T/1_3T_154_nopattern_nopattern_40001_23-1-rnk-no-ipsg_-180_0.31_11.1.png
2025-12-16 23:27:06,703 [main] INFO  c.p.b.e.r.g.ResultGraphBuilder.save - graph saved. C:/Dev/experiment/expr10/result//23-1-rnk-no-ipsg/3T/1_3T_156_nopattern_nopattern_40001_23-1-rnk-no-ipsg_4_0.01_0.5.png
2025-12-16 23:27:06,992 [main] INFO  c.p.b.e.r.g.ResultGraphBuilder.save - graph saved. C:/Dev/experiment/expr10/result//23-1-rnk-no-ipsg/3T/1_3T_162_nopattern_nopattern_40001_23-1-rnk-no-ipsg_-240_0.3_12.2.png
2025-12-16 23:27:07,382 [main] INFO  c.p.b.e.r.g.ResultGraphBuilder.save - graph saved. C:/Dev/experiment/expr10/result//23-1-rnk-no-ipsg/3T/1_3T_163_nopattern_nopattern_40001_23-1-rnk-no-ipsg_-206_0.19_7.5.png
2025-12-16 23:27:07,670 [main] INFO  c.p.b.e.r.g.ResultGraphBuilder.save - graph saved. C:/Dev/experiment/expr10/result//23-1-rnk-no-ipsg/3T/1_3T_164_nopattern_nopattern_40001_23-1-rnk-no-ipsg_-118_0.13_5.2.png
2025-12-16 23:27:07,956 [main] INFO  c.p.b.e.r.g.ResultGraphBuilder.save - graph saved. C:/Dev/experiment/expr10/result//23-1-rnk-no-ipsg/3T/1_3T_165_nopattern_nopattern_40001_23-1-rnk-no-ipsg_-25_0.04_1.6.png
2025-12-16 23:27:08,235 [main] INFO  c.p.b.e.r.g.ResultGraphBuilder.save - graph saved. C:/Dev/experiment/expr10/result//23-1-rnk-no-ipsg/3T/1_3T_213_nopattern_nopattern_40001_23-1-rnk-no-ipsg_-582_0.8_29.1.png
2025-12-16 23:27:08,522 [main] INFO  c.p.b.e.r.g.ResultGraphBuilder.save - graph saved. C:/Dev/experiment/expr10/result//23-1-rnk-no-ipsg/3T/1_3T_214_nopattern_nopattern_40001_23-1-rnk-no-ipsg_-478_0.46_18.7.png
2025-12-16 23:27:08,808 [main] INFO  c.p.b.e.r.g.ResultGraphBuilder.save - graph saved. C:/Dev/experiment/expr10/result//23-1-rnk-no-ipsg/3T/1_3T_215_nopattern_nopattern_40001_23-1-rnk-no-ipsg_-165_0.14_5.8.png
2025-12-16 23:27:09,098 [main] INFO  c.p.b.e.r.g.ResultGraphBuilder.save - graph saved. C:/Dev/experiment/expr10/result//23-1-rnk-no-ipsg/3T/1_3T_216_nopattern_nopattern_40001_23-1-rnk-no-ipsg_11_0.1_3.1.png
2025-12-16 23:27:09,389 [main] INFO  c.p.b.e.r.g.ResultGraphBuilder.save - graph saved. C:/Dev/experiment/expr10/result//23-1-rnk-no-ipsg/3T/1_3T_231_nopattern_nopattern_40001_23-1-rnk-no-ipsg_-127_0.21_7.5.png
2025-12-16 23:27:09,676 [main] INFO  c.p.b.e.r.g.ResultGraphBuilder.save - graph saved. C:/Dev/experiment/expr10/result//23-1-rnk-no-ipsg/3T/1_3T_234_nopattern_nopattern_40001_23-1-rnk-no-ipsg_-6_0.0_0.1.png
2025-12-16 23:27:09,927 [main] INFO  c.p.b.e.r.g.ResultGraphBuilder.save - graph saved. C:/Dev/experiment/expr10/result//23-1-rnk-no-ipsg/3T/1_3T_235_nopattern_nopattern_40001_23-1-rnk-no-ipsg_-4_0.0_0.0.png
2025-12-16 23:27:10,153 [main] INFO  c.p.b.e.r.g.ResultGraphBuilder.save - graph saved. C:/Dev/experiment/expr10/result//23-1-rnk-no-ipsg/3T/1_3T_236_nopattern_nopattern_40001_23-1-rnk-no-ipsg_-1_0.0_0.0.png
2025-12-16 23:27:10,434 [main] INFO  c.p.b.e.r.g.ResultGraphBuilder.save - graph saved. C:/Dev/experiment/expr10/result//23-1-rnk-no-ipsg/3T/1_3T_241_nopattern_nopattern_40001_23-1-rnk-no-ipsg_-135_0.1_4.4.png
2025-12-16 23:27:10,716 [main] INFO  c.p.b.e.r.g.ResultGraphBuilder.save - graph saved. C:/Dev/experiment/expr10/result//23-1-rnk-no-ipsg/3T/1_3T_243_nopattern_nopattern_40001_23-1-rnk-no-ipsg_2_0.0_0.2.png
2025-12-16 23:27:10,967 [main] INFO  c.p.b.e.r.g.ResultGraphBuilder.save - graph saved. C:/Dev/experiment/expr10/result//23-1-rnk-no-ipsg/3T/1_3T_245_nopattern_nopattern_40001_23-1-rnk-no-ipsg_-3_0.0_0.0.png
2025-12-16 23:27:11,194 [main] INFO  c.p.b.e.r.g.ResultGraphBuilder.save - graph saved. C:/Dev/experiment/expr10/result//23-1-rnk-no-ipsg/3T/1_3T_246_nopattern_nopattern_40001_23-1-rnk-no-ipsg_9_0.0_0.0.png
2025-12-16 23:27:11,472 [main] INFO  c.p.b.e.r.g.ResultGraphBuilder.save - graph saved. C:/Dev/experiment/expr10/result//23-1-rnk-no-ipsg/3T/1_3T_251_nopattern_nopattern_40001_23-1-rnk-no-ipsg_7_0.05_1.6.png
2025-12-16 23:27:11,744 [main] INFO  c.p.b.e.r.g.ResultGraphBuilder.save - graph saved. C:/Dev/experiment/expr10/result//23-1-rnk-no-ipsg/3T/1_3T_253_nopattern_nopattern_40001_23-1-rnk-no-ipsg_0_0.0_0.0.png
2025-12-16 23:27:12,009 [main] INFO  c.p.b.e.r.g.ResultGraphBuilder.save - graph saved. C:/Dev/experiment/expr10/result//23-1-rnk-no-ipsg/3T/1_3T_254_nopattern_nopattern_40001_23-1-rnk-no-ipsg_-6_0.0_0.0.png
2025-12-16 23:27:12,401 [main] INFO  c.p.b.e.r.g.ResultGraphBuilder.save - graph saved. C:/Dev/experiment/expr10/result//23-1-rnk-no-ipsg/3T/1_3T_261_nopattern_nopattern_40001_23-1-rnk-no-ipsg_-62_0.01_1.0.png
2025-12-16 23:27:12,663 [main] INFO  c.p.b.e.r.g.ResultGraphBuilder.save - graph saved. C:/Dev/experiment/expr10/result//23-1-rnk-no-ipsg/3T/1_3T_263_nopattern_nopattern_40001_23-1-rnk-no-ipsg_-6_0.0_0.0.png
2025-12-16 23:27:12,896 [main] INFO  c.p.b.e.r.g.ResultGraphBuilder.save - graph saved. C:/Dev/experiment/expr10/result//23-1-rnk-no-ipsg/3T/1_3T_264_nopattern_nopattern_40001_23-1-rnk-no-ipsg_-2_0.0_0.0.png
2025-12-16 23:27:13,180 [main] INFO  c.p.b.e.r.g.ResultGraphBuilder.save - graph saved. C:/Dev/experiment/expr10/result//23-1-rnk-no-ipsg/3T/1_3T_312_nopattern_nopattern_40001_23-1-rnk-no-ipsg_-577_0.69_31.1.png
2025-12-16 23:27:13,460 [main] INFO  c.p.b.e.r.g.ResultGraphBuilder.save - graph saved. C:/Dev/experiment/expr10/result//23-1-rnk-no-ipsg/3T/1_3T_314_nopattern_nopattern_40001_23-1-rnk-no-ipsg_-189_0.2_8.8.png
2025-12-16 23:27:13,741 [main] INFO  c.p.b.e.r.g.ResultGraphBuilder.save - graph saved. C:/Dev/experiment/expr10/result//23-1-rnk-no-ipsg/3T/1_3T_315_nopattern_nopattern_40001_23-1-rnk-no-ipsg_-93_0.04_2.0.png
2025-12-16 23:27:14,019 [main] INFO  c.p.b.e.r.g.ResultGraphBuilder.save - graph saved. C:/Dev/experiment/expr10/result//23-1-rnk-no-ipsg/3T/1_3T_316_nopattern_nopattern_40001_23-1-rnk-no-ipsg_-41_0.03_1.2.png
2025-12-16 23:27:14,308 [main] INFO  c.p.b.e.r.g.ResultGraphBuilder.save - graph saved. C:/Dev/experiment/expr10/result//23-1-rnk-no-ipsg/3T/1_3T_321_nopattern_nopattern_40001_23-1-rnk-no-ipsg_-306_0.18_8.9.png
2025-12-16 23:27:14,578 [main] INFO  c.p.b.e.r.g.ResultGraphBuilder.save - graph saved. C:/Dev/experiment/expr10/result//23-1-rnk-no-ipsg/3T/1_3T_324_nopattern_nopattern_40001_23-1-rnk-no-ipsg_-16_0.0_0.3.png
2025-12-16 23:27:14,850 [main] INFO  c.p.b.e.r.g.ResultGraphBuilder.save - graph saved. C:/Dev/experiment/expr10/result//23-1-rnk-no-ipsg/3T/1_3T_325_nopattern_nopattern_40001_23-1-rnk-no-ipsg_4_0.0_0.1.png
2025-12-16 23:27:15,126 [main] INFO  c.p.b.e.r.g.ResultGraphBuilder.save - graph saved. C:/Dev/experiment/expr10/result//23-1-rnk-no-ipsg/3T/1_3T_326_nopattern_nopattern_40001_23-1-rnk-no-ipsg_0_0.0_0.0.png
2025-12-16 23:27:15,404 [main] INFO  c.p.b.e.r.g.ResultGraphBuilder.save - graph saved. C:/Dev/experiment/expr10/result//23-1-rnk-no-ipsg/3T/1_3T_341_nopattern_nopattern_40001_23-1-rnk-no-ipsg_-88_0.01_1.2.png
2025-12-16 23:27:15,693 [main] INFO  c.p.b.e.r.g.ResultGraphBuilder.save - graph saved. C:/Dev/experiment/expr10/result//23-1-rnk-no-ipsg/3T/1_3T_342_nopattern_nopattern_40001_23-1-rnk-no-ipsg_13_0.01_0.2.png
2025-12-16 23:27:15,975 [main] INFO  c.p.b.e.r.g.ResultGraphBuilder.save - graph saved. C:/Dev/experiment/expr10/result//23-1-rnk-no-ipsg/3T/1_3T_351_nopattern_nopattern_40001_23-1-rnk-no-ipsg_-9_0.0_0.4.png
2025-12-16 23:27:16,229 [main] INFO  c.p.b.e.r.g.ResultGraphBuilder.save - graph saved. C:/Dev/experiment/expr10/result//23-1-rnk-no-ipsg/3T/1_3T_352_nopattern_nopattern_40001_23-1-rnk-no-ipsg_-5_0.0_0.0.png
2025-12-16 23:27:16,444 [main] INFO  c.p.b.e.r.g.ResultGraphBuilder.save - graph saved. C:/Dev/experiment/expr10/result//23-1-rnk-no-ipsg/3T/1_3T_354_nopattern_nopattern_40001_23-1-rnk-no-ipsg_-1_0.0_0.0.png
2025-12-16 23:27:16,713 [main] INFO  c.p.b.e.r.g.ResultGraphBuilder.save - graph saved. C:/Dev/experiment/expr10/result//23-1-rnk-no-ipsg/3T/1_3T_361_nopattern_nopattern_40001_23-1-rnk-no-ipsg_-30_0.0_0.3.png
2025-12-16 23:27:16,952 [main] INFO  c.p.b.e.r.g.ResultGraphBuilder.save - graph saved. C:/Dev/experiment/expr10/result//23-1-rnk-no-ipsg/3T/1_3T_362_nopattern_nopattern_40001_23-1-rnk-no-ipsg_-3_0.0_0.0.png
2025-12-16 23:27:17,400 [main] INFO  c.p.b.e.r.g.ResultGraphBuilder.save - graph saved. C:/Dev/experiment/expr10/result//23-1-rnk-no-ipsg/3T/1_3T_412_nopattern_nopattern_40001_23-1-rnk-no-ipsg_-566_0.37_18.0.png
2025-12-16 23:27:17,696 [main] INFO  c.p.b.e.r.g.ResultGraphBuilder.save - graph saved. C:/Dev/experiment/expr10/result//23-1-rnk-no-ipsg/3T/1_3T_413_nopattern_nopattern_40001_23-1-rnk-no-ipsg_-592_0.19_12.2.png
2025-12-16 23:27:17,977 [main] INFO  c.p.b.e.r.g.ResultGraphBuilder.save - graph saved. C:/Dev/experiment/expr10/result//23-1-rnk-no-ipsg/3T/1_3T_415_nopattern_nopattern_40001_23-1-rnk-no-ipsg_-16_0.02_0.9.png
2025-12-16 23:27:18,255 [main] INFO  c.p.b.e.r.g.ResultGraphBuilder.save - graph saved. C:/Dev/experiment/expr10/result//23-1-rnk-no-ipsg/3T/1_3T_416_nopattern_nopattern_40001_23-1-rnk-no-ipsg_-15_0.01_0.5.png
2025-12-16 23:27:18,541 [main] INFO  c.p.b.e.r.g.ResultGraphBuilder.save - graph saved. C:/Dev/experiment/expr10/result//23-1-rnk-no-ipsg/3T/1_3T_421_nopattern_nopattern_40001_23-1-rnk-no-ipsg_-25_0.13_4.8.png
2025-12-16 23:27:18,811 [main] INFO  c.p.b.e.r.g.ResultGraphBuilder.save - graph saved. C:/Dev/experiment/expr10/result//23-1-rnk-no-ipsg/3T/1_3T_423_nopattern_nopattern_40001_23-1-rnk-no-ipsg_-37_0.0_0.5.png
2025-12-16 23:27:19,077 [main] INFO  c.p.b.e.r.g.ResultGraphBuilder.save - graph saved. C:/Dev/experiment/expr10/result//23-1-rnk-no-ipsg/3T/1_3T_425_nopattern_nopattern_40001_23-1-rnk-no-ipsg_-6_0.0_0.0.png
2025-12-16 23:27:19,301 [main] INFO  c.p.b.e.r.g.ResultGraphBuilder.save - graph saved. C:/Dev/experiment/expr10/result//23-1-rnk-no-ipsg/3T/1_3T_426_nopattern_nopattern_40001_23-1-rnk-no-ipsg_-1_0.0_0.0.png
2025-12-16 23:27:19,588 [main] INFO  c.p.b.e.r.g.ResultGraphBuilder.save - graph saved. C:/Dev/experiment/expr10/result//23-1-rnk-no-ipsg/3T/1_3T_431_nopattern_nopattern_40001_23-1-rnk-no-ipsg_-80_0.05_2.5.png
2025-12-16 23:27:19,863 [main] INFO  c.p.b.e.r.g.ResultGraphBuilder.save - graph saved. C:/Dev/experiment/expr10/result//23-1-rnk-no-ipsg/3T/1_3T_432_nopattern_nopattern_40001_23-1-rnk-no-ipsg_-7_0.0_0.4.png
2025-12-16 23:27:20,089 [main] INFO  c.p.b.e.r.g.ResultGraphBuilder.save - graph saved. C:/Dev/experiment/expr10/result//23-1-rnk-no-ipsg/3T/1_3T_435_nopattern_nopattern_40001_23-1-rnk-no-ipsg_14_0.0_0.0.png
2025-12-16 23:27:20,362 [main] INFO  c.p.b.e.r.g.ResultGraphBuilder.save - graph saved. C:/Dev/experiment/expr10/result//23-1-rnk-no-ipsg/3T/1_3T_451_nopattern_nopattern_40001_23-1-rnk-no-ipsg_-9_0.0_0.0.png
2025-12-16 23:27:20,578 [main] INFO  c.p.b.e.r.g.ResultGraphBuilder.save - graph saved. C:/Dev/experiment/expr10/result//23-1-rnk-no-ipsg/3T/1_3T_452_nopattern_nopattern_40001_23-1-rnk-no-ipsg_-1_0.0_0.0.png
2025-12-16 23:27:20,829 [main] INFO  c.p.b.e.r.g.ResultGraphBuilder.save - graph saved. C:/Dev/experiment/expr10/result//23-1-rnk-no-ipsg/3T/1_3T_453_nopattern_nopattern_40001_23-1-rnk-no-ipsg_-1_0.0_0.0.png
2025-12-16 23:27:21,098 [main] INFO  c.p.b.e.r.g.ResultGraphBuilder.save - graph saved. C:/Dev/experiment/expr10/result//23-1-rnk-no-ipsg/3T/1_3T_461_nopattern_nopattern_40001_23-1-rnk-no-ipsg_-7_0.0_0.0.png
2025-12-16 23:27:21,312 [main] INFO  c.p.b.e.r.g.ResultGraphBuilder.save - graph saved. C:/Dev/experiment/expr10/result//23-1-rnk-no-ipsg/3T/1_3T_462_nopattern_nopattern_40001_23-1-rnk-no-ipsg_-1_0.0_0.0.png
2025-12-16 23:27:21,594 [main] INFO  c.p.b.e.r.g.ResultGraphBuilder.save - graph saved. C:/Dev/experiment/expr10/result//23-1-rnk-no-ipsg/3T/1_3T_512_nopattern_nopattern_40001_23-1-rnk-no-ipsg_-119_0.08_4.3.png
2025-12-16 23:27:21,916 [main] INFO  c.p.b.e.r.g.ResultGraphBuilder.save - graph saved. C:/Dev/experiment/expr10/result//23-1-rnk-no-ipsg/3T/1_3T_513_nopattern_nopattern_40001_23-1-rnk-no-ipsg_-45_0.05_2.8.png
2025-12-16 23:27:22,196 [main] INFO  c.p.b.e.r.g.ResultGraphBuilder.save - graph saved. C:/Dev/experiment/expr10/result//23-1-rnk-no-ipsg/3T/1_3T_514_nopattern_nopattern_40001_23-1-rnk-no-ipsg_21_0.04_1.6.png
2025-12-16 23:27:22,468 [main] INFO  c.p.b.e.r.g.ResultGraphBuilder.save - graph saved. C:/Dev/experiment/expr10/result//23-1-rnk-no-ipsg/3T/1_3T_516_nopattern_nopattern_40001_23-1-rnk-no-ipsg_-6_0.0_0.0.png
2025-12-16 23:27:22,745 [main] INFO  c.p.b.e.r.g.ResultGraphBuilder.save - graph saved. C:/Dev/experiment/expr10/result//23-1-rnk-no-ipsg/3T/1_3T_521_nopattern_nopattern_40001_23-1-rnk-no-ipsg_-30_0.03_1.7.png
2025-12-16 23:27:23,015 [main] INFO  c.p.b.e.r.g.ResultGraphBuilder.save - graph saved. C:/Dev/experiment/expr10/result//23-1-rnk-no-ipsg/3T/1_3T_523_nopattern_nopattern_40001_23-1-rnk-no-ipsg_-15_0.0_0.1.png
2025-12-16 23:27:23,289 [main] INFO  c.p.b.e.r.g.ResultGraphBuilder.save - graph saved. C:/Dev/experiment/expr10/result//23-1-rnk-no-ipsg/3T/1_3T_524_nopattern_nopattern_40001_23-1-rnk-no-ipsg_-10_0.0_0.1.png
2025-12-16 23:27:23,584 [main] INFO  c.p.b.e.r.g.ResultGraphBuilder.save - graph saved. C:/Dev/experiment/expr10/result//23-1-rnk-no-ipsg/3T/1_3T_531_nopattern_nopattern_40001_23-1-rnk-no-ipsg_-25_0.01_0.8.png
2025-12-16 23:27:23,856 [main] INFO  c.p.b.e.r.g.ResultGraphBuilder.save - graph saved. C:/Dev/experiment/expr10/result//23-1-rnk-no-ipsg/3T/1_3T_532_nopattern_nopattern_40001_23-1-rnk-no-ipsg_-5_0.0_0.0.png
2025-12-16 23:27:24,103 [main] INFO  c.p.b.e.r.g.ResultGraphBuilder.save - graph saved. C:/Dev/experiment/expr10/result//23-1-rnk-no-ipsg/3T/1_3T_534_nopattern_nopattern_40001_23-1-rnk-no-ipsg_-3_0.0_0.0.png
2025-12-16 23:27:24,370 [main] INFO  c.p.b.e.r.g.ResultGraphBuilder.save - graph saved. C:/Dev/experiment/expr10/result//23-1-rnk-no-ipsg/3T/1_3T_541_nopattern_nopattern_40001_23-1-rnk-no-ipsg_-13_0.0_0.2.png
2025-12-16 23:27:24,613 [main] INFO  c.p.b.e.r.g.ResultGraphBuilder.save - graph saved. C:/Dev/experiment/expr10/result//23-1-rnk-no-ipsg/3T/1_3T_542_nopattern_nopattern_40001_23-1-rnk-no-ipsg_11_0.0_0.0.png
2025-12-16 23:27:24,852 [main] INFO  c.p.b.e.r.g.ResultGraphBuilder.save - graph saved. C:/Dev/experiment/expr10/result//23-1-rnk-no-ipsg/3T/1_3T_543_nopattern_nopattern_40001_23-1-rnk-no-ipsg_-3_0.0_0.0.png
2025-12-16 23:27:25,131 [main] INFO  c.p.b.e.r.g.ResultGraphBuilder.save - graph saved. C:/Dev/experiment/expr10/result//23-1-rnk-no-ipsg/3T/1_3T_612_nopattern_nopattern_40001_23-1-rnk-no-ipsg_-2_0.04_2.0.png
2025-12-16 23:27:25,415 [main] INFO  c.p.b.e.r.g.ResultGraphBuilder.save - graph saved. C:/Dev/experiment/expr10/result//23-1-rnk-no-ipsg/3T/1_3T_613_nopattern_nopattern_40001_23-1-rnk-no-ipsg_-53_0.03_1.3.png
2025-12-16 23:27:25,696 [main] INFO  c.p.b.e.r.g.ResultGraphBuilder.save - graph saved. C:/Dev/experiment/expr10/result//23-1-rnk-no-ipsg/3T/1_3T_614_nopattern_nopattern_40001_23-1-rnk-no-ipsg_-30_0.01_0.7.png
2025-12-16 23:27:25,974 [main] INFO  c.p.b.e.r.g.ResultGraphBuilder.save - graph saved. C:/Dev/experiment/expr10/result//23-1-rnk-no-ipsg/3T/1_3T_615_nopattern_nopattern_40001_23-1-rnk-no-ipsg_-10_0.0_0.2.png
2025-12-16 23:27:26,248 [main] INFO  c.p.b.e.r.g.ResultGraphBuilder.save - graph saved. C:/Dev/experiment/expr10/result//23-1-rnk-no-ipsg/3T/1_3T_621_nopattern_nopattern_40001_23-1-rnk-no-ipsg_51_0.03_0.8.png
2025-12-16 23:27:26,512 [main] INFO  c.p.b.e.r.g.ResultGraphBuilder.save - graph saved. C:/Dev/experiment/expr10/result//23-1-rnk-no-ipsg/3T/1_3T_623_nopattern_nopattern_40001_23-1-rnk-no-ipsg_-6_0.0_0.0.png
2025-12-16 23:27:26,751 [main] INFO  c.p.b.e.r.g.ResultGraphBuilder.save - graph saved. C:/Dev/experiment/expr10/result//23-1-rnk-no-ipsg/3T/1_3T_624_nopattern_nopattern_40001_23-1-rnk-no-ipsg_-3_0.0_0.0.png
2025-12-16 23:27:27,029 [main] INFO  c.p.b.e.r.g.ResultGraphBuilder.save - graph saved. C:/Dev/experiment/expr10/result//23-1-rnk-no-ipsg/3T/1_3T_631_nopattern_nopattern_40001_23-1-rnk-no-ipsg_-19_0.0_0.4.png
2025-12-16 23:27:27,291 [main] INFO  c.p.b.e.r.g.ResultGraphBuilder.save - graph saved. C:/Dev/experiment/expr10/result//23-1-rnk-no-ipsg/3T/1_3T_632_nopattern_nopattern_40001_23-1-rnk-no-ipsg_6_0.0_0.0.png
2025-12-16 23:27:27,510 [main] INFO  c.p.b.e.r.g.ResultGraphBuilder.save - graph saved. C:/Dev/experiment/expr10/result//23-1-rnk-no-ipsg/3T/1_3T_634_nopattern_nopattern_40001_23-1-rnk-no-ipsg_-1_0.0_0.0.png
2025-12-16 23:27:27,724 [main] INFO  c.p.b.e.r.g.ResultGraphBuilder.save - graph saved. C:/Dev/experiment/expr10/result//23-1-rnk-no-ipsg/3T/1_3T_635_nopattern_nopattern_40001_23-1-rnk-no-ipsg_-1_0.0_0.0.png
2025-12-16 23:27:27,994 [main] INFO  c.p.b.e.r.g.ResultGraphBuilder.save - graph saved. C:/Dev/experiment/expr10/result//23-1-rnk-no-ipsg/3T/1_3T_641_nopattern_nopattern_40001_23-1-rnk-no-ipsg_-5_0.0_0.1.png
2025-12-16 23:27:28,221 [main] INFO  c.p.b.e.r.g.ResultGraphBuilder.save - graph saved. C:/Dev/experiment/expr10/result//23-1-rnk-no-ipsg/3T/1_3T_642_nopattern_nopattern_40001_23-1-rnk-no-ipsg_9_0.0_0.0.png
2025-12-16 23:27:28,442 [main] INFO  c.p.b.e.r.g.ResultGraphBuilder.save - graph saved. C:/Dev/experiment/expr10/result//23-1-rnk-no-ipsg/3T/1_3T_643_nopattern_nopattern_40001_23-1-rnk-no-ipsg_-1_0.0_0.0.png
2025-12-16 23:27:28,696 [main] INFO  c.p.b.e.r.g.ResultGraphBuilder.save - graph saved. C:/Dev/experiment/expr10/result//23-1-rnk-no-ipsg/3T/1_3T_651_nopattern_nopattern_40001_23-1-rnk-no-ipsg_-4_0.0_0.0.png
2025-12-16 23:27:28,919 [main] INFO  c.p.b.e.r.g.ResultGraphBuilder.save - graph saved. C:/Dev/experiment/expr10/result//23-1-rnk-no-ipsg/3T/1_3T_653_nopattern_nopattern_40001_23-1-rnk-no-ipsg_-1_0.0_0.0.png
2025-12-16 23:30:21,516 [main] INFO  c.p.b.u.DatabaseUtil.open - open targetDb: mybatis-config.0.xml
2025-12-16 23:30:24,804 [main] DEBUG c.p.b.e.MLResultGenerator.executeExperiment - db data retrieved. 20210604~20220603
2025-12-16 23:30:24,805 [main] INFO  c.p.b.u.DatabaseUtil.open - open targetDb: mybatis-config.0.xml
2025-12-16 23:30:26,272 [main] DEBUG c.p.b.e.MLResultGenerator.executeExperiment - 291 processed...12 20210604/20220603
2025-12-16 23:30:27,325 [main] DEBUG c.p.b.e.MLResultGenerator.executeExperiment - 291 processed...14 20210605/20220603
2025-12-16 23:30:28,027 [main] DEBUG c.p.b.e.MLResultGenerator.executeExperiment - 291 processed...15 20210606/20220603
2025-12-16 23:30:28,771 [main] DEBUG c.p.b.e.MLResultGenerator.executeExperiment - 291 processed...11 20210607/20220603
2025-12-16 23:30:29,440 [main] DEBUG c.p.b.e.MLResultGenerator.executeExperiment - 291 processed...13 20210608/20220603
2025-12-16 23:30:30,680 [main] DEBUG c.p.b.e.MLResultGenerator.executeExperiment - 291 processed...12 20210609/20220603
2025-12-16 23:30:32,161 [main] DEBUG c.p.b.e.MLResultGenerator.executeExperiment - 291 processed...15 20210610/20220603
2025-12-16 23:30:33,025 [main] DEBUG c.p.b.e.MLResultGenerator.executeExperiment - 291 processed...11 20210611/20220603
2025-12-16 23:30:33,730 [main] DEBUG c.p.b.e.MLResultGenerator.executeExperiment - 291 processed...11 20210612/20220603
2025-12-16 23:30:34,583 [main] DEBUG c.p.b.e.MLResultGenerator.executeExperiment - 291 processed...11 20210613/20220603
2025-12-16 23:30:35,456 [main] DEBUG c.p.b.e.MLResultGenerator.executeExperiment - 291 processed...14 20210614/20220603
2025-12-16 23:30:36,544 [main] DEBUG c.p.b.e.MLResultGenerator.executeExperiment - 291 processed...10 20210615/20220603
2025-12-16 23:30:37,215 [main] DEBUG c.p.b.e.MLResultGenerator.executeExperiment - 291 processed...9 20210616/20220603
2025-12-16 23:30:37,929 [main] DEBUG c.p.b.e.MLResultGenerator.executeExperiment - 291 processed...15 20210617/20220603
2025-12-16 23:30:38,689 [main] DEBUG c.p.b.e.MLResultGenerator.executeExperiment - 291 processed...13 20210618/20220603
2025-12-16 23:30:39,473 [main] DEBUG c.p.b.e.MLResultGenerator.executeExperiment - 291 processed...14 20210619/20220603
2025-12-16 23:30:40,091 [main] DEBUG c.p.b.e.MLResultGenerator.executeExperiment - 291 processed...12 20210620/20220603
2025-12-16 23:30:40,705 [main] DEBUG c.p.b.e.MLResultGenerator.executeExperiment - 291 processed...11 20210621/20220603
2025-12-16 23:30:41,506 [main] DEBUG c.p.b.e.MLResultGenerator.executeExperiment - 291 processed...14 20210622/20220603
2025-12-16 23:30:42,148 [main] DEBUG c.p.b.e.MLResultGenerator.executeExperiment - 291 processed...9 20210623/20220603
2025-12-16 23:30:42,900 [main] DEBUG c.p.b.e.MLResultGenerator.executeExperiment - 291 processed...16 20210624/20220603
2025-12-16 23:30:43,495 [main] DEBUG c.p.b.e.MLResultGenerator.executeExperiment - 291 processed...13 20210625/20220603
2025-12-16 23:30:44,078 [main] DEBUG c.p.b.e.MLResultGenerator.executeExperiment - 291 processed...17 20210626/20220603
2025-12-16 23:30:44,621 [main] DEBUG c.p.b.e.MLResultGenerator.executeExperiment - 291 processed...11 20210627/20220603
2025-12-16 23:30:45,067 [main] DEBUG c.p.b.e.MLResultGenerator.executeExperiment - 291 processed...14 20210628/20220603
2025-12-16 23:30:45,719 [main] DEBUG c.p.b.e.MLResultGenerator.executeExperiment - 291 processed...14 20210629/20220603
2025-12-16 23:30:46,414 [main] DEBUG c.p.b.e.MLResultGenerator.executeExperiment - 291 processed...18 20210630/20220603
2025-12-16 23:30:46,969 [main] DEBUG c.p.b.e.MLResultGenerator.executeExperiment - 291 processed...11 20210701/20220603
2025-12-16 23:30:47,633 [main] DEBUG c.p.b.e.MLResultGenerator.executeExperiment - 291 processed...13 20210702/20220603
2025-12-16 23:30:48,432 [main] DEBUG c.p.b.e.MLResultGenerator.executeExperiment - 291 processed...12 20210703/20220603
2025-12-16 23:30:49,288 [main] DEBUG c.p.b.e.MLResultGenerator.executeExperiment - 291 processed...12 20210704/20220603
2025-12-16 23:30:49,883 [main] DEBUG c.p.b.e.MLResultGenerator.executeExperiment - 291 processed...10 20210705/20220603
2025-12-16 23:30:50,484 [main] DEBUG c.p.b.e.MLResultGenerator.executeExperiment - 291 processed...10 20210706/20220603
2025-12-16 23:30:51,140 [main] DEBUG c.p.b.e.MLResultGenerator.executeExperiment - 291 processed...15 20210707/20220603
2025-12-16 23:30:51,749 [main] DEBUG c.p.b.e.MLResultGenerator.executeExperiment - 291 processed...12 20210708/20220603
2025-12-16 23:30:52,418 [main] DEBUG c.p.b.e.MLResultGenerator.executeExperiment - 291 processed...13 20210709/20220603
2025-12-16 23:30:52,958 [main] DEBUG c.p.b.e.MLResultGenerator.executeExperiment - 291 processed...16 20210710/20220603
2025-12-16 23:30:53,576 [main] DEBUG c.p.b.e.MLResultGenerator.executeExperiment - 291 processed...12 20210711/20220603
2025-12-16 23:30:54,150 [main] DEBUG c.p.b.e.MLResultGenerator.executeExperiment - 291 processed...13 20210712/20220603
2025-12-16 23:30:54,732 [main] DEBUG c.p.b.e.MLResultGenerator.executeExperiment - 291 processed...12 20210713/20220603
2025-12-16 23:30:55,316 [main] DEBUG c.p.b.e.MLResultGenerator.executeExperiment - 291 processed...14 20210714/20220603
2025-12-16 23:30:55,999 [main] DEBUG c.p.b.e.MLResultGenerator.executeExperiment - 291 processed...10 20210715/20220603
2025-12-16 23:30:56,529 [main] DEBUG c.p.b.e.MLResultGenerator.executeExperiment - 291 processed...12 20210716/20220603
2025-12-16 23:30:57,198 [main] DEBUG c.p.b.e.MLResultGenerator.executeExperiment - 291 processed...11 20210717/20220603
2025-12-16 23:30:57,854 [main] DEBUG c.p.b.e.MLResultGenerator.executeExperiment - 291 processed...13 20210718/20220603
2025-12-16 23:30:58,527 [main] DEBUG c.p.b.e.MLResultGenerator.executeExperiment - 291 processed...11 20210719/20220603
2025-12-16 23:30:59,094 [main] DEBUG c.p.b.e.MLResultGenerator.executeExperiment - 291 processed...12 20210720/20220603
2025-12-16 23:30:59,790 [main] DEBUG c.p.b.e.MLResultGenerator.executeExperiment - 291 processed...14 20210721/20220603
2025-12-16 23:31:00,491 [main] DEBUG c.p.b.e.MLResultGenerator.executeExperiment - 291 processed...17 20210722/20220603
2025-12-16 23:31:01,233 [main] DEBUG c.p.b.e.MLResultGenerator.executeExperiment - 291 processed...17 20210723/20220603
2025-12-16 23:31:01,894 [main] DEBUG c.p.b.e.MLResultGenerator.executeExperiment - 291 processed...15 20210724/20220603
2025-12-16 23:31:02,713 [main] DEBUG c.p.b.e.MLResultGenerator.executeExperiment - 291 processed...17 20210725/20220603
2025-12-16 23:31:03,434 [main] DEBUG c.p.b.e.MLResultGenerator.executeExperiment - 291 processed...15 20210726/20220603
2025-12-16 23:31:04,130 [main] DEBUG c.p.b.e.MLResultGenerator.executeExperiment - 291 processed...17 20210727/20220603
2025-12-16 23:31:04,600 [main] DEBUG c.p.b.e.MLResultGenerator.executeExperiment - 291 processed...13 20210728/20220603
2025-12-16 23:31:05,185 [main] DEBUG c.p.b.e.MLResultGenerator.executeExperiment - 291 processed...11 20210729/20220603
2025-12-16 23:31:05,959 [main] DEBUG c.p.b.e.MLResultGenerator.executeExperiment - 291 processed...16 20210730/20220603
2025-12-16 23:31:06,602 [main] DEBUG c.p.b.e.MLResultGenerator.executeExperiment - 291 processed...16 20210731/20220603
2025-12-16 23:31:07,310 [main] DEBUG c.p.b.e.MLResultGenerator.executeExperiment - 291 processed...13 20210801/20220603
2025-12-16 23:31:07,934 [main] DEBUG c.p.b.e.MLResultGenerator.executeExperiment - 291 processed...16 20210802/20220603
2025-12-16 23:31:08,683 [main] DEBUG c.p.b.e.MLResultGenerator.executeExperiment - 291 processed...11 20210803/20220603
2025-12-16 23:31:09,246 [main] DEBUG c.p.b.e.MLResultGenerator.executeExperiment - 291 processed...15 20210804/20220603
2025-12-16 23:31:09,973 [main] DEBUG c.p.b.e.MLResultGenerator.executeExperiment - 291 processed...11 20210805/20220603
2025-12-16 23:31:10,696 [main] DEBUG c.p.b.e.MLResultGenerator.executeExperiment - 291 processed...16 20210806/20220603
2025-12-16 23:31:11,421 [main] DEBUG c.p.b.e.MLResultGenerator.executeExperiment - 291 processed...9 20210807/20220603
2025-12-16 23:31:12,374 [main] DEBUG c.p.b.e.MLResultGenerator.executeExperiment - 291 processed...13 20210808/20220603
2025-12-16 23:31:13,165 [main] DEBUG c.p.b.e.MLResultGenerator.executeExperiment - 291 processed...16 20210809/20220603
2025-12-16 23:31:13,933 [main] DEBUG c.p.b.e.MLResultGenerator.executeExperiment - 291 processed...14 20210810/20220603
2025-12-16 23:31:14,647 [main] DEBUG c.p.b.e.MLResultGenerator.executeExperiment - 291 processed...15 20210811/20220603
2025-12-16 23:31:15,464 [main] DEBUG c.p.b.e.MLResultGenerator.executeExperiment - 291 processed...13 20210812/20220603
2025-12-16 23:31:16,244 [main] DEBUG c.p.b.e.MLResultGenerator.executeExperiment - 291 processed...11 20210813/20220603
2025-12-16 23:31:17,165 [main] DEBUG c.p.b.e.MLResultGenerator.executeExperiment - 291 processed...13 20210814/20220603
2025-12-16 23:31:18,014 [main] DEBUG c.p.b.e.MLResultGenerator.executeExperiment - 291 processed...12 20210815/20220603
2025-12-16 23:31:18,788 [main] DEBUG c.p.b.e.MLResultGenerator.executeExperiment - 291 processed...16 20210816/20220603
2025-12-16 23:31:19,448 [main] DEBUG c.p.b.e.MLResultGenerator.executeExperiment - 291 processed...15 20210817/20220603
2025-12-16 23:31:20,107 [main] DEBUG c.p.b.e.MLResultGenerator.executeExperiment - 291 processed...14 20210818/20220603
2025-12-16 23:31:20,749 [main] DEBUG c.p.b.e.MLResultGenerator.executeExperiment - 291 processed...17 20210819/20220603
2025-12-16 23:31:21,453 [main] DEBUG c.p.b.e.MLResultGenerator.executeExperiment - 291 processed...13 20210820/20220603
2025-12-16 23:31:22,106 [main] DEBUG c.p.b.e.MLResultGenerator.executeExperiment - 291 processed...13 20210821/20220603
2025-12-16 23:31:22,864 [main] DEBUG c.p.b.e.MLResultGenerator.executeExperiment - 291 processed...16 20210822/20220603
2025-12-16 23:31:23,626 [main] DEBUG c.p.b.e.MLResultGenerator.executeExperiment - 291 processed...15 20210823/20220603
2025-12-16 23:31:24,230 [main] DEBUG c.p.b.e.MLResultGenerator.executeExperiment - 291 processed...15 20210824/20220603
2025-12-16 23:31:24,808 [main] DEBUG c.p.b.e.MLResultGenerator.executeExperiment - 291 processed...14 20210825/20220603
2025-12-16 23:31:25,496 [main] DEBUG c.p.b.e.MLResultGenerator.executeExperiment - 291 processed...16 20210826/20220603
2025-12-16 23:31:26,112 [main] DEBUG c.p.b.e.MLResultGenerator.executeExperiment - 291 processed...18 20210827/20220603
2025-12-16 23:31:26,805 [main] DEBUG c.p.b.e.MLResultGenerator.executeExperiment - 291 processed...14 20210828/20220603
2025-12-16 23:31:27,291 [main] DEBUG c.p.b.e.MLResultGenerator.executeExperiment - 291 processed...13 20210829/20220603
2025-12-16 23:31:27,932 [main] DEBUG c.p.b.e.MLResultGenerator.executeExperiment - 291 processed...14 20210830/20220603
2025-12-16 23:31:28,555 [main] DEBUG c.p.b.e.MLResultGenerator.executeExperiment - 291 processed...13 20210831/20220603
2025-12-16 23:31:29,112 [main] DEBUG c.p.b.e.MLResultGenerator.executeExperiment - 291 processed...11 20210901/20220603
2025-12-16 23:31:29,676 [main] DEBUG c.p.b.e.MLResultGenerator.executeExperiment - 291 processed...15 20210902/20220603
2025-12-16 23:31:30,408 [main] DEBUG c.p.b.e.MLResultGenerator.executeExperiment - 291 processed...11 20210903/20220603
2025-12-16 23:31:31,166 [main] DEBUG c.p.b.e.MLResultGenerator.executeExperiment - 291 processed...16 20210904/20220603
2025-12-16 23:31:31,971 [main] DEBUG c.p.b.e.MLResultGenerator.executeExperiment - 291 processed...14 20210905/20220603
2025-12-16 23:31:32,574 [main] DEBUG c.p.b.e.MLResultGenerator.executeExperiment - 291 processed...15 20210906/20220603
2025-12-16 23:31:33,174 [main] DEBUG c.p.b.e.MLResultGenerator.executeExperiment - 291 processed...13 20210907/20220603
2025-12-16 23:31:33,778 [main] DEBUG c.p.b.e.MLResultGenerator.executeExperiment - 291 processed...13 20210908/20220603
2025-12-16 23:31:34,565 [main] DEBUG c.p.b.e.MLResultGenerator.executeExperiment - 291 processed...13 20210909/20220603
2025-12-16 23:31:35,227 [main] DEBUG c.p.b.e.MLResultGenerator.executeExperiment - 291 processed...9 20210910/20220603
2025-12-16 23:31:35,908 [main] DEBUG c.p.b.e.MLResultGenerator.executeExperiment - 291 processed...13 20210911/20220603
2025-12-16 23:31:36,605 [main] DEBUG c.p.b.e.MLResultGenerator.executeExperiment - 291 processed...9 20210912/20220603
2025-12-16 23:31:37,167 [main] DEBUG c.p.b.e.MLResultGenerator.executeExperiment - 291 processed...17 20210913/20220603
2025-12-16 23:31:37,884 [main] DEBUG c.p.b.e.MLResultGenerator.executeExperiment - 291 processed...16 20210914/20220603
2025-12-16 23:31:38,547 [main] DEBUG c.p.b.e.MLResultGenerator.executeExperiment - 291 processed...16 20210915/20220603
2025-12-16 23:31:39,230 [main] DEBUG c.p.b.e.MLResultGenerator.executeExperiment - 291 processed...16 20210916/20220603
2025-12-16 23:31:39,725 [main] DEBUG c.p.b.e.MLResultGenerator.executeExperiment - 291 processed...16 20210917/20220603
2025-12-16 23:31:40,343 [main] DEBUG c.p.b.e.MLResultGenerator.executeExperiment - 291 processed...10 20210918/20220603
2025-12-16 23:31:41,312 [main] DEBUG c.p.b.e.MLResultGenerator.executeExperiment - 291 processed...12 20210919/20220603
2025-12-16 23:31:42,022 [main] DEBUG c.p.b.e.MLResultGenerator.executeExperiment - 291 processed...9 20210920/20220603
2025-12-16 23:31:42,857 [main] DEBUG c.p.b.e.MLResultGenerator.executeExperiment - 291 processed...13 20210921/20220603
2025-12-16 23:31:43,531 [main] DEBUG c.p.b.e.MLResultGenerator.executeExperiment - 291 processed...17 20210922/20220603
2025-12-16 23:31:44,476 [main] DEBUG c.p.b.e.MLResultGenerator.executeExperiment - 291 processed...11 20210923/20220603
2025-12-16 23:31:45,202 [main] DEBUG c.p.b.e.MLResultGenerator.executeExperiment - 291 processed...14 20210924/20220603
2025-12-16 23:31:45,939 [main] DEBUG c.p.b.e.MLResultGenerator.executeExperiment - 291 processed...15 20210925/20220603
2025-12-16 23:31:46,720 [main] DEBUG c.p.b.e.MLResultGenerator.executeExperiment - 291 processed...13 20210926/20220603
2025-12-16 23:31:47,253 [main] DEBUG c.p.b.e.MLResultGenerator.executeExperiment - 291 processed...11 20210927/20220603
2025-12-16 23:31:47,737 [main] DEBUG c.p.b.e.MLResultGenerator.executeExperiment - 291 processed...10 20210928/20220603
2025-12-16 23:31:48,269 [main] DEBUG c.p.b.e.MLResultGenerator.executeExperiment - 291 processed...14 20210929/20220603
2025-12-16 23:31:49,093 [main] DEBUG c.p.b.e.MLResultGenerator.executeExperiment - 291 processed...14 20210930/20220603
2025-12-16 23:31:49,703 [main] DEBUG c.p.b.e.MLResultGenerator.executeExperiment - 291 processed...13 20211001/20220603
2025-12-16 23:31:50,492 [main] DEBUG c.p.b.e.MLResultGenerator.executeExperiment - 291 processed...18 20211002/20220603
2025-12-16 23:31:51,187 [main] DEBUG c.p.b.e.MLResultGenerator.executeExperiment - 291 processed...10 20211003/20220603
2025-12-16 23:31:51,907 [main] DEBUG c.p.b.e.MLResultGenerator.executeExperiment - 291 processed...13 20211004/20220603
2025-12-16 23:31:52,704 [main] DEBUG c.p.b.e.MLResultGenerator.executeExperiment - 291 processed...13 20211005/20220603
2025-12-16 23:31:53,288 [main] DEBUG c.p.b.e.MLResultGenerator.executeExperiment - 291 processed...16 20211006/20220603
2025-12-16 23:31:53,938 [main] DEBUG c.p.b.e.MLResultGenerator.executeExperiment - 291 processed...12 20211007/20220603
2025-12-16 23:31:54,642 [main] DEBUG c.p.b.e.MLResultGenerator.executeExperiment - 291 processed...15 20211008/20220603
2025-12-16 23:31:55,502 [main] DEBUG c.p.b.e.MLResultGenerator.executeExperiment - 291 processed...13 20211009/20220603
2025-12-16 23:31:56,194 [main] DEBUG c.p.b.e.MLResultGenerator.executeExperiment - 291 processed...15 20211010/20220603
2025-12-16 23:31:56,965 [main] DEBUG c.p.b.e.MLResultGenerator.executeExperiment - 291 processed...12 20211011/20220603
2025-12-16 23:31:57,576 [main] DEBUG c.p.b.e.MLResultGenerator.executeExperiment - 291 processed...13 20211012/20220603
2025-12-16 23:31:58,260 [main] DEBUG c.p.b.e.MLResultGenerator.executeExperiment - 291 processed...12 20211013/20220603
2025-12-16 23:31:59,042 [main] DEBUG c.p.b.e.MLResultGenerator.executeExperiment - 291 processed...11 20211014/20220603
2025-12-16 23:31:59,806 [main] DEBUG c.p.b.e.MLResultGenerator.executeExperiment - 291 processed...13 20211015/20220603
2025-12-16 23:32:00,460 [main] DEBUG c.p.b.e.MLResultGenerator.executeExperiment - 291 processed...12 20211016/20220603
2025-12-16 23:32:01,076 [main] DEBUG c.p.b.e.MLResultGenerator.executeExperiment - 291 processed...10 20211017/20220603
2025-12-16 23:32:01,700 [main] DEBUG c.p.b.e.MLResultGenerator.executeExperiment - 291 processed...13 20211018/20220603
2025-12-16 23:32:02,299 [main] DEBUG c.p.b.e.MLResultGenerator.executeExperiment - 291 processed...12 20211019/20220603
2025-12-16 23:32:03,019 [main] DEBUG c.p.b.e.MLResultGenerator.executeExperiment - 291 processed...15 20211020/20220603
2025-12-16 23:32:03,626 [main] DEBUG c.p.b.e.MLResultGenerator.executeExperiment - 291 processed...13 20211021/20220603
2025-12-16 23:32:04,299 [main] DEBUG c.p.b.e.MLResultGenerator.executeExperiment - 291 processed...11 20211022/20220603
2025-12-16 23:32:05,038 [main] DEBUG c.p.b.e.MLResultGenerator.executeExperiment - 291 processed...14 20211023/20220603
2025-12-16 23:32:05,904 [main] DEBUG c.p.b.e.MLResultGenerator.executeExperiment - 291 processed...12 20211024/20220603
2025-12-16 23:32:06,663 [main] DEBUG c.p.b.e.MLResultGenerator.executeExperiment - 291 processed...13 20211025/20220603
2025-12-16 23:32:07,292 [main] DEBUG c.p.b.e.MLResultGenerator.executeExperiment - 291 processed...13 20211026/20220603
2025-12-16 23:32:08,093 [main] DEBUG c.p.b.e.MLResultGenerator.executeExperiment - 291 processed...14 20211027/20220603
2025-12-16 23:32:08,742 [main] DEBUG c.p.b.e.MLResultGenerator.executeExperiment - 291 processed...16 20211028/20220603
2025-12-16 23:32:09,411 [main] DEBUG c.p.b.e.MLResultGenerator.executeExperiment - 291 processed...11 20211029/20220603
2025-12-16 23:32:10,130 [main] DEBUG c.p.b.e.MLResultGenerator.executeExperiment - 291 processed...14 20211030/20220603
2025-12-16 23:32:10,893 [main] DEBUG c.p.b.e.MLResultGenerator.executeExperiment - 291 processed...10 20211031/20220603
2025-12-16 23:32:11,466 [main] DEBUG c.p.b.e.MLResultGenerator.executeExperiment - 291 processed...10 20211101/20220603
2025-12-16 23:32:12,136 [main] DEBUG c.p.b.e.MLResultGenerator.executeExperiment - 291 processed...15 20211102/20220603
2025-12-16 23:32:12,886 [main] DEBUG c.p.b.e.MLResultGenerator.executeExperiment - 291 processed...15 20211103/20220603
2025-12-16 23:32:13,862 [main] DEBUG c.p.b.e.MLResultGenerator.executeExperiment - 291 processed...12 20211104/20220603
2025-12-16 23:32:14,495 [main] DEBUG c.p.b.e.MLResultGenerator.executeExperiment - 291 processed...10 20211105/20220603
2025-12-16 23:32:15,221 [main] DEBUG c.p.b.e.MLResultGenerator.executeExperiment - 291 processed...14 20211106/20220603
2025-12-16 23:32:16,155 [main] DEBUG c.p.b.e.MLResultGenerator.executeExperiment - 291 processed...13 20211107/20220603
2025-12-16 23:32:16,948 [main] DEBUG c.p.b.e.MLResultGenerator.executeExperiment - 291 processed...16 20211108/20220603
2025-12-16 23:32:17,615 [main] DEBUG c.p.b.e.MLResultGenerator.executeExperiment - 291 processed...13 20211109/20220603
2025-12-16 23:32:18,334 [main] DEBUG c.p.b.e.MLResultGenerator.executeExperiment - 291 processed...13 20211110/20220603
2025-12-16 23:32:19,032 [main] DEBUG c.p.b.e.MLResultGenerator.executeExperiment - 291 processed...13 20211111/20220603
2025-12-16 23:32:19,915 [main] DEBUG c.p.b.e.MLResultGenerator.executeExperiment - 291 processed...17 20211112/20220603
2025-12-16 23:32:20,743 [main] DEBUG c.p.b.e.MLResultGenerator.executeExperiment - 291 processed...10 20211113/20220603
2025-12-16 23:32:21,536 [main] DEBUG c.p.b.e.MLResultGenerator.executeExperiment - 291 processed...13 20211114/20220603
2025-12-16 23:32:22,366 [main] DEBUG c.p.b.e.MLResultGenerator.executeExperiment - 291 processed...14 20211115/20220603
2025-12-16 23:32:23,020 [main] DEBUG c.p.b.e.MLResultGenerator.executeExperiment - 291 processed...13 20211116/20220603
2025-12-16 23:32:23,649 [main] DEBUG c.p.b.e.MLResultGenerator.executeExperiment - 291 processed...16 20211117/20220603
2025-12-16 23:32:24,344 [main] DEBUG c.p.b.e.MLResultGenerator.executeExperiment - 291 processed...12 20211118/20220603
2025-12-16 23:32:24,884 [main] DEBUG c.p.b.e.MLResultGenerator.executeExperiment - 291 processed...11 20211119/20220603
2025-12-16 23:32:25,505 [main] DEBUG c.p.b.e.MLResultGenerator.executeExperiment - 291 processed...12 20211120/20220603
2025-12-16 23:32:26,291 [main] DEBUG c.p.b.e.MLResultGenerator.executeExperiment - 291 processed...12 20211121/20220603
2025-12-16 23:32:27,131 [main] DEBUG c.p.b.e.MLResultGenerator.executeExperiment - 291 processed...12 20211122/20220603
2025-12-16 23:32:27,906 [main] DEBUG c.p.b.e.MLResultGenerator.executeExperiment - 291 processed...9 20211123/20220603
2025-12-16 23:32:28,571 [main] DEBUG c.p.b.e.MLResultGenerator.executeExperiment - 291 processed...13 20211124/20220603
2025-12-16 23:32:29,174 [main] DEBUG c.p.b.e.MLResultGenerator.executeExperiment - 291 processed...15 20211125/20220603
2025-12-16 23:32:30,011 [main] DEBUG c.p.b.e.MLResultGenerator.executeExperiment - 291 processed...12 20211126/20220603
2025-12-16 23:32:30,762 [main] DEBUG c.p.b.e.MLResultGenerator.executeExperiment - 291 processed...10 20211127/20220603
2025-12-16 23:32:31,628 [main] DEBUG c.p.b.e.MLResultGenerator.executeExperiment - 291 processed...10 20211128/20220603
2025-12-16 23:32:32,472 [main] DEBUG c.p.b.e.MLResultGenerator.executeExperiment - 291 processed...9 20211129/20220603
2025-12-16 23:32:33,233 [main] DEBUG c.p.b.e.MLResultGenerator.executeExperiment - 291 processed...13 20211130/20220603
2025-12-16 23:32:33,733 [main] DEBUG c.p.b.e.MLResultGenerator.executeExperiment - 291 processed...13 20211201/20220603
2025-12-16 23:32:34,631 [main] DEBUG c.p.b.e.MLResultGenerator.executeExperiment - 291 processed...15 20211202/20220603
2025-12-16 23:32:35,649 [main] DEBUG c.p.b.e.MLResultGenerator.executeExperiment - 291 processed...14 20211203/20220603
2025-12-16 23:32:36,554 [main] DEBUG c.p.b.e.MLResultGenerator.executeExperiment - 291 processed...13 20211204/20220603
2025-12-16 23:32:37,439 [main] DEBUG c.p.b.e.MLResultGenerator.executeExperiment - 291 processed...14 20211205/20220603
2025-12-16 23:32:38,130 [main] DEBUG c.p.b.e.MLResultGenerator.executeExperiment - 291 processed...10 20211206/20220603
2025-12-16 23:32:38,814 [main] DEBUG c.p.b.e.MLResultGenerator.executeExperiment - 291 processed...12 20211207/20220603
2025-12-16 23:32:39,391 [main] DEBUG c.p.b.e.MLResultGenerator.executeExperiment - 291 processed...16 20211208/20220603
2025-12-16 23:32:40,366 [main] DEBUG c.p.b.e.MLResultGenerator.executeExperiment - 291 processed...12 20211209/20220603
2025-12-16 23:32:41,249 [main] DEBUG c.p.b.e.MLResultGenerator.executeExperiment - 291 processed...9 20211210/20220603
2025-12-16 23:32:42,131 [main] DEBUG c.p.b.e.MLResultGenerator.executeExperiment - 291 processed...15 20211211/20220603
2025-12-16 23:32:43,043 [main] DEBUG c.p.b.e.MLResultGenerator.executeExperiment - 291 processed...13 20211212/20220603
2025-12-16 23:32:43,633 [main] DEBUG c.p.b.e.MLResultGenerator.executeExperiment - 291 processed...11 20211213/20220603
2025-12-16 23:32:44,244 [main] DEBUG c.p.b.e.MLResultGenerator.executeExperiment - 291 processed...13 20211214/20220603
2025-12-16 23:32:44,747 [main] DEBUG c.p.b.e.MLResultGenerator.executeExperiment - 291 processed...12 20211215/20220603
2025-12-16 23:32:45,340 [main] DEBUG c.p.b.e.MLResultGenerator.executeExperiment - 291 processed...13 20211216/20220603
2025-12-16 23:32:45,944 [main] DEBUG c.p.b.e.MLResultGenerator.executeExperiment - 291 processed...13 20211217/20220603
2025-12-16 23:32:46,745 [main] DEBUG c.p.b.e.MLResultGenerator.executeExperiment - 291 processed...15 20211218/20220603
2025-12-16 23:32:47,590 [main] DEBUG c.p.b.e.MLResultGenerator.executeExperiment - 291 processed...15 20211219/20220603
2025-12-16 23:32:48,434 [main] DEBUG c.p.b.e.MLResultGenerator.executeExperiment - 291 processed...13 20211220/20220603
2025-12-16 23:32:49,229 [main] DEBUG c.p.b.e.MLResultGenerator.executeExperiment - 291 processed...13 20211221/20220603
2025-12-16 23:32:50,065 [main] DEBUG c.p.b.e.MLResultGenerator.executeExperiment - 291 processed...8 20211222/20220603
2025-12-16 23:32:50,789 [main] DEBUG c.p.b.e.MLResultGenerator.executeExperiment - 291 processed...9 20211223/20220603
2025-12-16 23:32:51,498 [main] DEBUG c.p.b.e.MLResultGenerator.executeExperiment - 291 processed...18 20211224/20220603
2025-12-16 23:32:52,162 [main] DEBUG c.p.b.e.MLResultGenerator.executeExperiment - 291 processed...11 20211225/20220603
2025-12-16 23:32:52,819 [main] DEBUG c.p.b.e.MLResultGenerator.executeExperiment - 291 processed...10 20211226/20220603
2025-12-16 23:32:53,583 [main] DEBUG c.p.b.e.MLResultGenerator.executeExperiment - 291 processed...11 20211227/20220603
2025-12-16 23:32:54,426 [main] DEBUG c.p.b.e.MLResultGenerator.executeExperiment - 291 processed...15 20211228/20220603
2025-12-16 23:32:55,664 [main] DEBUG c.p.b.e.MLResultGenerator.executeExperiment - 291 processed...18 20211229/20220603
2025-12-16 23:32:56,640 [main] DEBUG c.p.b.e.MLResultGenerator.executeExperiment - 291 processed...16 20211230/20220603
2025-12-16 23:32:57,803 [main] DEBUG c.p.b.e.MLResultGenerator.executeExperiment - 291 processed...14 20211231/20220603
2025-12-16 23:32:58,636 [main] DEBUG c.p.b.e.MLResultGenerator.executeExperiment - 291 processed...14 20220101/20220603
2025-12-16 23:32:59,530 [main] DEBUG c.p.b.e.MLResultGenerator.executeExperiment - 291 processed...13 20220102/20220603
2025-12-16 23:33:00,800 [main] DEBUG c.p.b.e.MLResultGenerator.executeExperiment - 291 processed...12 20220103/20220603
2025-12-16 23:33:01,900 [main] DEBUG c.p.b.e.MLResultGenerator.executeExperiment - 291 processed...13 20220104/20220603
2025-12-16 23:33:01,901 [main] WARN  c.p.b.e.o.l.OddsMonitorFileLoader.load - odds monitor file does not exist. C:/boatrace/offline/data/oddsmonitor/odds_20220105.csv
2025-12-16 23:33:02,046 [main] DEBUG c.p.b.e.MLResultGenerator.executeExperiment - 291 processed...0 20220105/20220603
2025-12-16 23:33:02,989 [main] DEBUG c.p.b.e.MLResultGenerator.executeExperiment - 291 processed...10 20220106/20220603
2025-12-16 23:33:03,800 [main] DEBUG c.p.b.e.MLResultGenerator.executeExperiment - 291 processed...13 20220107/20220603
2025-12-16 23:33:04,634 [main] DEBUG c.p.b.e.MLResultGenerator.executeExperiment - 291 processed...15 20220108/20220603
2025-12-16 23:33:05,275 [main] DEBUG c.p.b.e.MLResultGenerator.executeExperiment - 291 processed...12 20220109/20220603
2025-12-16 23:33:05,807 [main] DEBUG c.p.b.e.MLResultGenerator.executeExperiment - 291 processed...14 20220110/20220603
2025-12-16 23:33:06,214 [main] DEBUG c.p.b.e.MLResultGenerator.executeExperiment - 291 processed...10 20220111/20220603
2025-12-16 23:33:07,142 [main] DEBUG c.p.b.e.MLResultGenerator.executeExperiment - 291 processed...16 20220112/20220603
2025-12-16 23:33:07,903 [main] DEBUG c.p.b.e.MLResultGenerator.executeExperiment - 291 processed...12 20220113/20220603
2025-12-16 23:33:08,508 [main] DEBUG c.p.b.e.MLResultGenerator.executeExperiment - 291 processed...13 20220114/20220603
2025-12-16 23:33:09,336 [main] DEBUG c.p.b.e.MLResultGenerator.executeExperiment - 291 processed...12 20220115/20220603
2025-12-16 23:33:09,932 [main] DEBUG c.p.b.e.MLResultGenerator.executeExperiment - 291 processed...15 20220116/20220603
2025-12-16 23:33:10,668 [main] DEBUG c.p.b.e.MLResultGenerator.executeExperiment - 291 processed...13 20220117/20220603
2025-12-16 23:33:11,398 [main] DEBUG c.p.b.e.MLResultGenerator.executeExperiment - 291 processed...13 20220118/20220603
2025-12-16 23:33:12,067 [main] DEBUG c.p.b.e.MLResultGenerator.executeExperiment - 291 processed...13 20220119/20220603
2025-12-16 23:33:12,673 [main] DEBUG c.p.b.e.MLResultGenerator.executeExperiment - 291 processed...11 20220120/20220603
2025-12-16 23:33:13,550 [main] DEBUG c.p.b.e.MLResultGenerator.executeExperiment - 291 processed...15 20220121/20220603
2025-12-16 23:33:14,448 [main] DEBUG c.p.b.e.MLResultGenerator.executeExperiment - 291 processed...14 20220122/20220603
2025-12-16 23:33:15,592 [main] DEBUG c.p.b.e.MLResultGenerator.executeExperiment - 291 processed...16 20220123/20220603
2025-12-16 23:33:16,246 [main] DEBUG c.p.b.e.MLResultGenerator.executeExperiment - 291 processed...12 20220124/20220603
2025-12-16 23:33:17,017 [main] DEBUG c.p.b.e.MLResultGenerator.executeExperiment - 291 processed...11 20220125/20220603
2025-12-16 23:33:18,106 [main] DEBUG c.p.b.e.MLResultGenerator.executeExperiment - 291 processed...10 20220126/20220603
2025-12-16 23:33:18,811 [main] DEBUG c.p.b.e.MLResultGenerator.executeExperiment - 291 processed...16 20220127/20220603
2025-12-16 23:33:19,574 [main] DEBUG c.p.b.e.MLResultGenerator.executeExperiment - 291 processed...13 20220128/20220603
2025-12-16 23:33:20,654 [main] DEBUG c.p.b.e.MLResultGenerator.executeExperiment - 291 processed...16 20220129/20220603
2025-12-16 23:33:21,717 [main] DEBUG c.p.b.e.MLResultGenerator.executeExperiment - 291 processed...8 20220130/20220603
2025-12-16 23:33:22,588 [main] DEBUG c.p.b.e.MLResultGenerator.executeExperiment - 291 processed...17 20220131/20220603
2025-12-16 23:33:23,238 [main] DEBUG c.p.b.e.MLResultGenerator.executeExperiment - 291 processed...15 20220201/20220603
2025-12-16 23:33:23,809 [main] DEBUG c.p.b.e.MLResultGenerator.executeExperiment - 291 processed...14 20220202/20220603
2025-12-16 23:33:24,667 [main] DEBUG c.p.b.e.MLResultGenerator.executeExperiment - 291 processed...16 20220203/20220603
2025-12-16 23:33:25,364 [main] DEBUG c.p.b.e.MLResultGenerator.executeExperiment - 291 processed...13 20220204/20220603
2025-12-16 23:33:26,041 [main] DEBUG c.p.b.e.MLResultGenerator.executeExperiment - 291 processed...11 20220205/20220603
2025-12-16 23:33:26,849 [main] DEBUG c.p.b.e.MLResultGenerator.executeExperiment - 291 processed...14 20220206/20220603
2025-12-16 23:33:27,517 [main] DEBUG c.p.b.e.MLResultGenerator.executeExperiment - 291 processed...17 20220207/20220603
2025-12-16 23:33:28,283 [main] DEBUG c.p.b.e.MLResultGenerator.executeExperiment - 291 processed...16 20220208/20220603
2025-12-16 23:33:29,062 [main] DEBUG c.p.b.e.MLResultGenerator.executeExperiment - 291 processed...14 20220209/20220603
2025-12-16 23:33:29,756 [main] DEBUG c.p.b.e.MLResultGenerator.executeExperiment - 291 processed...11 20220210/20220603
2025-12-16 23:33:30,616 [main] DEBUG c.p.b.e.MLResultGenerator.executeExperiment - 291 processed...14 20220211/20220603
2025-12-16 23:33:31,343 [main] DEBUG c.p.b.e.MLResultGenerator.executeExperiment - 291 processed...13 20220212/20220603
2025-12-16 23:33:32,151 [main] DEBUG c.p.b.e.MLResultGenerator.executeExperiment - 291 processed...12 20220213/20220603
2025-12-16 23:33:32,816 [main] DEBUG c.p.b.e.MLResultGenerator.executeExperiment - 291 processed...15 20220214/20220603
2025-12-16 23:33:33,473 [main] DEBUG c.p.b.e.MLResultGenerator.executeExperiment - 291 processed...12 20220215/20220603
2025-12-16 23:33:34,178 [main] DEBUG c.p.b.e.MLResultGenerator.executeExperiment - 291 processed...16 20220216/20220603
2025-12-16 23:33:34,927 [main] DEBUG c.p.b.e.MLResultGenerator.executeExperiment - 291 processed...14 20220217/20220603
2025-12-16 23:33:35,643 [main] DEBUG c.p.b.e.MLResultGenerator.executeExperiment - 291 processed...11 20220218/20220603
2025-12-16 23:33:36,681 [main] DEBUG c.p.b.e.MLResultGenerator.executeExperiment - 291 processed...13 20220219/20220603
2025-12-16 23:33:37,395 [main] DEBUG c.p.b.e.MLResultGenerator.executeExperiment - 291 processed...13 20220220/20220603
2025-12-16 23:33:38,160 [main] DEBUG c.p.b.e.MLResultGenerator.executeExperiment - 291 processed...13 20220221/20220603
2025-12-16 23:33:38,934 [main] DEBUG c.p.b.e.MLResultGenerator.executeExperiment - 291 processed...17 20220222/20220603
2025-12-16 23:33:39,909 [main] DEBUG c.p.b.e.MLResultGenerator.executeExperiment - 291 processed...9 20220223/20220603
2025-12-16 23:33:40,828 [main] DEBUG c.p.b.e.MLResultGenerator.executeExperiment - 291 processed...16 20220224/20220603
2025-12-16 23:33:41,713 [main] DEBUG c.p.b.e.MLResultGenerator.executeExperiment - 291 processed...15 20220225/20220603
2025-12-16 23:33:42,489 [main] DEBUG c.p.b.e.MLResultGenerator.executeExperiment - 291 processed...15 20220226/20220603
2025-12-16 23:33:43,296 [main] DEBUG c.p.b.e.MLResultGenerator.executeExperiment - 291 processed...10 20220227/20220603
2025-12-16 23:33:44,260 [main] DEBUG c.p.b.e.MLResultGenerator.executeExperiment - 291 processed...10 20220228/20220603
2025-12-16 23:33:45,156 [main] DEBUG c.p.b.e.MLResultGenerator.executeExperiment - 291 processed...10 20220301/20220603
2025-12-16 23:33:45,890 [main] DEBUG c.p.b.e.MLResultGenerator.executeExperiment - 291 processed...12 20220302/20220603
2025-12-16 23:33:46,585 [main] DEBUG c.p.b.e.MLResultGenerator.executeExperiment - 291 processed...15 20220303/20220603
2025-12-16 23:33:47,321 [main] DEBUG c.p.b.e.MLResultGenerator.executeExperiment - 291 processed...17 20220304/20220603
2025-12-16 23:33:48,270 [main] DEBUG c.p.b.e.MLResultGenerator.executeExperiment - 291 processed...15 20220305/20220603
2025-12-16 23:33:49,049 [main] DEBUG c.p.b.e.MLResultGenerator.executeExperiment - 291 processed...16 20220306/20220603
2025-12-16 23:33:49,897 [main] DEBUG c.p.b.e.MLResultGenerator.executeExperiment - 291 processed...15 20220307/20220603
2025-12-16 23:33:50,683 [main] DEBUG c.p.b.e.MLResultGenerator.executeExperiment - 291 processed...17 20220308/20220603
2025-12-16 23:33:51,582 [main] DEBUG c.p.b.e.MLResultGenerator.executeExperiment - 291 processed...13 20220309/20220603
2025-12-16 23:33:52,407 [main] DEBUG c.p.b.e.MLResultGenerator.executeExperiment - 291 processed...11 20220310/20220603
2025-12-16 23:33:53,169 [main] DEBUG c.p.b.e.MLResultGenerator.executeExperiment - 291 processed...17 20220311/20220603
2025-12-16 23:33:53,906 [main] DEBUG c.p.b.e.MLResultGenerator.executeExperiment - 291 processed...16 20220312/20220603
2025-12-16 23:33:54,759 [main] DEBUG c.p.b.e.MLResultGenerator.executeExperiment - 291 processed...12 20220313/20220603
2025-12-16 23:33:55,489 [main] DEBUG c.p.b.e.MLResultGenerator.executeExperiment - 291 processed...12 20220314/20220603
2025-12-16 23:33:56,222 [main] DEBUG c.p.b.e.MLResultGenerator.executeExperiment - 291 processed...14 20220315/20220603
2025-12-16 23:33:56,843 [main] DEBUG c.p.b.e.MLResultGenerator.executeExperiment - 291 processed...11 20220316/20220603
2025-12-16 23:33:57,552 [main] DEBUG c.p.b.e.MLResultGenerator.executeExperiment - 291 processed...18 20220317/20220603
2025-12-16 23:33:58,501 [main] DEBUG c.p.b.e.MLResultGenerator.executeExperiment - 291 processed...10 20220318/20220603
2025-12-16 23:33:59,488 [main] DEBUG c.p.b.e.MLResultGenerator.executeExperiment - 291 processed...18 20220319/20220603
2025-12-16 23:34:00,214 [main] DEBUG c.p.b.e.MLResultGenerator.executeExperiment - 291 processed...10 20220320/20220603
2025-12-16 23:34:00,955 [main] DEBUG c.p.b.e.MLResultGenerator.executeExperiment - 291 processed...10 20220321/20220603
2025-12-16 23:34:01,596 [main] DEBUG c.p.b.e.MLResultGenerator.executeExperiment - 291 processed...16 20220322/20220603
2025-12-16 23:34:02,334 [main] DEBUG c.p.b.e.MLResultGenerator.executeExperiment - 291 processed...8 20220323/20220603
2025-12-16 23:34:03,290 [main] DEBUG c.p.b.e.MLResultGenerator.executeExperiment - 291 processed...8 20220324/20220603
2025-12-16 23:34:04,061 [main] DEBUG c.p.b.e.MLResultGenerator.executeExperiment - 291 processed...13 20220325/20220603
2025-12-16 23:34:04,670 [main] DEBUG c.p.b.e.MLResultGenerator.executeExperiment - 291 processed...13 20220326/20220603
2025-12-16 23:34:05,393 [main] DEBUG c.p.b.e.MLResultGenerator.executeExperiment - 291 processed...16 20220327/20220603
2025-12-16 23:34:06,183 [main] DEBUG c.p.b.e.MLResultGenerator.executeExperiment - 291 processed...12 20220328/20220603
2025-12-16 23:34:06,919 [main] DEBUG c.p.b.e.MLResultGenerator.executeExperiment - 291 processed...10 20220329/20220603
2025-12-16 23:34:07,575 [main] DEBUG c.p.b.e.MLResultGenerator.executeExperiment - 291 processed...12 20220330/20220603
2025-12-16 23:34:08,077 [main] DEBUG c.p.b.e.MLResultGenerator.executeExperiment - 291 processed...9 20220331/20220603
2025-12-16 23:34:08,607 [main] DEBUG c.p.b.e.MLResultGenerator.executeExperiment - 291 processed...13 20220401/20220603
2025-12-16 23:34:09,455 [main] DEBUG c.p.b.e.MLResultGenerator.executeExperiment - 291 processed...15 20220402/20220603
2025-12-16 23:34:10,105 [main] DEBUG c.p.b.e.MLResultGenerator.executeExperiment - 291 processed...17 20220403/20220603
2025-12-16 23:34:10,899 [main] DEBUG c.p.b.e.MLResultGenerator.executeExperiment - 291 processed...11 20220404/20220603
2025-12-16 23:34:11,585 [main] DEBUG c.p.b.e.MLResultGenerator.executeExperiment - 291 processed...17 20220405/20220603
2025-12-16 23:34:12,240 [main] DEBUG c.p.b.e.MLResultGenerator.executeExperiment - 291 processed...13 20220406/20220603
2025-12-16 23:34:12,981 [main] DEBUG c.p.b.e.MLResultGenerator.executeExperiment - 291 processed...14 20220407/20220603
2025-12-16 23:34:13,518 [main] DEBUG c.p.b.e.MLResultGenerator.executeExperiment - 291 processed...10 20220408/20220603
2025-12-16 23:34:14,266 [main] DEBUG c.p.b.e.MLResultGenerator.executeExperiment - 291 processed...15 20220409/20220603
2025-12-16 23:34:14,876 [main] DEBUG c.p.b.e.MLResultGenerator.executeExperiment - 291 processed...14 20220410/20220603
2025-12-16 23:34:15,417 [main] DEBUG c.p.b.e.MLResultGenerator.executeExperiment - 291 processed...14 20220411/20220603
2025-12-16 23:34:16,137 [main] DEBUG c.p.b.e.MLResultGenerator.executeExperiment - 291 processed...14 20220412/20220603
2025-12-16 23:34:16,816 [main] DEBUG c.p.b.e.MLResultGenerator.executeExperiment - 291 processed...15 20220413/20220603
2025-12-16 23:34:17,475 [main] DEBUG c.p.b.e.MLResultGenerator.executeExperiment - 291 processed...14 20220414/20220603
2025-12-16 23:34:18,189 [main] DEBUG c.p.b.e.MLResultGenerator.executeExperiment - 291 processed...13 20220415/20220603
2025-12-16 23:34:19,188 [main] DEBUG c.p.b.e.MLResultGenerator.executeExperiment - 291 processed...10 20220416/20220603
2025-12-16 23:34:20,156 [main] DEBUG c.p.b.e.MLResultGenerator.executeExperiment - 291 processed...11 20220417/20220603
2025-12-16 23:34:21,111 [main] DEBUG c.p.b.e.MLResultGenerator.executeExperiment - 291 processed...8 20220418/20220603
2025-12-16 23:34:21,841 [main] DEBUG c.p.b.e.MLResultGenerator.executeExperiment - 291 processed...13 20220419/20220603
2025-12-16 23:34:22,602 [main] DEBUG c.p.b.e.MLResultGenerator.executeExperiment - 291 processed...12 20220420/20220603
2025-12-16 23:34:23,257 [main] DEBUG c.p.b.e.MLResultGenerator.executeExperiment - 291 processed...13 20220421/20220603
2025-12-16 23:34:24,130 [main] DEBUG c.p.b.e.MLResultGenerator.executeExperiment - 291 processed...13 20220422/20220603
2025-12-16 23:34:24,867 [main] DEBUG c.p.b.e.MLResultGenerator.executeExperiment - 291 processed...8 20220423/20220603
2025-12-16 23:34:25,767 [main] DEBUG c.p.b.e.MLResultGenerator.executeExperiment - 291 processed...13 20220424/20220603
2025-12-16 23:34:26,665 [main] DEBUG c.p.b.e.MLResultGenerator.executeExperiment - 291 processed...16 20220425/20220603
2025-12-16 23:34:27,606 [main] DEBUG c.p.b.e.MLResultGenerator.executeExperiment - 291 processed...11 20220426/20220603
2025-12-16 23:34:28,335 [main] DEBUG c.p.b.e.MLResultGenerator.executeExperiment - 291 processed...13 20220427/20220603
2025-12-16 23:34:29,013 [main] DEBUG c.p.b.e.MLResultGenerator.executeExperiment - 291 processed...11 20220428/20220603
2025-12-16 23:34:29,836 [main] DEBUG c.p.b.e.MLResultGenerator.executeExperiment - 291 processed...14 20220429/20220603
2025-12-16 23:34:30,734 [main] DEBUG c.p.b.e.MLResultGenerator.executeExperiment - 291 processed...13 20220430/20220603
2025-12-16 23:34:31,691 [main] DEBUG c.p.b.e.MLResultGenerator.executeExperiment - 291 processed...13 20220501/20220603
2025-12-16 23:34:32,533 [main] DEBUG c.p.b.e.MLResultGenerator.executeExperiment - 291 processed...14 20220502/20220603
2025-12-16 23:34:33,689 [main] DEBUG c.p.b.e.MLResultGenerator.executeExperiment - 291 processed...16 20220503/20220603
2025-12-16 23:34:34,436 [main] DEBUG c.p.b.e.MLResultGenerator.executeExperiment - 291 processed...10 20220504/20220603
2025-12-16 23:34:35,141 [main] DEBUG c.p.b.e.MLResultGenerator.executeExperiment - 291 processed...19 20220505/20220603
2025-12-16 23:34:35,908 [main] DEBUG c.p.b.e.MLResultGenerator.executeExperiment - 291 processed...10 20220506/20220603
2025-12-16 23:34:36,593 [main] DEBUG c.p.b.e.MLResultGenerator.executeExperiment - 291 processed...13 20220507/20220603
2025-12-16 23:34:37,325 [main] DEBUG c.p.b.e.MLResultGenerator.executeExperiment - 291 processed...8 20220508/20220603
2025-12-16 23:34:38,038 [main] DEBUG c.p.b.e.MLResultGenerator.executeExperiment - 291 processed...15 20220509/20220603
2025-12-16 23:34:38,987 [main] DEBUG c.p.b.e.MLResultGenerator.executeExperiment - 291 processed...12 20220510/20220603
2025-12-16 23:34:39,673 [main] DEBUG c.p.b.e.MLResultGenerator.executeExperiment - 291 processed...14 20220511/20220603
2025-12-16 23:34:40,288 [main] DEBUG c.p.b.e.MLResultGenerator.executeExperiment - 291 processed...13 20220512/20220603
2025-12-16 23:34:40,951 [main] DEBUG c.p.b.e.MLResultGenerator.executeExperiment - 291 processed...9 20220513/20220603
2025-12-16 23:34:41,850 [main] DEBUG c.p.b.e.MLResultGenerator.executeExperiment - 291 processed...11 20220514/20220603
2025-12-16 23:34:42,514 [main] DEBUG c.p.b.e.MLResultGenerator.executeExperiment - 291 processed...14 20220515/20220603
2025-12-16 23:34:43,137 [main] DEBUG c.p.b.e.MLResultGenerator.executeExperiment - 291 processed...8 20220516/20220603
2025-12-16 23:34:43,564 [main] DEBUG c.p.b.e.MLResultGenerator.executeExperiment - 291 processed...13 20220517/20220603
2025-12-16 23:34:44,099 [main] DEBUG c.p.b.e.MLResultGenerator.executeExperiment - 291 processed...16 20220518/20220603
2025-12-16 23:34:44,905 [main] DEBUG c.p.b.e.MLResultGenerator.executeExperiment - 291 processed...14 20220519/20220603
2025-12-16 23:34:45,597 [main] DEBUG c.p.b.e.MLResultGenerator.executeExperiment - 291 processed...17 20220520/20220603
2025-12-16 23:34:46,400 [main] DEBUG c.p.b.e.MLResultGenerator.executeExperiment - 291 processed...14 20220521/20220603
2025-12-16 23:34:47,178 [main] DEBUG c.p.b.e.MLResultGenerator.executeExperiment - 291 processed...11 20220522/20220603
2025-12-16 23:34:47,882 [main] DEBUG c.p.b.e.MLResultGenerator.executeExperiment - 291 processed...12 20220523/20220603
2025-12-16 23:34:48,484 [main] DEBUG c.p.b.e.MLResultGenerator.executeExperiment - 291 processed...16 20220524/20220603
2025-12-16 23:34:49,054 [main] DEBUG c.p.b.e.MLResultGenerator.executeExperiment - 291 processed...16 20220525/20220603
2025-12-16 23:34:49,912 [main] DEBUG c.p.b.e.MLResultGenerator.executeExperiment - 291 processed...10 20220526/20220603
2025-12-16 23:34:50,741 [main] DEBUG c.p.b.e.MLResultGenerator.executeExperiment - 291 processed...15 20220527/20220603
2025-12-16 23:34:51,672 [main] DEBUG c.p.b.e.MLResultGenerator.executeExperiment - 291 processed...11 20220528/20220603
2025-12-16 23:34:52,679 [main] DEBUG c.p.b.e.MLResultGenerator.executeExperiment - 291 processed...16 20220529/20220603
2025-12-16 23:34:53,546 [main] DEBUG c.p.b.e.MLResultGenerator.executeExperiment - 291 processed...14 20220530/20220603
2025-12-16 23:34:54,071 [main] DEBUG c.p.b.e.MLResultGenerator.executeExperiment - 291 processed...11 20220531/20220603
2025-12-16 23:34:54,650 [main] DEBUG c.p.b.e.MLResultGenerator.executeExperiment - 291 processed...15 20220601/20220603
2025-12-16 23:34:55,253 [main] DEBUG c.p.b.e.MLResultGenerator.executeExperiment - 291 processed...10 20220602/20220603
2025-12-16 23:34:55,984 [main] DEBUG c.p.b.e.MLResultGenerator.executeExperiment - 291 processed...13 20220603/20220603
2025-12-16 23:34:56,243 [main] DEBUG c.p.b.e.r.s.MlEvaluationCreator.create - creating MlEvaluation. 291,40001,1T,1,nopattern,nopattern
2025-12-16 23:34:56,341 [main] DEBUG c.p.b.e.r.s.MlEvaluationCreator.create - creating MlEvaluation. 291,40001,1T,2,nopattern,nopattern
2025-12-16 23:34:56,385 [main] DEBUG c.p.b.e.r.s.MlEvaluationCreator.create - creating MlEvaluation. 291,40001,1T,3,nopattern,nopattern
2025-12-16 23:34:56,414 [main] DEBUG c.p.b.e.r.s.MlEvaluationCreator.create - creating MlEvaluation. 291,40001,1T,4,nopattern,nopattern
2025-12-16 23:34:56,436 [main] DEBUG c.p.b.e.r.s.MlEvaluationCreator.create - creating MlEvaluation. 291,40001,1T,5,nopattern,nopattern
2025-12-16 23:34:56,455 [main] DEBUG c.p.b.e.r.s.MlEvaluationCreator.create - creating MlEvaluation. 291,40001,1T,6,nopattern,nopattern
2025-12-16 23:34:56,487 [main] DEBUG c.p.b.e.r.s.MlEvaluationCreator.create - creating MlEvaluation. 291,40001,2F,12,nopattern,nopattern
2025-12-16 23:34:56,527 [main] DEBUG c.p.b.e.r.s.MlEvaluationCreator.create - creating MlEvaluation. 291,40001,2F,13,nopattern,nopattern
2025-12-16 23:34:56,571 [main] DEBUG c.p.b.e.r.s.MlEvaluationCreator.create - creating MlEvaluation. 291,40001,2F,14,nopattern,nopattern
2025-12-16 23:34:56,614 [main] DEBUG c.p.b.e.r.s.MlEvaluationCreator.create - creating MlEvaluation. 291,40001,2F,15,nopattern,nopattern
2025-12-16 23:34:56,648 [main] DEBUG c.p.b.e.r.s.MlEvaluationCreator.create - creating MlEvaluation. 291,40001,2F,16,nopattern,nopattern
2025-12-16 23:34:56,665 [main] DEBUG c.p.b.e.r.s.MlEvaluationCreator.create - creating MlEvaluation. 291,40001,2F,23,nopattern,nopattern
2025-12-16 23:34:56,673 [main] DEBUG c.p.b.e.r.s.MlEvaluationCreator.create - creating MlEvaluation. 291,40001,2F,24,nopattern,nopattern
2025-12-16 23:34:56,680 [main] DEBUG c.p.b.e.r.s.MlEvaluationCreator.create - creating MlEvaluation. 291,40001,2F,25,nopattern,nopattern
2025-12-16 23:34:56,685 [main] DEBUG c.p.b.e.r.s.MlEvaluationCreator.create - creating MlEvaluation. 291,40001,2F,26,nopattern,nopattern
2025-12-16 23:34:56,691 [main] DEBUG c.p.b.e.r.s.MlEvaluationCreator.create - creating MlEvaluation. 291,40001,2F,34,nopattern,nopattern
2025-12-16 23:34:56,776 [main] DEBUG c.p.b.e.r.s.MlEvaluationCreator.create - creating MlEvaluation. 291,40001,2F,35,nopattern,nopattern
2025-12-16 23:34:56,787 [main] DEBUG c.p.b.e.r.s.MlEvaluationCreator.create - creating MlEvaluation. 291,40001,2F,36,nopattern,nopattern
2025-12-16 23:34:56,792 [main] DEBUG c.p.b.e.r.s.MlEvaluationCreator.create - creating MlEvaluation. 291,40001,2F,45,nopattern,nopattern
2025-12-16 23:34:56,799 [main] DEBUG c.p.b.e.r.s.MlEvaluationCreator.create - creating MlEvaluation. 291,40001,2F,46,nopattern,nopattern
2025-12-16 23:34:56,803 [main] DEBUG c.p.b.e.r.s.MlEvaluationCreator.create - creating MlEvaluation. 291,40001,2F,56,nopattern,nopattern
2025-12-16 23:34:56,820 [main] DEBUG c.p.b.e.r.s.MlEvaluationCreator.create - creating MlEvaluation. 291,40001,2T,12,nopattern,nopattern
2025-12-16 23:34:56,843 [main] DEBUG c.p.b.e.r.s.MlEvaluationCreator.create - creating MlEvaluation. 291,40001,2T,13,nopattern,nopattern
2025-12-16 23:34:56,877 [main] DEBUG c.p.b.e.r.s.MlEvaluationCreator.create - creating MlEvaluation. 291,40001,2T,14,nopattern,nopattern
2025-12-16 23:34:56,913 [main] DEBUG c.p.b.e.r.s.MlEvaluationCreator.create - creating MlEvaluation. 291,40001,2T,15,nopattern,nopattern
2025-12-16 23:34:56,944 [main] DEBUG c.p.b.e.r.s.MlEvaluationCreator.create - creating MlEvaluation. 291,40001,2T,16,nopattern,nopattern
2025-12-16 23:34:56,986 [main] DEBUG c.p.b.e.r.s.MlEvaluationCreator.create - creating MlEvaluation. 291,40001,2T,21,nopattern,nopattern
2025-12-16 23:34:57,005 [main] DEBUG c.p.b.e.r.s.MlEvaluationCreator.create - creating MlEvaluation. 291,40001,2T,23,nopattern,nopattern
2025-12-16 23:34:57,011 [main] DEBUG c.p.b.e.r.s.MlEvaluationCreator.create - creating MlEvaluation. 291,40001,2T,24,nopattern,nopattern
2025-12-16 23:34:57,016 [main] DEBUG c.p.b.e.r.s.MlEvaluationCreator.create - creating MlEvaluation. 291,40001,2T,25,nopattern,nopattern
2025-12-16 23:34:57,020 [main] DEBUG c.p.b.e.r.s.MlEvaluationCreator.create - creating MlEvaluation. 291,40001,2T,26,nopattern,nopattern
2025-12-16 23:34:57,050 [main] DEBUG c.p.b.e.r.s.MlEvaluationCreator.create - creating MlEvaluation. 291,40001,2T,31,nopattern,nopattern
2025-12-16 23:34:57,066 [main] DEBUG c.p.b.e.r.s.MlEvaluationCreator.create - creating MlEvaluation. 291,40001,2T,32,nopattern,nopattern
2025-12-16 23:34:57,072 [main] DEBUG c.p.b.e.r.s.MlEvaluationCreator.create - creating MlEvaluation. 291,40001,2T,34,nopattern,nopattern
2025-12-16 23:34:57,075 [main] DEBUG c.p.b.e.r.s.MlEvaluationCreator.create - creating MlEvaluation. 291,40001,2T,35,nopattern,nopattern
2025-12-16 23:34:57,079 [main] DEBUG c.p.b.e.r.s.MlEvaluationCreator.create - creating MlEvaluation. 291,40001,2T,36,nopattern,nopattern
2025-12-16 23:34:57,101 [main] DEBUG c.p.b.e.r.s.MlEvaluationCreator.create - creating MlEvaluation. 291,40001,2T,41,nopattern,nopattern
2025-12-16 23:34:57,115 [main] DEBUG c.p.b.e.r.s.MlEvaluationCreator.create - creating MlEvaluation. 291,40001,2T,42,nopattern,nopattern
2025-12-16 23:34:57,121 [main] DEBUG c.p.b.e.r.s.MlEvaluationCreator.create - creating MlEvaluation. 291,40001,2T,43,nopattern,nopattern
2025-12-16 23:34:57,125 [main] DEBUG c.p.b.e.r.s.MlEvaluationCreator.create - creating MlEvaluation. 291,40001,2T,45,nopattern,nopattern
2025-12-16 23:34:57,129 [main] DEBUG c.p.b.e.r.s.MlEvaluationCreator.create - creating MlEvaluation. 291,40001,2T,46,nopattern,nopattern
2025-12-16 23:34:57,139 [main] DEBUG c.p.b.e.r.s.MlEvaluationCreator.create - creating MlEvaluation. 291,40001,2T,51,nopattern,nopattern
2025-12-16 23:34:57,145 [main] DEBUG c.p.b.e.r.s.MlEvaluationCreator.create - creating MlEvaluation. 291,40001,2T,52,nopattern,nopattern
2025-12-16 23:34:57,150 [main] DEBUG c.p.b.e.r.s.MlEvaluationCreator.create - creating MlEvaluation. 291,40001,2T,53,nopattern,nopattern
2025-12-16 23:34:57,154 [main] DEBUG c.p.b.e.r.s.MlEvaluationCreator.create - creating MlEvaluation. 291,40001,2T,54,nopattern,nopattern
2025-12-16 23:34:57,158 [main] DEBUG c.p.b.e.r.s.MlEvaluationCreator.create - creating MlEvaluation. 291,40001,2T,56,nopattern,nopattern
2025-12-16 23:34:57,166 [main] DEBUG c.p.b.e.r.s.MlEvaluationCreator.create - creating MlEvaluation. 291,40001,2T,61,nopattern,nopattern
2025-12-16 23:34:57,172 [main] DEBUG c.p.b.e.r.s.MlEvaluationCreator.create - creating MlEvaluation. 291,40001,2T,62,nopattern,nopattern
2025-12-16 23:34:57,176 [main] DEBUG c.p.b.e.r.s.MlEvaluationCreator.create - creating MlEvaluation. 291,40001,2T,63,nopattern,nopattern
2025-12-16 23:34:57,180 [main] DEBUG c.p.b.e.r.s.MlEvaluationCreator.create - creating MlEvaluation. 291,40001,2T,64,nopattern,nopattern
2025-12-16 23:34:57,184 [main] DEBUG c.p.b.e.r.s.MlEvaluationCreator.create - creating MlEvaluation. 291,40001,2T,65,nopattern,nopattern
2025-12-16 23:34:57,217 [main] DEBUG c.p.b.e.r.s.MlEvaluationCreator.create - creating MlEvaluation. 291,40001,3F,123,nopattern,nopattern
2025-12-16 23:34:57,264 [main] DEBUG c.p.b.e.r.s.MlEvaluationCreator.create - creating MlEvaluation. 291,40001,3F,124,nopattern,nopattern
2025-12-16 23:34:57,310 [main] DEBUG c.p.b.e.r.s.MlEvaluationCreator.create - creating MlEvaluation. 291,40001,3F,125,nopattern,nopattern
2025-12-16 23:34:57,358 [main] DEBUG c.p.b.e.r.s.MlEvaluationCreator.create - creating MlEvaluation. 291,40001,3F,126,nopattern,nopattern
2025-12-16 23:34:57,405 [main] DEBUG c.p.b.e.r.s.MlEvaluationCreator.create - creating MlEvaluation. 291,40001,3F,134,nopattern,nopattern
2025-12-16 23:34:57,438 [main] DEBUG c.p.b.e.r.s.MlEvaluationCreator.create - creating MlEvaluation. 291,40001,3F,135,nopattern,nopattern
2025-12-16 23:34:57,469 [main] DEBUG c.p.b.e.r.s.MlEvaluationCreator.create - creating MlEvaluation. 291,40001,3F,136,nopattern,nopattern
2025-12-16 23:34:57,502 [main] DEBUG c.p.b.e.r.s.MlEvaluationCreator.create - creating MlEvaluation. 291,40001,3F,145,nopattern,nopattern
2025-12-16 23:34:57,533 [main] DEBUG c.p.b.e.r.s.MlEvaluationCreator.create - creating MlEvaluation. 291,40001,3F,146,nopattern,nopattern
2025-12-16 23:34:57,549 [main] DEBUG c.p.b.e.r.s.MlEvaluationCreator.create - creating MlEvaluation. 291,40001,3F,156,nopattern,nopattern
2025-12-16 23:34:57,558 [main] DEBUG c.p.b.e.r.s.MlEvaluationCreator.create - creating MlEvaluation. 291,40001,3F,234,nopattern,nopattern
2025-12-16 23:34:57,565 [main] DEBUG c.p.b.e.r.s.MlEvaluationCreator.create - creating MlEvaluation. 291,40001,3F,235,nopattern,nopattern
2025-12-16 23:34:57,571 [main] DEBUG c.p.b.e.r.s.MlEvaluationCreator.create - creating MlEvaluation. 291,40001,3F,236,nopattern,nopattern
2025-12-16 23:34:57,576 [main] DEBUG c.p.b.e.r.s.MlEvaluationCreator.create - creating MlEvaluation. 291,40001,3F,245,nopattern,nopattern
2025-12-16 23:34:57,581 [main] DEBUG c.p.b.e.r.s.MlEvaluationCreator.create - creating MlEvaluation. 291,40001,3F,246,nopattern,nopattern
2025-12-16 23:34:57,585 [main] DEBUG c.p.b.e.r.s.MlEvaluationCreator.create - creating MlEvaluation. 291,40001,3F,256,nopattern,nopattern
2025-12-16 23:34:57,589 [main] DEBUG c.p.b.e.r.s.MlEvaluationCreator.create - creating MlEvaluation. 291,40001,3F,345,nopattern,nopattern
2025-12-16 23:34:57,594 [main] DEBUG c.p.b.e.r.s.MlEvaluationCreator.create - creating MlEvaluation. 291,40001,3F,346,nopattern,nopattern
2025-12-16 23:34:57,598 [main] DEBUG c.p.b.e.r.s.MlEvaluationCreator.create - creating MlEvaluation. 291,40001,3F,356,nopattern,nopattern
2025-12-16 23:34:57,601 [main] DEBUG c.p.b.e.r.s.MlEvaluationCreator.create - creating MlEvaluation. 291,40001,3F,456,nopattern,nopattern
2025-12-16 23:34:57,613 [main] DEBUG c.p.b.e.r.s.MlEvaluationCreator.create - creating MlEvaluation. 291,40001,3T,123,nopattern,nopattern
2025-12-16 23:34:57,628 [main] DEBUG c.p.b.e.r.s.MlEvaluationCreator.create - creating MlEvaluation. 291,40001,3T,124,nopattern,nopattern
2025-12-16 23:34:57,639 [main] DEBUG c.p.b.e.r.s.MlEvaluationCreator.create - creating MlEvaluation. 291,40001,3T,125,nopattern,nopattern
2025-12-16 23:34:57,650 [main] DEBUG c.p.b.e.r.s.MlEvaluationCreator.create - creating MlEvaluation. 291,40001,3T,126,nopattern,nopattern
2025-12-16 23:34:57,678 [main] DEBUG c.p.b.e.r.s.MlEvaluationCreator.create - creating MlEvaluation. 291,40001,3T,132,nopattern,nopattern
2025-12-16 23:34:57,705 [main] DEBUG c.p.b.e.r.s.MlEvaluationCreator.create - creating MlEvaluation. 291,40001,3T,134,nopattern,nopattern
2025-12-16 23:34:57,715 [main] DEBUG c.p.b.e.r.s.MlEvaluationCreator.create - creating MlEvaluation. 291,40001,3T,135,nopattern,nopattern
2025-12-16 23:34:57,722 [main] DEBUG c.p.b.e.r.s.MlEvaluationCreator.create - creating MlEvaluation. 291,40001,3T,136,nopattern,nopattern
2025-12-16 23:34:57,758 [main] DEBUG c.p.b.e.r.s.MlEvaluationCreator.create - creating MlEvaluation. 291,40001,3T,142,nopattern,nopattern
2025-12-16 23:34:57,795 [main] DEBUG c.p.b.e.r.s.MlEvaluationCreator.create - creating MlEvaluation. 291,40001,3T,143,nopattern,nopattern
2025-12-16 23:34:57,814 [main] DEBUG c.p.b.e.r.s.MlEvaluationCreator.create - creating MlEvaluation. 291,40001,3T,145,nopattern,nopattern
2025-12-16 23:34:57,821 [main] DEBUG c.p.b.e.r.s.MlEvaluationCreator.create - creating MlEvaluation. 291,40001,3T,146,nopattern,nopattern
2025-12-16 23:34:57,839 [main] DEBUG c.p.b.e.r.s.MlEvaluationCreator.create - creating MlEvaluation. 291,40001,3T,152,nopattern,nopattern
2025-12-16 23:34:57,854 [main] DEBUG c.p.b.e.r.s.MlEvaluationCreator.create - creating MlEvaluation. 291,40001,3T,153,nopattern,nopattern
2025-12-16 23:34:57,870 [main] DEBUG c.p.b.e.r.s.MlEvaluationCreator.create - creating MlEvaluation. 291,40001,3T,154,nopattern,nopattern
2025-12-16 23:34:57,877 [main] DEBUG c.p.b.e.r.s.MlEvaluationCreator.create - creating MlEvaluation. 291,40001,3T,156,nopattern,nopattern
2025-12-16 23:34:57,891 [main] DEBUG c.p.b.e.r.s.MlEvaluationCreator.create - creating MlEvaluation. 291,40001,3T,162,nopattern,nopattern
2025-12-16 23:34:57,904 [main] DEBUG c.p.b.e.r.s.MlEvaluationCreator.create - creating MlEvaluation. 291,40001,3T,163,nopattern,nopattern
2025-12-16 23:34:57,912 [main] DEBUG c.p.b.e.r.s.MlEvaluationCreator.create - creating MlEvaluation. 291,40001,3T,164,nopattern,nopattern
2025-12-16 23:34:57,918 [main] DEBUG c.p.b.e.r.s.MlEvaluationCreator.create - creating MlEvaluation. 291,40001,3T,165,nopattern,nopattern
2025-12-16 23:34:57,942 [main] DEBUG c.p.b.e.r.s.MlEvaluationCreator.create - creating MlEvaluation. 291,40001,3T,213,nopattern,nopattern
2025-12-16 23:34:57,966 [main] DEBUG c.p.b.e.r.s.MlEvaluationCreator.create - creating MlEvaluation. 291,40001,3T,214,nopattern,nopattern
2025-12-16 23:34:57,977 [main] DEBUG c.p.b.e.r.s.MlEvaluationCreator.create - creating MlEvaluation. 291,40001,3T,215,nopattern,nopattern
2025-12-16 23:34:57,985 [main] DEBUG c.p.b.e.r.s.MlEvaluationCreator.create - creating MlEvaluation. 291,40001,3T,216,nopattern,nopattern
2025-12-16 23:34:57,994 [main] DEBUG c.p.b.e.r.s.MlEvaluationCreator.create - creating MlEvaluation. 291,40001,3T,231,nopattern,nopattern
2025-12-16 23:34:58,001 [main] DEBUG c.p.b.e.r.s.MlEvaluationCreator.create - creating MlEvaluation. 291,40001,3T,234,nopattern,nopattern
2025-12-16 23:34:58,004 [main] DEBUG c.p.b.e.r.s.MlEvaluationCreator.create - creating MlEvaluation. 291,40001,3T,235,nopattern,nopattern
2025-12-16 23:34:58,007 [main] DEBUG c.p.b.e.r.s.MlEvaluationCreator.create - creating MlEvaluation. 291,40001,3T,236,nopattern,nopattern
2025-12-16 23:34:58,017 [main] DEBUG c.p.b.e.r.s.MlEvaluationCreator.create - creating MlEvaluation. 291,40001,3T,241,nopattern,nopattern
2025-12-16 23:34:58,021 [main] DEBUG c.p.b.e.r.s.MlEvaluationCreator.create - creating MlEvaluation. 291,40001,3T,243,nopattern,nopattern
2025-12-16 23:34:58,024 [main] DEBUG c.p.b.e.r.s.MlEvaluationCreator.create - creating MlEvaluation. 291,40001,3T,245,nopattern,nopattern
2025-12-16 23:34:58,026 [main] DEBUG c.p.b.e.r.s.MlEvaluationCreator.create - creating MlEvaluation. 291,40001,3T,246,nopattern,nopattern
2025-12-16 23:34:58,031 [main] DEBUG c.p.b.e.r.s.MlEvaluationCreator.create - creating MlEvaluation. 291,40001,3T,251,nopattern,nopattern
2025-12-16 23:34:58,035 [main] DEBUG c.p.b.e.r.s.MlEvaluationCreator.create - creating MlEvaluation. 291,40001,3T,253,nopattern,nopattern
2025-12-16 23:34:58,037 [main] DEBUG c.p.b.e.r.s.MlEvaluationCreator.create - creating MlEvaluation. 291,40001,3T,254,nopattern,nopattern
2025-12-16 23:34:58,041 [main] DEBUG c.p.b.e.r.s.MlEvaluationCreator.create - creating MlEvaluation. 291,40001,3T,261,nopattern,nopattern
2025-12-16 23:34:58,045 [main] DEBUG c.p.b.e.r.s.MlEvaluationCreator.create - creating MlEvaluation. 291,40001,3T,263,nopattern,nopattern
2025-12-16 23:34:58,048 [main] DEBUG c.p.b.e.r.s.MlEvaluationCreator.create - creating MlEvaluation. 291,40001,3T,264,nopattern,nopattern
2025-12-16 23:34:58,051 [main] DEBUG c.p.b.e.r.s.MlEvaluationCreator.create - creating MlEvaluation. 291,40001,3T,265,nopattern,nopattern
2025-12-16 23:34:58,072 [main] DEBUG c.p.b.e.r.s.MlEvaluationCreator.create - creating MlEvaluation. 291,40001,3T,312,nopattern,nopattern
2025-12-16 23:34:58,087 [main] DEBUG c.p.b.e.r.s.MlEvaluationCreator.create - creating MlEvaluation. 291,40001,3T,314,nopattern,nopattern
2025-12-16 23:34:58,094 [main] DEBUG c.p.b.e.r.s.MlEvaluationCreator.create - creating MlEvaluation. 291,40001,3T,315,nopattern,nopattern
2025-12-16 23:34:58,099 [main] DEBUG c.p.b.e.r.s.MlEvaluationCreator.create - creating MlEvaluation. 291,40001,3T,316,nopattern,nopattern
2025-12-16 23:34:58,107 [main] DEBUG c.p.b.e.r.s.MlEvaluationCreator.create - creating MlEvaluation. 291,40001,3T,321,nopattern,nopattern
2025-12-16 23:34:58,114 [main] DEBUG c.p.b.e.r.s.MlEvaluationCreator.create - creating MlEvaluation. 291,40001,3T,324,nopattern,nopattern
2025-12-16 23:34:58,117 [main] DEBUG c.p.b.e.r.s.MlEvaluationCreator.create - creating MlEvaluation. 291,40001,3T,325,nopattern,nopattern
2025-12-16 23:34:58,121 [main] DEBUG c.p.b.e.r.s.MlEvaluationCreator.create - creating MlEvaluation. 291,40001,3T,326,nopattern,nopattern
2025-12-16 23:34:58,124 [main] DEBUG c.p.b.e.r.s.MlEvaluationCreator.create - creating MlEvaluation. 291,40001,3T,341,nopattern,nopattern
2025-12-16 23:34:58,128 [main] DEBUG c.p.b.e.r.s.MlEvaluationCreator.create - creating MlEvaluation. 291,40001,3T,342,nopattern,nopattern
2025-12-16 23:34:58,132 [main] DEBUG c.p.b.e.r.s.MlEvaluationCreator.create - creating MlEvaluation. 291,40001,3T,351,nopattern,nopattern
2025-12-16 23:34:58,136 [main] DEBUG c.p.b.e.r.s.MlEvaluationCreator.create - creating MlEvaluation. 291,40001,3T,352,nopattern,nopattern
2025-12-16 23:34:58,139 [main] DEBUG c.p.b.e.r.s.MlEvaluationCreator.create - creating MlEvaluation. 291,40001,3T,354,nopattern,nopattern
2025-12-16 23:34:58,143 [main] DEBUG c.p.b.e.r.s.MlEvaluationCreator.create - creating MlEvaluation. 291,40001,3T,356,nopattern,nopattern
2025-12-16 23:34:58,144 [main] DEBUG c.p.b.e.r.s.MlEvaluationCreator.create - creating MlEvaluation. 291,40001,3T,361,nopattern,nopattern
2025-12-16 23:34:58,148 [main] DEBUG c.p.b.e.r.s.MlEvaluationCreator.create - creating MlEvaluation. 291,40001,3T,362,nopattern,nopattern
2025-12-16 23:34:58,151 [main] DEBUG c.p.b.e.r.s.MlEvaluationCreator.create - creating MlEvaluation. 291,40001,3T,364,nopattern,nopattern
2025-12-16 23:34:58,152 [main] DEBUG c.p.b.e.r.s.MlEvaluationCreator.create - creating MlEvaluation. 291,40001,3T,365,nopattern,nopattern
2025-12-16 23:34:58,167 [main] DEBUG c.p.b.e.r.s.MlEvaluationCreator.create - creating MlEvaluation. 291,40001,3T,412,nopattern,nopattern
2025-12-16 23:34:58,183 [main] DEBUG c.p.b.e.r.s.MlEvaluationCreator.create - creating MlEvaluation. 291,40001,3T,413,nopattern,nopattern
2025-12-16 23:34:58,190 [main] DEBUG c.p.b.e.r.s.MlEvaluationCreator.create - creating MlEvaluation. 291,40001,3T,415,nopattern,nopattern
2025-12-16 23:34:58,194 [main] DEBUG c.p.b.e.r.s.MlEvaluationCreator.create - creating MlEvaluation. 291,40001,3T,416,nopattern,nopattern
2025-12-16 23:34:58,207 [main] DEBUG c.p.b.e.r.s.MlEvaluationCreator.create - creating MlEvaluation. 291,40001,3T,421,nopattern,nopattern
2025-12-16 23:34:58,214 [main] DEBUG c.p.b.e.r.s.MlEvaluationCreator.create - creating MlEvaluation. 291,40001,3T,423,nopattern,nopattern
2025-12-16 23:34:58,219 [main] DEBUG c.p.b.e.r.s.MlEvaluationCreator.create - creating MlEvaluation. 291,40001,3T,425,nopattern,nopattern
2025-12-16 23:34:58,222 [main] DEBUG c.p.b.e.r.s.MlEvaluationCreator.create - creating MlEvaluation. 291,40001,3T,426,nopattern,nopattern
2025-12-16 23:34:58,227 [main] DEBUG c.p.b.e.r.s.MlEvaluationCreator.create - creating MlEvaluation. 291,40001,3T,431,nopattern,nopattern
2025-12-16 23:34:58,235 [main] DEBUG c.p.b.e.r.s.MlEvaluationCreator.create - creating MlEvaluation. 291,40001,3T,432,nopattern,nopattern
2025-12-16 23:34:58,238 [main] DEBUG c.p.b.e.r.s.MlEvaluationCreator.create - creating MlEvaluation. 291,40001,3T,435,nopattern,nopattern
2025-12-16 23:34:58,241 [main] DEBUG c.p.b.e.r.s.MlEvaluationCreator.create - creating MlEvaluation. 291,40001,3T,436,nopattern,nopattern
2025-12-16 23:34:58,242 [main] DEBUG c.p.b.e.r.s.MlEvaluationCreator.create - creating MlEvaluation. 291,40001,3T,451,nopattern,nopattern
2025-12-16 23:34:58,248 [main] DEBUG c.p.b.e.r.s.MlEvaluationCreator.create - creating MlEvaluation. 291,40001,3T,452,nopattern,nopattern
2025-12-16 23:34:58,252 [main] DEBUG c.p.b.e.r.s.MlEvaluationCreator.create - creating MlEvaluation. 291,40001,3T,453,nopattern,nopattern
2025-12-16 23:34:58,255 [main] DEBUG c.p.b.e.r.s.MlEvaluationCreator.create - creating MlEvaluation. 291,40001,3T,461,nopattern,nopattern
2025-12-16 23:34:58,258 [main] DEBUG c.p.b.e.r.s.MlEvaluationCreator.create - creating MlEvaluation. 291,40001,3T,462,nopattern,nopattern
2025-12-16 23:34:58,261 [main] DEBUG c.p.b.e.r.s.MlEvaluationCreator.create - creating MlEvaluation. 291,40001,3T,463,nopattern,nopattern
2025-12-16 23:34:58,266 [main] DEBUG c.p.b.e.r.s.MlEvaluationCreator.create - creating MlEvaluation. 291,40001,3T,512,nopattern,nopattern
2025-12-16 23:34:58,272 [main] DEBUG c.p.b.e.r.s.MlEvaluationCreator.create - creating MlEvaluation. 291,40001,3T,513,nopattern,nopattern
2025-12-16 23:34:58,278 [main] DEBUG c.p.b.e.r.s.MlEvaluationCreator.create - creating MlEvaluation. 291,40001,3T,514,nopattern,nopattern
2025-12-16 23:34:58,283 [main] DEBUG c.p.b.e.r.s.MlEvaluationCreator.create - creating MlEvaluation. 291,40001,3T,516,nopattern,nopattern
2025-12-16 23:34:58,288 [main] DEBUG c.p.b.e.r.s.MlEvaluationCreator.create - creating MlEvaluation. 291,40001,3T,521,nopattern,nopattern
2025-12-16 23:34:58,292 [main] DEBUG c.p.b.e.r.s.MlEvaluationCreator.create - creating MlEvaluation. 291,40001,3T,523,nopattern,nopattern
2025-12-16 23:34:58,295 [main] DEBUG c.p.b.e.r.s.MlEvaluationCreator.create - creating MlEvaluation. 291,40001,3T,524,nopattern,nopattern
2025-12-16 23:34:58,300 [main] DEBUG c.p.b.e.r.s.MlEvaluationCreator.create - creating MlEvaluation. 291,40001,3T,531,nopattern,nopattern
2025-12-16 23:34:58,306 [main] DEBUG c.p.b.e.r.s.MlEvaluationCreator.create - creating MlEvaluation. 291,40001,3T,532,nopattern,nopattern
2025-12-16 23:34:58,339 [main] DEBUG c.p.b.e.r.s.MlEvaluationCreator.create - creating MlEvaluation. 291,40001,3T,534,nopattern,nopattern
2025-12-16 23:34:58,369 [main] DEBUG c.p.b.e.r.s.MlEvaluationCreator.create - creating MlEvaluation. 291,40001,3T,541,nopattern,nopattern
2025-12-16 23:34:58,391 [main] DEBUG c.p.b.e.r.s.MlEvaluationCreator.create - creating MlEvaluation. 291,40001,3T,542,nopattern,nopattern
2025-12-16 23:34:58,407 [main] DEBUG c.p.b.e.r.s.MlEvaluationCreator.create - creating MlEvaluation. 291,40001,3T,543,nopattern,nopattern
2025-12-16 23:34:58,410 [main] DEBUG c.p.b.e.r.s.MlEvaluationCreator.create - creating MlEvaluation. 291,40001,3T,561,nopattern,nopattern
2025-12-16 23:34:58,411 [main] DEBUG c.p.b.e.r.s.MlEvaluationCreator.create - creating MlEvaluation. 291,40001,3T,563,nopattern,nopattern
2025-12-16 23:34:58,414 [main] DEBUG c.p.b.e.r.s.MlEvaluationCreator.create - creating MlEvaluation. 291,40001,3T,612,nopattern,nopattern
2025-12-16 23:34:58,420 [main] DEBUG c.p.b.e.r.s.MlEvaluationCreator.create - creating MlEvaluation. 291,40001,3T,613,nopattern,nopattern
2025-12-16 23:34:58,424 [main] DEBUG c.p.b.e.r.s.MlEvaluationCreator.create - creating MlEvaluation. 291,40001,3T,614,nopattern,nopattern
2025-12-16 23:34:58,428 [main] DEBUG c.p.b.e.r.s.MlEvaluationCreator.create - creating MlEvaluation. 291,40001,3T,615,nopattern,nopattern
2025-12-16 23:34:58,433 [main] DEBUG c.p.b.e.r.s.MlEvaluationCreator.create - creating MlEvaluation. 291,40001,3T,621,nopattern,nopattern
2025-12-16 23:34:58,437 [main] DEBUG c.p.b.e.r.s.MlEvaluationCreator.create - creating MlEvaluation. 291,40001,3T,623,nopattern,nopattern
2025-12-16 23:34:58,440 [main] DEBUG c.p.b.e.r.s.MlEvaluationCreator.create - creating MlEvaluation. 291,40001,3T,624,nopattern,nopattern
2025-12-16 23:34:58,443 [main] DEBUG c.p.b.e.r.s.MlEvaluationCreator.create - creating MlEvaluation. 291,40001,3T,625,nopattern,nopattern
2025-12-16 23:34:58,444 [main] DEBUG c.p.b.e.r.s.MlEvaluationCreator.create - creating MlEvaluation. 291,40001,3T,631,nopattern,nopattern
2025-12-16 23:34:58,448 [main] DEBUG c.p.b.e.r.s.MlEvaluationCreator.create - creating MlEvaluation. 291,40001,3T,632,nopattern,nopattern
2025-12-16 23:34:58,451 [main] DEBUG c.p.b.e.r.s.MlEvaluationCreator.create - creating MlEvaluation. 291,40001,3T,634,nopattern,nopattern
2025-12-16 23:34:58,454 [main] DEBUG c.p.b.e.r.s.MlEvaluationCreator.create - creating MlEvaluation. 291,40001,3T,635,nopattern,nopattern
2025-12-16 23:34:58,457 [main] DEBUG c.p.b.e.r.s.MlEvaluationCreator.create - creating MlEvaluation. 291,40001,3T,641,nopattern,nopattern
2025-12-16 23:34:58,461 [main] DEBUG c.p.b.e.r.s.MlEvaluationCreator.create - creating MlEvaluation. 291,40001,3T,642,nopattern,nopattern
2025-12-16 23:34:58,465 [main] DEBUG c.p.b.e.r.s.MlEvaluationCreator.create - creating MlEvaluation. 291,40001,3T,643,nopattern,nopattern
2025-12-16 23:34:58,467 [main] DEBUG c.p.b.e.r.s.MlEvaluationCreator.create - creating MlEvaluation. 291,40001,3T,645,nopattern,nopattern
2025-12-16 23:34:58,468 [main] DEBUG c.p.b.e.r.s.MlEvaluationCreator.create - creating MlEvaluation. 291,40001,3T,651,nopattern,nopattern
2025-12-16 23:34:58,471 [main] DEBUG c.p.b.e.r.s.MlEvaluationCreator.create - creating MlEvaluation. 291,40001,3T,652,nopattern,nopattern
2025-12-16 23:34:58,472 [main] DEBUG c.p.b.e.r.s.MlEvaluationCreator.create - creating MlEvaluation. 291,40001,3T,653,nopattern,nopattern
2025-12-16 23:34:59,356 [main] INFO  c.p.b.e.r.g.ResultGraphBuilder.save - graph saved. C:/Dev/experiment/expr10/result//23-1-rnk-no-ipsg/1T/1_1T_1_nopattern_nopattern_40001_23-1-rnk-no-ipsg_-303_6.96_19.3.png
2025-12-16 23:34:59,851 [main] INFO  c.p.b.e.r.g.ResultGraphBuilder.save - graph saved. C:/Dev/experiment/expr10/result//23-1-rnk-no-ipsg/1T/1_1T_2_nopattern_nopattern_40001_23-1-rnk-no-ipsg_-586_4.84_32.9.png
2025-12-16 23:35:00,238 [main] INFO  c.p.b.e.r.g.ResultGraphBuilder.save - graph saved. C:/Dev/experiment/expr10/result//23-1-rnk-no-ipsg/1T/1_1T_3_nopattern_nopattern_40001_23-1-rnk-no-ipsg_-261_3.85_25.6.png
2025-12-16 23:35:00,648 [main] INFO  c.p.b.e.r.g.ResultGraphBuilder.save - graph saved. C:/Dev/experiment/expr10/result//23-1-rnk-no-ipsg/1T/1_1T_4_nopattern_nopattern_40001_23-1-rnk-no-ipsg_-340_2.59_18.6.png
2025-12-16 23:35:00,969 [main] INFO  c.p.b.e.r.g.ResultGraphBuilder.save - graph saved. C:/Dev/experiment/expr10/result//23-1-rnk-no-ipsg/1T/1_1T_5_nopattern_nopattern_40001_23-1-rnk-no-ipsg_-156_1.18_9.9.png
2025-12-16 23:35:01,292 [main] INFO  c.p.b.e.r.g.ResultGraphBuilder.save - graph saved. C:/Dev/experiment/expr10/result//23-1-rnk-no-ipsg/1T/1_1T_6_nopattern_nopattern_40001_23-1-rnk-no-ipsg_-253_0.62_6.7.png
2025-12-16 23:35:01,667 [main] INFO  c.p.b.e.r.g.ResultGraphBuilder.save - graph saved. C:/Dev/experiment/expr10/result//23-1-rnk-no-ipsg/2F/1_2F_12_nopattern_nopattern_40001_23-1-rnk-no-ipsg_-361_6.64_36.5.png
2025-12-16 23:35:02,214 [main] INFO  c.p.b.e.r.g.ResultGraphBuilder.save - graph saved. C:/Dev/experiment/expr10/result//23-1-rnk-no-ipsg/2F/1_2F_13_nopattern_nopattern_40001_23-1-rnk-no-ipsg_-499_6.54_42.6.png
2025-12-16 23:35:02,629 [main] INFO  c.p.b.e.r.g.ResultGraphBuilder.save - graph saved. C:/Dev/experiment/expr10/result//23-1-rnk-no-ipsg/2F/1_2F_14_nopattern_nopattern_40001_23-1-rnk-no-ipsg_-1092_6.62_54.6.png
2025-12-16 23:35:02,944 [main] INFO  c.p.b.e.r.g.ResultGraphBuilder.save - graph saved. C:/Dev/experiment/expr10/result//23-1-rnk-no-ipsg/2F/1_2F_15_nopattern_nopattern_40001_23-1-rnk-no-ipsg_-533_4.39_46.7.png
2025-12-16 23:35:03,249 [main] INFO  c.p.b.e.r.g.ResultGraphBuilder.save - graph saved. C:/Dev/experiment/expr10/result//23-1-rnk-no-ipsg/2F/1_2F_16_nopattern_nopattern_40001_23-1-rnk-no-ipsg_-544_2.37_31.3.png
2025-12-16 23:35:03,608 [main] INFO  c.p.b.e.r.g.ResultGraphBuilder.save - graph saved. C:/Dev/experiment/expr10/result//23-1-rnk-no-ipsg/2F/1_2F_23_nopattern_nopattern_40001_23-1-rnk-no-ipsg_-51_0.81_7.7.png
2025-12-16 23:35:03,913 [main] INFO  c.p.b.e.r.g.ResultGraphBuilder.save - graph saved. C:/Dev/experiment/expr10/result//23-1-rnk-no-ipsg/2F/1_2F_24_nopattern_nopattern_40001_23-1-rnk-no-ipsg_-70_0.5_5.5.png
2025-12-16 23:35:04,210 [main] INFO  c.p.b.e.r.g.ResultGraphBuilder.save - graph saved. C:/Dev/experiment/expr10/result//23-1-rnk-no-ipsg/2F/1_2F_25_nopattern_nopattern_40001_23-1-rnk-no-ipsg_-56_0.16_2.2.png
2025-12-16 23:35:04,509 [main] INFO  c.p.b.e.r.g.ResultGraphBuilder.save - graph saved. C:/Dev/experiment/expr10/result//23-1-rnk-no-ipsg/2F/1_2F_26_nopattern_nopattern_40001_23-1-rnk-no-ipsg_-15_0.15_1.9.png
2025-12-16 23:35:04,810 [main] INFO  c.p.b.e.r.g.ResultGraphBuilder.save - graph saved. C:/Dev/experiment/expr10/result//23-1-rnk-no-ipsg/2F/1_2F_34_nopattern_nopattern_40001_23-1-rnk-no-ipsg_-30_0.26_2.7.png
2025-12-16 23:35:05,119 [main] INFO  c.p.b.e.r.g.ResultGraphBuilder.save - graph saved. C:/Dev/experiment/expr10/result//23-1-rnk-no-ipsg/2F/1_2F_35_nopattern_nopattern_40001_23-1-rnk-no-ipsg_-23_0.09_1.0.png
2025-12-16 23:35:05,412 [main] INFO  c.p.b.e.r.g.ResultGraphBuilder.save - graph saved. C:/Dev/experiment/expr10/result//23-1-rnk-no-ipsg/2F/1_2F_36_nopattern_nopattern_40001_23-1-rnk-no-ipsg_14_0.08_0.8.png
2025-12-16 23:35:05,712 [main] INFO  c.p.b.e.r.g.ResultGraphBuilder.save - graph saved. C:/Dev/experiment/expr10/result//23-1-rnk-no-ipsg/2F/1_2F_45_nopattern_nopattern_40001_23-1-rnk-no-ipsg_-16_0.03_0.4.png
2025-12-16 23:35:06,001 [main] INFO  c.p.b.e.r.g.ResultGraphBuilder.save - graph saved. C:/Dev/experiment/expr10/result//23-1-rnk-no-ipsg/2F/1_2F_46_nopattern_nopattern_40001_23-1-rnk-no-ipsg_-15_0.01_0.3.png
2025-12-16 23:35:06,285 [main] INFO  c.p.b.e.r.g.ResultGraphBuilder.save - graph saved. C:/Dev/experiment/expr10/result//23-1-rnk-no-ipsg/2F/1_2F_56_nopattern_nopattern_40001_23-1-rnk-no-ipsg_10_0.01_0.1.png
2025-12-16 23:35:06,633 [main] INFO  c.p.b.e.r.g.ResultGraphBuilder.save - graph saved. C:/Dev/experiment/expr10/result//23-1-rnk-no-ipsg/2T/1_2T_12_nopattern_nopattern_40001_23-1-rnk-no-ipsg_-292_2.78_23.3.png
2025-12-16 23:35:06,938 [main] INFO  c.p.b.e.r.g.ResultGraphBuilder.save - graph saved. C:/Dev/experiment/expr10/result//23-1-rnk-no-ipsg/2T/1_2T_13_nopattern_nopattern_40001_23-1-rnk-no-ipsg_-273_2.89_26.5.png
2025-12-16 23:35:07,421 [main] INFO  c.p.b.e.r.g.ResultGraphBuilder.save - graph saved. C:/Dev/experiment/expr10/result//23-1-rnk-no-ipsg/2T/1_2T_14_nopattern_nopattern_40001_23-1-rnk-no-ipsg_-741_3.32_40.1.png
2025-12-16 23:35:07,769 [main] INFO  c.p.b.e.r.g.ResultGraphBuilder.save - graph saved. C:/Dev/experiment/expr10/result//23-1-rnk-no-ipsg/2T/1_2T_15_nopattern_nopattern_40001_23-1-rnk-no-ipsg_-551_2.64_41.1.png
2025-12-16 23:35:08,107 [main] INFO  c.p.b.e.r.g.ResultGraphBuilder.save - graph saved. C:/Dev/experiment/expr10/result//23-1-rnk-no-ipsg/2T/1_2T_16_nopattern_nopattern_40001_23-1-rnk-no-ipsg_-482_1.93_35.8.png
2025-12-16 23:35:08,448 [main] INFO  c.p.b.e.r.g.ResultGraphBuilder.save - graph saved. C:/Dev/experiment/expr10/result//23-1-rnk-no-ipsg/2T/1_2T_21_nopattern_nopattern_40001_23-1-rnk-no-ipsg_-1078_3.14_58.3.png
2025-12-16 23:35:08,832 [main] INFO  c.p.b.e.r.g.ResultGraphBuilder.save - graph saved. C:/Dev/experiment/expr10/result//23-1-rnk-no-ipsg/2T/1_2T_23_nopattern_nopattern_40001_23-1-rnk-no-ipsg_-34_0.24_4.3.png
2025-12-16 23:35:09,165 [main] INFO  c.p.b.e.r.g.ResultGraphBuilder.save - graph saved. C:/Dev/experiment/expr10/result//23-1-rnk-no-ipsg/2T/1_2T_24_nopattern_nopattern_40001_23-1-rnk-no-ipsg_-19_0.14_2.9.png
2025-12-16 23:35:09,483 [main] INFO  c.p.b.e.r.g.ResultGraphBuilder.save - graph saved. C:/Dev/experiment/expr10/result//23-1-rnk-no-ipsg/2T/1_2T_25_nopattern_nopattern_40001_23-1-rnk-no-ipsg_-14_0.04_1.0.png
2025-12-16 23:35:09,793 [main] INFO  c.p.b.e.r.g.ResultGraphBuilder.save - graph saved. C:/Dev/experiment/expr10/result//23-1-rnk-no-ipsg/2T/1_2T_26_nopattern_nopattern_40001_23-1-rnk-no-ipsg_-5_0.03_0.8.png
2025-12-16 23:35:10,111 [main] INFO  c.p.b.e.r.g.ResultGraphBuilder.save - graph saved. C:/Dev/experiment/expr10/result//23-1-rnk-no-ipsg/2T/1_2T_31_nopattern_nopattern_40001_23-1-rnk-no-ipsg_-1066_2.0_45.7.png
2025-12-16 23:35:10,466 [main] INFO  c.p.b.e.r.g.ResultGraphBuilder.save - graph saved. C:/Dev/experiment/expr10/result//23-1-rnk-no-ipsg/2T/1_2T_32_nopattern_nopattern_40001_23-1-rnk-no-ipsg_16_0.4_6.7.png
2025-12-16 23:35:10,800 [main] INFO  c.p.b.e.r.g.ResultGraphBuilder.save - graph saved. C:/Dev/experiment/expr10/result//23-1-rnk-no-ipsg/2T/1_2T_34_nopattern_nopattern_40001_23-1-rnk-no-ipsg_-19_0.05_1.1.png
2025-12-16 23:35:11,132 [main] INFO  c.p.b.e.r.g.ResultGraphBuilder.save - graph saved. C:/Dev/experiment/expr10/result//23-1-rnk-no-ipsg/2T/1_2T_35_nopattern_nopattern_40001_23-1-rnk-no-ipsg_17_0.02_0.3.png
2025-12-16 23:35:11,583 [main] INFO  c.p.b.e.r.g.ResultGraphBuilder.save - graph saved. C:/Dev/experiment/expr10/result//23-1-rnk-no-ipsg/2T/1_2T_36_nopattern_nopattern_40001_23-1-rnk-no-ipsg_13_0.02_0.2.png
2025-12-16 23:35:11,926 [main] INFO  c.p.b.e.r.g.ResultGraphBuilder.save - graph saved. C:/Dev/experiment/expr10/result//23-1-rnk-no-ipsg/2T/1_2T_41_nopattern_nopattern_40001_23-1-rnk-no-ipsg_-991_1.33_35.1.png
2025-12-16 23:35:12,258 [main] INFO  c.p.b.e.r.g.ResultGraphBuilder.save - graph saved. C:/Dev/experiment/expr10/result//23-1-rnk-no-ipsg/2T/1_2T_42_nopattern_nopattern_40001_23-1-rnk-no-ipsg_0_0.23_4.2.png
2025-12-16 23:35:12,602 [main] INFO  c.p.b.e.r.g.ResultGraphBuilder.save - graph saved. C:/Dev/experiment/expr10/result//23-1-rnk-no-ipsg/2T/1_2T_43_nopattern_nopattern_40001_23-1-rnk-no-ipsg_-1_0.12_2.5.png
2025-12-16 23:35:12,920 [main] INFO  c.p.b.e.r.g.ResultGraphBuilder.save - graph saved. C:/Dev/experiment/expr10/result//23-1-rnk-no-ipsg/2T/1_2T_45_nopattern_nopattern_40001_23-1-rnk-no-ipsg_8_0.01_0.1.png
2025-12-16 23:35:13,220 [main] INFO  c.p.b.e.r.g.ResultGraphBuilder.save - graph saved. C:/Dev/experiment/expr10/result//23-1-rnk-no-ipsg/2T/1_2T_46_nopattern_nopattern_40001_23-1-rnk-no-ipsg_-6_0.0_0.0.png
2025-12-16 23:35:13,551 [main] INFO  c.p.b.e.r.g.ResultGraphBuilder.save - graph saved. C:/Dev/experiment/expr10/result//23-1-rnk-no-ipsg/2T/1_2T_51_nopattern_nopattern_40001_23-1-rnk-no-ipsg_-80_0.54_12.2.png
2025-12-16 23:35:13,870 [main] INFO  c.p.b.e.r.g.ResultGraphBuilder.save - graph saved. C:/Dev/experiment/expr10/result//23-1-rnk-no-ipsg/2T/1_2T_52_nopattern_nopattern_40001_23-1-rnk-no-ipsg_-45_0.08_1.9.png
2025-12-16 23:35:14,193 [main] INFO  c.p.b.e.r.g.ResultGraphBuilder.save - graph saved. C:/Dev/experiment/expr10/result//23-1-rnk-no-ipsg/2T/1_2T_53_nopattern_nopattern_40001_23-1-rnk-no-ipsg_-44_0.02_0.9.png
2025-12-16 23:35:14,520 [main] INFO  c.p.b.e.r.g.ResultGraphBuilder.save - graph saved. C:/Dev/experiment/expr10/result//23-1-rnk-no-ipsg/2T/1_2T_54_nopattern_nopattern_40001_23-1-rnk-no-ipsg_-10_0.01_0.5.png
2025-12-16 23:35:14,802 [main] INFO  c.p.b.e.r.g.ResultGraphBuilder.save - graph saved. C:/Dev/experiment/expr10/result//23-1-rnk-no-ipsg/2T/1_2T_56_nopattern_nopattern_40001_23-1-rnk-no-ipsg_-4_0.0_0.0.png
2025-12-16 23:35:15,127 [main] INFO  c.p.b.e.r.g.ResultGraphBuilder.save - graph saved. C:/Dev/experiment/expr10/result//23-1-rnk-no-ipsg/2T/1_2T_61_nopattern_nopattern_40001_23-1-rnk-no-ipsg_-257_0.23_7.2.png
2025-12-16 23:35:15,457 [main] INFO  c.p.b.e.r.g.ResultGraphBuilder.save - graph saved. C:/Dev/experiment/expr10/result//23-1-rnk-no-ipsg/2T/1_2T_62_nopattern_nopattern_40001_23-1-rnk-no-ipsg_-22_0.05_1.2.png
2025-12-16 23:35:15,772 [main] INFO  c.p.b.e.r.g.ResultGraphBuilder.save - graph saved. C:/Dev/experiment/expr10/result//23-1-rnk-no-ipsg/2T/1_2T_63_nopattern_nopattern_40001_23-1-rnk-no-ipsg_-12_0.03_0.7.png
2025-12-16 23:35:16,094 [main] INFO  c.p.b.e.r.g.ResultGraphBuilder.save - graph saved. C:/Dev/experiment/expr10/result//23-1-rnk-no-ipsg/2T/1_2T_64_nopattern_nopattern_40001_23-1-rnk-no-ipsg_-4_0.01_0.3.png
2025-12-16 23:35:16,412 [main] INFO  c.p.b.e.r.g.ResultGraphBuilder.save - graph saved. C:/Dev/experiment/expr10/result//23-1-rnk-no-ipsg/2T/1_2T_65_nopattern_nopattern_40001_23-1-rnk-no-ipsg_-5_0.0_0.0.png
2025-12-16 23:35:16,791 [main] INFO  c.p.b.e.r.g.ResultGraphBuilder.save - graph saved. C:/Dev/experiment/expr10/result//23-1-rnk-no-ipsg/3F/1_3F_123_nopattern_nopattern_40001_23-1-rnk-no-ipsg_-770_6.66_51.1.png
2025-12-16 23:35:17,116 [main] INFO  c.p.b.e.r.g.ResultGraphBuilder.save - graph saved. C:/Dev/experiment/expr10/result//23-1-rnk-no-ipsg/3F/1_3F_124_nopattern_nopattern_40001_23-1-rnk-no-ipsg_-1179_5.96_62.2.png
2025-12-16 23:35:17,428 [main] INFO  c.p.b.e.r.g.ResultGraphBuilder.save - graph saved. C:/Dev/experiment/expr10/result//23-1-rnk-no-ipsg/3F/1_3F_125_nopattern_nopattern_40001_23-1-rnk-no-ipsg_-775_4.32_58.4.png
2025-12-16 23:35:17,788 [main] INFO  c.p.b.e.r.g.ResultGraphBuilder.save - graph saved. C:/Dev/experiment/expr10/result//23-1-rnk-no-ipsg/3F/1_3F_126_nopattern_nopattern_40001_23-1-rnk-no-ipsg_-805_3.17_56.4.png
2025-12-16 23:35:18,087 [main] INFO  c.p.b.e.r.g.ResultGraphBuilder.save - graph saved. C:/Dev/experiment/expr10/result//23-1-rnk-no-ipsg/3F/1_3F_134_nopattern_nopattern_40001_23-1-rnk-no-ipsg_-1011_4.66_54.6.png
2025-12-16 23:35:18,380 [main] INFO  c.p.b.e.r.g.ResultGraphBuilder.save - graph saved. C:/Dev/experiment/expr10/result//23-1-rnk-no-ipsg/3F/1_3F_135_nopattern_nopattern_40001_23-1-rnk-no-ipsg_-924_2.14_37.6.png
2025-12-16 23:35:18,672 [main] INFO  c.p.b.e.r.g.ResultGraphBuilder.save - graph saved. C:/Dev/experiment/expr10/result//23-1-rnk-no-ipsg/3F/1_3F_136_nopattern_nopattern_40001_23-1-rnk-no-ipsg_-557_1.9_38.8.png
2025-12-16 23:35:19,031 [main] INFO  c.p.b.e.r.g.ResultGraphBuilder.save - graph saved. C:/Dev/experiment/expr10/result//23-1-rnk-no-ipsg/3F/1_3F_145_nopattern_nopattern_40001_23-1-rnk-no-ipsg_-798_2.01_39.0.png
2025-12-16 23:35:19,329 [main] INFO  c.p.b.e.r.g.ResultGraphBuilder.save - graph saved. C:/Dev/experiment/expr10/result//23-1-rnk-no-ipsg/3F/1_3F_146_nopattern_nopattern_40001_23-1-rnk-no-ipsg_-456_1.25_27.2.png
2025-12-16 23:35:19,630 [main] INFO  c.p.b.e.r.g.ResultGraphBuilder.save - graph saved. C:/Dev/experiment/expr10/result//23-1-rnk-no-ipsg/3F/1_3F_156_nopattern_nopattern_40001_23-1-rnk-no-ipsg_-180_0.5_11.9.png
2025-12-16 23:35:19,926 [main] INFO  c.p.b.e.r.g.ResultGraphBuilder.save - graph saved. C:/Dev/experiment/expr10/result//23-1-rnk-no-ipsg/3F/1_3F_234_nopattern_nopattern_40001_23-1-rnk-no-ipsg_-153_0.43_7.8.png
2025-12-16 23:35:20,224 [main] INFO  c.p.b.e.r.g.ResultGraphBuilder.save - graph saved. C:/Dev/experiment/expr10/result//23-1-rnk-no-ipsg/3F/1_3F_235_nopattern_nopattern_40001_23-1-rnk-no-ipsg_69_0.21_3.6.png
2025-12-16 23:35:20,516 [main] INFO  c.p.b.e.r.g.ResultGraphBuilder.save - graph saved. C:/Dev/experiment/expr10/result//23-1-rnk-no-ipsg/3F/1_3F_236_nopattern_nopattern_40001_23-1-rnk-no-ipsg_-15_0.14_2.8.png
2025-12-16 23:35:20,809 [main] INFO  c.p.b.e.r.g.ResultGraphBuilder.save - graph saved. C:/Dev/experiment/expr10/result//23-1-rnk-no-ipsg/3F/1_3F_245_nopattern_nopattern_40001_23-1-rnk-no-ipsg_28_0.13_2.5.png
2025-12-16 23:35:21,103 [main] INFO  c.p.b.e.r.g.ResultGraphBuilder.save - graph saved. C:/Dev/experiment/expr10/result//23-1-rnk-no-ipsg/3F/1_3F_246_nopattern_nopattern_40001_23-1-rnk-no-ipsg_-19_0.06_1.3.png
2025-12-16 23:35:21,417 [main] INFO  c.p.b.e.r.g.ResultGraphBuilder.save - graph saved. C:/Dev/experiment/expr10/result//23-1-rnk-no-ipsg/3F/1_3F_256_nopattern_nopattern_40001_23-1-rnk-no-ipsg_21_0.03_0.5.png
2025-12-16 23:35:21,724 [main] INFO  c.p.b.e.r.g.ResultGraphBuilder.save - graph saved. C:/Dev/experiment/expr10/result//23-1-rnk-no-ipsg/3F/1_3F_345_nopattern_nopattern_40001_23-1-rnk-no-ipsg_-11_0.04_0.9.png
2025-12-16 23:35:22,016 [main] INFO  c.p.b.e.r.g.ResultGraphBuilder.save - graph saved. C:/Dev/experiment/expr10/result//23-1-rnk-no-ipsg/3F/1_3F_346_nopattern_nopattern_40001_23-1-rnk-no-ipsg_16_0.03_0.6.png
2025-12-16 23:35:22,302 [main] INFO  c.p.b.e.r.g.ResultGraphBuilder.save - graph saved. C:/Dev/experiment/expr10/result//23-1-rnk-no-ipsg/3F/1_3F_356_nopattern_nopattern_40001_23-1-rnk-no-ipsg_-7_0.0_0.2.png
2025-12-16 23:35:22,549 [main] INFO  c.p.b.e.r.g.ResultGraphBuilder.save - graph saved. C:/Dev/experiment/expr10/result//23-1-rnk-no-ipsg/3F/1_3F_456_nopattern_nopattern_40001_23-1-rnk-no-ipsg_-3_0.0_0.0.png
2025-12-16 23:35:22,872 [main] INFO  c.p.b.e.r.g.ResultGraphBuilder.save - graph saved. C:/Dev/experiment/expr10/result//23-1-rnk-no-ipsg/3T/1_3T_123_nopattern_nopattern_40001_23-1-rnk-no-ipsg_-127_0.91_16.4.png
2025-12-16 23:35:23,174 [main] INFO  c.p.b.e.r.g.ResultGraphBuilder.save - graph saved. C:/Dev/experiment/expr10/result//23-1-rnk-no-ipsg/3T/1_3T_124_nopattern_nopattern_40001_23-1-rnk-no-ipsg_-319_0.64_15.0.png
2025-12-16 23:35:23,482 [main] INFO  c.p.b.e.r.g.ResultGraphBuilder.save - graph saved. C:/Dev/experiment/expr10/result//23-1-rnk-no-ipsg/3T/1_3T_125_nopattern_nopattern_40001_23-1-rnk-no-ipsg_-127_0.33_8.5.png
2025-12-16 23:35:23,870 [main] INFO  c.p.b.e.r.g.ResultGraphBuilder.save - graph saved. C:/Dev/experiment/expr10/result//23-1-rnk-no-ipsg/3T/1_3T_126_nopattern_nopattern_40001_23-1-rnk-no-ipsg_-56_0.3_7.8.png
2025-12-16 23:35:24,164 [main] INFO  c.p.b.e.r.g.ResultGraphBuilder.save - graph saved. C:/Dev/experiment/expr10/result//23-1-rnk-no-ipsg/3T/1_3T_132_nopattern_nopattern_40001_23-1-rnk-no-ipsg_-506_1.51_31.6.png
2025-12-16 23:35:24,464 [main] INFO  c.p.b.e.r.g.ResultGraphBuilder.save - graph saved. C:/Dev/experiment/expr10/result//23-1-rnk-no-ipsg/3T/1_3T_134_nopattern_nopattern_40001_23-1-rnk-no-ipsg_-76_0.39_9.3.png
2025-12-16 23:35:24,761 [main] INFO  c.p.b.e.r.g.ResultGraphBuilder.save - graph saved. C:/Dev/experiment/expr10/result//23-1-rnk-no-ipsg/3T/1_3T_135_nopattern_nopattern_40001_23-1-rnk-no-ipsg_-83_0.08_2.6.png
2025-12-16 23:35:25,062 [main] INFO  c.p.b.e.r.g.ResultGraphBuilder.save - graph saved. C:/Dev/experiment/expr10/result//23-1-rnk-no-ipsg/3T/1_3T_136_nopattern_nopattern_40001_23-1-rnk-no-ipsg_13_0.12_3.0.png
2025-12-16 23:35:25,366 [main] INFO  c.p.b.e.r.g.ResultGraphBuilder.save - graph saved. C:/Dev/experiment/expr10/result//23-1-rnk-no-ipsg/3T/1_3T_142_nopattern_nopattern_40001_23-1-rnk-no-ipsg_-757_1.17_32.6.png
2025-12-16 23:35:25,663 [main] INFO  c.p.b.e.r.g.ResultGraphBuilder.save - graph saved. C:/Dev/experiment/expr10/result//23-1-rnk-no-ipsg/3T/1_3T_143_nopattern_nopattern_40001_23-1-rnk-no-ipsg_-736_0.87_26.3.png
2025-12-16 23:35:25,963 [main] INFO  c.p.b.e.r.g.ResultGraphBuilder.save - graph saved. C:/Dev/experiment/expr10/result//23-1-rnk-no-ipsg/3T/1_3T_145_nopattern_nopattern_40001_23-1-rnk-no-ipsg_-89_0.11_3.6.png
2025-12-16 23:35:26,258 [main] INFO  c.p.b.e.r.g.ResultGraphBuilder.save - graph saved. C:/Dev/experiment/expr10/result//23-1-rnk-no-ipsg/3T/1_3T_146_nopattern_nopattern_40001_23-1-rnk-no-ipsg_-17_0.07_1.9.png
2025-12-16 23:35:26,588 [main] INFO  c.p.b.e.r.g.ResultGraphBuilder.save - graph saved. C:/Dev/experiment/expr10/result//23-1-rnk-no-ipsg/3T/1_3T_152_nopattern_nopattern_40001_23-1-rnk-no-ipsg_-127_0.62_20.6.png
2025-12-16 23:35:26,894 [main] INFO  c.p.b.e.r.g.ResultGraphBuilder.save - graph saved. C:/Dev/experiment/expr10/result//23-1-rnk-no-ipsg/3T/1_3T_153_nopattern_nopattern_40001_23-1-rnk-no-ipsg_-177_0.35_12.8.png
2025-12-16 23:35:27,198 [main] INFO  c.p.b.e.r.g.ResultGraphBuilder.save - graph saved. C:/Dev/experiment/expr10/result//23-1-rnk-no-ipsg/3T/1_3T_154_nopattern_nopattern_40001_23-1-rnk-no-ipsg_-180_0.31_11.1.png
2025-12-16 23:35:27,484 [main] INFO  c.p.b.e.r.g.ResultGraphBuilder.save - graph saved. C:/Dev/experiment/expr10/result//23-1-rnk-no-ipsg/3T/1_3T_156_nopattern_nopattern_40001_23-1-rnk-no-ipsg_4_0.01_0.5.png
2025-12-16 23:35:27,797 [main] INFO  c.p.b.e.r.g.ResultGraphBuilder.save - graph saved. C:/Dev/experiment/expr10/result//23-1-rnk-no-ipsg/3T/1_3T_162_nopattern_nopattern_40001_23-1-rnk-no-ipsg_-240_0.3_12.2.png
2025-12-16 23:35:28,088 [main] INFO  c.p.b.e.r.g.ResultGraphBuilder.save - graph saved. C:/Dev/experiment/expr10/result//23-1-rnk-no-ipsg/3T/1_3T_163_nopattern_nopattern_40001_23-1-rnk-no-ipsg_-206_0.19_7.5.png
2025-12-16 23:35:28,390 [main] INFO  c.p.b.e.r.g.ResultGraphBuilder.save - graph saved. C:/Dev/experiment/expr10/result//23-1-rnk-no-ipsg/3T/1_3T_164_nopattern_nopattern_40001_23-1-rnk-no-ipsg_-118_0.13_5.2.png
2025-12-16 23:35:28,684 [main] INFO  c.p.b.e.r.g.ResultGraphBuilder.save - graph saved. C:/Dev/experiment/expr10/result//23-1-rnk-no-ipsg/3T/1_3T_165_nopattern_nopattern_40001_23-1-rnk-no-ipsg_-25_0.04_1.6.png
2025-12-16 23:35:29,064 [main] INFO  c.p.b.e.r.g.ResultGraphBuilder.save - graph saved. C:/Dev/experiment/expr10/result//23-1-rnk-no-ipsg/3T/1_3T_213_nopattern_nopattern_40001_23-1-rnk-no-ipsg_-582_0.8_29.1.png
2025-12-16 23:35:29,387 [main] INFO  c.p.b.e.r.g.ResultGraphBuilder.save - graph saved. C:/Dev/experiment/expr10/result//23-1-rnk-no-ipsg/3T/1_3T_214_nopattern_nopattern_40001_23-1-rnk-no-ipsg_-478_0.46_18.7.png
2025-12-16 23:35:29,687 [main] INFO  c.p.b.e.r.g.ResultGraphBuilder.save - graph saved. C:/Dev/experiment/expr10/result//23-1-rnk-no-ipsg/3T/1_3T_215_nopattern_nopattern_40001_23-1-rnk-no-ipsg_-165_0.14_5.8.png
2025-12-16 23:35:29,991 [main] INFO  c.p.b.e.r.g.ResultGraphBuilder.save - graph saved. C:/Dev/experiment/expr10/result//23-1-rnk-no-ipsg/3T/1_3T_216_nopattern_nopattern_40001_23-1-rnk-no-ipsg_11_0.1_3.1.png
2025-12-16 23:35:30,292 [main] INFO  c.p.b.e.r.g.ResultGraphBuilder.save - graph saved. C:/Dev/experiment/expr10/result//23-1-rnk-no-ipsg/3T/1_3T_231_nopattern_nopattern_40001_23-1-rnk-no-ipsg_-127_0.21_7.5.png
2025-12-16 23:35:30,576 [main] INFO  c.p.b.e.r.g.ResultGraphBuilder.save - graph saved. C:/Dev/experiment/expr10/result//23-1-rnk-no-ipsg/3T/1_3T_234_nopattern_nopattern_40001_23-1-rnk-no-ipsg_-6_0.0_0.1.png
2025-12-16 23:35:30,860 [main] INFO  c.p.b.e.r.g.ResultGraphBuilder.save - graph saved. C:/Dev/experiment/expr10/result//23-1-rnk-no-ipsg/3T/1_3T_235_nopattern_nopattern_40001_23-1-rnk-no-ipsg_-4_0.0_0.0.png
2025-12-16 23:35:31,102 [main] INFO  c.p.b.e.r.g.ResultGraphBuilder.save - graph saved. C:/Dev/experiment/expr10/result//23-1-rnk-no-ipsg/3T/1_3T_236_nopattern_nopattern_40001_23-1-rnk-no-ipsg_-1_0.0_0.0.png
2025-12-16 23:35:31,412 [main] INFO  c.p.b.e.r.g.ResultGraphBuilder.save - graph saved. C:/Dev/experiment/expr10/result//23-1-rnk-no-ipsg/3T/1_3T_241_nopattern_nopattern_40001_23-1-rnk-no-ipsg_-135_0.1_4.4.png
2025-12-16 23:35:31,714 [main] INFO  c.p.b.e.r.g.ResultGraphBuilder.save - graph saved. C:/Dev/experiment/expr10/result//23-1-rnk-no-ipsg/3T/1_3T_243_nopattern_nopattern_40001_23-1-rnk-no-ipsg_2_0.0_0.2.png
2025-12-16 23:35:31,967 [main] INFO  c.p.b.e.r.g.ResultGraphBuilder.save - graph saved. C:/Dev/experiment/expr10/result//23-1-rnk-no-ipsg/3T/1_3T_245_nopattern_nopattern_40001_23-1-rnk-no-ipsg_-3_0.0_0.0.png
2025-12-16 23:35:32,205 [main] INFO  c.p.b.e.r.g.ResultGraphBuilder.save - graph saved. C:/Dev/experiment/expr10/result//23-1-rnk-no-ipsg/3T/1_3T_246_nopattern_nopattern_40001_23-1-rnk-no-ipsg_9_0.0_0.0.png
2025-12-16 23:35:32,510 [main] INFO  c.p.b.e.r.g.ResultGraphBuilder.save - graph saved. C:/Dev/experiment/expr10/result//23-1-rnk-no-ipsg/3T/1_3T_251_nopattern_nopattern_40001_23-1-rnk-no-ipsg_7_0.05_1.6.png
2025-12-16 23:35:32,900 [main] INFO  c.p.b.e.r.g.ResultGraphBuilder.save - graph saved. C:/Dev/experiment/expr10/result//23-1-rnk-no-ipsg/3T/1_3T_253_nopattern_nopattern_40001_23-1-rnk-no-ipsg_0_0.0_0.0.png
2025-12-16 23:35:33,195 [main] INFO  c.p.b.e.r.g.ResultGraphBuilder.save - graph saved. C:/Dev/experiment/expr10/result//23-1-rnk-no-ipsg/3T/1_3T_254_nopattern_nopattern_40001_23-1-rnk-no-ipsg_-6_0.0_0.0.png
2025-12-16 23:35:33,508 [main] INFO  c.p.b.e.r.g.ResultGraphBuilder.save - graph saved. C:/Dev/experiment/expr10/result//23-1-rnk-no-ipsg/3T/1_3T_261_nopattern_nopattern_40001_23-1-rnk-no-ipsg_-62_0.01_1.0.png
2025-12-16 23:35:33,855 [main] INFO  c.p.b.e.r.g.ResultGraphBuilder.save - graph saved. C:/Dev/experiment/expr10/result//23-1-rnk-no-ipsg/3T/1_3T_263_nopattern_nopattern_40001_23-1-rnk-no-ipsg_-6_0.0_0.0.png
2025-12-16 23:35:34,099 [main] INFO  c.p.b.e.r.g.ResultGraphBuilder.save - graph saved. C:/Dev/experiment/expr10/result//23-1-rnk-no-ipsg/3T/1_3T_264_nopattern_nopattern_40001_23-1-rnk-no-ipsg_-2_0.0_0.0.png
2025-12-16 23:35:34,406 [main] INFO  c.p.b.e.r.g.ResultGraphBuilder.save - graph saved. C:/Dev/experiment/expr10/result//23-1-rnk-no-ipsg/3T/1_3T_312_nopattern_nopattern_40001_23-1-rnk-no-ipsg_-577_0.69_31.1.png
2025-12-16 23:35:34,704 [main] INFO  c.p.b.e.r.g.ResultGraphBuilder.save - graph saved. C:/Dev/experiment/expr10/result//23-1-rnk-no-ipsg/3T/1_3T_314_nopattern_nopattern_40001_23-1-rnk-no-ipsg_-189_0.2_8.8.png
2025-12-16 23:35:35,006 [main] INFO  c.p.b.e.r.g.ResultGraphBuilder.save - graph saved. C:/Dev/experiment/expr10/result//23-1-rnk-no-ipsg/3T/1_3T_315_nopattern_nopattern_40001_23-1-rnk-no-ipsg_-93_0.04_2.0.png
2025-12-16 23:35:35,301 [main] INFO  c.p.b.e.r.g.ResultGraphBuilder.save - graph saved. C:/Dev/experiment/expr10/result//23-1-rnk-no-ipsg/3T/1_3T_316_nopattern_nopattern_40001_23-1-rnk-no-ipsg_-41_0.03_1.2.png
2025-12-16 23:35:35,598 [main] INFO  c.p.b.e.r.g.ResultGraphBuilder.save - graph saved. C:/Dev/experiment/expr10/result//23-1-rnk-no-ipsg/3T/1_3T_321_nopattern_nopattern_40001_23-1-rnk-no-ipsg_-306_0.18_8.9.png
2025-12-16 23:35:35,888 [main] INFO  c.p.b.e.r.g.ResultGraphBuilder.save - graph saved. C:/Dev/experiment/expr10/result//23-1-rnk-no-ipsg/3T/1_3T_324_nopattern_nopattern_40001_23-1-rnk-no-ipsg_-16_0.0_0.3.png
2025-12-16 23:35:36,175 [main] INFO  c.p.b.e.r.g.ResultGraphBuilder.save - graph saved. C:/Dev/experiment/expr10/result//23-1-rnk-no-ipsg/3T/1_3T_325_nopattern_nopattern_40001_23-1-rnk-no-ipsg_4_0.0_0.1.png
2025-12-16 23:35:36,474 [main] INFO  c.p.b.e.r.g.ResultGraphBuilder.save - graph saved. C:/Dev/experiment/expr10/result//23-1-rnk-no-ipsg/3T/1_3T_326_nopattern_nopattern_40001_23-1-rnk-no-ipsg_0_0.0_0.0.png
2025-12-16 23:35:36,769 [main] INFO  c.p.b.e.r.g.ResultGraphBuilder.save - graph saved. C:/Dev/experiment/expr10/result//23-1-rnk-no-ipsg/3T/1_3T_341_nopattern_nopattern_40001_23-1-rnk-no-ipsg_-88_0.01_1.2.png
2025-12-16 23:35:37,108 [main] INFO  c.p.b.e.r.g.ResultGraphBuilder.save - graph saved. C:/Dev/experiment/expr10/result//23-1-rnk-no-ipsg/3T/1_3T_342_nopattern_nopattern_40001_23-1-rnk-no-ipsg_13_0.01_0.2.png
2025-12-16 23:35:37,394 [main] INFO  c.p.b.e.r.g.ResultGraphBuilder.save - graph saved. C:/Dev/experiment/expr10/result//23-1-rnk-no-ipsg/3T/1_3T_351_nopattern_nopattern_40001_23-1-rnk-no-ipsg_-9_0.0_0.4.png
2025-12-16 23:35:37,666 [main] INFO  c.p.b.e.r.g.ResultGraphBuilder.save - graph saved. C:/Dev/experiment/expr10/result//23-1-rnk-no-ipsg/3T/1_3T_352_nopattern_nopattern_40001_23-1-rnk-no-ipsg_-5_0.0_0.0.png
2025-12-16 23:35:37,889 [main] INFO  c.p.b.e.r.g.ResultGraphBuilder.save - graph saved. C:/Dev/experiment/expr10/result//23-1-rnk-no-ipsg/3T/1_3T_354_nopattern_nopattern_40001_23-1-rnk-no-ipsg_-1_0.0_0.0.png
2025-12-16 23:35:38,170 [main] INFO  c.p.b.e.r.g.ResultGraphBuilder.save - graph saved. C:/Dev/experiment/expr10/result//23-1-rnk-no-ipsg/3T/1_3T_361_nopattern_nopattern_40001_23-1-rnk-no-ipsg_-30_0.0_0.3.png
2025-12-16 23:35:38,423 [main] INFO  c.p.b.e.r.g.ResultGraphBuilder.save - graph saved. C:/Dev/experiment/expr10/result//23-1-rnk-no-ipsg/3T/1_3T_362_nopattern_nopattern_40001_23-1-rnk-no-ipsg_-3_0.0_0.0.png
2025-12-16 23:35:38,727 [main] INFO  c.p.b.e.r.g.ResultGraphBuilder.save - graph saved. C:/Dev/experiment/expr10/result//23-1-rnk-no-ipsg/3T/1_3T_412_nopattern_nopattern_40001_23-1-rnk-no-ipsg_-566_0.37_18.0.png
2025-12-16 23:35:39,033 [main] INFO  c.p.b.e.r.g.ResultGraphBuilder.save - graph saved. C:/Dev/experiment/expr10/result//23-1-rnk-no-ipsg/3T/1_3T_413_nopattern_nopattern_40001_23-1-rnk-no-ipsg_-592_0.19_12.2.png
2025-12-16 23:35:39,331 [main] INFO  c.p.b.e.r.g.ResultGraphBuilder.save - graph saved. C:/Dev/experiment/expr10/result//23-1-rnk-no-ipsg/3T/1_3T_415_nopattern_nopattern_40001_23-1-rnk-no-ipsg_-16_0.02_0.9.png
2025-12-16 23:35:39,620 [main] INFO  c.p.b.e.r.g.ResultGraphBuilder.save - graph saved. C:/Dev/experiment/expr10/result//23-1-rnk-no-ipsg/3T/1_3T_416_nopattern_nopattern_40001_23-1-rnk-no-ipsg_-15_0.01_0.5.png
2025-12-16 23:35:39,918 [main] INFO  c.p.b.e.r.g.ResultGraphBuilder.save - graph saved. C:/Dev/experiment/expr10/result//23-1-rnk-no-ipsg/3T/1_3T_421_nopattern_nopattern_40001_23-1-rnk-no-ipsg_-25_0.13_4.8.png
2025-12-16 23:35:40,205 [main] INFO  c.p.b.e.r.g.ResultGraphBuilder.save - graph saved. C:/Dev/experiment/expr10/result//23-1-rnk-no-ipsg/3T/1_3T_423_nopattern_nopattern_40001_23-1-rnk-no-ipsg_-37_0.0_0.5.png
2025-12-16 23:35:40,479 [main] INFO  c.p.b.e.r.g.ResultGraphBuilder.save - graph saved. C:/Dev/experiment/expr10/result//23-1-rnk-no-ipsg/3T/1_3T_425_nopattern_nopattern_40001_23-1-rnk-no-ipsg_-6_0.0_0.0.png
2025-12-16 23:35:40,736 [main] INFO  c.p.b.e.r.g.ResultGraphBuilder.save - graph saved. C:/Dev/experiment/expr10/result//23-1-rnk-no-ipsg/3T/1_3T_426_nopattern_nopattern_40001_23-1-rnk-no-ipsg_-1_0.0_0.0.png
2025-12-16 23:35:41,038 [main] INFO  c.p.b.e.r.g.ResultGraphBuilder.save - graph saved. C:/Dev/experiment/expr10/result//23-1-rnk-no-ipsg/3T/1_3T_431_nopattern_nopattern_40001_23-1-rnk-no-ipsg_-80_0.05_2.5.png
2025-12-16 23:35:41,329 [main] INFO  c.p.b.e.r.g.ResultGraphBuilder.save - graph saved. C:/Dev/experiment/expr10/result//23-1-rnk-no-ipsg/3T/1_3T_432_nopattern_nopattern_40001_23-1-rnk-no-ipsg_-7_0.0_0.4.png
2025-12-16 23:35:41,582 [main] INFO  c.p.b.e.r.g.ResultGraphBuilder.save - graph saved. C:/Dev/experiment/expr10/result//23-1-rnk-no-ipsg/3T/1_3T_435_nopattern_nopattern_40001_23-1-rnk-no-ipsg_14_0.0_0.0.png
2025-12-16 23:35:41,867 [main] INFO  c.p.b.e.r.g.ResultGraphBuilder.save - graph saved. C:/Dev/experiment/expr10/result//23-1-rnk-no-ipsg/3T/1_3T_451_nopattern_nopattern_40001_23-1-rnk-no-ipsg_-9_0.0_0.0.png
2025-12-16 23:35:42,089 [main] INFO  c.p.b.e.r.g.ResultGraphBuilder.save - graph saved. C:/Dev/experiment/expr10/result//23-1-rnk-no-ipsg/3T/1_3T_452_nopattern_nopattern_40001_23-1-rnk-no-ipsg_-1_0.0_0.0.png
2025-12-16 23:35:42,320 [main] INFO  c.p.b.e.r.g.ResultGraphBuilder.save - graph saved. C:/Dev/experiment/expr10/result//23-1-rnk-no-ipsg/3T/1_3T_453_nopattern_nopattern_40001_23-1-rnk-no-ipsg_-1_0.0_0.0.png
2025-12-16 23:35:42,603 [main] INFO  c.p.b.e.r.g.ResultGraphBuilder.save - graph saved. C:/Dev/experiment/expr10/result//23-1-rnk-no-ipsg/3T/1_3T_461_nopattern_nopattern_40001_23-1-rnk-no-ipsg_-7_0.0_0.0.png
2025-12-16 23:35:42,825 [main] INFO  c.p.b.e.r.g.ResultGraphBuilder.save - graph saved. C:/Dev/experiment/expr10/result//23-1-rnk-no-ipsg/3T/1_3T_462_nopattern_nopattern_40001_23-1-rnk-no-ipsg_-1_0.0_0.0.png
2025-12-16 23:35:43,123 [main] INFO  c.p.b.e.r.g.ResultGraphBuilder.save - graph saved. C:/Dev/experiment/expr10/result//23-1-rnk-no-ipsg/3T/1_3T_512_nopattern_nopattern_40001_23-1-rnk-no-ipsg_-119_0.08_4.3.png
2025-12-16 23:35:43,417 [main] INFO  c.p.b.e.r.g.ResultGraphBuilder.save - graph saved. C:/Dev/experiment/expr10/result//23-1-rnk-no-ipsg/3T/1_3T_513_nopattern_nopattern_40001_23-1-rnk-no-ipsg_-45_0.05_2.8.png
2025-12-16 23:35:43,709 [main] INFO  c.p.b.e.r.g.ResultGraphBuilder.save - graph saved. C:/Dev/experiment/expr10/result//23-1-rnk-no-ipsg/3T/1_3T_514_nopattern_nopattern_40001_23-1-rnk-no-ipsg_21_0.04_1.6.png
2025-12-16 23:35:43,999 [main] INFO  c.p.b.e.r.g.ResultGraphBuilder.save - graph saved. C:/Dev/experiment/expr10/result//23-1-rnk-no-ipsg/3T/1_3T_516_nopattern_nopattern_40001_23-1-rnk-no-ipsg_-6_0.0_0.0.png
2025-12-16 23:35:44,291 [main] INFO  c.p.b.e.r.g.ResultGraphBuilder.save - graph saved. C:/Dev/experiment/expr10/result//23-1-rnk-no-ipsg/3T/1_3T_521_nopattern_nopattern_40001_23-1-rnk-no-ipsg_-30_0.03_1.7.png
2025-12-16 23:35:44,569 [main] INFO  c.p.b.e.r.g.ResultGraphBuilder.save - graph saved. C:/Dev/experiment/expr10/result//23-1-rnk-no-ipsg/3T/1_3T_523_nopattern_nopattern_40001_23-1-rnk-no-ipsg_-15_0.0_0.1.png
2025-12-16 23:35:44,851 [main] INFO  c.p.b.e.r.g.ResultGraphBuilder.save - graph saved. C:/Dev/experiment/expr10/result//23-1-rnk-no-ipsg/3T/1_3T_524_nopattern_nopattern_40001_23-1-rnk-no-ipsg_-10_0.0_0.1.png
2025-12-16 23:35:45,141 [main] INFO  c.p.b.e.r.g.ResultGraphBuilder.save - graph saved. C:/Dev/experiment/expr10/result//23-1-rnk-no-ipsg/3T/1_3T_531_nopattern_nopattern_40001_23-1-rnk-no-ipsg_-25_0.01_0.8.png
2025-12-16 23:35:45,421 [main] INFO  c.p.b.e.r.g.ResultGraphBuilder.save - graph saved. C:/Dev/experiment/expr10/result//23-1-rnk-no-ipsg/3T/1_3T_532_nopattern_nopattern_40001_23-1-rnk-no-ipsg_-5_0.0_0.0.png
2025-12-16 23:35:45,686 [main] INFO  c.p.b.e.r.g.ResultGraphBuilder.save - graph saved. C:/Dev/experiment/expr10/result//23-1-rnk-no-ipsg/3T/1_3T_534_nopattern_nopattern_40001_23-1-rnk-no-ipsg_-3_0.0_0.0.png
2025-12-16 23:35:45,965 [main] INFO  c.p.b.e.r.g.ResultGraphBuilder.save - graph saved. C:/Dev/experiment/expr10/result//23-1-rnk-no-ipsg/3T/1_3T_541_nopattern_nopattern_40001_23-1-rnk-no-ipsg_-13_0.0_0.2.png
2025-12-16 23:35:46,217 [main] INFO  c.p.b.e.r.g.ResultGraphBuilder.save - graph saved. C:/Dev/experiment/expr10/result//23-1-rnk-no-ipsg/3T/1_3T_542_nopattern_nopattern_40001_23-1-rnk-no-ipsg_11_0.0_0.0.png
2025-12-16 23:35:46,474 [main] INFO  c.p.b.e.r.g.ResultGraphBuilder.save - graph saved. C:/Dev/experiment/expr10/result//23-1-rnk-no-ipsg/3T/1_3T_543_nopattern_nopattern_40001_23-1-rnk-no-ipsg_-3_0.0_0.0.png
2025-12-16 23:35:46,769 [main] INFO  c.p.b.e.r.g.ResultGraphBuilder.save - graph saved. C:/Dev/experiment/expr10/result//23-1-rnk-no-ipsg/3T/1_3T_612_nopattern_nopattern_40001_23-1-rnk-no-ipsg_-2_0.04_2.0.png
2025-12-16 23:35:47,058 [main] INFO  c.p.b.e.r.g.ResultGraphBuilder.save - graph saved. C:/Dev/experiment/expr10/result//23-1-rnk-no-ipsg/3T/1_3T_613_nopattern_nopattern_40001_23-1-rnk-no-ipsg_-53_0.03_1.3.png
2025-12-16 23:35:47,353 [main] INFO  c.p.b.e.r.g.ResultGraphBuilder.save - graph saved. C:/Dev/experiment/expr10/result//23-1-rnk-no-ipsg/3T/1_3T_614_nopattern_nopattern_40001_23-1-rnk-no-ipsg_-30_0.01_0.7.png
2025-12-16 23:35:47,632 [main] INFO  c.p.b.e.r.g.ResultGraphBuilder.save - graph saved. C:/Dev/experiment/expr10/result//23-1-rnk-no-ipsg/3T/1_3T_615_nopattern_nopattern_40001_23-1-rnk-no-ipsg_-10_0.0_0.2.png
2025-12-16 23:35:47,918 [main] INFO  c.p.b.e.r.g.ResultGraphBuilder.save - graph saved. C:/Dev/experiment/expr10/result//23-1-rnk-no-ipsg/3T/1_3T_621_nopattern_nopattern_40001_23-1-rnk-no-ipsg_51_0.03_0.8.png
2025-12-16 23:35:48,192 [main] INFO  c.p.b.e.r.g.ResultGraphBuilder.save - graph saved. C:/Dev/experiment/expr10/result//23-1-rnk-no-ipsg/3T/1_3T_623_nopattern_nopattern_40001_23-1-rnk-no-ipsg_-6_0.0_0.0.png
2025-12-16 23:35:48,444 [main] INFO  c.p.b.e.r.g.ResultGraphBuilder.save - graph saved. C:/Dev/experiment/expr10/result//23-1-rnk-no-ipsg/3T/1_3T_624_nopattern_nopattern_40001_23-1-rnk-no-ipsg_-3_0.0_0.0.png
2025-12-16 23:35:48,734 [main] INFO  c.p.b.e.r.g.ResultGraphBuilder.save - graph saved. C:/Dev/experiment/expr10/result//23-1-rnk-no-ipsg/3T/1_3T_631_nopattern_nopattern_40001_23-1-rnk-no-ipsg_-19_0.0_0.4.png
2025-12-16 23:35:48,997 [main] INFO  c.p.b.e.r.g.ResultGraphBuilder.save - graph saved. C:/Dev/experiment/expr10/result//23-1-rnk-no-ipsg/3T/1_3T_632_nopattern_nopattern_40001_23-1-rnk-no-ipsg_6_0.0_0.0.png
2025-12-16 23:35:49,226 [main] INFO  c.p.b.e.r.g.ResultGraphBuilder.save - graph saved. C:/Dev/experiment/expr10/result//23-1-rnk-no-ipsg/3T/1_3T_634_nopattern_nopattern_40001_23-1-rnk-no-ipsg_-1_0.0_0.0.png
2025-12-16 23:35:49,474 [main] INFO  c.p.b.e.r.g.ResultGraphBuilder.save - graph saved. C:/Dev/experiment/expr10/result//23-1-rnk-no-ipsg/3T/1_3T_635_nopattern_nopattern_40001_23-1-rnk-no-ipsg_-1_0.0_0.0.png
2025-12-16 23:35:49,749 [main] INFO  c.p.b.e.r.g.ResultGraphBuilder.save - graph saved. C:/Dev/experiment/expr10/result//23-1-rnk-no-ipsg/3T/1_3T_641_nopattern_nopattern_40001_23-1-rnk-no-ipsg_-5_0.0_0.1.png
2025-12-16 23:35:49,986 [main] INFO  c.p.b.e.r.g.ResultGraphBuilder.save - graph saved. C:/Dev/experiment/expr10/result//23-1-rnk-no-ipsg/3T/1_3T_642_nopattern_nopattern_40001_23-1-rnk-no-ipsg_9_0.0_0.0.png
2025-12-16 23:35:50,233 [main] INFO  c.p.b.e.r.g.ResultGraphBuilder.save - graph saved. C:/Dev/experiment/expr10/result//23-1-rnk-no-ipsg/3T/1_3T_643_nopattern_nopattern_40001_23-1-rnk-no-ipsg_-1_0.0_0.0.png
2025-12-16 23:35:50,500 [main] INFO  c.p.b.e.r.g.ResultGraphBuilder.save - graph saved. C:/Dev/experiment/expr10/result//23-1-rnk-no-ipsg/3T/1_3T_651_nopattern_nopattern_40001_23-1-rnk-no-ipsg_-4_0.0_0.0.png
2025-12-16 23:35:50,731 [main] INFO  c.p.b.e.r.g.ResultGraphBuilder.save - graph saved. C:/Dev/experiment/expr10/result//23-1-rnk-no-ipsg/3T/1_3T_653_nopattern_nopattern_40001_23-1-rnk-no-ipsg_-1_0.0_0.0.png
2025-12-16 23:36:51,156 [main] INFO  c.p.b.u.DatabaseUtil.open - open targetDb: mybatis-config.0.xml
2025-12-16 23:36:54,951 [main] DEBUG c.p.b.e.MLResultGenerator.executeExperiment - db data retrieved. 20220604~20230603
2025-12-16 23:36:54,952 [main] INFO  c.p.b.u.DatabaseUtil.open - open targetDb: mybatis-config.0.xml
2025-12-16 23:36:56,583 [main] DEBUG c.p.b.e.MLResultGenerator.executeExperiment - 292 processed...13 20220604/20230603
2025-12-16 23:36:57,486 [main] DEBUG c.p.b.e.MLResultGenerator.executeExperiment - 292 processed...14 20220605/20230603
2025-12-16 23:36:58,422 [main] DEBUG c.p.b.e.MLResultGenerator.executeExperiment - 292 processed...10 20220606/20230603
2025-12-16 23:36:59,230 [main] DEBUG c.p.b.e.MLResultGenerator.executeExperiment - 292 processed...12 20220607/20230603
2025-12-16 23:37:00,089 [main] DEBUG c.p.b.e.MLResultGenerator.executeExperiment - 292 processed...17 20220608/20230603
2025-12-16 23:37:01,074 [main] DEBUG c.p.b.e.MLResultGenerator.executeExperiment - 292 processed...12 20220609/20230603
2025-12-16 23:37:02,264 [main] DEBUG c.p.b.e.MLResultGenerator.executeExperiment - 292 processed...13 20220610/20230603
2025-12-16 23:37:03,598 [main] DEBUG c.p.b.e.MLResultGenerator.executeExperiment - 292 processed...12 20220611/20230603
2025-12-16 23:37:04,774 [main] DEBUG c.p.b.e.MLResultGenerator.executeExperiment - 292 processed...11 20220612/20230603
2025-12-16 23:37:05,754 [main] DEBUG c.p.b.e.MLResultGenerator.executeExperiment - 292 processed...13 20220613/20230603
2025-12-16 23:37:06,717 [main] DEBUG c.p.b.e.MLResultGenerator.executeExperiment - 292 processed...14 20220614/20230603
2025-12-16 23:37:07,530 [main] DEBUG c.p.b.e.MLResultGenerator.executeExperiment - 292 processed...12 20220615/20230603
2025-12-16 23:37:08,496 [main] DEBUG c.p.b.e.MLResultGenerator.executeExperiment - 292 processed...13 20220616/20230603
2025-12-16 23:37:09,353 [main] DEBUG c.p.b.e.MLResultGenerator.executeExperiment - 292 processed...16 20220617/20230603
2025-12-16 23:37:10,317 [main] DEBUG c.p.b.e.MLResultGenerator.executeExperiment - 292 processed...16 20220618/20230603
2025-12-16 23:37:11,360 [main] DEBUG c.p.b.e.MLResultGenerator.executeExperiment - 292 processed...17 20220619/20230603
2025-12-16 23:37:12,104 [main] DEBUG c.p.b.e.MLResultGenerator.executeExperiment - 292 processed...16 20220620/20230603
2025-12-16 23:37:13,033 [main] DEBUG c.p.b.e.MLResultGenerator.executeExperiment - 292 processed...6 20220621/20230603
2025-12-16 23:37:13,941 [main] DEBUG c.p.b.e.MLResultGenerator.executeExperiment - 292 processed...14 20220622/20230603
2025-12-16 23:37:14,628 [main] DEBUG c.p.b.e.MLResultGenerator.executeExperiment - 292 processed...11 20220623/20230603
2025-12-16 23:37:15,337 [main] DEBUG c.p.b.e.MLResultGenerator.executeExperiment - 292 processed...18 20220624/20230603
2025-12-16 23:37:16,191 [main] DEBUG c.p.b.e.MLResultGenerator.executeExperiment - 292 processed...9 20220625/20230603
2025-12-16 23:37:17,567 [main] DEBUG c.p.b.e.MLResultGenerator.executeExperiment - 292 processed...15 20220626/20230603
2025-12-16 23:37:18,775 [main] DEBUG c.p.b.e.MLResultGenerator.executeExperiment - 292 processed...11 20220627/20230603
2025-12-16 23:37:19,757 [main] DEBUG c.p.b.e.MLResultGenerator.executeExperiment - 292 processed...16 20220628/20230603
2025-12-16 23:37:20,539 [main] DEBUG c.p.b.e.MLResultGenerator.executeExperiment - 292 processed...18 20220629/20230603
2025-12-16 23:37:21,486 [main] DEBUG c.p.b.e.MLResultGenerator.executeExperiment - 292 processed...11 20220630/20230603
2025-12-16 23:37:22,263 [main] DEBUG c.p.b.e.MLResultGenerator.executeExperiment - 292 processed...14 20220701/20230603
2025-12-16 23:37:23,172 [main] DEBUG c.p.b.e.MLResultGenerator.executeExperiment - 292 processed...13 20220702/20230603
2025-12-16 23:37:24,178 [main] DEBUG c.p.b.e.MLResultGenerator.executeExperiment - 292 processed...15 20220703/20230603
2025-12-16 23:37:25,156 [main] DEBUG c.p.b.e.MLResultGenerator.executeExperiment - 292 processed...14 20220704/20230603
2025-12-16 23:37:26,086 [main] DEBUG c.p.b.e.MLResultGenerator.executeExperiment - 292 processed...15 20220705/20230603
2025-12-16 23:37:27,127 [main] DEBUG c.p.b.e.MLResultGenerator.executeExperiment - 292 processed...14 20220706/20230603
2025-12-16 23:37:27,973 [main] DEBUG c.p.b.e.MLResultGenerator.executeExperiment - 292 processed...12 20220707/20230603
2025-12-16 23:37:28,776 [main] DEBUG c.p.b.e.MLResultGenerator.executeExperiment - 292 processed...11 20220708/20230603
2025-12-16 23:37:29,764 [main] DEBUG c.p.b.e.MLResultGenerator.executeExperiment - 292 processed...13 20220709/20230603
2025-12-16 23:37:30,695 [main] DEBUG c.p.b.e.MLResultGenerator.executeExperiment - 292 processed...13 20220710/20230603
2025-12-16 23:37:31,696 [main] DEBUG c.p.b.e.MLResultGenerator.executeExperiment - 292 processed...12 20220711/20230603
2025-12-16 23:37:32,627 [main] DEBUG c.p.b.e.MLResultGenerator.executeExperiment - 292 processed...17 20220712/20230603
2025-12-16 23:37:33,436 [main] DEBUG c.p.b.e.MLResultGenerator.executeExperiment - 292 processed...9 20220713/20230603
2025-12-16 23:37:34,257 [main] DEBUG c.p.b.e.MLResultGenerator.executeExperiment - 292 processed...9 20220714/20230603
2025-12-16 23:37:35,211 [main] DEBUG c.p.b.e.MLResultGenerator.executeExperiment - 292 processed...11 20220715/20230603
2025-12-16 23:37:36,223 [main] DEBUG c.p.b.e.MLResultGenerator.executeExperiment - 292 processed...12 20220716/20230603
2025-12-16 23:37:37,223 [main] DEBUG c.p.b.e.MLResultGenerator.executeExperiment - 292 processed...12 20220717/20230603
2025-12-16 23:37:38,007 [main] DEBUG c.p.b.e.MLResultGenerator.executeExperiment - 292 processed...15 20220718/20230603
2025-12-16 23:37:38,904 [main] DEBUG c.p.b.e.MLResultGenerator.executeExperiment - 292 processed...14 20220719/20230603
2025-12-16 23:37:39,944 [main] DEBUG c.p.b.e.MLResultGenerator.executeExperiment - 292 processed...16 20220720/20230603
2025-12-16 23:37:40,638 [main] DEBUG c.p.b.e.MLResultGenerator.executeExperiment - 292 processed...13 20220721/20230603
2025-12-16 23:37:41,584 [main] DEBUG c.p.b.e.MLResultGenerator.executeExperiment - 292 processed...11 20220722/20230603
2025-12-16 23:37:42,308 [main] DEBUG c.p.b.e.MLResultGenerator.executeExperiment - 292 processed...16 20220723/20230603
2025-12-16 23:37:43,058 [main] DEBUG c.p.b.e.MLResultGenerator.executeExperiment - 292 processed...15 20220724/20230603
2025-12-16 23:37:43,746 [main] DEBUG c.p.b.e.MLResultGenerator.executeExperiment - 292 processed...7 20220725/20230603
2025-12-16 23:37:44,580 [main] DEBUG c.p.b.e.MLResultGenerator.executeExperiment - 292 processed...11 20220726/20230603
2025-12-16 23:37:45,537 [main] DEBUG c.p.b.e.MLResultGenerator.executeExperiment - 292 processed...16 20220727/20230603
2025-12-16 23:37:46,300 [main] DEBUG c.p.b.e.MLResultGenerator.executeExperiment - 292 processed...15 20220728/20230603
2025-12-16 23:37:47,203 [main] DEBUG c.p.b.e.MLResultGenerator.executeExperiment - 292 processed...16 20220729/20230603
2025-12-16 23:37:48,023 [main] DEBUG c.p.b.e.MLResultGenerator.executeExperiment - 292 processed...13 20220730/20230603
2025-12-16 23:37:48,944 [main] DEBUG c.p.b.e.MLResultGenerator.executeExperiment - 292 processed...13 20220731/20230603
2025-12-16 23:37:49,873 [main] DEBUG c.p.b.e.MLResultGenerator.executeExperiment - 292 processed...10 20220801/20230603
2025-12-16 23:37:50,520 [main] DEBUG c.p.b.e.MLResultGenerator.executeExperiment - 292 processed...18 20220802/20230603
2025-12-16 23:37:51,267 [main] DEBUG c.p.b.e.MLResultGenerator.executeExperiment - 292 processed...16 20220803/20230603
2025-12-16 23:37:52,001 [main] DEBUG c.p.b.e.MLResultGenerator.executeExperiment - 292 processed...18 20220804/20230603
2025-12-16 23:37:52,802 [main] DEBUG c.p.b.e.MLResultGenerator.executeExperiment - 292 processed...16 20220805/20230603
2025-12-16 23:37:53,690 [main] DEBUG c.p.b.e.MLResultGenerator.executeExperiment - 292 processed...17 20220806/20230603
2025-12-16 23:37:54,423 [main] DEBUG c.p.b.e.MLResultGenerator.executeExperiment - 292 processed...15 20220807/20230603
2025-12-16 23:37:55,246 [main] DEBUG c.p.b.e.MLResultGenerator.executeExperiment - 292 processed...13 20220808/20230603
2025-12-16 23:37:56,031 [main] DEBUG c.p.b.e.MLResultGenerator.executeExperiment - 292 processed...14 20220809/20230603
2025-12-16 23:37:56,940 [main] DEBUG c.p.b.e.MLResultGenerator.executeExperiment - 292 processed...15 20220810/20230603
2025-12-16 23:37:58,103 [main] DEBUG c.p.b.e.MLResultGenerator.executeExperiment - 292 processed...17 20220811/20230603
2025-12-16 23:37:59,268 [main] DEBUG c.p.b.e.MLResultGenerator.executeExperiment - 292 processed...18 20220812/20230603
2025-12-16 23:38:00,385 [main] DEBUG c.p.b.e.MLResultGenerator.executeExperiment - 292 processed...13 20220813/20230603
2025-12-16 23:38:01,541 [main] DEBUG c.p.b.e.MLResultGenerator.executeExperiment - 292 processed...13 20220814/20230603
2025-12-16 23:38:02,511 [main] DEBUG c.p.b.e.MLResultGenerator.executeExperiment - 292 processed...15 20220815/20230603
2025-12-16 23:38:03,388 [main] DEBUG c.p.b.e.MLResultGenerator.executeExperiment - 292 processed...15 20220816/20230603
2025-12-16 23:38:04,160 [main] DEBUG c.p.b.e.MLResultGenerator.executeExperiment - 292 processed...10 20220817/20230603
2025-12-16 23:38:04,905 [main] DEBUG c.p.b.e.MLResultGenerator.executeExperiment - 292 processed...14 20220818/20230603
2025-12-16 23:38:05,868 [main] DEBUG c.p.b.e.MLResultGenerator.executeExperiment - 292 processed...15 20220819/20230603
2025-12-16 23:38:06,992 [main] DEBUG c.p.b.e.MLResultGenerator.executeExperiment - 292 processed...15 20220820/20230603
2025-12-16 23:38:07,952 [main] DEBUG c.p.b.e.MLResultGenerator.executeExperiment - 292 processed...14 20220821/20230603
2025-12-16 23:38:09,048 [main] DEBUG c.p.b.e.MLResultGenerator.executeExperiment - 292 processed...16 20220822/20230603
2025-12-16 23:38:10,006 [main] DEBUG c.p.b.e.MLResultGenerator.executeExperiment - 292 processed...15 20220823/20230603
2025-12-16 23:38:10,887 [main] DEBUG c.p.b.e.MLResultGenerator.executeExperiment - 292 processed...16 20220824/20230603
2025-12-16 23:38:11,618 [main] DEBUG c.p.b.e.MLResultGenerator.executeExperiment - 292 processed...11 20220825/20230603
2025-12-16 23:38:12,433 [main] DEBUG c.p.b.e.MLResultGenerator.executeExperiment - 292 processed...11 20220826/20230603
2025-12-16 23:38:13,278 [main] DEBUG c.p.b.e.MLResultGenerator.executeExperiment - 292 processed...17 20220827/20230603
2025-12-16 23:38:14,136 [main] DEBUG c.p.b.e.MLResultGenerator.executeExperiment - 292 processed...16 20220828/20230603
2025-12-16 23:38:15,140 [main] DEBUG c.p.b.e.MLResultGenerator.executeExperiment - 292 processed...15 20220829/20230603
2025-12-16 23:38:16,255 [main] DEBUG c.p.b.e.MLResultGenerator.executeExperiment - 292 processed...15 20220830/20230603
2025-12-16 23:38:17,189 [main] DEBUG c.p.b.e.MLResultGenerator.executeExperiment - 292 processed...15 20220831/20230603
2025-12-16 23:38:17,939 [main] DEBUG c.p.b.e.MLResultGenerator.executeExperiment - 292 processed...14 20220901/20230603
2025-12-16 23:38:18,725 [main] DEBUG c.p.b.e.MLResultGenerator.executeExperiment - 292 processed...17 20220902/20230603
2025-12-16 23:38:19,673 [main] DEBUG c.p.b.e.MLResultGenerator.executeExperiment - 292 processed...16 20220903/20230603
2025-12-16 23:38:20,445 [main] DEBUG c.p.b.e.MLResultGenerator.executeExperiment - 292 processed...18 20220904/20230603
2025-12-16 23:38:21,039 [main] DEBUG c.p.b.e.MLResultGenerator.executeExperiment - 292 processed...12 20220905/20230603
2025-12-16 23:38:21,494 [main] DEBUG c.p.b.e.MLResultGenerator.executeExperiment - 292 processed...11 20220906/20230603
2025-12-16 23:38:22,271 [main] DEBUG c.p.b.e.MLResultGenerator.executeExperiment - 292 processed...14 20220907/20230603
2025-12-16 23:38:23,195 [main] DEBUG c.p.b.e.MLResultGenerator.executeExperiment - 292 processed...16 20220908/20230603
2025-12-16 23:38:23,908 [main] DEBUG c.p.b.e.MLResultGenerator.executeExperiment - 292 processed...14 20220909/20230603
2025-12-16 23:38:24,755 [main] DEBUG c.p.b.e.MLResultGenerator.executeExperiment - 292 processed...10 20220910/20230603
2025-12-16 23:38:25,645 [main] DEBUG c.p.b.e.MLResultGenerator.executeExperiment - 292 processed...11 20220911/20230603
2025-12-16 23:38:26,766 [main] DEBUG c.p.b.e.MLResultGenerator.executeExperiment - 292 processed...14 20220912/20230603
2025-12-16 23:38:27,645 [main] DEBUG c.p.b.e.MLResultGenerator.executeExperiment - 292 processed...16 20220913/20230603
2025-12-16 23:38:28,515 [main] DEBUG c.p.b.e.MLResultGenerator.executeExperiment - 292 processed...17 20220914/20230603
2025-12-16 23:38:29,383 [main] DEBUG c.p.b.e.MLResultGenerator.executeExperiment - 292 processed...14 20220915/20230603
2025-12-16 23:38:30,480 [main] DEBUG c.p.b.e.MLResultGenerator.executeExperiment - 292 processed...15 20220916/20230603
2025-12-16 23:38:31,481 [main] DEBUG c.p.b.e.MLResultGenerator.executeExperiment - 292 processed...13 20220917/20230603
2025-12-16 23:38:32,233 [main] DEBUG c.p.b.e.MLResultGenerator.executeExperiment - 292 processed...12 20220918/20230603
2025-12-16 23:38:32,541 [main] DEBUG c.p.b.e.MLResultGenerator.executeExperiment - 292 processed...18 20220919/20230603
2025-12-16 23:38:33,422 [main] DEBUG c.p.b.e.MLResultGenerator.executeExperiment - 292 processed...11 20220920/20230603
2025-12-16 23:38:34,500 [main] DEBUG c.p.b.e.MLResultGenerator.executeExperiment - 292 processed...11 20220921/20230603
2025-12-16 23:38:35,510 [main] DEBUG c.p.b.e.MLResultGenerator.executeExperiment - 292 processed...17 20220922/20230603
2025-12-16 23:38:36,510 [main] DEBUG c.p.b.e.MLResultGenerator.executeExperiment - 292 processed...10 20220923/20230603
2025-12-16 23:38:37,727 [main] DEBUG c.p.b.e.MLResultGenerator.executeExperiment - 292 processed...13 20220924/20230603
2025-12-16 23:38:38,752 [main] DEBUG c.p.b.e.MLResultGenerator.executeExperiment - 292 processed...13 20220925/20230603
2025-12-16 23:38:39,647 [main] DEBUG c.p.b.e.MLResultGenerator.executeExperiment - 292 processed...13 20220926/20230603
2025-12-16 23:38:40,389 [main] DEBUG c.p.b.e.MLResultGenerator.executeExperiment - 292 processed...12 20220927/20230603
2025-12-16 23:38:41,211 [main] DEBUG c.p.b.e.MLResultGenerator.executeExperiment - 292 processed...14 20220928/20230603
2025-12-16 23:38:41,973 [main] DEBUG c.p.b.e.MLResultGenerator.executeExperiment - 292 processed...15 20220929/20230603
2025-12-16 23:38:42,753 [main] DEBUG c.p.b.e.MLResultGenerator.executeExperiment - 292 processed...17 20220930/20230603
2025-12-16 23:38:43,592 [main] DEBUG c.p.b.e.MLResultGenerator.executeExperiment - 292 processed...8 20221001/20230603
2025-12-16 23:38:44,658 [main] DEBUG c.p.b.e.MLResultGenerator.executeExperiment - 292 processed...10 20221002/20230603
2025-12-16 23:38:45,557 [main] DEBUG c.p.b.e.MLResultGenerator.executeExperiment - 292 processed...11 20221003/20230603
2025-12-16 23:38:46,225 [main] DEBUG c.p.b.e.MLResultGenerator.executeExperiment - 292 processed...13 20221004/20230603
2025-12-16 23:38:46,926 [main] DEBUG c.p.b.e.MLResultGenerator.executeExperiment - 292 processed...16 20221005/20230603
2025-12-16 23:38:47,727 [main] DEBUG c.p.b.e.MLResultGenerator.executeExperiment - 292 processed...15 20221006/20230603
2025-12-16 23:38:48,431 [main] DEBUG c.p.b.e.MLResultGenerator.executeExperiment - 292 processed...14 20221007/20230603
2025-12-16 23:38:49,345 [main] DEBUG c.p.b.e.MLResultGenerator.executeExperiment - 292 processed...14 20221008/20230603
2025-12-16 23:38:50,283 [main] DEBUG c.p.b.e.MLResultGenerator.executeExperiment - 292 processed...15 20221009/20230603
2025-12-16 23:38:51,243 [main] DEBUG c.p.b.e.MLResultGenerator.executeExperiment - 292 processed...15 20221010/20230603
2025-12-16 23:38:52,148 [main] DEBUG c.p.b.e.MLResultGenerator.executeExperiment - 292 processed...13 20221011/20230603
2025-12-16 23:38:52,898 [main] DEBUG c.p.b.e.MLResultGenerator.executeExperiment - 292 processed...16 20221012/20230603
2025-12-16 23:38:53,649 [main] DEBUG c.p.b.e.MLResultGenerator.executeExperiment - 292 processed...13 20221013/20230603
2025-12-16 23:38:54,573 [main] DEBUG c.p.b.e.MLResultGenerator.executeExperiment - 292 processed...14 20221014/20230603
2025-12-16 23:38:55,319 [main] DEBUG c.p.b.e.MLResultGenerator.executeExperiment - 292 processed...15 20221015/20230603
2025-12-16 23:38:56,254 [main] DEBUG c.p.b.e.MLResultGenerator.executeExperiment - 292 processed...13 20221016/20230603
2025-12-16 23:38:57,013 [main] DEBUG c.p.b.e.MLResultGenerator.executeExperiment - 292 processed...13 20221017/20230603
2025-12-16 23:38:57,890 [main] DEBUG c.p.b.e.MLResultGenerator.executeExperiment - 292 processed...11 20221018/20230603
2025-12-16 23:38:58,670 [main] DEBUG c.p.b.e.MLResultGenerator.executeExperiment - 292 processed...12 20221019/20230603
2025-12-16 23:38:59,483 [main] DEBUG c.p.b.e.MLResultGenerator.executeExperiment - 292 processed...14 20221020/20230603
2025-12-16 23:39:00,218 [main] DEBUG c.p.b.e.MLResultGenerator.executeExperiment - 292 processed...16 20221021/20230603
2025-12-16 23:39:01,083 [main] DEBUG c.p.b.e.MLResultGenerator.executeExperiment - 292 processed...11 20221022/20230603
2025-12-16 23:39:01,893 [main] DEBUG c.p.b.e.MLResultGenerator.executeExperiment - 292 processed...12 20221023/20230603
2025-12-16 23:39:02,631 [main] DEBUG c.p.b.e.MLResultGenerator.executeExperiment - 292 processed...18 20221024/20230603
2025-12-16 23:39:03,592 [main] DEBUG c.p.b.e.MLResultGenerator.executeExperiment - 292 processed...16 20221025/20230603
2025-12-16 23:39:04,559 [main] DEBUG c.p.b.e.MLResultGenerator.executeExperiment - 292 processed...11 20221026/20230603
2025-12-16 23:39:05,304 [main] DEBUG c.p.b.e.MLResultGenerator.executeExperiment - 292 processed...15 20221027/20230603
2025-12-16 23:39:06,030 [main] DEBUG c.p.b.e.MLResultGenerator.executeExperiment - 292 processed...18 20221028/20230603
2025-12-16 23:39:07,000 [main] DEBUG c.p.b.e.MLResultGenerator.executeExperiment - 292 processed...14 20221029/20230603
2025-12-16 23:39:08,098 [main] DEBUG c.p.b.e.MLResultGenerator.executeExperiment - 292 processed...15 20221030/20230603
2025-12-16 23:39:08,845 [main] DEBUG c.p.b.e.MLResultGenerator.executeExperiment - 292 processed...14 20221031/20230603
2025-12-16 23:39:09,644 [main] DEBUG c.p.b.e.MLResultGenerator.executeExperiment - 292 processed...12 20221101/20230603
2025-12-16 23:39:10,551 [main] DEBUG c.p.b.e.MLResultGenerator.executeExperiment - 292 processed...11 20221102/20230603
2025-12-16 23:39:11,429 [main] DEBUG c.p.b.e.MLResultGenerator.executeExperiment - 292 processed...12 20221103/20230603
2025-12-16 23:39:12,249 [main] DEBUG c.p.b.e.MLResultGenerator.executeExperiment - 292 processed...17 20221104/20230603
2025-12-16 23:39:12,928 [main] DEBUG c.p.b.e.MLResultGenerator.executeExperiment - 292 processed...12 20221105/20230603
2025-12-16 23:39:13,817 [main] DEBUG c.p.b.e.MLResultGenerator.executeExperiment - 292 processed...13 20221106/20230603
2025-12-16 23:39:14,489 [main] DEBUG c.p.b.e.MLResultGenerator.executeExperiment - 292 processed...12 20221107/20230603
2025-12-16 23:39:15,053 [main] DEBUG c.p.b.e.MLResultGenerator.executeExperiment - 292 processed...11 20221108/20230603
2025-12-16 23:39:15,665 [main] DEBUG c.p.b.e.MLResultGenerator.executeExperiment - 292 processed...11 20221109/20230603
2025-12-16 23:39:16,427 [main] DEBUG c.p.b.e.MLResultGenerator.executeExperiment - 292 processed...16 20221110/20230603
2025-12-16 23:39:17,386 [main] DEBUG c.p.b.e.MLResultGenerator.executeExperiment - 292 processed...14 20221111/20230603
2025-12-16 23:39:18,175 [main] DEBUG c.p.b.e.MLResultGenerator.executeExperiment - 292 processed...12 20221112/20230603
2025-12-16 23:39:19,034 [main] DEBUG c.p.b.e.MLResultGenerator.executeExperiment - 292 processed...13 20221113/20230603
2025-12-16 23:39:19,916 [main] DEBUG c.p.b.e.MLResultGenerator.executeExperiment - 292 processed...15 20221114/20230603
2025-12-16 23:39:20,734 [main] DEBUG c.p.b.e.MLResultGenerator.executeExperiment - 292 processed...15 20221115/20230603
2025-12-16 23:39:21,566 [main] DEBUG c.p.b.e.MLResultGenerator.executeExperiment - 292 processed...15 20221116/20230603
2025-12-16 23:39:22,339 [main] DEBUG c.p.b.e.MLResultGenerator.executeExperiment - 292 processed...15 20221117/20230603
2025-12-16 23:39:23,345 [main] DEBUG c.p.b.e.MLResultGenerator.executeExperiment - 292 processed...12 20221118/20230603
2025-12-16 23:39:24,381 [main] DEBUG c.p.b.e.MLResultGenerator.executeExperiment - 292 processed...14 20221119/20230603
2025-12-16 23:39:25,296 [main] DEBUG c.p.b.e.MLResultGenerator.executeExperiment - 292 processed...10 20221120/20230603
2025-12-16 23:39:26,073 [main] DEBUG c.p.b.e.MLResultGenerator.executeExperiment - 292 processed...14 20221121/20230603
2025-12-16 23:39:26,795 [main] DEBUG c.p.b.e.MLResultGenerator.executeExperiment - 292 processed...13 20221122/20230603
2025-12-16 23:39:27,568 [main] DEBUG c.p.b.e.MLResultGenerator.executeExperiment - 292 processed...13 20221123/20230603
2025-12-16 23:39:28,327 [main] DEBUG c.p.b.e.MLResultGenerator.executeExperiment - 292 processed...13 20221124/20230603
2025-12-16 23:39:29,293 [main] DEBUG c.p.b.e.MLResultGenerator.executeExperiment - 292 processed...19 20221125/20230603
2025-12-16 23:39:30,083 [main] DEBUG c.p.b.e.MLResultGenerator.executeExperiment - 292 processed...16 20221126/20230603
2025-12-16 23:39:30,982 [main] DEBUG c.p.b.e.MLResultGenerator.executeExperiment - 292 processed...16 20221127/20230603
2025-12-16 23:39:31,829 [main] DEBUG c.p.b.e.MLResultGenerator.executeExperiment - 292 processed...15 20221128/20230603
2025-12-16 23:39:32,814 [main] DEBUG c.p.b.e.MLResultGenerator.executeExperiment - 292 processed...10 20221129/20230603
2025-12-16 23:39:33,470 [main] DEBUG c.p.b.e.MLResultGenerator.executeExperiment - 292 processed...15 20221130/20230603
2025-12-16 23:39:34,284 [main] DEBUG c.p.b.e.MLResultGenerator.executeExperiment - 292 processed...12 20221201/20230603
2025-12-16 23:39:35,307 [main] DEBUG c.p.b.e.MLResultGenerator.executeExperiment - 292 processed...15 20221202/20230603
2025-12-16 23:39:36,368 [main] DEBUG c.p.b.e.MLResultGenerator.executeExperiment - 292 processed...13 20221203/20230603
2025-12-16 23:39:37,149 [main] DEBUG c.p.b.e.MLResultGenerator.executeExperiment - 292 processed...16 20221204/20230603
2025-12-16 23:39:37,927 [main] DEBUG c.p.b.e.MLResultGenerator.executeExperiment - 292 processed...19 20221205/20230603
2025-12-16 23:39:38,853 [main] DEBUG c.p.b.e.MLResultGenerator.executeExperiment - 292 processed...15 20221206/20230603
2025-12-16 23:39:39,647 [main] DEBUG c.p.b.e.MLResultGenerator.executeExperiment - 292 processed...16 20221207/20230603
2025-12-16 23:39:40,535 [main] DEBUG c.p.b.e.MLResultGenerator.executeExperiment - 292 processed...14 20221208/20230603
2025-12-16 23:39:41,754 [main] DEBUG c.p.b.e.MLResultGenerator.executeExperiment - 292 processed...17 20221209/20230603
2025-12-16 23:39:42,913 [main] DEBUG c.p.b.e.MLResultGenerator.executeExperiment - 292 processed...15 20221210/20230603
2025-12-16 23:39:44,121 [main] DEBUG c.p.b.e.MLResultGenerator.executeExperiment - 292 processed...13 20221211/20230603
2025-12-16 23:39:45,063 [main] DEBUG c.p.b.e.MLResultGenerator.executeExperiment - 292 processed...15 20221212/20230603
2025-12-16 23:39:45,916 [main] DEBUG c.p.b.e.MLResultGenerator.executeExperiment - 292 processed...14 20221213/20230603
2025-12-16 23:39:46,729 [main] DEBUG c.p.b.e.MLResultGenerator.executeExperiment - 292 processed...14 20221214/20230603
2025-12-16 23:39:47,626 [main] DEBUG c.p.b.e.MLResultGenerator.executeExperiment - 292 processed...14 20221215/20230603
2025-12-16 23:39:48,482 [main] DEBUG c.p.b.e.MLResultGenerator.executeExperiment - 292 processed...12 20221216/20230603
2025-12-16 23:39:49,723 [main] DEBUG c.p.b.e.MLResultGenerator.executeExperiment - 292 processed...14 20221217/20230603
2025-12-16 23:39:50,614 [main] DEBUG c.p.b.e.MLResultGenerator.executeExperiment - 292 processed...15 20221218/20230603
2025-12-16 23:39:51,579 [main] DEBUG c.p.b.e.MLResultGenerator.executeExperiment - 292 processed...10 20221219/20230603
2025-12-16 23:39:52,566 [main] DEBUG c.p.b.e.MLResultGenerator.executeExperiment - 292 processed...13 20221220/20230603
2025-12-16 23:39:53,447 [main] DEBUG c.p.b.e.MLResultGenerator.executeExperiment - 292 processed...15 20221221/20230603
2025-12-16 23:39:54,375 [main] DEBUG c.p.b.e.MLResultGenerator.executeExperiment - 292 processed...17 20221222/20230603
2025-12-16 23:39:54,767 [main] DEBUG c.p.b.e.MLResultGenerator.executeExperiment - 292 processed...17 20221223/20230603
2025-12-16 23:39:55,606 [main] DEBUG c.p.b.e.MLResultGenerator.executeExperiment - 292 processed...16 20221224/20230603
2025-12-16 23:39:56,503 [main] DEBUG c.p.b.e.MLResultGenerator.executeExperiment - 292 processed...14 20221225/20230603
2025-12-16 23:39:57,502 [main] DEBUG c.p.b.e.MLResultGenerator.executeExperiment - 292 processed...9 20221226/20230603
2025-12-16 23:39:58,586 [main] DEBUG c.p.b.e.MLResultGenerator.executeExperiment - 292 processed...13 20221227/20230603
2025-12-16 23:39:59,531 [main] DEBUG c.p.b.e.MLResultGenerator.executeExperiment - 292 processed...13 20221228/20230603
2025-12-16 23:40:00,592 [main] DEBUG c.p.b.e.MLResultGenerator.executeExperiment - 292 processed...13 20221229/20230603
2025-12-16 23:40:02,070 [main] DEBUG c.p.b.e.MLResultGenerator.executeExperiment - 292 processed...15 20221230/20230603
2025-12-16 23:40:03,370 [main] DEBUG c.p.b.e.MLResultGenerator.executeExperiment - 292 processed...15 20221231/20230603
2025-12-16 23:40:04,475 [main] DEBUG c.p.b.e.MLResultGenerator.executeExperiment - 292 processed...13 20230101/20230603
2025-12-16 23:40:05,463 [main] DEBUG c.p.b.e.MLResultGenerator.executeExperiment - 292 processed...12 20230102/20230603
2025-12-16 23:40:06,720 [main] DEBUG c.p.b.e.MLResultGenerator.executeExperiment - 292 processed...16 20230103/20230603
2025-12-16 23:40:08,100 [main] DEBUG c.p.b.e.MLResultGenerator.executeExperiment - 292 processed...14 20230104/20230603
2025-12-16 23:40:09,032 [main] DEBUG c.p.b.e.MLResultGenerator.executeExperiment - 292 processed...12 20230105/20230603
2025-12-16 23:40:10,005 [main] DEBUG c.p.b.e.MLResultGenerator.executeExperiment - 292 processed...13 20230106/20230603
2025-12-16 23:40:11,100 [main] DEBUG c.p.b.e.MLResultGenerator.executeExperiment - 292 processed...11 20230107/20230603
2025-12-16 23:40:12,038 [main] DEBUG c.p.b.e.MLResultGenerator.executeExperiment - 292 processed...16 20230108/20230603
2025-12-16 23:40:12,820 [main] DEBUG c.p.b.e.MLResultGenerator.executeExperiment - 292 processed...15 20230109/20230603
2025-12-16 23:40:13,700 [main] DEBUG c.p.b.e.MLResultGenerator.executeExperiment - 292 processed...17 20230110/20230603
2025-12-16 23:40:14,529 [main] DEBUG c.p.b.e.MLResultGenerator.executeExperiment - 292 processed...13 20230111/20230603
2025-12-16 23:40:15,544 [main] DEBUG c.p.b.e.MLResultGenerator.executeExperiment - 292 processed...14 20230112/20230603
2025-12-16 23:40:16,390 [main] DEBUG c.p.b.e.MLResultGenerator.executeExperiment - 292 processed...14 20230113/20230603
2025-12-16 23:40:17,336 [main] DEBUG c.p.b.e.MLResultGenerator.executeExperiment - 292 processed...16 20230114/20230603
2025-12-16 23:40:18,230 [main] DEBUG c.p.b.e.MLResultGenerator.executeExperiment - 292 processed...12 20230115/20230603
2025-12-16 23:40:19,156 [main] DEBUG c.p.b.e.MLResultGenerator.executeExperiment - 292 processed...13 20230116/20230603
2025-12-16 23:40:19,927 [main] DEBUG c.p.b.e.MLResultGenerator.executeExperiment - 292 processed...14 20230117/20230603
2025-12-16 23:40:20,723 [main] DEBUG c.p.b.e.MLResultGenerator.executeExperiment - 292 processed...15 20230118/20230603
2025-12-16 23:40:21,567 [main] DEBUG c.p.b.e.MLResultGenerator.executeExperiment - 292 processed...14 20230119/20230603
2025-12-16 23:40:22,572 [main] DEBUG c.p.b.e.MLResultGenerator.executeExperiment - 292 processed...14 20230120/20230603
2025-12-16 23:40:23,484 [main] DEBUG c.p.b.e.MLResultGenerator.executeExperiment - 292 processed...13 20230121/20230603
2025-12-16 23:40:24,377 [main] DEBUG c.p.b.e.MLResultGenerator.executeExperiment - 292 processed...14 20230122/20230603
2025-12-16 23:40:25,236 [main] DEBUG c.p.b.e.MLResultGenerator.executeExperiment - 292 processed...10 20230123/20230603
2025-12-16 23:40:25,930 [main] DEBUG c.p.b.e.MLResultGenerator.executeExperiment - 292 processed...11 20230124/20230603
2025-12-16 23:40:26,745 [main] DEBUG c.p.b.e.MLResultGenerator.executeExperiment - 292 processed...15 20230125/20230603
2025-12-16 23:40:27,692 [main] DEBUG c.p.b.e.MLResultGenerator.executeExperiment - 292 processed...13 20230126/20230603
2025-12-16 23:40:28,682 [main] DEBUG c.p.b.e.MLResultGenerator.executeExperiment - 292 processed...16 20230127/20230603
2025-12-16 23:40:29,818 [main] DEBUG c.p.b.e.MLResultGenerator.executeExperiment - 292 processed...12 20230128/20230603
2025-12-16 23:40:30,879 [main] DEBUG c.p.b.e.MLResultGenerator.executeExperiment - 292 processed...11 20230129/20230603
2025-12-16 23:40:31,837 [main] DEBUG c.p.b.e.MLResultGenerator.executeExperiment - 292 processed...18 20230130/20230603
2025-12-16 23:40:32,858 [main] DEBUG c.p.b.e.MLResultGenerator.executeExperiment - 292 processed...15 20230131/20230603
2025-12-16 23:40:33,580 [main] DEBUG c.p.b.e.MLResultGenerator.executeExperiment - 292 processed...15 20230201/20230603
2025-12-16 23:40:34,437 [main] DEBUG c.p.b.e.MLResultGenerator.executeExperiment - 292 processed...12 20230202/20230603
2025-12-16 23:40:35,392 [main] DEBUG c.p.b.e.MLResultGenerator.executeExperiment - 292 processed...13 20230203/20230603
2025-12-16 23:40:36,529 [main] DEBUG c.p.b.e.MLResultGenerator.executeExperiment - 292 processed...11 20230204/20230603
2025-12-16 23:40:37,785 [main] DEBUG c.p.b.e.MLResultGenerator.executeExperiment - 292 processed...13 20230205/20230603
2025-12-16 23:40:38,633 [main] DEBUG c.p.b.e.MLResultGenerator.executeExperiment - 292 processed...14 20230206/20230603
2025-12-16 23:40:39,526 [main] DEBUG c.p.b.e.MLResultGenerator.executeExperiment - 292 processed...16 20230207/20230603
2025-12-16 23:40:40,273 [main] DEBUG c.p.b.e.MLResultGenerator.executeExperiment - 292 processed...12 20230208/20230603
2025-12-16 23:40:41,026 [main] DEBUG c.p.b.e.MLResultGenerator.executeExperiment - 292 processed...16 20230209/20230603
2025-12-16 23:40:41,832 [main] DEBUG c.p.b.e.MLResultGenerator.executeExperiment - 292 processed...13 20230210/20230603
2025-12-16 23:40:42,660 [main] DEBUG c.p.b.e.MLResultGenerator.executeExperiment - 292 processed...15 20230211/20230603
2025-12-16 23:40:43,704 [main] DEBUG c.p.b.e.MLResultGenerator.executeExperiment - 292 processed...12 20230212/20230603
2025-12-16 23:40:44,476 [main] DEBUG c.p.b.e.MLResultGenerator.executeExperiment - 292 processed...12 20230213/20230603
2025-12-16 23:40:45,140 [main] DEBUG c.p.b.e.MLResultGenerator.executeExperiment - 292 processed...13 20230214/20230603
2025-12-16 23:40:45,971 [main] DEBUG c.p.b.e.MLResultGenerator.executeExperiment - 292 processed...18 20230215/20230603
2025-12-16 23:40:46,908 [main] DEBUG c.p.b.e.MLResultGenerator.executeExperiment - 292 processed...15 20230216/20230603
2025-12-16 23:40:47,859 [main] DEBUG c.p.b.e.MLResultGenerator.executeExperiment - 292 processed...9 20230217/20230603
2025-12-16 23:40:48,848 [main] DEBUG c.p.b.e.MLResultGenerator.executeExperiment - 292 processed...11 20230218/20230603
2025-12-16 23:40:49,654 [main] DEBUG c.p.b.e.MLResultGenerator.executeExperiment - 292 processed...13 20230219/20230603
2025-12-16 23:40:50,599 [main] DEBUG c.p.b.e.MLResultGenerator.executeExperiment - 292 processed...14 20230220/20230603
2025-12-16 23:40:51,478 [main] DEBUG c.p.b.e.MLResultGenerator.executeExperiment - 292 processed...13 20230221/20230603
2025-12-16 23:40:52,396 [main] DEBUG c.p.b.e.MLResultGenerator.executeExperiment - 292 processed...18 20230222/20230603
2025-12-16 23:40:53,379 [main] DEBUG c.p.b.e.MLResultGenerator.executeExperiment - 292 processed...15 20230223/20230603
2025-12-16 23:40:54,517 [main] DEBUG c.p.b.e.MLResultGenerator.executeExperiment - 292 processed...15 20230224/20230603
2025-12-16 23:40:55,591 [main] DEBUG c.p.b.e.MLResultGenerator.executeExperiment - 292 processed...15 20230225/20230603
2025-12-16 23:40:56,612 [main] DEBUG c.p.b.e.MLResultGenerator.executeExperiment - 292 processed...15 20230226/20230603
2025-12-16 23:40:57,613 [main] DEBUG c.p.b.e.MLResultGenerator.executeExperiment - 292 processed...12 20230227/20230603
2025-12-16 23:40:58,437 [main] DEBUG c.p.b.e.MLResultGenerator.executeExperiment - 292 processed...16 20230228/20230603
2025-12-16 23:40:59,168 [main] DEBUG c.p.b.e.MLResultGenerator.executeExperiment - 292 processed...16 20230301/20230603
2025-12-16 23:41:00,073 [main] DEBUG c.p.b.e.MLResultGenerator.executeExperiment - 292 processed...13 20230302/20230603
2025-12-16 23:41:00,838 [main] DEBUG c.p.b.e.MLResultGenerator.executeExperiment - 292 processed...14 20230303/20230603
2025-12-16 23:41:01,623 [main] DEBUG c.p.b.e.MLResultGenerator.executeExperiment - 292 processed...14 20230304/20230603
2025-12-16 23:41:02,456 [main] DEBUG c.p.b.e.MLResultGenerator.executeExperiment - 292 processed...11 20230305/20230603
2025-12-16 23:41:03,203 [main] DEBUG c.p.b.e.MLResultGenerator.executeExperiment - 292 processed...12 20230306/20230603
2025-12-16 23:41:03,937 [main] DEBUG c.p.b.e.MLResultGenerator.executeExperiment - 292 processed...15 20230307/20230603
2025-12-16 23:41:04,618 [main] DEBUG c.p.b.e.MLResultGenerator.executeExperiment - 292 processed...16 20230308/20230603
2025-12-16 23:41:05,248 [main] DEBUG c.p.b.e.MLResultGenerator.executeExperiment - 292 processed...15 20230309/20230603
2025-12-16 23:41:06,122 [main] DEBUG c.p.b.e.MLResultGenerator.executeExperiment - 292 processed...14 20230310/20230603
2025-12-16 23:41:07,000 [main] DEBUG c.p.b.e.MLResultGenerator.executeExperiment - 292 processed...16 20230311/20230603
2025-12-16 23:41:07,798 [main] DEBUG c.p.b.e.MLResultGenerator.executeExperiment - 292 processed...12 20230312/20230603
2025-12-16 23:41:08,666 [main] DEBUG c.p.b.e.MLResultGenerator.executeExperiment - 292 processed...17 20230313/20230603
2025-12-16 23:41:09,381 [main] DEBUG c.p.b.e.MLResultGenerator.executeExperiment - 292 processed...14 20230314/20230603
2025-12-16 23:41:09,981 [main] DEBUG c.p.b.e.MLResultGenerator.executeExperiment - 292 processed...11 20230315/20230603
2025-12-16 23:41:10,581 [main] DEBUG c.p.b.e.MLResultGenerator.executeExperiment - 292 processed...16 20230316/20230603
2025-12-16 23:41:11,375 [main] DEBUG c.p.b.e.MLResultGenerator.executeExperiment - 292 processed...12 20230317/20230603
2025-12-16 23:41:12,068 [main] DEBUG c.p.b.e.MLResultGenerator.executeExperiment - 292 processed...17 20230318/20230603
2025-12-16 23:41:12,746 [main] DEBUG c.p.b.e.MLResultGenerator.executeExperiment - 292 processed...13 20230319/20230603
2025-12-16 23:41:13,616 [main] DEBUG c.p.b.e.MLResultGenerator.executeExperiment - 292 processed...13 20230320/20230603
2025-12-16 23:41:14,384 [main] DEBUG c.p.b.e.MLResultGenerator.executeExperiment - 292 processed...13 20230321/20230603
2025-12-16 23:41:15,154 [main] DEBUG c.p.b.e.MLResultGenerator.executeExperiment - 292 processed...10 20230322/20230603
2025-12-16 23:41:15,942 [main] DEBUG c.p.b.e.MLResultGenerator.executeExperiment - 292 processed...14 20230323/20230603
2025-12-16 23:41:16,616 [main] DEBUG c.p.b.e.MLResultGenerator.executeExperiment - 292 processed...15 20230324/20230603
2025-12-16 23:41:17,497 [main] DEBUG c.p.b.e.MLResultGenerator.executeExperiment - 292 processed...16 20230325/20230603
2025-12-16 23:41:18,375 [main] DEBUG c.p.b.e.MLResultGenerator.executeExperiment - 292 processed...12 20230326/20230603
2025-12-16 23:41:19,090 [main] DEBUG c.p.b.e.MLResultGenerator.executeExperiment - 292 processed...12 20230327/20230603
2025-12-16 23:41:19,726 [main] DEBUG c.p.b.e.MLResultGenerator.executeExperiment - 292 processed...8 20230328/20230603
2025-12-16 23:41:20,330 [main] DEBUG c.p.b.e.MLResultGenerator.executeExperiment - 292 processed...15 20230329/20230603
2025-12-16 23:41:21,070 [main] DEBUG c.p.b.e.MLResultGenerator.executeExperiment - 292 processed...13 20230330/20230603
2025-12-16 23:41:21,616 [main] DEBUG c.p.b.e.MLResultGenerator.executeExperiment - 292 processed...12 20230331/20230603
2025-12-16 23:41:22,138 [main] DEBUG c.p.b.e.MLResultGenerator.executeExperiment - 292 processed...13 20230401/20230603
2025-12-16 23:41:22,759 [main] DEBUG c.p.b.e.MLResultGenerator.executeExperiment - 292 processed...12 20230402/20230603
2025-12-16 23:41:23,519 [main] DEBUG c.p.b.e.MLResultGenerator.executeExperiment - 292 processed...15 20230403/20230603
2025-12-16 23:41:24,207 [main] DEBUG c.p.b.e.MLResultGenerator.executeExperiment - 292 processed...13 20230404/20230603
2025-12-16 23:41:24,942 [main] DEBUG c.p.b.e.MLResultGenerator.executeExperiment - 292 processed...16 20230405/20230603
2025-12-16 23:41:25,666 [main] DEBUG c.p.b.e.MLResultGenerator.executeExperiment - 292 processed...13 20230406/20230603
2025-12-16 23:41:26,265 [main] DEBUG c.p.b.e.MLResultGenerator.executeExperiment - 292 processed...11 20230407/20230603
2025-12-16 23:41:26,991 [main] DEBUG c.p.b.e.MLResultGenerator.executeExperiment - 292 processed...12 20230408/20230603
2025-12-16 23:41:27,836 [main] DEBUG c.p.b.e.MLResultGenerator.executeExperiment - 292 processed...13 20230409/20230603
2025-12-16 23:41:28,623 [main] DEBUG c.p.b.e.MLResultGenerator.executeExperiment - 292 processed...10 20230410/20230603
2025-12-16 23:41:29,290 [main] DEBUG c.p.b.e.MLResultGenerator.executeExperiment - 292 processed...16 20230411/20230603
2025-12-16 23:41:29,969 [main] DEBUG c.p.b.e.MLResultGenerator.executeExperiment - 292 processed...12 20230412/20230603
2025-12-16 23:41:30,711 [main] DEBUG c.p.b.e.MLResultGenerator.executeExperiment - 292 processed...15 20230413/20230603
2025-12-16 23:41:31,420 [main] DEBUG c.p.b.e.MLResultGenerator.executeExperiment - 292 processed...15 20230414/20230603
2025-12-16 23:41:32,170 [main] DEBUG c.p.b.e.MLResultGenerator.executeExperiment - 292 processed...16 20230415/20230603
2025-12-16 23:41:33,106 [main] DEBUG c.p.b.e.MLResultGenerator.executeExperiment - 292 processed...18 20230416/20230603
2025-12-16 23:41:33,885 [main] DEBUG c.p.b.e.MLResultGenerator.executeExperiment - 292 processed...13 20230417/20230603
2025-12-16 23:41:34,572 [main] DEBUG c.p.b.e.MLResultGenerator.executeExperiment - 292 processed...18 20230418/20230603
2025-12-16 23:41:35,365 [main] DEBUG c.p.b.e.MLResultGenerator.executeExperiment - 292 processed...13 20230419/20230603
2025-12-16 23:41:35,979 [main] DEBUG c.p.b.e.MLResultGenerator.executeExperiment - 292 processed...17 20230420/20230603
2025-12-16 23:41:36,588 [main] DEBUG c.p.b.e.MLResultGenerator.executeExperiment - 292 processed...18 20230421/20230603
2025-12-16 23:41:37,112 [main] DEBUG c.p.b.e.MLResultGenerator.executeExperiment - 292 processed...17 20230422/20230603
2025-12-16 23:41:37,924 [main] DEBUG c.p.b.e.MLResultGenerator.executeExperiment - 292 processed...14 20230423/20230603
2025-12-16 23:41:38,707 [main] DEBUG c.p.b.e.MLResultGenerator.executeExperiment - 292 processed...16 20230424/20230603
2025-12-16 23:41:39,815 [main] DEBUG c.p.b.e.MLResultGenerator.executeExperiment - 292 processed...15 20230425/20230603
2025-12-16 23:41:40,580 [main] DEBUG c.p.b.e.MLResultGenerator.executeExperiment - 292 processed...14 20230426/20230603
2025-12-16 23:41:41,312 [main] DEBUG c.p.b.e.MLResultGenerator.executeExperiment - 292 processed...10 20230427/20230603
2025-12-16 23:41:42,231 [main] DEBUG c.p.b.e.MLResultGenerator.executeExperiment - 292 processed...12 20230428/20230603
2025-12-16 23:41:43,084 [main] DEBUG c.p.b.e.MLResultGenerator.executeExperiment - 292 processed...15 20230429/20230603
2025-12-16 23:41:44,121 [main] DEBUG c.p.b.e.MLResultGenerator.executeExperiment - 292 processed...12 20230430/20230603
2025-12-16 23:41:45,116 [main] DEBUG c.p.b.e.MLResultGenerator.executeExperiment - 292 processed...17 20230501/20230603
2025-12-16 23:41:46,232 [main] DEBUG c.p.b.e.MLResultGenerator.executeExperiment - 292 processed...17 20230502/20230603
2025-12-16 23:41:47,316 [main] DEBUG c.p.b.e.MLResultGenerator.executeExperiment - 292 processed...16 20230503/20230603
2025-12-16 23:41:48,298 [main] DEBUG c.p.b.e.MLResultGenerator.executeExperiment - 292 processed...13 20230504/20230603
2025-12-16 23:41:49,131 [main] DEBUG c.p.b.e.MLResultGenerator.executeExperiment - 292 processed...11 20230505/20230603
2025-12-16 23:41:49,887 [main] DEBUG c.p.b.e.MLResultGenerator.executeExperiment - 292 processed...16 20230506/20230603
2025-12-16 23:41:50,552 [main] DEBUG c.p.b.e.MLResultGenerator.executeExperiment - 292 processed...12 20230507/20230603
2025-12-16 23:41:51,143 [main] DEBUG c.p.b.e.MLResultGenerator.executeExperiment - 292 processed...18 20230508/20230603
2025-12-16 23:41:51,963 [main] DEBUG c.p.b.e.MLResultGenerator.executeExperiment - 292 processed...11 20230509/20230603
2025-12-16 23:41:52,605 [main] DEBUG c.p.b.e.MLResultGenerator.executeExperiment - 292 processed...14 20230510/20230603
2025-12-16 23:41:53,336 [main] DEBUG c.p.b.e.MLResultGenerator.executeExperiment - 292 processed...14 20230511/20230603
2025-12-16 23:41:54,191 [main] DEBUG c.p.b.e.MLResultGenerator.executeExperiment - 292 processed...16 20230512/20230603
2025-12-16 23:41:54,977 [main] DEBUG c.p.b.e.MLResultGenerator.executeExperiment - 292 processed...15 20230513/20230603
2025-12-16 23:41:55,827 [main] DEBUG c.p.b.e.MLResultGenerator.executeExperiment - 292 processed...11 20230514/20230603
2025-12-16 23:41:56,454 [main] DEBUG c.p.b.e.MLResultGenerator.executeExperiment - 292 processed...16 20230515/20230603
2025-12-16 23:41:57,028 [main] DEBUG c.p.b.e.MLResultGenerator.executeExperiment - 292 processed...17 20230516/20230603
2025-12-16 23:41:57,701 [main] DEBUG c.p.b.e.MLResultGenerator.executeExperiment - 292 processed...14 20230517/20230603
2025-12-16 23:41:58,316 [main] DEBUG c.p.b.e.MLResultGenerator.executeExperiment - 292 processed...16 20230518/20230603
2025-12-16 23:41:58,908 [main] DEBUG c.p.b.e.MLResultGenerator.executeExperiment - 292 processed...13 20230519/20230603
2025-12-16 23:41:59,670 [main] DEBUG c.p.b.e.MLResultGenerator.executeExperiment - 292 processed...17 20230520/20230603
2025-12-16 23:42:00,463 [main] DEBUG c.p.b.e.MLResultGenerator.executeExperiment - 292 processed...17 20230521/20230603
2025-12-16 23:42:01,216 [main] DEBUG c.p.b.e.MLResultGenerator.executeExperiment - 292 processed...17 20230522/20230603
2025-12-16 23:42:01,829 [main] DEBUG c.p.b.e.MLResultGenerator.executeExperiment - 292 processed...11 20230523/20230603
2025-12-16 23:42:02,418 [main] DEBUG c.p.b.e.MLResultGenerator.executeExperiment - 292 processed...12 20230524/20230603
2025-12-16 23:42:02,984 [main] DEBUG c.p.b.e.MLResultGenerator.executeExperiment - 292 processed...13 20230525/20230603
2025-12-16 23:42:03,754 [main] DEBUG c.p.b.e.MLResultGenerator.executeExperiment - 292 processed...9 20230526/20230603
2025-12-16 23:42:04,486 [main] DEBUG c.p.b.e.MLResultGenerator.executeExperiment - 292 processed...11 20230527/20230603
2025-12-16 23:42:05,394 [main] DEBUG c.p.b.e.MLResultGenerator.executeExperiment - 292 processed...14 20230528/20230603
2025-12-16 23:42:06,212 [main] DEBUG c.p.b.e.MLResultGenerator.executeExperiment - 292 processed...10 20230529/20230603
2025-12-16 23:42:06,972 [main] DEBUG c.p.b.e.MLResultGenerator.executeExperiment - 292 processed...15 20230530/20230603
2025-12-16 23:42:07,693 [main] DEBUG c.p.b.e.MLResultGenerator.executeExperiment - 292 processed...12 20230531/20230603
2025-12-16 23:42:08,326 [main] DEBUG c.p.b.e.MLResultGenerator.executeExperiment - 292 processed...13 20230601/20230603
2025-12-16 23:42:09,051 [main] DEBUG c.p.b.e.MLResultGenerator.executeExperiment - 292 processed...17 20230602/20230603
2025-12-16 23:42:09,674 [main] DEBUG c.p.b.e.MLResultGenerator.executeExperiment - 292 processed...9 20230603/20230603
2025-12-16 23:42:09,904 [main] DEBUG c.p.b.e.r.s.MlEvaluationCreator.create - creating MlEvaluation. 292,40001,1T,1,nopattern,nopattern
2025-12-16 23:42:10,006 [main] DEBUG c.p.b.e.r.s.MlEvaluationCreator.create - creating MlEvaluation. 292,40001,1T,2,nopattern,nopattern
2025-12-16 23:42:10,053 [main] DEBUG c.p.b.e.r.s.MlEvaluationCreator.create - creating MlEvaluation. 292,40001,1T,3,nopattern,nopattern
2025-12-16 23:42:10,085 [main] DEBUG c.p.b.e.r.s.MlEvaluationCreator.create - creating MlEvaluation. 292,40001,1T,4,nopattern,nopattern
2025-12-16 23:42:10,104 [main] DEBUG c.p.b.e.r.s.MlEvaluationCreator.create - creating MlEvaluation. 292,40001,1T,5,nopattern,nopattern
2025-12-16 23:42:10,118 [main] DEBUG c.p.b.e.r.s.MlEvaluationCreator.create - creating MlEvaluation. 292,40001,1T,6,nopattern,nopattern
2025-12-16 23:42:10,150 [main] DEBUG c.p.b.e.r.s.MlEvaluationCreator.create - creating MlEvaluation. 292,40001,2F,12,nopattern,nopattern
2025-12-16 23:42:10,185 [main] DEBUG c.p.b.e.r.s.MlEvaluationCreator.create - creating MlEvaluation. 292,40001,2F,13,nopattern,nopattern
2025-12-16 23:42:10,228 [main] DEBUG c.p.b.e.r.s.MlEvaluationCreator.create - creating MlEvaluation. 292,40001,2F,14,nopattern,nopattern
2025-12-16 23:42:10,270 [main] DEBUG c.p.b.e.r.s.MlEvaluationCreator.create - creating MlEvaluation. 292,40001,2F,15,nopattern,nopattern
2025-12-16 23:42:10,301 [main] DEBUG c.p.b.e.r.s.MlEvaluationCreator.create - creating MlEvaluation. 292,40001,2F,16,nopattern,nopattern
2025-12-16 23:42:10,315 [main] DEBUG c.p.b.e.r.s.MlEvaluationCreator.create - creating MlEvaluation. 292,40001,2F,23,nopattern,nopattern
2025-12-16 23:42:10,323 [main] DEBUG c.p.b.e.r.s.MlEvaluationCreator.create - creating MlEvaluation. 292,40001,2F,24,nopattern,nopattern
2025-12-16 23:42:10,329 [main] DEBUG c.p.b.e.r.s.MlEvaluationCreator.create - creating MlEvaluation. 292,40001,2F,25,nopattern,nopattern
2025-12-16 23:42:10,333 [main] DEBUG c.p.b.e.r.s.MlEvaluationCreator.create - creating MlEvaluation. 292,40001,2F,26,nopattern,nopattern
2025-12-16 23:42:10,339 [main] DEBUG c.p.b.e.r.s.MlEvaluationCreator.create - creating MlEvaluation. 292,40001,2F,34,nopattern,nopattern
2025-12-16 23:42:10,419 [main] DEBUG c.p.b.e.r.s.MlEvaluationCreator.create - creating MlEvaluation. 292,40001,2F,35,nopattern,nopattern
2025-12-16 23:42:10,427 [main] DEBUG c.p.b.e.r.s.MlEvaluationCreator.create - creating MlEvaluation. 292,40001,2F,36,nopattern,nopattern
2025-12-16 23:42:10,433 [main] DEBUG c.p.b.e.r.s.MlEvaluationCreator.create - creating MlEvaluation. 292,40001,2F,45,nopattern,nopattern
2025-12-16 23:42:10,440 [main] DEBUG c.p.b.e.r.s.MlEvaluationCreator.create - creating MlEvaluation. 292,40001,2F,46,nopattern,nopattern
2025-12-16 23:42:10,444 [main] DEBUG c.p.b.e.r.s.MlEvaluationCreator.create - creating MlEvaluation. 292,40001,2F,56,nopattern,nopattern
2025-12-16 23:42:10,459 [main] DEBUG c.p.b.e.r.s.MlEvaluationCreator.create - creating MlEvaluation. 292,40001,2T,12,nopattern,nopattern
2025-12-16 23:42:10,481 [main] DEBUG c.p.b.e.r.s.MlEvaluationCreator.create - creating MlEvaluation. 292,40001,2T,13,nopattern,nopattern
2025-12-16 23:42:10,510 [main] DEBUG c.p.b.e.r.s.MlEvaluationCreator.create - creating MlEvaluation. 292,40001,2T,14,nopattern,nopattern
2025-12-16 23:42:10,543 [main] DEBUG c.p.b.e.r.s.MlEvaluationCreator.create - creating MlEvaluation. 292,40001,2T,15,nopattern,nopattern
2025-12-16 23:42:10,575 [main] DEBUG c.p.b.e.r.s.MlEvaluationCreator.create - creating MlEvaluation. 292,40001,2T,16,nopattern,nopattern
2025-12-16 23:42:10,616 [main] DEBUG c.p.b.e.r.s.MlEvaluationCreator.create - creating MlEvaluation. 292,40001,2T,21,nopattern,nopattern
2025-12-16 23:42:10,633 [main] DEBUG c.p.b.e.r.s.MlEvaluationCreator.create - creating MlEvaluation. 292,40001,2T,23,nopattern,nopattern
2025-12-16 23:42:10,640 [main] DEBUG c.p.b.e.r.s.MlEvaluationCreator.create - creating MlEvaluation. 292,40001,2T,24,nopattern,nopattern
2025-12-16 23:42:10,644 [main] DEBUG c.p.b.e.r.s.MlEvaluationCreator.create - creating MlEvaluation. 292,40001,2T,25,nopattern,nopattern
2025-12-16 23:42:10,648 [main] DEBUG c.p.b.e.r.s.MlEvaluationCreator.create - creating MlEvaluation. 292,40001,2T,26,nopattern,nopattern
2025-12-16 23:42:10,679 [main] DEBUG c.p.b.e.r.s.MlEvaluationCreator.create - creating MlEvaluation. 292,40001,2T,31,nopattern,nopattern
2025-12-16 23:42:10,694 [main] DEBUG c.p.b.e.r.s.MlEvaluationCreator.create - creating MlEvaluation. 292,40001,2T,32,nopattern,nopattern
2025-12-16 23:42:10,699 [main] DEBUG c.p.b.e.r.s.MlEvaluationCreator.create - creating MlEvaluation. 292,40001,2T,34,nopattern,nopattern
2025-12-16 23:42:10,702 [main] DEBUG c.p.b.e.r.s.MlEvaluationCreator.create - creating MlEvaluation. 292,40001,2T,35,nopattern,nopattern
2025-12-16 23:42:10,706 [main] DEBUG c.p.b.e.r.s.MlEvaluationCreator.create - creating MlEvaluation. 292,40001,2T,36,nopattern,nopattern
2025-12-16 23:42:10,733 [main] DEBUG c.p.b.e.r.s.MlEvaluationCreator.create - creating MlEvaluation. 292,40001,2T,41,nopattern,nopattern
2025-12-16 23:42:10,746 [main] DEBUG c.p.b.e.r.s.MlEvaluationCreator.create - creating MlEvaluation. 292,40001,2T,42,nopattern,nopattern
2025-12-16 23:42:10,751 [main] DEBUG c.p.b.e.r.s.MlEvaluationCreator.create - creating MlEvaluation. 292,40001,2T,43,nopattern,nopattern
2025-12-16 23:42:10,755 [main] DEBUG c.p.b.e.r.s.MlEvaluationCreator.create - creating MlEvaluation. 292,40001,2T,45,nopattern,nopattern
2025-12-16 23:42:10,759 [main] DEBUG c.p.b.e.r.s.MlEvaluationCreator.create - creating MlEvaluation. 292,40001,2T,46,nopattern,nopattern
2025-12-16 23:42:10,768 [main] DEBUG c.p.b.e.r.s.MlEvaluationCreator.create - creating MlEvaluation. 292,40001,2T,51,nopattern,nopattern
2025-12-16 23:42:10,774 [main] DEBUG c.p.b.e.r.s.MlEvaluationCreator.create - creating MlEvaluation. 292,40001,2T,52,nopattern,nopattern
2025-12-16 23:42:10,778 [main] DEBUG c.p.b.e.r.s.MlEvaluationCreator.create - creating MlEvaluation. 292,40001,2T,53,nopattern,nopattern
2025-12-16 23:42:10,782 [main] DEBUG c.p.b.e.r.s.MlEvaluationCreator.create - creating MlEvaluation. 292,40001,2T,54,nopattern,nopattern
2025-12-16 23:42:10,784 [main] DEBUG c.p.b.e.r.s.MlEvaluationCreator.create - creating MlEvaluation. 292,40001,2T,56,nopattern,nopattern
2025-12-16 23:42:10,796 [main] DEBUG c.p.b.e.r.s.MlEvaluationCreator.create - creating MlEvaluation. 292,40001,2T,61,nopattern,nopattern
2025-12-16 23:42:10,801 [main] DEBUG c.p.b.e.r.s.MlEvaluationCreator.create - creating MlEvaluation. 292,40001,2T,62,nopattern,nopattern
2025-12-16 23:42:10,804 [main] DEBUG c.p.b.e.r.s.MlEvaluationCreator.create - creating MlEvaluation. 292,40001,2T,63,nopattern,nopattern
2025-12-16 23:42:10,808 [main] DEBUG c.p.b.e.r.s.MlEvaluationCreator.create - creating MlEvaluation. 292,40001,2T,64,nopattern,nopattern
2025-12-16 23:42:10,811 [main] DEBUG c.p.b.e.r.s.MlEvaluationCreator.create - creating MlEvaluation. 292,40001,2T,65,nopattern,nopattern
2025-12-16 23:42:10,841 [main] DEBUG c.p.b.e.r.s.MlEvaluationCreator.create - creating MlEvaluation. 292,40001,3F,123,nopattern,nopattern
2025-12-16 23:42:10,891 [main] DEBUG c.p.b.e.r.s.MlEvaluationCreator.create - creating MlEvaluation. 292,40001,3F,124,nopattern,nopattern
2025-12-16 23:42:10,944 [main] DEBUG c.p.b.e.r.s.MlEvaluationCreator.create - creating MlEvaluation. 292,40001,3F,125,nopattern,nopattern
2025-12-16 23:42:10,996 [main] DEBUG c.p.b.e.r.s.MlEvaluationCreator.create - creating MlEvaluation. 292,40001,3F,126,nopattern,nopattern
2025-12-16 23:42:11,047 [main] DEBUG c.p.b.e.r.s.MlEvaluationCreator.create - creating MlEvaluation. 292,40001,3F,134,nopattern,nopattern
2025-12-16 23:42:11,086 [main] DEBUG c.p.b.e.r.s.MlEvaluationCreator.create - creating MlEvaluation. 292,40001,3F,135,nopattern,nopattern
2025-12-16 23:42:11,122 [main] DEBUG c.p.b.e.r.s.MlEvaluationCreator.create - creating MlEvaluation. 292,40001,3F,136,nopattern,nopattern
2025-12-16 23:42:11,159 [main] DEBUG c.p.b.e.r.s.MlEvaluationCreator.create - creating MlEvaluation. 292,40001,3F,145,nopattern,nopattern
2025-12-16 23:42:11,191 [main] DEBUG c.p.b.e.r.s.MlEvaluationCreator.create - creating MlEvaluation. 292,40001,3F,146,nopattern,nopattern
2025-12-16 23:42:11,208 [main] DEBUG c.p.b.e.r.s.MlEvaluationCreator.create - creating MlEvaluation. 292,40001,3F,156,nopattern,nopattern
2025-12-16 23:42:11,219 [main] DEBUG c.p.b.e.r.s.MlEvaluationCreator.create - creating MlEvaluation. 292,40001,3F,234,nopattern,nopattern
2025-12-16 23:42:11,226 [main] DEBUG c.p.b.e.r.s.MlEvaluationCreator.create - creating MlEvaluation. 292,40001,3F,235,nopattern,nopattern
2025-12-16 23:42:11,232 [main] DEBUG c.p.b.e.r.s.MlEvaluationCreator.create - creating MlEvaluation. 292,40001,3F,236,nopattern,nopattern
2025-12-16 23:42:11,236 [main] DEBUG c.p.b.e.r.s.MlEvaluationCreator.create - creating MlEvaluation. 292,40001,3F,245,nopattern,nopattern
2025-12-16 23:42:11,241 [main] DEBUG c.p.b.e.r.s.MlEvaluationCreator.create - creating MlEvaluation. 292,40001,3F,246,nopattern,nopattern
2025-12-16 23:42:11,245 [main] DEBUG c.p.b.e.r.s.MlEvaluationCreator.create - creating MlEvaluation. 292,40001,3F,256,nopattern,nopattern
2025-12-16 23:42:11,248 [main] DEBUG c.p.b.e.r.s.MlEvaluationCreator.create - creating MlEvaluation. 292,40001,3F,345,nopattern,nopattern
2025-12-16 23:42:11,252 [main] DEBUG c.p.b.e.r.s.MlEvaluationCreator.create - creating MlEvaluation. 292,40001,3F,346,nopattern,nopattern
2025-12-16 23:42:11,255 [main] DEBUG c.p.b.e.r.s.MlEvaluationCreator.create - creating MlEvaluation. 292,40001,3F,356,nopattern,nopattern
2025-12-16 23:42:11,258 [main] DEBUG c.p.b.e.r.s.MlEvaluationCreator.create - creating MlEvaluation. 292,40001,3F,456,nopattern,nopattern
2025-12-16 23:42:11,267 [main] DEBUG c.p.b.e.r.s.MlEvaluationCreator.create - creating MlEvaluation. 292,40001,3T,123,nopattern,nopattern
2025-12-16 23:42:11,280 [main] DEBUG c.p.b.e.r.s.MlEvaluationCreator.create - creating MlEvaluation. 292,40001,3T,124,nopattern,nopattern
2025-12-16 23:42:11,289 [main] DEBUG c.p.b.e.r.s.MlEvaluationCreator.create - creating MlEvaluation. 292,40001,3T,125,nopattern,nopattern
2025-12-16 23:42:11,297 [main] DEBUG c.p.b.e.r.s.MlEvaluationCreator.create - creating MlEvaluation. 292,40001,3T,126,nopattern,nopattern
2025-12-16 23:42:11,314 [main] DEBUG c.p.b.e.r.s.MlEvaluationCreator.create - creating MlEvaluation. 292,40001,3T,132,nopattern,nopattern
2025-12-16 23:42:11,327 [main] DEBUG c.p.b.e.r.s.MlEvaluationCreator.create - creating MlEvaluation. 292,40001,3T,134,nopattern,nopattern
2025-12-16 23:42:11,333 [main] DEBUG c.p.b.e.r.s.MlEvaluationCreator.create - creating MlEvaluation. 292,40001,3T,135,nopattern,nopattern
2025-12-16 23:42:11,338 [main] DEBUG c.p.b.e.r.s.MlEvaluationCreator.create - creating MlEvaluation. 292,40001,3T,136,nopattern,nopattern
2025-12-16 23:42:11,358 [main] DEBUG c.p.b.e.r.s.MlEvaluationCreator.create - creating MlEvaluation. 292,40001,3T,142,nopattern,nopattern
2025-12-16 23:42:11,380 [main] DEBUG c.p.b.e.r.s.MlEvaluationCreator.create - creating MlEvaluation. 292,40001,3T,143,nopattern,nopattern
2025-12-16 23:42:11,390 [main] DEBUG c.p.b.e.r.s.MlEvaluationCreator.create - creating MlEvaluation. 292,40001,3T,145,nopattern,nopattern
2025-12-16 23:42:11,394 [main] DEBUG c.p.b.e.r.s.MlEvaluationCreator.create - creating MlEvaluation. 292,40001,3T,146,nopattern,nopattern
2025-12-16 23:42:11,406 [main] DEBUG c.p.b.e.r.s.MlEvaluationCreator.create - creating MlEvaluation. 292,40001,3T,152,nopattern,nopattern
2025-12-16 23:42:11,418 [main] DEBUG c.p.b.e.r.s.MlEvaluationCreator.create - creating MlEvaluation. 292,40001,3T,153,nopattern,nopattern
2025-12-16 23:42:11,427 [main] DEBUG c.p.b.e.r.s.MlEvaluationCreator.create - creating MlEvaluation. 292,40001,3T,154,nopattern,nopattern
2025-12-16 23:42:11,433 [main] DEBUG c.p.b.e.r.s.MlEvaluationCreator.create - creating MlEvaluation. 292,40001,3T,156,nopattern,nopattern
2025-12-16 23:42:11,443 [main] DEBUG c.p.b.e.r.s.MlEvaluationCreator.create - creating MlEvaluation. 292,40001,3T,162,nopattern,nopattern
2025-12-16 23:42:11,451 [main] DEBUG c.p.b.e.r.s.MlEvaluationCreator.create - creating MlEvaluation. 292,40001,3T,163,nopattern,nopattern
2025-12-16 23:42:11,459 [main] DEBUG c.p.b.e.r.s.MlEvaluationCreator.create - creating MlEvaluation. 292,40001,3T,164,nopattern,nopattern
2025-12-16 23:42:11,464 [main] DEBUG c.p.b.e.r.s.MlEvaluationCreator.create - creating MlEvaluation. 292,40001,3T,165,nopattern,nopattern
2025-12-16 23:42:11,484 [main] DEBUG c.p.b.e.r.s.MlEvaluationCreator.create - creating MlEvaluation. 292,40001,3T,213,nopattern,nopattern
2025-12-16 23:42:11,503 [main] DEBUG c.p.b.e.r.s.MlEvaluationCreator.create - creating MlEvaluation. 292,40001,3T,214,nopattern,nopattern
2025-12-16 23:42:11,513 [main] DEBUG c.p.b.e.r.s.MlEvaluationCreator.create - creating MlEvaluation. 292,40001,3T,215,nopattern,nopattern
2025-12-16 23:42:11,519 [main] DEBUG c.p.b.e.r.s.MlEvaluationCreator.create - creating MlEvaluation. 292,40001,3T,216,nopattern,nopattern
2025-12-16 23:42:11,526 [main] DEBUG c.p.b.e.r.s.MlEvaluationCreator.create - creating MlEvaluation. 292,40001,3T,231,nopattern,nopattern
2025-12-16 23:42:11,530 [main] DEBUG c.p.b.e.r.s.MlEvaluationCreator.create - creating MlEvaluation. 292,40001,3T,234,nopattern,nopattern
2025-12-16 23:42:11,533 [main] DEBUG c.p.b.e.r.s.MlEvaluationCreator.create - creating MlEvaluation. 292,40001,3T,235,nopattern,nopattern
2025-12-16 23:42:11,536 [main] DEBUG c.p.b.e.r.s.MlEvaluationCreator.create - creating MlEvaluation. 292,40001,3T,236,nopattern,nopattern
2025-12-16 23:42:11,538 [main] DEBUG c.p.b.e.r.s.MlEvaluationCreator.create - creating MlEvaluation. 292,40001,3T,241,nopattern,nopattern
2025-12-16 23:42:11,543 [main] DEBUG c.p.b.e.r.s.MlEvaluationCreator.create - creating MlEvaluation. 292,40001,3T,243,nopattern,nopattern
2025-12-16 23:42:11,545 [main] DEBUG c.p.b.e.r.s.MlEvaluationCreator.create - creating MlEvaluation. 292,40001,3T,245,nopattern,nopattern
2025-12-16 23:42:11,548 [main] DEBUG c.p.b.e.r.s.MlEvaluationCreator.create - creating MlEvaluation. 292,40001,3T,246,nopattern,nopattern
2025-12-16 23:42:11,551 [main] DEBUG c.p.b.e.r.s.MlEvaluationCreator.create - creating MlEvaluation. 292,40001,3T,251,nopattern,nopattern
2025-12-16 23:42:11,553 [main] DEBUG c.p.b.e.r.s.MlEvaluationCreator.create - creating MlEvaluation. 292,40001,3T,253,nopattern,nopattern
2025-12-16 23:42:11,556 [main] DEBUG c.p.b.e.r.s.MlEvaluationCreator.create - creating MlEvaluation. 292,40001,3T,254,nopattern,nopattern
2025-12-16 23:42:11,559 [main] DEBUG c.p.b.e.r.s.MlEvaluationCreator.create - creating MlEvaluation. 292,40001,3T,261,nopattern,nopattern
2025-12-16 23:42:11,562 [main] DEBUG c.p.b.e.r.s.MlEvaluationCreator.create - creating MlEvaluation. 292,40001,3T,263,nopattern,nopattern
2025-12-16 23:42:11,564 [main] DEBUG c.p.b.e.r.s.MlEvaluationCreator.create - creating MlEvaluation. 292,40001,3T,264,nopattern,nopattern
2025-12-16 23:42:11,567 [main] DEBUG c.p.b.e.r.s.MlEvaluationCreator.create - creating MlEvaluation. 292,40001,3T,265,nopattern,nopattern
2025-12-16 23:42:11,587 [main] DEBUG c.p.b.e.r.s.MlEvaluationCreator.create - creating MlEvaluation. 292,40001,3T,312,nopattern,nopattern
2025-12-16 23:42:11,601 [main] DEBUG c.p.b.e.r.s.MlEvaluationCreator.create - creating MlEvaluation. 292,40001,3T,314,nopattern,nopattern
2025-12-16 23:42:11,607 [main] DEBUG c.p.b.e.r.s.MlEvaluationCreator.create - creating MlEvaluation. 292,40001,3T,315,nopattern,nopattern
2025-12-16 23:42:11,611 [main] DEBUG c.p.b.e.r.s.MlEvaluationCreator.create - creating MlEvaluation. 292,40001,3T,316,nopattern,nopattern
2025-12-16 23:42:11,619 [main] DEBUG c.p.b.e.r.s.MlEvaluationCreator.create - creating MlEvaluation. 292,40001,3T,321,nopattern,nopattern
2025-12-16 23:42:11,624 [main] DEBUG c.p.b.e.r.s.MlEvaluationCreator.create - creating MlEvaluation. 292,40001,3T,324,nopattern,nopattern
2025-12-16 23:42:11,627 [main] DEBUG c.p.b.e.r.s.MlEvaluationCreator.create - creating MlEvaluation. 292,40001,3T,325,nopattern,nopattern
2025-12-16 23:42:11,629 [main] DEBUG c.p.b.e.r.s.MlEvaluationCreator.create - creating MlEvaluation. 292,40001,3T,326,nopattern,nopattern
2025-12-16 23:42:11,632 [main] DEBUG c.p.b.e.r.s.MlEvaluationCreator.create - creating MlEvaluation. 292,40001,3T,341,nopattern,nopattern
2025-12-16 23:42:11,635 [main] DEBUG c.p.b.e.r.s.MlEvaluationCreator.create - creating MlEvaluation. 292,40001,3T,342,nopattern,nopattern
2025-12-16 23:42:11,638 [main] DEBUG c.p.b.e.r.s.MlEvaluationCreator.create - creating MlEvaluation. 292,40001,3T,345,nopattern,nopattern
2025-12-16 23:42:11,639 [main] DEBUG c.p.b.e.r.s.MlEvaluationCreator.create - creating MlEvaluation. 292,40001,3T,351,nopattern,nopattern
2025-12-16 23:42:11,643 [main] DEBUG c.p.b.e.r.s.MlEvaluationCreator.create - creating MlEvaluation. 292,40001,3T,352,nopattern,nopattern
2025-12-16 23:42:11,645 [main] DEBUG c.p.b.e.r.s.MlEvaluationCreator.create - creating MlEvaluation. 292,40001,3T,361,nopattern,nopattern
2025-12-16 23:42:11,648 [main] DEBUG c.p.b.e.r.s.MlEvaluationCreator.create - creating MlEvaluation. 292,40001,3T,362,nopattern,nopattern
2025-12-16 23:42:11,651 [main] DEBUG c.p.b.e.r.s.MlEvaluationCreator.create - creating MlEvaluation. 292,40001,3T,364,nopattern,nopattern
2025-12-16 23:42:11,652 [main] DEBUG c.p.b.e.r.s.MlEvaluationCreator.create - creating MlEvaluation. 292,40001,3T,365,nopattern,nopattern
2025-12-16 23:42:11,663 [main] DEBUG c.p.b.e.r.s.MlEvaluationCreator.create - creating MlEvaluation. 292,40001,3T,412,nopattern,nopattern
2025-12-16 23:42:11,677 [main] DEBUG c.p.b.e.r.s.MlEvaluationCreator.create - creating MlEvaluation. 292,40001,3T,413,nopattern,nopattern
2025-12-16 23:42:11,683 [main] DEBUG c.p.b.e.r.s.MlEvaluationCreator.create - creating MlEvaluation. 292,40001,3T,415,nopattern,nopattern
2025-12-16 23:42:11,687 [main] DEBUG c.p.b.e.r.s.MlEvaluationCreator.create - creating MlEvaluation. 292,40001,3T,416,nopattern,nopattern
2025-12-16 23:42:11,692 [main] DEBUG c.p.b.e.r.s.MlEvaluationCreator.create - creating MlEvaluation. 292,40001,3T,421,nopattern,nopattern
2025-12-16 23:42:11,697 [main] DEBUG c.p.b.e.r.s.MlEvaluationCreator.create - creating MlEvaluation. 292,40001,3T,423,nopattern,nopattern
2025-12-16 23:42:11,701 [main] DEBUG c.p.b.e.r.s.MlEvaluationCreator.create - creating MlEvaluation. 292,40001,3T,425,nopattern,nopattern
2025-12-16 23:42:11,704 [main] DEBUG c.p.b.e.r.s.MlEvaluationCreator.create - creating MlEvaluation. 292,40001,3T,426,nopattern,nopattern
2025-12-16 23:42:11,707 [main] DEBUG c.p.b.e.r.s.MlEvaluationCreator.create - creating MlEvaluation. 292,40001,3T,431,nopattern,nopattern
2025-12-16 23:42:11,710 [main] DEBUG c.p.b.e.r.s.MlEvaluationCreator.create - creating MlEvaluation. 292,40001,3T,432,nopattern,nopattern
2025-12-16 23:42:11,714 [main] DEBUG c.p.b.e.r.s.MlEvaluationCreator.create - creating MlEvaluation. 292,40001,3T,435,nopattern,nopattern
2025-12-16 23:42:11,717 [main] DEBUG c.p.b.e.r.s.MlEvaluationCreator.create - creating MlEvaluation. 292,40001,3T,451,nopattern,nopattern
2025-12-16 23:42:11,719 [main] DEBUG c.p.b.e.r.s.MlEvaluationCreator.create - creating MlEvaluation. 292,40001,3T,452,nopattern,nopattern
2025-12-16 23:42:11,720 [main] DEBUG c.p.b.e.r.s.MlEvaluationCreator.create - creating MlEvaluation. 292,40001,3T,453,nopattern,nopattern
2025-12-16 23:42:11,721 [main] DEBUG c.p.b.e.r.s.MlEvaluationCreator.create - creating MlEvaluation. 292,40001,3T,456,nopattern,nopattern
2025-12-16 23:42:11,722 [main] DEBUG c.p.b.e.r.s.MlEvaluationCreator.create - creating MlEvaluation. 292,40001,3T,461,nopattern,nopattern
2025-12-16 23:42:11,724 [main] DEBUG c.p.b.e.r.s.MlEvaluationCreator.create - creating MlEvaluation. 292,40001,3T,462,nopattern,nopattern
2025-12-16 23:42:11,726 [main] DEBUG c.p.b.e.r.s.MlEvaluationCreator.create - creating MlEvaluation. 292,40001,3T,463,nopattern,nopattern
2025-12-16 23:42:11,732 [main] DEBUG c.p.b.e.r.s.MlEvaluationCreator.create - creating MlEvaluation. 292,40001,3T,512,nopattern,nopattern
2025-12-16 23:42:11,738 [main] DEBUG c.p.b.e.r.s.MlEvaluationCreator.create - creating MlEvaluation. 292,40001,3T,513,nopattern,nopattern
2025-12-16 23:42:11,742 [main] DEBUG c.p.b.e.r.s.MlEvaluationCreator.create - creating MlEvaluation. 292,40001,3T,514,nopattern,nopattern
2025-12-16 23:42:11,746 [main] DEBUG c.p.b.e.r.s.MlEvaluationCreator.create - creating MlEvaluation. 292,40001,3T,516,nopattern,nopattern
2025-12-16 23:42:11,750 [main] DEBUG c.p.b.e.r.s.MlEvaluationCreator.create - creating MlEvaluation. 292,40001,3T,521,nopattern,nopattern
2025-12-16 23:42:11,753 [main] DEBUG c.p.b.e.r.s.MlEvaluationCreator.create - creating MlEvaluation. 292,40001,3T,523,nopattern,nopattern
2025-12-16 23:42:11,756 [main] DEBUG c.p.b.e.r.s.MlEvaluationCreator.create - creating MlEvaluation. 292,40001,3T,524,nopattern,nopattern
2025-12-16 23:42:11,758 [main] DEBUG c.p.b.e.r.s.MlEvaluationCreator.create - creating MlEvaluation. 292,40001,3T,526,nopattern,nopattern
2025-12-16 23:42:11,759 [main] DEBUG c.p.b.e.r.s.MlEvaluationCreator.create - creating MlEvaluation. 292,40001,3T,531,nopattern,nopattern
2025-12-16 23:42:11,763 [main] DEBUG c.p.b.e.r.s.MlEvaluationCreator.create - creating MlEvaluation. 292,40001,3T,532,nopattern,nopattern
2025-12-16 23:42:11,765 [main] DEBUG c.p.b.e.r.s.MlEvaluationCreator.create - creating MlEvaluation. 292,40001,3T,534,nopattern,nopattern
2025-12-16 23:42:11,766 [main] DEBUG c.p.b.e.r.s.MlEvaluationCreator.create - creating MlEvaluation. 292,40001,3T,541,nopattern,nopattern
2025-12-16 23:42:11,769 [main] DEBUG c.p.b.e.r.s.MlEvaluationCreator.create - creating MlEvaluation. 292,40001,3T,542,nopattern,nopattern
2025-12-16 23:42:11,772 [main] DEBUG c.p.b.e.r.s.MlEvaluationCreator.create - creating MlEvaluation. 292,40001,3T,561,nopattern,nopattern
2025-12-16 23:42:11,777 [main] DEBUG c.p.b.e.r.s.MlEvaluationCreator.create - creating MlEvaluation. 292,40001,3T,612,nopattern,nopattern
2025-12-16 23:42:11,782 [main] DEBUG c.p.b.e.r.s.MlEvaluationCreator.create - creating MlEvaluation. 292,40001,3T,613,nopattern,nopattern
2025-12-16 23:42:11,785 [main] DEBUG c.p.b.e.r.s.MlEvaluationCreator.create - creating MlEvaluation. 292,40001,3T,614,nopattern,nopattern
2025-12-16 23:42:11,788 [main] DEBUG c.p.b.e.r.s.MlEvaluationCreator.create - creating MlEvaluation. 292,40001,3T,615,nopattern,nopattern
2025-12-16 23:42:11,793 [main] DEBUG c.p.b.e.r.s.MlEvaluationCreator.create - creating MlEvaluation. 292,40001,3T,621,nopattern,nopattern
2025-12-16 23:42:11,796 [main] DEBUG c.p.b.e.r.s.MlEvaluationCreator.create - creating MlEvaluation. 292,40001,3T,623,nopattern,nopattern
2025-12-16 23:42:11,799 [main] DEBUG c.p.b.e.r.s.MlEvaluationCreator.create - creating MlEvaluation. 292,40001,3T,624,nopattern,nopattern
2025-12-16 23:42:11,802 [main] DEBUG c.p.b.e.r.s.MlEvaluationCreator.create - creating MlEvaluation. 292,40001,3T,625,nopattern,nopattern
2025-12-16 23:42:11,803 [main] DEBUG c.p.b.e.r.s.MlEvaluationCreator.create - creating MlEvaluation. 292,40001,3T,631,nopattern,nopattern
2025-12-16 23:42:11,807 [main] DEBUG c.p.b.e.r.s.MlEvaluationCreator.create - creating MlEvaluation. 292,40001,3T,632,nopattern,nopattern
2025-12-16 23:42:11,809 [main] DEBUG c.p.b.e.r.s.MlEvaluationCreator.create - creating MlEvaluation. 292,40001,3T,634,nopattern,nopattern
2025-12-16 23:42:11,812 [main] DEBUG c.p.b.e.r.s.MlEvaluationCreator.create - creating MlEvaluation. 292,40001,3T,635,nopattern,nopattern
2025-12-16 23:42:11,813 [main] DEBUG c.p.b.e.r.s.MlEvaluationCreator.create - creating MlEvaluation. 292,40001,3T,641,nopattern,nopattern
2025-12-16 23:42:11,816 [main] DEBUG c.p.b.e.r.s.MlEvaluationCreator.create - creating MlEvaluation. 292,40001,3T,642,nopattern,nopattern
2025-12-16 23:42:11,819 [main] DEBUG c.p.b.e.r.s.MlEvaluationCreator.create - creating MlEvaluation. 292,40001,3T,651,nopattern,nopattern
2025-12-16 23:42:11,822 [main] DEBUG c.p.b.e.r.s.MlEvaluationCreator.create - creating MlEvaluation. 292,40001,3T,652,nopattern,nopattern
2025-12-16 23:42:12,655 [main] INFO  c.p.b.e.r.g.ResultGraphBuilder.save - graph saved. C:/Dev/experiment/expr10/result//23-2-rnk-no-ipsg/1T/1_1T_1_nopattern_nopattern_40001_23-2-rnk-no-ipsg_-351_6.45_18.3.png
2025-12-16 23:42:13,083 [main] INFO  c.p.b.e.r.g.ResultGraphBuilder.save - graph saved. C:/Dev/experiment/expr10/result//23-2-rnk-no-ipsg/1T/1_1T_2_nopattern_nopattern_40001_23-2-rnk-no-ipsg_-945_4.72_36.6.png
2025-12-16 23:42:13,517 [main] INFO  c.p.b.e.r.g.ResultGraphBuilder.save - graph saved. C:/Dev/experiment/expr10/result//23-2-rnk-no-ipsg/1T/1_1T_3_nopattern_nopattern_40001_23-2-rnk-no-ipsg_-674_4.24_31.7.png
2025-12-16 23:42:13,854 [main] INFO  c.p.b.e.r.g.ResultGraphBuilder.save - graph saved. C:/Dev/experiment/expr10/result//23-2-rnk-no-ipsg/1T/1_1T_4_nopattern_nopattern_40001_23-2-rnk-no-ipsg_-539_2.64_23.8.png
2025-12-16 23:42:14,163 [main] INFO  c.p.b.e.r.g.ResultGraphBuilder.save - graph saved. C:/Dev/experiment/expr10/result//23-2-rnk-no-ipsg/1T/1_1T_5_nopattern_nopattern_40001_23-2-rnk-no-ipsg_-264_1.28_12.1.png
2025-12-16 23:42:14,462 [main] INFO  c.p.b.e.r.g.ResultGraphBuilder.save - graph saved. C:/Dev/experiment/expr10/result//23-2-rnk-no-ipsg/1T/1_1T_6_nopattern_nopattern_40001_23-2-rnk-no-ipsg_-341_0.61_7.7.png
2025-12-16 23:42:14,771 [main] INFO  c.p.b.e.r.g.ResultGraphBuilder.save - graph saved. C:/Dev/experiment/expr10/result//23-2-rnk-no-ipsg/2F/1_2F_12_nopattern_nopattern_40001_23-2-rnk-no-ipsg_-497_6.13_36.3.png
2025-12-16 23:42:15,097 [main] INFO  c.p.b.e.r.g.ResultGraphBuilder.save - graph saved. C:/Dev/experiment/expr10/result//23-2-rnk-no-ipsg/2F/1_2F_13_nopattern_nopattern_40001_23-2-rnk-no-ipsg_-627_6.04_43.0.png
2025-12-16 23:42:15,393 [main] INFO  c.p.b.e.r.g.ResultGraphBuilder.save - graph saved. C:/Dev/experiment/expr10/result//23-2-rnk-no-ipsg/2F/1_2F_14_nopattern_nopattern_40001_23-2-rnk-no-ipsg_-1059_6.39_55.8.png
2025-12-16 23:42:15,757 [main] INFO  c.p.b.e.r.g.ResultGraphBuilder.save - graph saved. C:/Dev/experiment/expr10/result//23-2-rnk-no-ipsg/2F/1_2F_15_nopattern_nopattern_40001_23-2-rnk-no-ipsg_-899_4.02_47.4.png
2025-12-16 23:42:16,054 [main] INFO  c.p.b.e.r.g.ResultGraphBuilder.save - graph saved. C:/Dev/experiment/expr10/result//23-2-rnk-no-ipsg/2F/1_2F_16_nopattern_nopattern_40001_23-2-rnk-no-ipsg_-745_2.26_34.0.png
2025-12-16 23:42:16,348 [main] INFO  c.p.b.e.r.g.ResultGraphBuilder.save - graph saved. C:/Dev/experiment/expr10/result//23-2-rnk-no-ipsg/2F/1_2F_23_nopattern_nopattern_40001_23-2-rnk-no-ipsg_-58_0.67_7.1.png
2025-12-16 23:42:16,639 [main] INFO  c.p.b.e.r.g.ResultGraphBuilder.save - graph saved. C:/Dev/experiment/expr10/result//23-2-rnk-no-ipsg/2F/1_2F_24_nopattern_nopattern_40001_23-2-rnk-no-ipsg_-96_0.38_5.0.png
2025-12-16 23:42:16,923 [main] INFO  c.p.b.e.r.g.ResultGraphBuilder.save - graph saved. C:/Dev/experiment/expr10/result//23-2-rnk-no-ipsg/2F/1_2F_25_nopattern_nopattern_40001_23-2-rnk-no-ipsg_-39_0.15_2.0.png
2025-12-16 23:42:17,232 [main] INFO  c.p.b.e.r.g.ResultGraphBuilder.save - graph saved. C:/Dev/experiment/expr10/result//23-2-rnk-no-ipsg/2F/1_2F_26_nopattern_nopattern_40001_23-2-rnk-no-ipsg_-28_0.08_1.3.png
2025-12-16 23:42:17,518 [main] INFO  c.p.b.e.r.g.ResultGraphBuilder.save - graph saved. C:/Dev/experiment/expr10/result//23-2-rnk-no-ipsg/2F/1_2F_34_nopattern_nopattern_40001_23-2-rnk-no-ipsg_-57_0.23_2.7.png
2025-12-16 23:42:17,801 [main] INFO  c.p.b.e.r.g.ResultGraphBuilder.save - graph saved. C:/Dev/experiment/expr10/result//23-2-rnk-no-ipsg/2F/1_2F_35_nopattern_nopattern_40001_23-2-rnk-no-ipsg_-12_0.05_0.8.png
2025-12-16 23:42:18,084 [main] INFO  c.p.b.e.r.g.ResultGraphBuilder.save - graph saved. C:/Dev/experiment/expr10/result//23-2-rnk-no-ipsg/2F/1_2F_36_nopattern_nopattern_40001_23-2-rnk-no-ipsg_-22_0.03_0.6.png
2025-12-16 23:42:18,366 [main] INFO  c.p.b.e.r.g.ResultGraphBuilder.save - graph saved. C:/Dev/experiment/expr10/result//23-2-rnk-no-ipsg/2F/1_2F_45_nopattern_nopattern_40001_23-2-rnk-no-ipsg_7_0.05_0.4.png
2025-12-16 23:42:18,651 [main] INFO  c.p.b.e.r.g.ResultGraphBuilder.save - graph saved. C:/Dev/experiment/expr10/result//23-2-rnk-no-ipsg/2F/1_2F_46_nopattern_nopattern_40001_23-2-rnk-no-ipsg_-9_0.02_0.3.png
2025-12-16 23:42:18,922 [main] INFO  c.p.b.e.r.g.ResultGraphBuilder.save - graph saved. C:/Dev/experiment/expr10/result//23-2-rnk-no-ipsg/2F/1_2F_56_nopattern_nopattern_40001_23-2-rnk-no-ipsg_-5_0.0_0.0.png
2025-12-16 23:42:19,222 [main] INFO  c.p.b.e.r.g.ResultGraphBuilder.save - graph saved. C:/Dev/experiment/expr10/result//23-2-rnk-no-ipsg/2T/1_2T_12_nopattern_nopattern_40001_23-2-rnk-no-ipsg_-341_2.46_22.3.png
2025-12-16 23:42:19,522 [main] INFO  c.p.b.e.r.g.ResultGraphBuilder.save - graph saved. C:/Dev/experiment/expr10/result//23-2-rnk-no-ipsg/2T/1_2T_13_nopattern_nopattern_40001_23-2-rnk-no-ipsg_-478_2.37_26.0.png
2025-12-16 23:42:19,817 [main] INFO  c.p.b.e.r.g.ResultGraphBuilder.save - graph saved. C:/Dev/experiment/expr10/result//23-2-rnk-no-ipsg/2T/1_2T_14_nopattern_nopattern_40001_23-2-rnk-no-ipsg_-796_3.09_40.1.png
2025-12-16 23:42:20,106 [main] INFO  c.p.b.e.r.g.ResultGraphBuilder.save - graph saved. C:/Dev/experiment/expr10/result//23-2-rnk-no-ipsg/2T/1_2T_15_nopattern_nopattern_40001_23-2-rnk-no-ipsg_-674_2.35_39.5.png
2025-12-16 23:42:20,392 [main] INFO  c.p.b.e.r.g.ResultGraphBuilder.save - graph saved. C:/Dev/experiment/expr10/result//23-2-rnk-no-ipsg/2T/1_2T_16_nopattern_nopattern_40001_23-2-rnk-no-ipsg_-822_1.6_36.0.png
2025-12-16 23:42:20,689 [main] INFO  c.p.b.e.r.g.ResultGraphBuilder.save - graph saved. C:/Dev/experiment/expr10/result//23-2-rnk-no-ipsg/2T/1_2T_21_nopattern_nopattern_40001_23-2-rnk-no-ipsg_-1459_2.72_58.4.png
2025-12-16 23:42:20,971 [main] INFO  c.p.b.e.r.g.ResultGraphBuilder.save - graph saved. C:/Dev/experiment/expr10/result//23-2-rnk-no-ipsg/2T/1_2T_23_nopattern_nopattern_40001_23-2-rnk-no-ipsg_27_0.19_3.5.png
2025-12-16 23:42:21,258 [main] INFO  c.p.b.e.r.g.ResultGraphBuilder.save - graph saved. C:/Dev/experiment/expr10/result//23-2-rnk-no-ipsg/2T/1_2T_24_nopattern_nopattern_40001_23-2-rnk-no-ipsg_-58_0.09_2.2.png
2025-12-16 23:42:21,720 [main] INFO  c.p.b.e.r.g.ResultGraphBuilder.save - graph saved. C:/Dev/experiment/expr10/result//23-2-rnk-no-ipsg/2T/1_2T_25_nopattern_nopattern_40001_23-2-rnk-no-ipsg_-24_0.03_0.7.png
2025-12-16 23:42:22,003 [main] INFO  c.p.b.e.r.g.ResultGraphBuilder.save - graph saved. C:/Dev/experiment/expr10/result//23-2-rnk-no-ipsg/2T/1_2T_26_nopattern_nopattern_40001_23-2-rnk-no-ipsg_28_0.03_0.5.png
2025-12-16 23:42:22,357 [main] INFO  c.p.b.e.r.g.ResultGraphBuilder.save - graph saved. C:/Dev/experiment/expr10/result//23-2-rnk-no-ipsg/2T/1_2T_31_nopattern_nopattern_40001_23-2-rnk-no-ipsg_-1078_2.06_49.3.png
2025-12-16 23:42:22,651 [main] INFO  c.p.b.e.r.g.ResultGraphBuilder.save - graph saved. C:/Dev/experiment/expr10/result//23-2-rnk-no-ipsg/2T/1_2T_32_nopattern_nopattern_40001_23-2-rnk-no-ipsg_-25_0.26_5.3.png
2025-12-16 23:42:22,936 [main] INFO  c.p.b.e.r.g.ResultGraphBuilder.save - graph saved. C:/Dev/experiment/expr10/result//23-2-rnk-no-ipsg/2T/1_2T_34_nopattern_nopattern_40001_23-2-rnk-no-ipsg_-24_0.04_0.8.png
2025-12-16 23:42:23,220 [main] INFO  c.p.b.e.r.g.ResultGraphBuilder.save - graph saved. C:/Dev/experiment/expr10/result//23-2-rnk-no-ipsg/2T/1_2T_35_nopattern_nopattern_40001_23-2-rnk-no-ipsg_12_0.01_0.2.png
2025-12-16 23:42:23,492 [main] INFO  c.p.b.e.r.g.ResultGraphBuilder.save - graph saved. C:/Dev/experiment/expr10/result//23-2-rnk-no-ipsg/2T/1_2T_36_nopattern_nopattern_40001_23-2-rnk-no-ipsg_5_0.0_0.1.png
2025-12-16 23:42:23,780 [main] INFO  c.p.b.e.r.g.ResultGraphBuilder.save - graph saved. C:/Dev/experiment/expr10/result//23-2-rnk-no-ipsg/2T/1_2T_41_nopattern_nopattern_40001_23-2-rnk-no-ipsg_-1155_1.38_39.7.png
2025-12-16 23:42:24,068 [main] INFO  c.p.b.e.r.g.ResultGraphBuilder.save - graph saved. C:/Dev/experiment/expr10/result//23-2-rnk-no-ipsg/2T/1_2T_42_nopattern_nopattern_40001_23-2-rnk-no-ipsg_-15_0.17_3.5.png
2025-12-16 23:42:24,355 [main] INFO  c.p.b.e.r.g.ResultGraphBuilder.save - graph saved. C:/Dev/experiment/expr10/result//23-2-rnk-no-ipsg/2T/1_2T_43_nopattern_nopattern_40001_23-2-rnk-no-ipsg_0_0.12_2.4.png
2025-12-16 23:42:24,633 [main] INFO  c.p.b.e.r.g.ResultGraphBuilder.save - graph saved. C:/Dev/experiment/expr10/result//23-2-rnk-no-ipsg/2T/1_2T_45_nopattern_nopattern_40001_23-2-rnk-no-ipsg_2_0.0_0.1.png
2025-12-16 23:42:24,906 [main] INFO  c.p.b.e.r.g.ResultGraphBuilder.save - graph saved. C:/Dev/experiment/expr10/result//23-2-rnk-no-ipsg/2T/1_2T_46_nopattern_nopattern_40001_23-2-rnk-no-ipsg_-3_0.0_0.0.png
2025-12-16 23:42:25,199 [main] INFO  c.p.b.e.r.g.ResultGraphBuilder.save - graph saved. C:/Dev/experiment/expr10/result//23-2-rnk-no-ipsg/2T/1_2T_51_nopattern_nopattern_40001_23-2-rnk-no-ipsg_-147_0.51_12.7.png
2025-12-16 23:42:25,490 [main] INFO  c.p.b.e.r.g.ResultGraphBuilder.save - graph saved. C:/Dev/experiment/expr10/result//23-2-rnk-no-ipsg/2T/1_2T_52_nopattern_nopattern_40001_23-2-rnk-no-ipsg_-18_0.05_1.3.png
2025-12-16 23:42:25,772 [main] INFO  c.p.b.e.r.g.ResultGraphBuilder.save - graph saved. C:/Dev/experiment/expr10/result//23-2-rnk-no-ipsg/2T/1_2T_53_nopattern_nopattern_40001_23-2-rnk-no-ipsg_-29_0.03_0.8.png
2025-12-16 23:42:26,052 [main] INFO  c.p.b.e.r.g.ResultGraphBuilder.save - graph saved. C:/Dev/experiment/expr10/result//23-2-rnk-no-ipsg/2T/1_2T_54_nopattern_nopattern_40001_23-2-rnk-no-ipsg_-4_0.01_0.3.png
2025-12-16 23:42:26,278 [main] INFO  c.p.b.e.r.g.ResultGraphBuilder.save - graph saved. C:/Dev/experiment/expr10/result//23-2-rnk-no-ipsg/2T/1_2T_56_nopattern_nopattern_40001_23-2-rnk-no-ipsg_-1_0.0_0.0.png
2025-12-16 23:42:26,752 [main] INFO  c.p.b.e.r.g.ResultGraphBuilder.save - graph saved. C:/Dev/experiment/expr10/result//23-2-rnk-no-ipsg/2T/1_2T_61_nopattern_nopattern_40001_23-2-rnk-no-ipsg_-294_0.19_7.4.png
2025-12-16 23:42:27,041 [main] INFO  c.p.b.e.r.g.ResultGraphBuilder.save - graph saved. C:/Dev/experiment/expr10/result//23-2-rnk-no-ipsg/2T/1_2T_62_nopattern_nopattern_40001_23-2-rnk-no-ipsg_-12_0.03_0.9.png
2025-12-16 23:42:27,333 [main] INFO  c.p.b.e.r.g.ResultGraphBuilder.save - graph saved. C:/Dev/experiment/expr10/result//23-2-rnk-no-ipsg/2T/1_2T_63_nopattern_nopattern_40001_23-2-rnk-no-ipsg_-20_0.01_0.5.png
2025-12-16 23:42:27,609 [main] INFO  c.p.b.e.r.g.ResultGraphBuilder.save - graph saved. C:/Dev/experiment/expr10/result//23-2-rnk-no-ipsg/2T/1_2T_64_nopattern_nopattern_40001_23-2-rnk-no-ipsg_0_0.01_0.2.png
2025-12-16 23:42:27,920 [main] INFO  c.p.b.e.r.g.ResultGraphBuilder.save - graph saved. C:/Dev/experiment/expr10/result//23-2-rnk-no-ipsg/2T/1_2T_65_nopattern_nopattern_40001_23-2-rnk-no-ipsg_0_0.0_0.0.png
2025-12-16 23:42:28,215 [main] INFO  c.p.b.e.r.g.ResultGraphBuilder.save - graph saved. C:/Dev/experiment/expr10/result//23-2-rnk-no-ipsg/3F/1_3F_123_nopattern_nopattern_40001_23-2-rnk-no-ipsg_-727_6.29_51.4.png
2025-12-16 23:42:28,507 [main] INFO  c.p.b.e.r.g.ResultGraphBuilder.save - graph saved. C:/Dev/experiment/expr10/result//23-2-rnk-no-ipsg/3F/1_3F_124_nopattern_nopattern_40001_23-2-rnk-no-ipsg_-1413_5.65_63.8.png
2025-12-16 23:42:28,798 [main] INFO  c.p.b.e.r.g.ResultGraphBuilder.save - graph saved. C:/Dev/experiment/expr10/result//23-2-rnk-no-ipsg/3F/1_3F_125_nopattern_nopattern_40001_23-2-rnk-no-ipsg_-1323_3.69_60.5.png
2025-12-16 23:42:29,087 [main] INFO  c.p.b.e.r.g.ResultGraphBuilder.save - graph saved. C:/Dev/experiment/expr10/result//23-2-rnk-no-ipsg/3F/1_3F_126_nopattern_nopattern_40001_23-2-rnk-no-ipsg_-980_3.1_60.9.png
2025-12-16 23:42:29,379 [main] INFO  c.p.b.e.r.g.ResultGraphBuilder.save - graph saved. C:/Dev/experiment/expr10/result//23-2-rnk-no-ipsg/3F/1_3F_134_nopattern_nopattern_40001_23-2-rnk-no-ipsg_-1400_4.67_60.1.png
2025-12-16 23:42:29,672 [main] INFO  c.p.b.e.r.g.ResultGraphBuilder.save - graph saved. C:/Dev/experiment/expr10/result//23-2-rnk-no-ipsg/3F/1_3F_135_nopattern_nopattern_40001_23-2-rnk-no-ipsg_-1056_2.22_42.3.png
2025-12-16 23:42:29,961 [main] INFO  c.p.b.e.r.g.ResultGraphBuilder.save - graph saved. C:/Dev/experiment/expr10/result//23-2-rnk-no-ipsg/3F/1_3F_136_nopattern_nopattern_40001_23-2-rnk-no-ipsg_-826_2.04_46.1.png
2025-12-16 23:42:30,253 [main] INFO  c.p.b.e.r.g.ResultGraphBuilder.save - graph saved. C:/Dev/experiment/expr10/result//23-2-rnk-no-ipsg/3F/1_3F_145_nopattern_nopattern_40001_23-2-rnk-no-ipsg_-986_2.07_44.5.png
2025-12-16 23:42:30,540 [main] INFO  c.p.b.e.r.g.ResultGraphBuilder.save - graph saved. C:/Dev/experiment/expr10/result//23-2-rnk-no-ipsg/3F/1_3F_146_nopattern_nopattern_40001_23-2-rnk-no-ipsg_-620_1.42_34.2.png
2025-12-16 23:42:30,830 [main] INFO  c.p.b.e.r.g.ResultGraphBuilder.save - graph saved. C:/Dev/experiment/expr10/result//23-2-rnk-no-ipsg/3F/1_3F_156_nopattern_nopattern_40001_23-2-rnk-no-ipsg_-378_0.43_13.9.png
2025-12-16 23:42:31,121 [main] INFO  c.p.b.e.r.g.ResultGraphBuilder.save - graph saved. C:/Dev/experiment/expr10/result//23-2-rnk-no-ipsg/3F/1_3F_234_nopattern_nopattern_40001_23-2-rnk-no-ipsg_-237_0.38_8.9.png
2025-12-16 23:42:31,407 [main] INFO  c.p.b.e.r.g.ResultGraphBuilder.save - graph saved. C:/Dev/experiment/expr10/result//23-2-rnk-no-ipsg/3F/1_3F_235_nopattern_nopattern_40001_23-2-rnk-no-ipsg_-96_0.12_3.7.png
2025-12-16 23:42:31,695 [main] INFO  c.p.b.e.r.g.ResultGraphBuilder.save - graph saved. C:/Dev/experiment/expr10/result//23-2-rnk-no-ipsg/3F/1_3F_236_nopattern_nopattern_40001_23-2-rnk-no-ipsg_-38_0.13_3.0.png
2025-12-16 23:42:31,993 [main] INFO  c.p.b.e.r.g.ResultGraphBuilder.save - graph saved. C:/Dev/experiment/expr10/result//23-2-rnk-no-ipsg/3F/1_3F_245_nopattern_nopattern_40001_23-2-rnk-no-ipsg_-15_0.09_2.3.png
2025-12-16 23:42:32,286 [main] INFO  c.p.b.e.r.g.ResultGraphBuilder.save - graph saved. C:/Dev/experiment/expr10/result//23-2-rnk-no-ipsg/3F/1_3F_246_nopattern_nopattern_40001_23-2-rnk-no-ipsg_-66_0.04_1.4.png
2025-12-16 23:42:32,562 [main] INFO  c.p.b.e.r.g.ResultGraphBuilder.save - graph saved. C:/Dev/experiment/expr10/result//23-2-rnk-no-ipsg/3F/1_3F_256_nopattern_nopattern_40001_23-2-rnk-no-ipsg_-28_0.01_0.5.png
2025-12-16 23:42:32,851 [main] INFO  c.p.b.e.r.g.ResultGraphBuilder.save - graph saved. C:/Dev/experiment/expr10/result//23-2-rnk-no-ipsg/3F/1_3F_345_nopattern_nopattern_40001_23-2-rnk-no-ipsg_-12_0.04_1.1.png
2025-12-16 23:42:33,179 [main] INFO  c.p.b.e.r.g.ResultGraphBuilder.save - graph saved. C:/Dev/experiment/expr10/result//23-2-rnk-no-ipsg/3F/1_3F_346_nopattern_nopattern_40001_23-2-rnk-no-ipsg_-13_0.03_0.8.png
2025-12-16 23:42:33,455 [main] INFO  c.p.b.e.r.g.ResultGraphBuilder.save - graph saved. C:/Dev/experiment/expr10/result//23-2-rnk-no-ipsg/3F/1_3F_356_nopattern_nopattern_40001_23-2-rnk-no-ipsg_22_0.01_0.1.png
2025-12-16 23:42:33,702 [main] INFO  c.p.b.e.r.g.ResultGraphBuilder.save - graph saved. C:/Dev/experiment/expr10/result//23-2-rnk-no-ipsg/3F/1_3F_456_nopattern_nopattern_40001_23-2-rnk-no-ipsg_-3_0.0_0.0.png
2025-12-16 23:42:33,988 [main] INFO  c.p.b.e.r.g.ResultGraphBuilder.save - graph saved. C:/Dev/experiment/expr10/result//23-2-rnk-no-ipsg/3T/1_3T_123_nopattern_nopattern_40001_23-2-rnk-no-ipsg_-293_0.64_14.1.png
2025-12-16 23:42:34,277 [main] INFO  c.p.b.e.r.g.ResultGraphBuilder.save - graph saved. C:/Dev/experiment/expr10/result//23-2-rnk-no-ipsg/3T/1_3T_124_nopattern_nopattern_40001_23-2-rnk-no-ipsg_-297_0.51_12.6.png
2025-12-16 23:42:34,567 [main] INFO  c.p.b.e.r.g.ResultGraphBuilder.save - graph saved. C:/Dev/experiment/expr10/result//23-2-rnk-no-ipsg/3T/1_3T_125_nopattern_nopattern_40001_23-2-rnk-no-ipsg_-139_0.21_6.5.png
2025-12-16 23:42:34,859 [main] INFO  c.p.b.e.r.g.ResultGraphBuilder.save - graph saved. C:/Dev/experiment/expr10/result//23-2-rnk-no-ipsg/3T/1_3T_126_nopattern_nopattern_40001_23-2-rnk-no-ipsg_-1_0.21_6.0.png
2025-12-16 23:42:35,160 [main] INFO  c.p.b.e.r.g.ResultGraphBuilder.save - graph saved. C:/Dev/experiment/expr10/result//23-2-rnk-no-ipsg/3T/1_3T_132_nopattern_nopattern_40001_23-2-rnk-no-ipsg_-239_1.18_26.0.png
2025-12-16 23:42:35,458 [main] INFO  c.p.b.e.r.g.ResultGraphBuilder.save - graph saved. C:/Dev/experiment/expr10/result//23-2-rnk-no-ipsg/3T/1_3T_134_nopattern_nopattern_40001_23-2-rnk-no-ipsg_-287_0.25_8.2.png
2025-12-16 23:42:35,741 [main] INFO  c.p.b.e.r.g.ResultGraphBuilder.save - graph saved. C:/Dev/experiment/expr10/result//23-2-rnk-no-ipsg/3T/1_3T_135_nopattern_nopattern_40001_23-2-rnk-no-ipsg_-71_0.07_2.3.png
2025-12-16 23:42:36,026 [main] INFO  c.p.b.e.r.g.ResultGraphBuilder.save - graph saved. C:/Dev/experiment/expr10/result//23-2-rnk-no-ipsg/3T/1_3T_136_nopattern_nopattern_40001_23-2-rnk-no-ipsg_-62_0.06_2.6.png
2025-12-16 23:42:36,327 [main] INFO  c.p.b.e.r.g.ResultGraphBuilder.save - graph saved. C:/Dev/experiment/expr10/result//23-2-rnk-no-ipsg/3T/1_3T_142_nopattern_nopattern_40001_23-2-rnk-no-ipsg_-554_0.97_28.3.png
2025-12-16 23:42:36,614 [main] INFO  c.p.b.e.r.g.ResultGraphBuilder.save - graph saved. C:/Dev/experiment/expr10/result//23-2-rnk-no-ipsg/3T/1_3T_143_nopattern_nopattern_40001_23-2-rnk-no-ipsg_-658_0.72_23.8.png
2025-12-16 23:42:36,899 [main] INFO  c.p.b.e.r.g.ResultGraphBuilder.save - graph saved. C:/Dev/experiment/expr10/result//23-2-rnk-no-ipsg/3T/1_3T_145_nopattern_nopattern_40001_23-2-rnk-no-ipsg_-96_0.06_2.6.png
2025-12-16 23:42:37,192 [main] INFO  c.p.b.e.r.g.ResultGraphBuilder.save - graph saved. C:/Dev/experiment/expr10/result//23-2-rnk-no-ipsg/3T/1_3T_146_nopattern_nopattern_40001_23-2-rnk-no-ipsg_-43_0.04_1.5.png
2025-12-16 23:42:37,486 [main] INFO  c.p.b.e.r.g.ResultGraphBuilder.save - graph saved. C:/Dev/experiment/expr10/result//23-2-rnk-no-ipsg/3T/1_3T_152_nopattern_nopattern_40001_23-2-rnk-no-ipsg_-358_0.37_16.7.png
2025-12-16 23:42:37,843 [main] INFO  c.p.b.e.r.g.ResultGraphBuilder.save - graph saved. C:/Dev/experiment/expr10/result//23-2-rnk-no-ipsg/3T/1_3T_153_nopattern_nopattern_40001_23-2-rnk-no-ipsg_-346_0.23_10.4.png
2025-12-16 23:42:38,179 [main] INFO  c.p.b.e.r.g.ResultGraphBuilder.save - graph saved. C:/Dev/experiment/expr10/result//23-2-rnk-no-ipsg/3T/1_3T_154_nopattern_nopattern_40001_23-2-rnk-no-ipsg_-147_0.23_8.5.png
2025-12-16 23:42:38,469 [main] INFO  c.p.b.e.r.g.ResultGraphBuilder.save - graph saved. C:/Dev/experiment/expr10/result//23-2-rnk-no-ipsg/3T/1_3T_156_nopattern_nopattern_40001_23-2-rnk-no-ipsg_-27_0.0_0.3.png
2025-12-16 23:42:38,760 [main] INFO  c.p.b.e.r.g.ResultGraphBuilder.save - graph saved. C:/Dev/experiment/expr10/result//23-2-rnk-no-ipsg/3T/1_3T_162_nopattern_nopattern_40001_23-2-rnk-no-ipsg_-282_0.2_10.0.png
2025-12-16 23:42:39,049 [main] INFO  c.p.b.e.r.g.ResultGraphBuilder.save - graph saved. C:/Dev/experiment/expr10/result//23-2-rnk-no-ipsg/3T/1_3T_163_nopattern_nopattern_40001_23-2-rnk-no-ipsg_-89_0.16_6.3.png
2025-12-16 23:42:39,343 [main] INFO  c.p.b.e.r.g.ResultGraphBuilder.save - graph saved. C:/Dev/experiment/expr10/result//23-2-rnk-no-ipsg/3T/1_3T_164_nopattern_nopattern_40001_23-2-rnk-no-ipsg_-147_0.07_4.1.png
2025-12-16 23:42:39,623 [main] INFO  c.p.b.e.r.g.ResultGraphBuilder.save - graph saved. C:/Dev/experiment/expr10/result//23-2-rnk-no-ipsg/3T/1_3T_165_nopattern_nopattern_40001_23-2-rnk-no-ipsg_-47_0.02_1.2.png
2025-12-16 23:42:39,904 [main] INFO  c.p.b.e.r.g.ResultGraphBuilder.save - graph saved. C:/Dev/experiment/expr10/result//23-2-rnk-no-ipsg/3T/1_3T_213_nopattern_nopattern_40001_23-2-rnk-no-ipsg_-534_0.66_26.5.png
2025-12-16 23:42:40,187 [main] INFO  c.p.b.e.r.g.ResultGraphBuilder.save - graph saved. C:/Dev/experiment/expr10/result//23-2-rnk-no-ipsg/3T/1_3T_214_nopattern_nopattern_40001_23-2-rnk-no-ipsg_-287_0.38_16.9.png
2025-12-16 23:42:40,478 [main] INFO  c.p.b.e.r.g.ResultGraphBuilder.save - graph saved. C:/Dev/experiment/expr10/result//23-2-rnk-no-ipsg/3T/1_3T_215_nopattern_nopattern_40001_23-2-rnk-no-ipsg_-50_0.12_4.9.png
2025-12-16 23:42:40,763 [main] INFO  c.p.b.e.r.g.ResultGraphBuilder.save - graph saved. C:/Dev/experiment/expr10/result//23-2-rnk-no-ipsg/3T/1_3T_216_nopattern_nopattern_40001_23-2-rnk-no-ipsg_-54_0.06_2.4.png
2025-12-16 23:42:41,054 [main] INFO  c.p.b.e.r.g.ResultGraphBuilder.save - graph saved. C:/Dev/experiment/expr10/result//23-2-rnk-no-ipsg/3T/1_3T_231_nopattern_nopattern_40001_23-2-rnk-no-ipsg_-14_0.15_5.8.png
2025-12-16 23:42:41,329 [main] INFO  c.p.b.e.r.g.ResultGraphBuilder.save - graph saved. C:/Dev/experiment/expr10/result//23-2-rnk-no-ipsg/3T/1_3T_234_nopattern_nopattern_40001_23-2-rnk-no-ipsg_-11_0.0_0.1.png
2025-12-16 23:42:41,707 [main] INFO  c.p.b.e.r.g.ResultGraphBuilder.save - graph saved. C:/Dev/experiment/expr10/result//23-2-rnk-no-ipsg/3T/1_3T_235_nopattern_nopattern_40001_23-2-rnk-no-ipsg_-2_0.0_0.0.png
2025-12-16 23:42:41,996 [main] INFO  c.p.b.e.r.g.ResultGraphBuilder.save - graph saved. C:/Dev/experiment/expr10/result//23-2-rnk-no-ipsg/3T/1_3T_241_nopattern_nopattern_40001_23-2-rnk-no-ipsg_-177_0.05_3.3.png
2025-12-16 23:42:42,276 [main] INFO  c.p.b.e.r.g.ResultGraphBuilder.save - graph saved. C:/Dev/experiment/expr10/result//23-2-rnk-no-ipsg/3T/1_3T_243_nopattern_nopattern_40001_23-2-rnk-no-ipsg_-2_0.0_0.1.png
2025-12-16 23:42:42,498 [main] INFO  c.p.b.e.r.g.ResultGraphBuilder.save - graph saved. C:/Dev/experiment/expr10/result//23-2-rnk-no-ipsg/3T/1_3T_245_nopattern_nopattern_40001_23-2-rnk-no-ipsg_-1_0.0_0.0.png
2025-12-16 23:42:42,758 [main] INFO  c.p.b.e.r.g.ResultGraphBuilder.save - graph saved. C:/Dev/experiment/expr10/result//23-2-rnk-no-ipsg/3T/1_3T_246_nopattern_nopattern_40001_23-2-rnk-no-ipsg_0_0.0_0.0.png
2025-12-16 23:42:43,088 [main] INFO  c.p.b.e.r.g.ResultGraphBuilder.save - graph saved. C:/Dev/experiment/expr10/result//23-2-rnk-no-ipsg/3T/1_3T_251_nopattern_nopattern_40001_23-2-rnk-no-ipsg_-51_0.01_1.0.png
2025-12-16 23:42:43,335 [main] INFO  c.p.b.e.r.g.ResultGraphBuilder.save - graph saved. C:/Dev/experiment/expr10/result//23-2-rnk-no-ipsg/3T/1_3T_253_nopattern_nopattern_40001_23-2-rnk-no-ipsg_-3_0.0_0.0.png
2025-12-16 23:42:43,562 [main] INFO  c.p.b.e.r.g.ResultGraphBuilder.save - graph saved. C:/Dev/experiment/expr10/result//23-2-rnk-no-ipsg/3T/1_3T_254_nopattern_nopattern_40001_23-2-rnk-no-ipsg_3_0.0_0.0.png
2025-12-16 23:42:43,846 [main] INFO  c.p.b.e.r.g.ResultGraphBuilder.save - graph saved. C:/Dev/experiment/expr10/result//23-2-rnk-no-ipsg/3T/1_3T_261_nopattern_nopattern_40001_23-2-rnk-no-ipsg_-34_0.01_0.7.png
2025-12-16 23:42:44,085 [main] INFO  c.p.b.e.r.g.ResultGraphBuilder.save - graph saved. C:/Dev/experiment/expr10/result//23-2-rnk-no-ipsg/3T/1_3T_263_nopattern_nopattern_40001_23-2-rnk-no-ipsg_-2_0.0_0.0.png
2025-12-16 23:42:44,300 [main] INFO  c.p.b.e.r.g.ResultGraphBuilder.save - graph saved. C:/Dev/experiment/expr10/result//23-2-rnk-no-ipsg/3T/1_3T_264_nopattern_nopattern_40001_23-2-rnk-no-ipsg_0_0.0_0.0.png
2025-12-16 23:42:44,585 [main] INFO  c.p.b.e.r.g.ResultGraphBuilder.save - graph saved. C:/Dev/experiment/expr10/result//23-2-rnk-no-ipsg/3T/1_3T_312_nopattern_nopattern_40001_23-2-rnk-no-ipsg_-945_0.56_29.5.png
2025-12-16 23:42:44,889 [main] INFO  c.p.b.e.r.g.ResultGraphBuilder.save - graph saved. C:/Dev/experiment/expr10/result//23-2-rnk-no-ipsg/3T/1_3T_314_nopattern_nopattern_40001_23-2-rnk-no-ipsg_59_0.23_8.3.png
2025-12-16 23:42:45,176 [main] INFO  c.p.b.e.r.g.ResultGraphBuilder.save - graph saved. C:/Dev/experiment/expr10/result//23-2-rnk-no-ipsg/3T/1_3T_315_nopattern_nopattern_40001_23-2-rnk-no-ipsg_-60_0.02_1.7.png
2025-12-16 23:42:45,466 [main] INFO  c.p.b.e.r.g.ResultGraphBuilder.save - graph saved. C:/Dev/experiment/expr10/result//23-2-rnk-no-ipsg/3T/1_3T_316_nopattern_nopattern_40001_23-2-rnk-no-ipsg_-66_0.01_1.1.png
2025-12-16 23:42:45,754 [main] INFO  c.p.b.e.r.g.ResultGraphBuilder.save - graph saved. C:/Dev/experiment/expr10/result//23-2-rnk-no-ipsg/3T/1_3T_321_nopattern_nopattern_40001_23-2-rnk-no-ipsg_-224_0.15_7.5.png
2025-12-16 23:42:46,027 [main] INFO  c.p.b.e.r.g.ResultGraphBuilder.save - graph saved. C:/Dev/experiment/expr10/result//23-2-rnk-no-ipsg/3T/1_3T_324_nopattern_nopattern_40001_23-2-rnk-no-ipsg_6_0.0_0.1.png
2025-12-16 23:42:46,306 [main] INFO  c.p.b.e.r.g.ResultGraphBuilder.save - graph saved. C:/Dev/experiment/expr10/result//23-2-rnk-no-ipsg/3T/1_3T_325_nopattern_nopattern_40001_23-2-rnk-no-ipsg_-7_0.0_0.0.png
2025-12-16 23:42:46,546 [main] INFO  c.p.b.e.r.g.ResultGraphBuilder.save - graph saved. C:/Dev/experiment/expr10/result//23-2-rnk-no-ipsg/3T/1_3T_326_nopattern_nopattern_40001_23-2-rnk-no-ipsg_-3_0.0_0.0.png
2025-12-16 23:42:46,831 [main] INFO  c.p.b.e.r.g.ResultGraphBuilder.save - graph saved. C:/Dev/experiment/expr10/result//23-2-rnk-no-ipsg/3T/1_3T_341_nopattern_nopattern_40001_23-2-rnk-no-ipsg_-28_0.02_1.0.png
2025-12-16 23:42:47,105 [main] INFO  c.p.b.e.r.g.ResultGraphBuilder.save - graph saved. C:/Dev/experiment/expr10/result//23-2-rnk-no-ipsg/3T/1_3T_342_nopattern_nopattern_40001_23-2-rnk-no-ipsg_-6_0.0_0.1.png
2025-12-16 23:42:47,450 [main] INFO  c.p.b.e.r.g.ResultGraphBuilder.save - graph saved. C:/Dev/experiment/expr10/result//23-2-rnk-no-ipsg/3T/1_3T_351_nopattern_nopattern_40001_23-2-rnk-no-ipsg_19_0.01_0.2.png
2025-12-16 23:42:47,691 [main] INFO  c.p.b.e.r.g.ResultGraphBuilder.save - graph saved. C:/Dev/experiment/expr10/result//23-2-rnk-no-ipsg/3T/1_3T_352_nopattern_nopattern_40001_23-2-rnk-no-ipsg_10_0.0_0.0.png
2025-12-16 23:42:47,982 [main] INFO  c.p.b.e.r.g.ResultGraphBuilder.save - graph saved. C:/Dev/experiment/expr10/result//23-2-rnk-no-ipsg/3T/1_3T_361_nopattern_nopattern_40001_23-2-rnk-no-ipsg_14_0.0_0.1.png
2025-12-16 23:42:48,225 [main] INFO  c.p.b.e.r.g.ResultGraphBuilder.save - graph saved. C:/Dev/experiment/expr10/result//23-2-rnk-no-ipsg/3T/1_3T_362_nopattern_nopattern_40001_23-2-rnk-no-ipsg_12_0.0_0.0.png
2025-12-16 23:42:48,508 [main] INFO  c.p.b.e.r.g.ResultGraphBuilder.save - graph saved. C:/Dev/experiment/expr10/result//23-2-rnk-no-ipsg/3T/1_3T_412_nopattern_nopattern_40001_23-2-rnk-no-ipsg_-493_0.3_16.7.png
2025-12-16 23:42:48,798 [main] INFO  c.p.b.e.r.g.ResultGraphBuilder.save - graph saved. C:/Dev/experiment/expr10/result//23-2-rnk-no-ipsg/3T/1_3T_413_nopattern_nopattern_40001_23-2-rnk-no-ipsg_-632_0.15_11.6.png
2025-12-16 23:42:49,080 [main] INFO  c.p.b.e.r.g.ResultGraphBuilder.save - graph saved. C:/Dev/experiment/expr10/result//23-2-rnk-no-ipsg/3T/1_3T_415_nopattern_nopattern_40001_23-2-rnk-no-ipsg_-44_0.01_0.8.png
2025-12-16 23:42:49,362 [main] INFO  c.p.b.e.r.g.ResultGraphBuilder.save - graph saved. C:/Dev/experiment/expr10/result//23-2-rnk-no-ipsg/3T/1_3T_416_nopattern_nopattern_40001_23-2-rnk-no-ipsg_-25_0.0_0.4.png
2025-12-16 23:42:49,650 [main] INFO  c.p.b.e.r.g.ResultGraphBuilder.save - graph saved. C:/Dev/experiment/expr10/result//23-2-rnk-no-ipsg/3T/1_3T_421_nopattern_nopattern_40001_23-2-rnk-no-ipsg_-114_0.07_3.9.png
2025-12-16 23:42:49,926 [main] INFO  c.p.b.e.r.g.ResultGraphBuilder.save - graph saved. C:/Dev/experiment/expr10/result//23-2-rnk-no-ipsg/3T/1_3T_423_nopattern_nopattern_40001_23-2-rnk-no-ipsg_-7_0.0_0.3.png
2025-12-16 23:42:50,153 [main] INFO  c.p.b.e.r.g.ResultGraphBuilder.save - graph saved. C:/Dev/experiment/expr10/result//23-2-rnk-no-ipsg/3T/1_3T_425_nopattern_nopattern_40001_23-2-rnk-no-ipsg_-1_0.0_0.0.png
2025-12-16 23:42:50,440 [main] INFO  c.p.b.e.r.g.ResultGraphBuilder.save - graph saved. C:/Dev/experiment/expr10/result//23-2-rnk-no-ipsg/3T/1_3T_431_nopattern_nopattern_40001_23-2-rnk-no-ipsg_-73_0.04_2.2.png
2025-12-16 23:42:50,717 [main] INFO  c.p.b.e.r.g.ResultGraphBuilder.save - graph saved. C:/Dev/experiment/expr10/result//23-2-rnk-no-ipsg/3T/1_3T_432_nopattern_nopattern_40001_23-2-rnk-no-ipsg_29_0.01_0.2.png
2025-12-16 23:42:50,937 [main] INFO  c.p.b.e.r.g.ResultGraphBuilder.save - graph saved. C:/Dev/experiment/expr10/result//23-2-rnk-no-ipsg/3T/1_3T_435_nopattern_nopattern_40001_23-2-rnk-no-ipsg_-1_0.0_0.0.png
2025-12-16 23:42:51,200 [main] INFO  c.p.b.e.r.g.ResultGraphBuilder.save - graph saved. C:/Dev/experiment/expr10/result//23-2-rnk-no-ipsg/3T/1_3T_451_nopattern_nopattern_40001_23-2-rnk-no-ipsg_-5_0.0_0.0.png
2025-12-16 23:42:51,463 [main] INFO  c.p.b.e.r.g.ResultGraphBuilder.save - graph saved. C:/Dev/experiment/expr10/result//23-2-rnk-no-ipsg/3T/1_3T_461_nopattern_nopattern_40001_23-2-rnk-no-ipsg_-5_0.0_0.0.png
2025-12-16 23:42:51,732 [main] INFO  c.p.b.e.r.g.ResultGraphBuilder.save - graph saved. C:/Dev/experiment/expr10/result//23-2-rnk-no-ipsg/3T/1_3T_462_nopattern_nopattern_40001_23-2-rnk-no-ipsg_0_0.0_0.0.png
2025-12-16 23:42:51,948 [main] INFO  c.p.b.e.r.g.ResultGraphBuilder.save - graph saved. C:/Dev/experiment/expr10/result//23-2-rnk-no-ipsg/3T/1_3T_463_nopattern_nopattern_40001_23-2-rnk-no-ipsg_0_0.0_0.0.png
2025-12-16 23:42:52,254 [main] INFO  c.p.b.e.r.g.ResultGraphBuilder.save - graph saved. C:/Dev/experiment/expr10/result//23-2-rnk-no-ipsg/3T/1_3T_512_nopattern_nopattern_40001_23-2-rnk-no-ipsg_-96_0.06_3.7.png
2025-12-16 23:42:52,543 [main] INFO  c.p.b.e.r.g.ResultGraphBuilder.save - graph saved. C:/Dev/experiment/expr10/result//23-2-rnk-no-ipsg/3T/1_3T_513_nopattern_nopattern_40001_23-2-rnk-no-ipsg_-81_0.03_2.6.png
2025-12-16 23:42:52,823 [main] INFO  c.p.b.e.r.g.ResultGraphBuilder.save - graph saved. C:/Dev/experiment/expr10/result//23-2-rnk-no-ipsg/3T/1_3T_514_nopattern_nopattern_40001_23-2-rnk-no-ipsg_-22_0.02_1.3.png
2025-12-16 23:42:53,090 [main] INFO  c.p.b.e.r.g.ResultGraphBuilder.save - graph saved. C:/Dev/experiment/expr10/result//23-2-rnk-no-ipsg/3T/1_3T_516_nopattern_nopattern_40001_23-2-rnk-no-ipsg_16_0.0_0.0.png
2025-12-16 23:42:53,540 [main] INFO  c.p.b.e.r.g.ResultGraphBuilder.save - graph saved. C:/Dev/experiment/expr10/result//23-2-rnk-no-ipsg/3T/1_3T_521_nopattern_nopattern_40001_23-2-rnk-no-ipsg_-33_0.02_1.2.png
2025-12-16 23:42:53,812 [main] INFO  c.p.b.e.r.g.ResultGraphBuilder.save - graph saved. C:/Dev/experiment/expr10/result//23-2-rnk-no-ipsg/3T/1_3T_523_nopattern_nopattern_40001_23-2-rnk-no-ipsg_-7_0.0_0.0.png
2025-12-16 23:42:54,061 [main] INFO  c.p.b.e.r.g.ResultGraphBuilder.save - graph saved. C:/Dev/experiment/expr10/result//23-2-rnk-no-ipsg/3T/1_3T_524_nopattern_nopattern_40001_23-2-rnk-no-ipsg_-4_0.0_0.0.png
2025-12-16 23:42:54,340 [main] INFO  c.p.b.e.r.g.ResultGraphBuilder.save - graph saved. C:/Dev/experiment/expr10/result//23-2-rnk-no-ipsg/3T/1_3T_531_nopattern_nopattern_40001_23-2-rnk-no-ipsg_-40_0.0_0.5.png
2025-12-16 23:42:54,604 [main] INFO  c.p.b.e.r.g.ResultGraphBuilder.save - graph saved. C:/Dev/experiment/expr10/result//23-2-rnk-no-ipsg/3T/1_3T_532_nopattern_nopattern_40001_23-2-rnk-no-ipsg_-5_0.0_0.0.png
2025-12-16 23:42:54,876 [main] INFO  c.p.b.e.r.g.ResultGraphBuilder.save - graph saved. C:/Dev/experiment/expr10/result//23-2-rnk-no-ipsg/3T/1_3T_541_nopattern_nopattern_40001_23-2-rnk-no-ipsg_-15_0.0_0.2.png
2025-12-16 23:42:55,120 [main] INFO  c.p.b.e.r.g.ResultGraphBuilder.save - graph saved. C:/Dev/experiment/expr10/result//23-2-rnk-no-ipsg/3T/1_3T_542_nopattern_nopattern_40001_23-2-rnk-no-ipsg_-3_0.0_0.0.png
2025-12-16 23:42:55,339 [main] INFO  c.p.b.e.r.g.ResultGraphBuilder.save - graph saved. C:/Dev/experiment/expr10/result//23-2-rnk-no-ipsg/3T/1_3T_561_nopattern_nopattern_40001_23-2-rnk-no-ipsg_15_0.0_0.0.png
2025-12-16 23:42:55,624 [main] INFO  c.p.b.e.r.g.ResultGraphBuilder.save - graph saved. C:/Dev/experiment/expr10/result//23-2-rnk-no-ipsg/3T/1_3T_612_nopattern_nopattern_40001_23-2-rnk-no-ipsg_8_0.04_1.8.png
2025-12-16 23:42:55,948 [main] INFO  c.p.b.e.r.g.ResultGraphBuilder.save - graph saved. C:/Dev/experiment/expr10/result//23-2-rnk-no-ipsg/3T/1_3T_613_nopattern_nopattern_40001_23-2-rnk-no-ipsg_-79_0.01_1.2.png
2025-12-16 23:42:56,230 [main] INFO  c.p.b.e.r.g.ResultGraphBuilder.save - graph saved. C:/Dev/experiment/expr10/result//23-2-rnk-no-ipsg/3T/1_3T_614_nopattern_nopattern_40001_23-2-rnk-no-ipsg_-17_0.01_0.6.png
2025-12-16 23:42:56,501 [main] INFO  c.p.b.e.r.g.ResultGraphBuilder.save - graph saved. C:/Dev/experiment/expr10/result//23-2-rnk-no-ipsg/3T/1_3T_615_nopattern_nopattern_40001_23-2-rnk-no-ipsg_20_0.0_0.1.png
2025-12-16 23:42:56,775 [main] INFO  c.p.b.e.r.g.ResultGraphBuilder.save - graph saved. C:/Dev/experiment/expr10/result//23-2-rnk-no-ipsg/3T/1_3T_621_nopattern_nopattern_40001_23-2-rnk-no-ipsg_-45_0.0_0.6.png
2025-12-16 23:42:57,040 [main] INFO  c.p.b.e.r.g.ResultGraphBuilder.save - graph saved. C:/Dev/experiment/expr10/result//23-2-rnk-no-ipsg/3T/1_3T_623_nopattern_nopattern_40001_23-2-rnk-no-ipsg_5_0.0_0.0.png
2025-12-16 23:42:57,284 [main] INFO  c.p.b.e.r.g.ResultGraphBuilder.save - graph saved. C:/Dev/experiment/expr10/result//23-2-rnk-no-ipsg/3T/1_3T_624_nopattern_nopattern_40001_23-2-rnk-no-ipsg_-1_0.0_0.0.png
2025-12-16 23:42:57,551 [main] INFO  c.p.b.e.r.g.ResultGraphBuilder.save - graph saved. C:/Dev/experiment/expr10/result//23-2-rnk-no-ipsg/3T/1_3T_631_nopattern_nopattern_40001_23-2-rnk-no-ipsg_-17_0.0_0.3.png
2025-12-16 23:42:57,810 [main] INFO  c.p.b.e.r.g.ResultGraphBuilder.save - graph saved. C:/Dev/experiment/expr10/result//23-2-rnk-no-ipsg/3T/1_3T_632_nopattern_nopattern_40001_23-2-rnk-no-ipsg_-3_0.0_0.0.png
2025-12-16 23:42:58,028 [main] INFO  c.p.b.e.r.g.ResultGraphBuilder.save - graph saved. C:/Dev/experiment/expr10/result//23-2-rnk-no-ipsg/3T/1_3T_634_nopattern_nopattern_40001_23-2-rnk-no-ipsg_0_0.0_0.0.png
2025-12-16 23:42:58,304 [main] INFO  c.p.b.e.r.g.ResultGraphBuilder.save - graph saved. C:/Dev/experiment/expr10/result//23-2-rnk-no-ipsg/3T/1_3T_641_nopattern_nopattern_40001_23-2-rnk-no-ipsg_-12_0.0_0.1.png
2025-12-16 23:42:58,516 [main] INFO  c.p.b.e.r.g.ResultGraphBuilder.save - graph saved. C:/Dev/experiment/expr10/result//23-2-rnk-no-ipsg/3T/1_3T_642_nopattern_nopattern_40001_23-2-rnk-no-ipsg_0_0.0_0.0.png
2025-12-16 23:42:58,753 [main] INFO  c.p.b.e.r.g.ResultGraphBuilder.save - graph saved. C:/Dev/experiment/expr10/result//23-2-rnk-no-ipsg/3T/1_3T_651_nopattern_nopattern_40001_23-2-rnk-no-ipsg_-2_0.0_0.0.png
